attack,smooth,smooth_type,smooth_sigma_t,norm,muV_budget,eps_z,eps_uV_per_channel,steps,alpha,random_start,seed,clean_acc,adv_acc,ASR,median_L2_success,mean_L2_all,mean_Linf_delta,snr_db_mean,snr_db_std,clean_acc_per_class,adv_acc_per_class,frac_at_boundary,restarts,targeted,spearman_IG,roi_share_clean_IG,roi_share_adv_IG,roi_delta_share_IG,roi_spearman_IG,laterality_clean_IG,laterality_adv_IG,laterality_delta_IG,top5_clean_IG,top5_adv_IG,top5_roi_share_clean_IG,top5_roi_share_adv_IG,top5_roi_share_delta_IG,subject_id,model_name
FGSM,False,,,Linf,0.25,0.029103828048672172,"[0.2362140268087387, 0.23648451268672943, 0.2448825091123581, 0.2501400113105774, 0.24432478845119476, 0.23885950446128845, 0.2124272584915161, 0.2498600035905838, 0.24931460618972778, 0.25488030910491943, 0.2494169920682907, 0.2461688220500946, 0.23448911309242249, 0.2552613317966461, 0.25794991850852966, 0.2643517255783081, 0.2621024250984192, 0.261465460062027, 0.2666919529438019, 0.2738928496837616, 0.2746894061565399, 0.27524083852767944]",,,False,42,0.8368055820465088,0.0833333358168602,0.9166666641831398,116.4150619506836,116.76276397705078,3.8786282539367676,2.3847804069519043,0.13085848093032837,"[0.7222222222222222, 0.8194444444444444, 0.9583333333333334, 0.8472222222222222]","[0.0, 0.013888888888888888, 0.3194444444444444, 0.0]",0.0,1,False,0.943243577075099,,,,,0.16385818416115142,0.10986121409599302,-0.0539969700651584,"['CPz', 'CP4', 'Fz', 'C3', 'P2']","['CPz', 'CP4', 'Fz', 'C3', 'C2']",,,,3,EEGNet
FGSM,False,,,Linf,0.5,0.058207656097344344,"[0.4724280536174774, 0.47296902537345886, 0.4897650182247162, 0.5002800226211548, 0.4886495769023895, 0.4777190089225769, 0.4248545169830322, 0.4997200071811676, 0.49862921237945557, 0.5097606182098389, 0.4988339841365814, 0.4923376441001892, 0.46897822618484497, 0.5105226635932922, 0.5158998370170593, 0.5287034511566162, 0.5242048501968384, 0.522930920124054, 0.5333839058876038, 0.5477856993675232, 0.5493788123130798, 0.5504816770553589]",,,False,42,0.8368055820465088,0.0069444444961845875,0.9930555555038154,116.37319946289062,116.85891723632812,3.8786282539367676,2.377530097961426,0.12995381653308868,"[0.7222222222222222, 0.8194444444444444, 0.9583333333333334, 0.8472222222222222]","[0.0, 0.0, 0.027777777777777776, 0.0]",0.0,1,False,0.943243577075099,,,,,0.16385818416115142,0.10986121409599302,-0.0539969700651584,"['CPz', 'CP4', 'Fz', 'C3', 'P2']","['CPz', 'CP4', 'Fz', 'C3', 'C2']",,,,3,EEGNet
FGSM,False,,,Linf,1.0,0.11641531219468869,"[0.9448561072349548, 0.9459380507469177, 0.9795300364494324, 1.0005600452423096, 0.977299153804779, 0.9554380178451538, 0.8497090339660645, 0.9994400143623352, 0.9972584247589111, 1.0195212364196777, 0.9976679682731628, 0.9846752882003784, 0.9379564523696899, 1.0210453271865845, 1.0317996740341187, 1.0574069023132324, 1.0484097003936768, 1.045861840248108, 1.0667678117752075, 1.0955713987350464, 1.0987576246261597, 1.1009633541107178]",,,False,42,0.8368055820465088,0.0,1.0,116.83073425292969,117.24172973632812,3.8786282539367676,2.348729372024536,0.12646424770355225,"[0.7222222222222222, 0.8194444444444444, 0.9583333333333334, 0.8472222222222222]","[0.0, 0.0, 0.0, 0.0]",0.0,1,False,0.943243577075099,,,,,0.16385818416115142,0.10986121409599302,-0.0539969700651584,"['CPz', 'CP4', 'Fz', 'C3', 'P2']","['CPz', 'CP4', 'Fz', 'C3', 'C2']",,,,3,EEGNet
FGSM,False,,,Linf,2.0,0.23283062438937738,"[1.8897122144699097, 1.8918761014938354, 1.9590600728988647, 2.001120090484619, 1.954598307609558, 1.9108760356903076, 1.699418067932129, 1.9988800287246704, 1.9945168495178223, 2.0390424728393555, 1.9953359365463257, 1.9693505764007568, 1.8759129047393799, 2.042090654373169, 2.0635993480682373, 2.114813804626465, 2.0968194007873535, 2.091723680496216, 2.133535623550415, 2.1911427974700928, 2.1975152492523193, 2.2019267082214355]",,,False,42,0.8368055820465088,0.0,1.0,118.29810333251953,118.74492645263672,3.8786282539367676,2.236603260040283,0.11446066200733185,"[0.7222222222222222, 0.8194444444444444, 0.9583333333333334, 0.8472222222222222]","[0.0, 0.0, 0.0, 0.0]",0.0,1,False,0.943243577075099,,,,,0.16385818416115142,0.10986121409599302,-0.0539969700651584,"['CPz', 'CP4', 'Fz', 'C3', 'P2']","['CPz', 'CP4', 'Fz', 'C3', 'C2']",,,,3,EEGNet
PGD,False,,,Linf,0.25,0.029103828048672172,"[0.2362140268087387, 0.23648451268672943, 0.2448825091123581, 0.2501400113105774, 0.24432478845119476, 0.23885950446128845, 0.2124272584915161, 0.2498600035905838, 0.24931460618972778, 0.25488030910491943, 0.2494169920682907, 0.2461688220500946, 0.23448911309242249, 0.2552613317966461, 0.25794991850852966, 0.2643517255783081, 0.2621024250984192, 0.261465460062027, 0.2666919529438019, 0.2738928496837616, 0.2746894061565399, 0.27524083852767944]",40.0,0.0036379785060840215,True,42,0.8368055820465088,0.0034722222480922937,0.9965277777519077,116.31307220458984,116.76271057128906,3.8786282539367676,2.384783983230591,0.13085880875587463,"[0.7222222222222222, 0.8194444444444444, 0.9583333333333334, 0.8472222222222222]","[0.0, 0.0, 0.013888888888888888, 0.0]",0.0,1,False,0.9438611660079053,,,,,0.16385818416115142,0.10519448310804279,-0.05866370105310863,"['CPz', 'CP4', 'Fz', 'C3', 'P2']","['CPz', 'CP4', 'Fz', 'C3', 'C2']",,,,3,EEGNet
PGD,False,,,Linf,0.5,0.058207656097344344,"[0.4724280536174774, 0.47296902537345886, 0.4897650182247162, 0.5002800226211548, 0.4886495769023895, 0.4777190089225769, 0.4248545169830322, 0.4997200071811676, 0.49862921237945557, 0.5097606182098389, 0.4988339841365814, 0.4923376441001892, 0.46897822618484497, 0.5105226635932922, 0.5158998370170593, 0.5287034511566162, 0.5242048501968384, 0.522930920124054, 0.5333839058876038, 0.5477856993675232, 0.5493788123130798, 0.5504816770553589]",40.0,0.007275957012168043,True,42,0.8368055820465088,0.0,1.0,116.45632934570312,116.8585205078125,3.8786282539367676,2.3775594234466553,0.1299576759338379,"[0.7222222222222222, 0.8194444444444444, 0.9583333333333334, 0.8472222222222222]","[0.0, 0.0, 0.0, 0.0]",0.0,1,False,0.9438611660079053,,,,,0.16385818416115142,0.10519448310804279,-0.05866370105310863,"['CPz', 'CP4', 'Fz', 'C3', 'P2']","['CPz', 'CP4', 'Fz', 'C3', 'C2']",,,,3,EEGNet
PGD,False,,,Linf,1.0,0.11641531219468869,"[0.9448561072349548, 0.9459380507469177, 0.9795300364494324, 1.0005600452423096, 0.977299153804779, 0.9554380178451538, 0.8497090339660645, 0.9994400143623352, 0.9972584247589111, 1.0195212364196777, 0.9976679682731628, 0.9846752882003784, 0.9379564523696899, 1.0210453271865845, 1.0317996740341187, 1.0574069023132324, 1.0484097003936768, 1.045861840248108, 1.0667678117752075, 1.0955713987350464, 1.0987576246261597, 1.1009633541107178]",40.0,0.014551914024336086,True,42,0.8368055820465088,0.0,1.0,116.82870483398438,117.23828125,3.8786282539367676,2.3489863872528076,0.1264858990907669,"[0.7222222222222222, 0.8194444444444444, 0.9583333333333334, 0.8472222222222222]","[0.0, 0.0, 0.0, 0.0]",0.0,1,False,0.9438611660079053,,,,,0.16385818416115142,0.10519448310804279,-0.05866370105310863,"['CPz', 'CP4', 'Fz', 'C3', 'P2']","['CPz', 'CP4', 'Fz', 'C3', 'C2']",,,,3,EEGNet
PGD,False,,,Linf,2.0,0.23283062438937738,"[1.8897122144699097, 1.8918761014938354, 1.9590600728988647, 2.001120090484619, 1.954598307609558, 1.9108760356903076, 1.699418067932129, 1.9988800287246704, 1.9945168495178223, 2.0390424728393555, 1.9953359365463257, 1.9693505764007568, 1.8759129047393799, 2.042090654373169, 2.0635993480682373, 2.114813804626465, 2.0968194007873535, 2.091723680496216, 2.133535623550415, 2.1911427974700928, 2.1975152492523193, 2.2019267082214355]",40.0,0.029103828048672172,True,42,0.8368055820465088,0.0,1.0,118.28417205810547,118.71906280517578,3.8786282539367676,2.2384941577911377,0.11447438597679138,"[0.7222222222222222, 0.8194444444444444, 0.9583333333333334, 0.8472222222222222]","[0.0, 0.0, 0.0, 0.0]",0.0,1,False,0.9438611660079053,,,,,0.16385818416115142,0.10519448310804279,-0.05866370105310863,"['CPz', 'CP4', 'Fz', 'C3', 'P2']","['CPz', 'CP4', 'Fz', 'C3', 'C2']",,,,3,EEGNet
FGSM_LP,True,gaussian,3.0,Linf,0.25,0.029103828048672172,"[0.2362140268087387, 0.23648451268672943, 0.2448825091123581, 0.2501400113105774, 0.24432478845119476, 0.23885950446128845, 0.2124272584915161, 0.2498600035905838, 0.24931460618972778, 0.25488030910491943, 0.2494169920682907, 0.2461688220500946, 0.23448911309242249, 0.2552613317966461, 0.25794991850852966, 0.2643517255783081, 0.2621024250984192, 0.261465460062027, 0.2666919529438019, 0.2738928496837616, 0.2746894061565399, 0.27524083852767944]",,,False,42,0.8368055820465088,0.7465277910232544,0.2534722089767456,4.468868732452393,4.4648895263671875,0.029103882610797882,30.709442138671875,0.5424540042877197,"[0.7222222222222222, 0.8194444444444444, 0.9583333333333334, 0.8472222222222222]","[0.6388888888888888, 0.6666666666666666, 0.9166666666666666, 0.7638888888888888]",0.0,1,False,0.9991794889892716,,,,,0.16385818416115142,0.16434701006889987,0.000488825907748458,"['CPz', 'CP4', 'Fz', 'C3', 'P2']","['CPz', 'CP4', 'Fz', 'C3', 'P2']",,,,3,EEGNet
FGSM_LP,True,gaussian,3.0,Linf,0.5,0.058207656097344344,"[0.4724280536174774, 0.47296902537345886, 0.4897650182247162, 0.5002800226211548, 0.4886495769023895, 0.4777190089225769, 0.4248545169830322, 0.4997200071811676, 0.49862921237945557, 0.5097606182098389, 0.4988339841365814, 0.4923376441001892, 0.46897822618484497, 0.5105226635932922, 0.5158998370170593, 0.5287034511566162, 0.5242048501968384, 0.522930920124054, 0.5333839058876038, 0.5477856993675232, 0.5493788123130798, 0.5504816770553589]",,,False,42,0.8368055820465088,0.5034722089767456,0.4965277910232544,8.745172500610352,8.746370315551758,0.05820775032043457,24.86916160583496,0.5344493985176086,"[0.7222222222222222, 0.8194444444444444, 0.9583333333333334, 0.8472222222222222]","[0.3888888888888889, 0.3333333333333333, 0.7777777777777778, 0.5138888888888888]",0.0,1,False,0.9991794889892716,,,,,0.16385818416115142,0.16434701006889987,0.000488825907748458,"['CPz', 'CP4', 'Fz', 'C3', 'P2']","['CPz', 'CP4', 'Fz', 'C3', 'P2']",,,,3,EEGNet
FGSM_LP,True,gaussian,3.0,Linf,1.0,0.11641531219468869,"[0.9448561072349548, 0.9459380507469177, 0.9795300364494324, 1.0005600452423096, 0.977299153804779, 0.9554380178451538, 0.8497090339660645, 0.9994400143623352, 0.9972584247589111, 1.0195212364196777, 0.9976679682731628, 0.9846752882003784, 0.9379564523696899, 1.0210453271865845, 1.0317996740341187, 1.0574069023132324, 1.0484097003936768, 1.045861840248108, 1.0667678117752075, 1.0955713987350464, 1.0987576246261597, 1.1009633541107178]",,,False,42,0.8368055820465088,0.02777777798473835,0.9722222220152617,16.87389373779297,16.860689163208008,0.11641539633274078,19.168296813964844,0.522131085395813,"[0.7222222222222222, 0.8194444444444444, 0.9583333333333334, 0.8472222222222222]","[0.013888888888888888, 0.013888888888888888, 0.05555555555555555, 0.027777777777777776]",0.0,1,False,0.9991794889892716,,,,,0.16385818416115142,0.16434701006889987,0.000488825907748458,"['CPz', 'CP4', 'Fz', 'C3', 'P2']","['CPz', 'CP4', 'Fz', 'C3', 'P2']",,,,3,EEGNet
FGSM_LP,True,gaussian,3.0,Linf,2.0,0.23283062438937738,"[1.8897122144699097, 1.8918761014938354, 1.9590600728988647, 2.001120090484619, 1.954598307609558, 1.9108760356903076, 1.699418067932129, 1.9988800287246704, 1.9945168495178223, 2.0390424728393555, 1.9953359365463257, 1.9693505764007568, 1.8759129047393799, 2.042090654373169, 2.0635993480682373, 2.114813804626465, 2.0968194007873535, 2.091723680496216, 2.133535623550415, 2.1911427974700928, 2.1975152492523193, 2.2019267082214355]",,,False,42,0.8368055820465088,0.0,1.0,31.655319213867188,31.64137840270996,0.23283062875270844,13.700838088989258,0.5047066807746887,"[0.7222222222222222, 0.8194444444444444, 0.9583333333333334, 0.8472222222222222]","[0.0, 0.0, 0.0, 0.0]",0.0,1,False,0.9991794889892716,,,,,0.16385818416115142,0.16434701006889987,0.000488825907748458,"['CPz', 'CP4', 'Fz', 'C3', 'P2']","['CPz', 'CP4', 'Fz', 'C3', 'P2']",,,,3,EEGNet
PGD_LP,True,gaussian,3.0,Linf,0.25,0.029103828048672172,"[0.2362140268087387, 0.23648451268672943, 0.2448825091123581, 0.2501400113105774, 0.24432478845119476, 0.23885950446128845, 0.2124272584915161, 0.2498600035905838, 0.24931460618972778, 0.25488030910491943, 0.2494169920682907, 0.2461688220500946, 0.23448911309242249, 0.2552613317966461, 0.25794991850852966, 0.2643517255783081, 0.2621024250984192, 0.261465460062027, 0.2666919529438019, 0.2738928496837616, 0.2746894061565399, 0.27524083852767944]",40.0,0.0036379785060840215,True,42,0.8368055820465088,0.7638888955116272,0.2361111044883728,4.469094276428223,4.4657158851623535,0.029103882610797882,30.707828521728516,0.543241024017334,"[0.7222222222222222, 0.8194444444444444, 0.9583333333333334, 0.8472222222222222]","[0.6805555555555556, 0.6666666666666666, 0.9305555555555556, 0.7777777777777778]",0.0,1,False,0.9991794889892716,,,,,0.16385818416115142,0.16394017062498864,8.198646383722474e-05,"['CPz', 'CP4', 'Fz', 'C3', 'P2']","['CPz', 'CP4', 'Fz', 'C3', 'P2']",,,,3,EEGNet
PGD_LP,True,gaussian,3.0,Linf,0.5,0.058207656097344344,"[0.4724280536174774, 0.47296902537345886, 0.4897650182247162, 0.5002800226211548, 0.4886495769023895, 0.4777190089225769, 0.4248545169830322, 0.4997200071811676, 0.49862921237945557, 0.5097606182098389, 0.4988339841365814, 0.4923376441001892, 0.46897822618484497, 0.5105226635932922, 0.5158998370170593, 0.5287034511566162, 0.5242048501968384, 0.522930920124054, 0.5333839058876038, 0.5477856993675232, 0.5493788123130798, 0.5504816770553589]",40.0,0.007275957012168043,True,42,0.8368055820465088,0.5902777910232544,0.4097222089767456,8.750100135803223,8.749462127685547,0.05820775032043457,24.866079330444336,0.5354430079460144,"[0.7222222222222222, 0.8194444444444444, 0.9583333333333334, 0.8472222222222222]","[0.4861111111111111, 0.4305555555555556, 0.8055555555555556, 0.6388888888888888]",0.0,1,False,0.9991794889892716,,,,,0.16385818416115142,0.16394017062498864,8.198646383722474e-05,"['CPz', 'CP4', 'Fz', 'C3', 'P2']","['CPz', 'CP4', 'Fz', 'C3', 'P2']",,,,3,EEGNet
PGD_LP,True,gaussian,3.0,Linf,1.0,0.11641531219468869,"[0.9448561072349548, 0.9459380507469177, 0.9795300364494324, 1.0005600452423096, 0.977299153804779, 0.9554380178451538, 0.8497090339660645, 0.9994400143623352, 0.9972584247589111, 1.0195212364196777, 0.9976679682731628, 0.9846752882003784, 0.9379564523696899, 1.0210453271865845, 1.0317996740341187, 1.0574069023132324, 1.0484097003936768, 1.045861840248108, 1.0667678117752075, 1.0955713987350464, 1.0987576246261597, 1.1009633541107178]",40.0,0.014551914024336086,True,42,0.8368055820465088,0.1145833358168602,0.8854166641831398,16.87318992614746,16.871002197265625,0.11641539633274078,19.1629638671875,0.523767352104187,"[0.7222222222222222, 0.8194444444444444, 0.9583333333333334, 0.8472222222222222]","[0.06944444444444445, 0.027777777777777776, 0.19444444444444445, 0.16666666666666666]",0.0,1,False,0.9991794889892716,,,,,0.16385818416115142,0.16394017062498864,8.198646383722474e-05,"['CPz', 'CP4', 'Fz', 'C3', 'P2']","['CPz', 'CP4', 'Fz', 'C3', 'P2']",,,,3,EEGNet
PGD_LP,True,gaussian,3.0,Linf,2.0,0.23283062438937738,"[1.8897122144699097, 1.8918761014938354, 1.9590600728988647, 2.001120090484619, 1.954598307609558, 1.9108760356903076, 1.699418067932129, 1.9988800287246704, 1.9945168495178223, 2.0390424728393555, 1.9953359365463257, 1.9693505764007568, 1.8759129047393799, 2.042090654373169, 2.0635993480682373, 2.114813804626465, 2.0968194007873535, 2.091723680496216, 2.133535623550415, 2.1911427974700928, 2.1975152492523193, 2.2019267082214355]",40.0,0.029103828048672172,True,42,0.8368055820465088,0.0034722222480922937,0.9965277777519077,31.6590518951416,31.66225242614746,0.23283062875270844,13.695073127746582,0.5082463026046753,"[0.7222222222222222, 0.8194444444444444, 0.9583333333333334, 0.8472222222222222]","[0.0, 0.0, 0.0, 0.013888888888888888]",0.0,1,False,0.9991794889892716,,,,,0.16385818416115142,0.16394017062498864,8.198646383722474e-05,"['CPz', 'CP4', 'Fz', 'C3', 'P2']","['CPz', 'CP4', 'Fz', 'C3', 'P2']",,,,3,EEGNet
DeepFool_L2,,,,L2,,,,50.0,,,42,0.8368055820465088,0.21875,0.78125,115.29377746582031,97.54961395263672,3.2407023906707764,48.30652618408203,103.98761749267578,,,0.0,1,False,0.9498958921513272,,,,,0.16385818416115142,0.1151047918141716,-0.04875339234697981,"['CPz', 'CP4', 'Fz', 'C3', 'P2']","['CPz', 'CP4', 'Fz', 'C3', 'C2']",,,,3,EEGNet
FGSM,False,,,Linf,0.25,0.029103828048672172,"[0.2362140268087387, 0.23648451268672943, 0.2448825091123581, 0.2501400113105774, 0.24432478845119476, 0.23885950446128845, 0.2124272584915161, 0.2498600035905838, 0.24931460618972778, 0.25488030910491943, 0.2494169920682907, 0.2461688220500946, 0.23448911309242249, 0.2552613317966461, 0.25794991850852966, 0.2643517255783081, 0.2621024250984192, 0.261465460062027, 0.2666919529438019, 0.2738928496837616, 0.2746894061565399, 0.27524083852767944]",,,False,123,0.7395833134651184,0.0694444477558136,0.9305555522441864,116.46038818359375,116.76274871826172,3.8786282539367676,2.384779930114746,0.1308583915233612,"[0.5833333333333334, 0.6805555555555556, 0.9027777777777778, 0.7916666666666666]","[0.0, 0.0, 0.2777777777777778, 0.0]",0.0,1,False,0.9649209486166009,,,,,0.24528796722114568,0.2009210753850011,-0.04436689183614459,"['Pz', 'CPz', 'CP1', 'CP2', 'C3']","['Pz', 'CPz', 'CP1', 'CP2', 'P2']",,,,3,EEGNet
FGSM,False,,,Linf,0.5,0.058207656097344344,"[0.4724280536174774, 0.47296902537345886, 0.4897650182247162, 0.5002800226211548, 0.4886495769023895, 0.4777190089225769, 0.4248545169830322, 0.4997200071811676, 0.49862921237945557, 0.5097606182098389, 0.4988339841365814, 0.4923376441001892, 0.46897822618484497, 0.5105226635932922, 0.5158998370170593, 0.5287034511566162, 0.5242048501968384, 0.522930920124054, 0.5333839058876038, 0.5477856993675232, 0.5493788123130798, 0.5504816770553589]",,,False,123,0.7395833134651184,0.0,1.0,116.4566421508789,116.85891723632812,3.8786282539367676,2.3775293827056885,0.1299533247947693,"[0.5833333333333334, 0.6805555555555556, 0.9027777777777778, 0.7916666666666666]","[0.0, 0.0, 0.0, 0.0]",0.0,1,False,0.9649209486166009,,,,,0.24528796722114568,0.2009210753850011,-0.04436689183614459,"['Pz', 'CPz', 'CP1', 'CP2', 'C3']","['Pz', 'CPz', 'CP1', 'CP2', 'P2']",,,,3,EEGNet
FGSM,False,,,Linf,1.0,0.11641531219468869,"[0.9448561072349548, 0.9459380507469177, 0.9795300364494324, 1.0005600452423096, 0.977299153804779, 0.9554380178451538, 0.8497090339660645, 0.9994400143623352, 0.9972584247589111, 1.0195212364196777, 0.9976679682731628, 0.9846752882003784, 0.9379564523696899, 1.0210453271865845, 1.0317996740341187, 1.0574069023132324, 1.0484097003936768, 1.045861840248108, 1.0667678117752075, 1.0955713987350464, 1.0987576246261597, 1.1009633541107178]",,,False,123,0.7395833134651184,0.0,1.0,116.831298828125,117.24185943603516,3.8786282539367676,2.3487181663513184,0.12645979225635529,"[0.5833333333333334, 0.6805555555555556, 0.9027777777777778, 0.7916666666666666]","[0.0, 0.0, 0.0, 0.0]",0.0,1,False,0.9649209486166009,,,,,0.24528796722114568,0.2009210753850011,-0.04436689183614459,"['Pz', 'CPz', 'CP1', 'CP2', 'C3']","['Pz', 'CPz', 'CP1', 'CP2', 'P2']",,,,3,EEGNet
FGSM,False,,,Linf,2.0,0.23283062438937738,"[1.8897122144699097, 1.8918761014938354, 1.9590600728988647, 2.001120090484619, 1.954598307609558, 1.9108760356903076, 1.699418067932129, 1.9988800287246704, 1.9945168495178223, 2.0390424728393555, 1.9953359365463257, 1.9693505764007568, 1.8759129047393799, 2.042090654373169, 2.0635993480682373, 2.114813804626465, 2.0968194007873535, 2.091723680496216, 2.133535623550415, 2.1911427974700928, 2.1975152492523193, 2.2019267082214355]",,,False,123,0.7395833134651184,0.0,1.0,118.31021118164062,118.74560546875,3.8786282539367676,2.2365498542785645,0.1144837960600853,"[0.5833333333333334, 0.6805555555555556, 0.9027777777777778, 0.7916666666666666]","[0.0, 0.0, 0.0, 0.0]",0.0,1,False,0.9649209486166009,,,,,0.24528796722114568,0.2009210753850011,-0.04436689183614459,"['Pz', 'CPz', 'CP1', 'CP2', 'C3']","['Pz', 'CPz', 'CP1', 'CP2', 'P2']",,,,3,EEGNet
PGD,False,,,Linf,0.25,0.029103828048672172,"[0.2362140268087387, 0.23648451268672943, 0.2448825091123581, 0.2501400113105774, 0.24432478845119476, 0.23885950446128845, 0.2124272584915161, 0.2498600035905838, 0.24931460618972778, 0.25488030910491943, 0.2494169920682907, 0.2461688220500946, 0.23448911309242249, 0.2552613317966461, 0.25794991850852966, 0.2643517255783081, 0.2621024250984192, 0.261465460062027, 0.2666919529438019, 0.2738928496837616, 0.2746894061565399, 0.27524083852767944]",40.0,0.0036379785060840215,True,123,0.7395833134651184,0.0,1.0,116.36223602294922,116.7626953125,3.8786282539367676,2.3847851753234863,0.13085918128490448,"[0.5833333333333334, 0.6805555555555556, 0.9027777777777778, 0.7916666666666666]","[0.0, 0.0, 0.0, 0.0]",0.0,1,False,0.9663237577639752,,,,,0.24528796722114568,0.20811090456091288,-0.037177062660232796,"['Pz', 'CPz', 'CP1', 'CP2', 'C3']","['Pz', 'CPz', 'CP1', 'CP2', 'P2']",,,,3,EEGNet
PGD,False,,,Linf,0.5,0.058207656097344344,"[0.4724280536174774, 0.47296902537345886, 0.4897650182247162, 0.5002800226211548, 0.4886495769023895, 0.4777190089225769, 0.4248545169830322, 0.4997200071811676, 0.49862921237945557, 0.5097606182098389, 0.4988339841365814, 0.4923376441001892, 0.46897822618484497, 0.5105226635932922, 0.5158998370170593, 0.5287034511566162, 0.5242048501968384, 0.522930920124054, 0.5333839058876038, 0.5477856993675232, 0.5493788123130798, 0.5504816770553589]",40.0,0.007275957012168043,True,123,0.7395833134651184,0.0,1.0,116.45616912841797,116.8583984375,3.8786282539367676,2.3775687217712402,0.1299573928117752,"[0.5833333333333334, 0.6805555555555556, 0.9027777777777778, 0.7916666666666666]","[0.0, 0.0, 0.0, 0.0]",0.0,1,False,0.9663237577639752,,,,,0.24528796722114568,0.20811090456091288,-0.037177062660232796,"['Pz', 'CPz', 'CP1', 'CP2', 'C3']","['Pz', 'CPz', 'CP1', 'CP2', 'P2']",,,,3,EEGNet
PGD,False,,,Linf,1.0,0.11641531219468869,"[0.9448561072349548, 0.9459380507469177, 0.9795300364494324, 1.0005600452423096, 0.977299153804779, 0.9554380178451538, 0.8497090339660645, 0.9994400143623352, 0.9972584247589111, 1.0195212364196777, 0.9976679682731628, 0.9846752882003784, 0.9379564523696899, 1.0210453271865845, 1.0317996740341187, 1.0574069023132324, 1.0484097003936768, 1.045861840248108, 1.0667678117752075, 1.0955713987350464, 1.0987576246261597, 1.1009633541107178]",40.0,0.014551914024336086,True,123,0.7395833134651184,0.0,1.0,116.82815551757812,117.23789978027344,3.8786282539367676,2.34901762008667,0.126493901014328,"[0.5833333333333334, 0.6805555555555556, 0.9027777777777778, 0.7916666666666666]","[0.0, 0.0, 0.0, 0.0]",0.0,1,False,0.9663237577639752,,,,,0.24528796722114568,0.20811090456091288,-0.037177062660232796,"['Pz', 'CPz', 'CP1', 'CP2', 'C3']","['Pz', 'CPz', 'CP1', 'CP2', 'P2']",,,,3,EEGNet
PGD,False,,,Linf,2.0,0.23283062438937738,"[1.8897122144699097, 1.8918761014938354, 1.9590600728988647, 2.001120090484619, 1.954598307609558, 1.9108760356903076, 1.699418067932129, 1.9988800287246704, 1.9945168495178223, 2.0390424728393555, 1.9953359365463257, 1.9693505764007568, 1.8759129047393799, 2.042090654373169, 2.0635993480682373, 2.114813804626465, 2.0968194007873535, 2.091723680496216, 2.133535623550415, 2.1911427974700928, 2.1975152492523193, 2.2019267082214355]",40.0,0.029103828048672172,True,123,0.7395833134651184,0.0,1.0,118.27592468261719,118.71578979492188,3.8786282539367676,2.2387585639953613,0.11461202800273895,"[0.5833333333333334, 0.6805555555555556, 0.9027777777777778, 0.7916666666666666]","[0.0, 0.0, 0.0, 0.0]",0.0,1,False,0.9663237577639752,,,,,0.24528796722114568,0.20811090456091288,-0.037177062660232796,"['Pz', 'CPz', 'CP1', 'CP2', 'C3']","['Pz', 'CPz', 'CP1', 'CP2', 'P2']",,,,3,EEGNet
FGSM_LP,True,gaussian,3.0,Linf,0.25,0.029103828048672172,"[0.2362140268087387, 0.23648451268672943, 0.2448825091123581, 0.2501400113105774, 0.24432478845119476, 0.23885950446128845, 0.2124272584915161, 0.2498600035905838, 0.24931460618972778, 0.25488030910491943, 0.2494169920682907, 0.2461688220500946, 0.23448911309242249, 0.2552613317966461, 0.25794991850852966, 0.2643517255783081, 0.2621024250984192, 0.261465460062027, 0.2666919529438019, 0.2738928496837616, 0.2746894061565399, 0.27524083852767944]",,,False,123,0.7395833134651184,0.6597222089767456,0.3402777910232544,4.468688011169434,4.466246604919434,0.029103882610797882,30.706796646118164,0.5428629517555237,"[0.5833333333333334, 0.6805555555555556, 0.9027777777777778, 0.7916666666666666]","[0.4722222222222222, 0.5694444444444444, 0.8611111111111112, 0.7361111111111112]",0.0,1,False,0.9987471767363071,,,,,0.24528796722114568,0.2443838203588147,-0.000904146862330979,"['Pz', 'CPz', 'CP1', 'CP2', 'C3']","['Pz', 'CPz', 'CP1', 'CP2', 'C3']",,,,3,EEGNet
FGSM_LP,True,gaussian,3.0,Linf,0.5,0.058207656097344344,"[0.4724280536174774, 0.47296902537345886, 0.4897650182247162, 0.5002800226211548, 0.4886495769023895, 0.4777190089225769, 0.4248545169830322, 0.4997200071811676, 0.49862921237945557, 0.5097606182098389, 0.4988339841365814, 0.4923376441001892, 0.46897822618484497, 0.5105226635932922, 0.5158998370170593, 0.5287034511566162, 0.5242048501968384, 0.522930920124054, 0.5333839058876038, 0.5477856993675232, 0.5493788123130798, 0.5504816770553589]",,,False,123,0.7395833134651184,0.34375,0.65625,8.751498222351074,8.752375602722168,0.05820775032043457,24.86318588256836,0.5354689955711365,"[0.5833333333333334, 0.6805555555555556, 0.9027777777777778, 0.7916666666666666]","[0.1527777777777778, 0.16666666666666666, 0.5972222222222222, 0.4583333333333333]",0.0,1,False,0.9987471767363071,,,,,0.24528796722114568,0.2443838203588147,-0.000904146862330979,"['Pz', 'CPz', 'CP1', 'CP2', 'C3']","['Pz', 'CPz', 'CP1', 'CP2', 'C3']",,,,3,EEGNet
FGSM_LP,True,gaussian,3.0,Linf,1.0,0.11641531219468869,"[0.9448561072349548, 0.9459380507469177, 0.9795300364494324, 1.0005600452423096, 0.977299153804779, 0.9554380178451538, 0.8497090339660645, 0.9994400143623352, 0.9972584247589111, 1.0195212364196777, 0.9976679682731628, 0.9846752882003784, 0.9379564523696899, 1.0210453271865845, 1.0317996740341187, 1.0574069023132324, 1.0484097003936768, 1.045861840248108, 1.0667678117752075, 1.0955713987350464, 1.0987576246261597, 1.1009633541107178]",,,False,123,0.7395833134651184,0.013888888992369175,0.9861111110076308,16.894630432128906,16.886253356933594,0.11641539633274078,19.155107498168945,0.5243609547615051,"[0.5833333333333334, 0.6805555555555556, 0.9027777777777778, 0.7916666666666666]","[0.0, 0.013888888888888888, 0.0, 0.041666666666666664]",0.0,1,False,0.9987471767363071,,,,,0.24528796722114568,0.2443838203588147,-0.000904146862330979,"['Pz', 'CPz', 'CP1', 'CP2', 'C3']","['Pz', 'CPz', 'CP1', 'CP2', 'C3']",,,,3,EEGNet
FGSM_LP,True,gaussian,3.0,Linf,2.0,0.23283062438937738,"[1.8897122144699097, 1.8918761014938354, 1.9590600728988647, 2.001120090484619, 1.954598307609558, 1.9108760356903076, 1.699418067932129, 1.9988800287246704, 1.9945168495178223, 2.0390424728393555, 1.9953359365463257, 1.9693505764007568, 1.8759129047393799, 2.042090654373169, 2.0635993480682373, 2.114813804626465, 2.0968194007873535, 2.091723680496216, 2.133535623550415, 2.1911427974700928, 2.1975152492523193, 2.2019267082214355]",,,False,123,0.7395833134651184,0.0,1.0,31.727861404418945,31.736968994140625,0.23283062875270844,13.67459487915039,0.5093860030174255,"[0.5833333333333334, 0.6805555555555556, 0.9027777777777778, 0.7916666666666666]","[0.0, 0.0, 0.0, 0.0]",0.0,1,False,0.9987471767363071,,,,,0.24528796722114568,0.2443838203588147,-0.000904146862330979,"['Pz', 'CPz', 'CP1', 'CP2', 'C3']","['Pz', 'CPz', 'CP1', 'CP2', 'C3']",,,,3,EEGNet
PGD_LP,True,gaussian,3.0,Linf,0.25,0.029103828048672172,"[0.2362140268087387, 0.23648451268672943, 0.2448825091123581, 0.2501400113105774, 0.24432478845119476, 0.23885950446128845, 0.2124272584915161, 0.2498600035905838, 0.24931460618972778, 0.25488030910491943, 0.2494169920682907, 0.2461688220500946, 0.23448911309242249, 0.2552613317966461, 0.25794991850852966, 0.2643517255783081, 0.2621024250984192, 0.261465460062027, 0.2666919529438019, 0.2738928496837616, 0.2746894061565399, 0.27524083852767944]",40.0,0.0036379785060840215,True,123,0.7395833134651184,0.6840277910232544,0.3159722089767456,4.468974590301514,4.4665679931640625,0.029103882610797882,30.70616912841797,0.5430450439453125,"[0.5833333333333334, 0.6805555555555556, 0.9027777777777778, 0.7916666666666666]","[0.4861111111111111, 0.5972222222222222, 0.875, 0.7777777777777778]",0.0,1,False,0.9988442264257482,,,,,0.24528796722114568,0.24542614541484245,0.00013817819369676965,"['Pz', 'CPz', 'CP1', 'CP2', 'C3']","['Pz', 'CPz', 'CP1', 'CP2', 'P2']",,,,3,EEGNet
PGD_LP,True,gaussian,3.0,Linf,0.5,0.058207656097344344,"[0.4724280536174774, 0.47296902537345886, 0.4897650182247162, 0.5002800226211548, 0.4886495769023895, 0.4777190089225769, 0.4248545169830322, 0.4997200071811676, 0.49862921237945557, 0.5097606182098389, 0.4988339841365814, 0.4923376441001892, 0.46897822618484497, 0.5105226635932922, 0.5158998370170593, 0.5287034511566162, 0.5242048501968384, 0.522930920124054, 0.5333839058876038, 0.5477856993675232, 0.5493788123130798, 0.5504816770553589]",40.0,0.007275957012168043,True,123,0.7395833134651184,0.4444444477558136,0.5555555522441864,8.751123428344727,8.753002166748047,0.05820775032043457,24.862558364868164,0.5360121726989746,"[0.5833333333333334, 0.6805555555555556, 0.9027777777777778, 0.7916666666666666]","[0.18055555555555555, 0.3055555555555556, 0.6805555555555556, 0.6111111111111112]",0.0,1,False,0.9988442264257482,,,,,0.24528796722114568,0.24542614541484245,0.00013817819369676965,"['Pz', 'CPz', 'CP1', 'CP2', 'C3']","['Pz', 'CPz', 'CP1', 'CP2', 'P2']",,,,3,EEGNet
PGD_LP,True,gaussian,3.0,Linf,1.0,0.11641531219468869,"[0.9448561072349548, 0.9459380507469177, 0.9795300364494324, 1.0005600452423096, 0.977299153804779, 0.9554380178451538, 0.8497090339660645, 0.9994400143623352, 0.9972584247589111, 1.0195212364196777, 0.9976679682731628, 0.9846752882003784, 0.9379564523696899, 1.0210453271865845, 1.0317996740341187, 1.0574069023132324, 1.0484097003936768, 1.045861840248108, 1.0667678117752075, 1.0955713987350464, 1.0987576246261597, 1.1009633541107178]",40.0,0.014551914024336086,True,123,0.7395833134651184,0.0381944440305233,0.9618055559694767,16.89418601989746,16.88724136352539,0.11641539633274078,19.15459442138672,0.5251806378364563,"[0.5833333333333334, 0.6805555555555556, 0.9027777777777778, 0.7916666666666666]","[0.013888888888888888, 0.013888888888888888, 0.027777777777777776, 0.09722222222222222]",0.0,1,False,0.9988442264257482,,,,,0.24528796722114568,0.24542614541484245,0.00013817819369676965,"['Pz', 'CPz', 'CP1', 'CP2', 'C3']","['Pz', 'CPz', 'CP1', 'CP2', 'P2']",,,,3,EEGNet
PGD_LP,True,gaussian,3.0,Linf,2.0,0.23283062438937738,"[1.8897122144699097, 1.8918761014938354, 1.9590600728988647, 2.001120090484619, 1.954598307609558, 1.9108760356903076, 1.699418067932129, 1.9988800287246704, 1.9945168495178223, 2.0390424728393555, 1.9953359365463257, 1.9693505764007568, 1.8759129047393799, 2.042090654373169, 2.0635993480682373, 2.114813804626465, 2.0968194007873535, 2.091723680496216, 2.133535623550415, 2.1911427974700928, 2.1975152492523193, 2.2019267082214355]",40.0,0.029103828048672172,True,123,0.7395833134651184,0.0,1.0,31.740463256835938,31.73808479309082,0.23283062875270844,13.674301147460938,0.5107194185256958,"[0.5833333333333334, 0.6805555555555556, 0.9027777777777778, 0.7916666666666666]","[0.0, 0.0, 0.0, 0.0]",0.0,1,False,0.9988442264257482,,,,,0.24528796722114568,0.24542614541484245,0.00013817819369676965,"['Pz', 'CPz', 'CP1', 'CP2', 'C3']","['Pz', 'CPz', 'CP1', 'CP2', 'P2']",,,,3,EEGNet
DeepFool_L2,,,,L2,,,,50.0,,,123,0.7395833134651184,0.1354166716337204,0.8645833283662796,112.4362564086914,86.58953094482422,2.9211535453796387,75.6301040649414,123.45367431640625,,,0.0,1,False,0.9760904856013553,,,,,0.24528796722114568,0.22778363125497017,-0.01750433596617551,"['Pz', 'CPz', 'CP1', 'CP2', 'C3']","['Pz', 'CPz', 'CP1', 'CP2', 'P2']",,,,3,EEGNet
FGSM,False,,,Linf,0.25,0.029103828048672172,"[0.2362140268087387, 0.23648451268672943, 0.2448825091123581, 0.2501400113105774, 0.24432478845119476, 0.23885950446128845, 0.2124272584915161, 0.2498600035905838, 0.24931460618972778, 0.25488030910491943, 0.2494169920682907, 0.2461688220500946, 0.23448911309242249, 0.2552613317966461, 0.25794991850852966, 0.2643517255783081, 0.2621024250984192, 0.261465460062027, 0.2666919529438019, 0.2738928496837616, 0.2746894061565399, 0.27524083852767944]",,,False,2024,0.78125,0.0069444444961845875,0.9930555555038154,116.36238098144531,116.76276397705078,3.8786282539367676,2.384780168533325,0.13085868954658508,"[0.625, 0.7638888888888888, 0.9444444444444444, 0.7916666666666666]","[0.0, 0.0, 0.013888888888888888, 0.013888888888888888]",0.0,1,False,0.9098584839073971,,,,,0.0027482262957450225,0.07936641224833557,0.07661818595259055,"['CP3', 'C3', 'C4', 'CP4', 'P2']","['CP3', 'CP4', 'C3', 'CPz', 'P2']",,,,3,EEGNet
FGSM,False,,,Linf,0.5,0.058207656097344344,"[0.4724280536174774, 0.47296902537345886, 0.4897650182247162, 0.5002800226211548, 0.4886495769023895, 0.4777190089225769, 0.4248545169830322, 0.4997200071811676, 0.49862921237945557, 0.5097606182098389, 0.4988339841365814, 0.4923376441001892, 0.46897822618484497, 0.5105226635932922, 0.5158998370170593, 0.5287034511566162, 0.5242048501968384, 0.522930920124054, 0.5333839058876038, 0.5477856993675232, 0.5493788123130798, 0.5504816770553589]",,,False,2024,0.78125,0.0,1.0,116.45685577392578,116.85891723632812,3.8786282539367676,2.377530097961426,0.1299540400505066,"[0.625, 0.7638888888888888, 0.9444444444444444, 0.7916666666666666]","[0.0, 0.0, 0.0, 0.0]",0.0,1,False,0.9098584839073971,,,,,0.0027482262957450225,0.07936641224833557,0.07661818595259055,"['CP3', 'C3', 'C4', 'CP4', 'P2']","['CP3', 'CP4', 'C3', 'CPz', 'P2']",,,,3,EEGNet
FGSM,False,,,Linf,1.0,0.11641531219468869,"[0.9448561072349548, 0.9459380507469177, 0.9795300364494324, 1.0005600452423096, 0.977299153804779, 0.9554380178451538, 0.8497090339660645, 0.9994400143623352, 0.9972584247589111, 1.0195212364196777, 0.9976679682731628, 0.9846752882003784, 0.9379564523696899, 1.0210453271865845, 1.0317996740341187, 1.0574069023132324, 1.0484097003936768, 1.045861840248108, 1.0667678117752075, 1.0955713987350464, 1.0987576246261597, 1.1009633541107178]",,,False,2024,0.78125,0.0,1.0,116.83256530761719,117.24178314208984,3.8786282539367676,2.3487234115600586,0.12645290791988373,"[0.625, 0.7638888888888888, 0.9444444444444444, 0.7916666666666666]","[0.0, 0.0, 0.0, 0.0]",0.0,1,False,0.9098584839073971,,,,,0.0027482262957450225,0.07936641224833557,0.07661818595259055,"['CP3', 'C3', 'C4', 'CP4', 'P2']","['CP3', 'CP4', 'C3', 'CPz', 'P2']",,,,3,EEGNet
FGSM,False,,,Linf,2.0,0.23283062438937738,"[1.8897122144699097, 1.8918761014938354, 1.9590600728988647, 2.001120090484619, 1.954598307609558, 1.9108760356903076, 1.699418067932129, 1.9988800287246704, 1.9945168495178223, 2.0390424728393555, 1.9953359365463257, 1.9693505764007568, 1.8759129047393799, 2.042090654373169, 2.0635993480682373, 2.114813804626465, 2.0968194007873535, 2.091723680496216, 2.133535623550415, 2.1911427974700928, 2.1975152492523193, 2.2019267082214355]",,,False,2024,0.78125,0.0,1.0,118.31878662109375,118.74525451660156,3.8786282539367676,2.236567497253418,0.11440479010343552,"[0.625, 0.7638888888888888, 0.9444444444444444, 0.7916666666666666]","[0.0, 0.0, 0.0, 0.0]",0.0,1,False,0.9098584839073971,,,,,0.0027482262957450225,0.07936641224833557,0.07661818595259055,"['CP3', 'C3', 'C4', 'CP4', 'P2']","['CP3', 'CP4', 'C3', 'CPz', 'P2']",,,,3,EEGNet
PGD,False,,,Linf,0.25,0.029103828048672172,"[0.2362140268087387, 0.23648451268672943, 0.2448825091123581, 0.2501400113105774, 0.24432478845119476, 0.23885950446128845, 0.2124272584915161, 0.2498600035905838, 0.24931460618972778, 0.25488030910491943, 0.2494169920682907, 0.2461688220500946, 0.23448911309242249, 0.2552613317966461, 0.25794991850852966, 0.2643517255783081, 0.2621024250984192, 0.261465460062027, 0.2666919529438019, 0.2738928496837616, 0.2746894061565399, 0.27524083852767944]",40.0,0.0036379785060840215,True,2024,0.78125,0.0,1.0,116.3623046875,116.76272583007812,3.8786282539367676,2.3847835063934326,0.13085836172103882,"[0.625, 0.7638888888888888, 0.9444444444444444, 0.7916666666666666]","[0.0, 0.0, 0.0, 0.0]",0.0,1,False,0.909461462450593,,,,,0.0027482262957450225,0.08314700094607581,0.0803987746503308,"['CP3', 'C3', 'C4', 'CP4', 'P2']","['CP3', 'CP4', 'C3', 'CPz', 'P2']",,,,3,EEGNet
PGD,False,,,Linf,0.5,0.058207656097344344,"[0.4724280536174774, 0.47296902537345886, 0.4897650182247162, 0.5002800226211548, 0.4886495769023895, 0.4777190089225769, 0.4248545169830322, 0.4997200071811676, 0.49862921237945557, 0.5097606182098389, 0.4988339841365814, 0.4923376441001892, 0.46897822618484497, 0.5105226635932922, 0.5158998370170593, 0.5287034511566162, 0.5242048501968384, 0.522930920124054, 0.5333839058876038, 0.5477856993675232, 0.5493788123130798, 0.5504816770553589]",40.0,0.007275957012168043,True,2024,0.78125,0.0,1.0,116.456298828125,116.85853576660156,3.8786282539367676,2.3775575160980225,0.12995336949825287,"[0.625, 0.7638888888888888, 0.9444444444444444, 0.7916666666666666]","[0.0, 0.0, 0.0, 0.0]",0.0,1,False,0.909461462450593,,,,,0.0027482262957450225,0.08314700094607581,0.0803987746503308,"['CP3', 'C3', 'C4', 'CP4', 'P2']","['CP3', 'CP4', 'C3', 'CPz', 'P2']",,,,3,EEGNet
PGD,False,,,Linf,1.0,0.11641531219468869,"[0.9448561072349548, 0.9459380507469177, 0.9795300364494324, 1.0005600452423096, 0.977299153804779, 0.9554380178451538, 0.8497090339660645, 0.9994400143623352, 0.9972584247589111, 1.0195212364196777, 0.9976679682731628, 0.9846752882003784, 0.9379564523696899, 1.0210453271865845, 1.0317996740341187, 1.0574069023132324, 1.0484097003936768, 1.045861840248108, 1.0667678117752075, 1.0955713987350464, 1.0987576246261597, 1.1009633541107178]",40.0,0.014551914024336086,True,2024,0.78125,0.0,1.0,116.828369140625,117.23857879638672,3.8786282539367676,2.3489625453948975,0.12645938992500305,"[0.625, 0.7638888888888888, 0.9444444444444444, 0.7916666666666666]","[0.0, 0.0, 0.0, 0.0]",0.0,1,False,0.909461462450593,,,,,0.0027482262957450225,0.08314700094607581,0.0803987746503308,"['CP3', 'C3', 'C4', 'CP4', 'P2']","['CP3', 'CP4', 'C3', 'CPz', 'P2']",,,,3,EEGNet
PGD,False,,,Linf,2.0,0.23283062438937738,"[1.8897122144699097, 1.8918761014938354, 1.9590600728988647, 2.001120090484619, 1.954598307609558, 1.9108760356903076, 1.699418067932129, 1.9988800287246704, 1.9945168495178223, 2.0390424728393555, 1.9953359365463257, 1.9693505764007568, 1.8759129047393799, 2.042090654373169, 2.0635993480682373, 2.114813804626465, 2.0968194007873535, 2.091723680496216, 2.133535623550415, 2.1911427974700928, 2.1975152492523193, 2.2019267082214355]",40.0,0.029103828048672172,True,2024,0.78125,0.0,1.0,118.30868530273438,118.718994140625,3.8786282539367676,2.2384891510009766,0.11430225521326065,"[0.625, 0.7638888888888888, 0.9444444444444444, 0.7916666666666666]","[0.0, 0.0, 0.0, 0.0]",0.0,1,False,0.909461462450593,,,,,0.0027482262957450225,0.08314700094607581,0.0803987746503308,"['CP3', 'C3', 'C4', 'CP4', 'P2']","['CP3', 'CP4', 'C3', 'CPz', 'P2']",,,,3,EEGNet
FGSM_LP,True,gaussian,3.0,Linf,0.25,0.029103828048672172,"[0.2362140268087387, 0.23648451268672943, 0.2448825091123581, 0.2501400113105774, 0.24432478845119476, 0.23885950446128845, 0.2124272584915161, 0.2498600035905838, 0.24931460618972778, 0.25488030910491943, 0.2494169920682907, 0.2461688220500946, 0.23448911309242249, 0.2552613317966461, 0.25794991850852966, 0.2643517255783081, 0.2621024250984192, 0.261465460062027, 0.2666919529438019, 0.2738928496837616, 0.2746894061565399, 0.27524083852767944]",,,False,2024,0.78125,0.6701388955116272,0.3298611044883728,4.4669575691223145,4.466218948364258,0.029103882610797882,30.70684814453125,0.5433550477027893,"[0.625, 0.7638888888888888, 0.9444444444444444, 0.7916666666666666]","[0.5277777777777778, 0.5972222222222222, 0.8611111111111112, 0.6944444444444444]",0.0,1,False,0.9978913749294185,,,,,0.0027482262957450225,0.003749537934285893,0.0010013116385408703,"['CP3', 'C3', 'C4', 'CP4', 'P2']","['CP3', 'C3', 'C4', 'CP4', 'P2']",,,,3,EEGNet
FGSM_LP,True,gaussian,3.0,Linf,0.5,0.058207656097344344,"[0.4724280536174774, 0.47296902537345886, 0.4897650182247162, 0.5002800226211548, 0.4886495769023895, 0.4777190089225769, 0.4248545169830322, 0.4997200071811676, 0.49862921237945557, 0.5097606182098389, 0.4988339841365814, 0.4923376441001892, 0.46897822618484497, 0.5105226635932922, 0.5158998370170593, 0.5287034511566162, 0.5242048501968384, 0.522930920124054, 0.5333839058876038, 0.5477856993675232, 0.5493788123130798, 0.5504816770553589]",,,False,2024,0.78125,0.4027777910232544,0.5972222089767456,8.748069763183594,8.751736640930176,0.05820775032043457,24.863813400268555,0.5364560484886169,"[0.625, 0.7638888888888888, 0.9444444444444444, 0.7916666666666666]","[0.2916666666666667, 0.3333333333333333, 0.5138888888888888, 0.4722222222222222]",0.0,1,False,0.9978913749294185,,,,,0.0027482262957450225,0.003749537934285893,0.0010013116385408703,"['CP3', 'C3', 'C4', 'CP4', 'P2']","['CP3', 'C3', 'C4', 'CP4', 'P2']",,,,3,EEGNet
FGSM_LP,True,gaussian,3.0,Linf,1.0,0.11641531219468869,"[0.9448561072349548, 0.9459380507469177, 0.9795300364494324, 1.0005600452423096, 0.977299153804779, 0.9554380178451538, 0.8497090339660645, 0.9994400143623352, 0.9972584247589111, 1.0195212364196777, 0.9976679682731628, 0.9846752882003784, 0.9379564523696899, 1.0210453271865845, 1.0317996740341187, 1.0574069023132324, 1.0484097003936768, 1.045861840248108, 1.0667678117752075, 1.0955713987350464, 1.0987576246261597, 1.1009633541107178]",,,False,2024,0.78125,0.0069444444961845875,0.9930555555038154,16.89234161376953,16.88286590576172,0.11641539633274078,19.156850814819336,0.5253304243087769,"[0.625, 0.7638888888888888, 0.9444444444444444, 0.7916666666666666]","[0.0, 0.0, 0.0, 0.027777777777777776]",0.0,1,False,0.9978913749294185,,,,,0.0027482262957450225,0.003749537934285893,0.0010013116385408703,"['CP3', 'C3', 'C4', 'CP4', 'P2']","['CP3', 'C3', 'C4', 'CP4', 'P2']",,,,3,EEGNet
FGSM_LP,True,gaussian,3.0,Linf,2.0,0.23283062438937738,"[1.8897122144699097, 1.8918761014938354, 1.9590600728988647, 2.001120090484619, 1.954598307609558, 1.9108760356903076, 1.699418067932129, 1.9988800287246704, 1.9945168495178223, 2.0390424728393555, 1.9953359365463257, 1.9693505764007568, 1.8759129047393799, 2.042090654373169, 2.0635993480682373, 2.114813804626465, 2.0968194007873535, 2.091723680496216, 2.133535623550415, 2.1911427974700928, 2.1975152492523193, 2.2019267082214355]",,,False,2024,0.78125,0.0,1.0,31.729904174804688,31.727142333984375,0.23283062875270844,13.677291870117188,0.5091578364372253,"[0.625, 0.7638888888888888, 0.9444444444444444, 0.7916666666666666]","[0.0, 0.0, 0.0, 0.0]",0.0,1,False,0.9978913749294185,,,,,0.0027482262957450225,0.003749537934285893,0.0010013116385408703,"['CP3', 'C3', 'C4', 'CP4', 'P2']","['CP3', 'C3', 'C4', 'CP4', 'P2']",,,,3,EEGNet
PGD_LP,True,gaussian,3.0,Linf,0.25,0.029103828048672172,"[0.2362140268087387, 0.23648451268672943, 0.2448825091123581, 0.2501400113105774, 0.24432478845119476, 0.23885950446128845, 0.2124272584915161, 0.2498600035905838, 0.24931460618972778, 0.25488030910491943, 0.2494169920682907, 0.2461688220500946, 0.23448911309242249, 0.2552613317966461, 0.25794991850852966, 0.2643517255783081, 0.2621024250984192, 0.261465460062027, 0.2666919529438019, 0.2738928496837616, 0.2746894061565399, 0.27524083852767944]",40.0,0.0036379785060840215,True,2024,0.78125,0.6944444179534912,0.3055555820465088,4.4673566818237305,4.467267990112305,0.029103882610797882,30.70480728149414,0.5443449020385742,"[0.625, 0.7638888888888888, 0.9444444444444444, 0.7916666666666666]","[0.5416666666666666, 0.625, 0.9027777777777778, 0.7083333333333334]",0.0,1,False,0.9976619847543762,,,,,0.0027482262957450225,0.004355258221626464,0.001607031925881441,"['CP3', 'C3', 'C4', 'CP4', 'P2']","['CP3', 'C3', 'C4', 'CP4', 'P2']",,,,3,EEGNet
PGD_LP,True,gaussian,3.0,Linf,0.5,0.058207656097344344,"[0.4724280536174774, 0.47296902537345886, 0.4897650182247162, 0.5002800226211548, 0.4886495769023895, 0.4777190089225769, 0.4248545169830322, 0.4997200071811676, 0.49862921237945557, 0.5097606182098389, 0.4988339841365814, 0.4923376441001892, 0.46897822618484497, 0.5105226635932922, 0.5158998370170593, 0.5287034511566162, 0.5242048501968384, 0.522930920124054, 0.5333839058876038, 0.5477856993675232, 0.5493788123130798, 0.5504816770553589]",40.0,0.007275957012168043,True,2024,0.78125,0.5138888955116272,0.4861111044883728,8.751726150512695,8.755842208862305,0.05820775032043457,24.85973358154297,0.538304328918457,"[0.625, 0.7638888888888888, 0.9444444444444444, 0.7916666666666666]","[0.375, 0.4166666666666667, 0.6944444444444444, 0.5694444444444444]",0.0,1,False,0.9976619847543762,,,,,0.0027482262957450225,0.004355258221626464,0.001607031925881441,"['CP3', 'C3', 'C4', 'CP4', 'P2']","['CP3', 'C3', 'C4', 'CP4', 'P2']",,,,3,EEGNet
PGD_LP,True,gaussian,3.0,Linf,1.0,0.11641531219468869,"[0.9448561072349548, 0.9459380507469177, 0.9795300364494324, 1.0005600452423096, 0.977299153804779, 0.9554380178451538, 0.8497090339660645, 0.9994400143623352, 0.9972584247589111, 1.0195212364196777, 0.9976679682731628, 0.9846752882003784, 0.9379564523696899, 1.0210453271865845, 1.0317996740341187, 1.0574069023132324, 1.0484097003936768, 1.045861840248108, 1.0667678117752075, 1.0955713987350464, 1.0987576246261597, 1.1009633541107178]",40.0,0.014551914024336086,True,2024,0.78125,0.013888888992369175,0.9861111110076308,16.903900146484375,16.901294708251953,0.11641539633274078,19.14735984802246,0.5280534029006958,"[0.625, 0.7638888888888888, 0.9444444444444444, 0.7916666666666666]","[0.0, 0.0, 0.013888888888888888, 0.041666666666666664]",0.0,1,False,0.9976619847543762,,,,,0.0027482262957450225,0.004355258221626464,0.001607031925881441,"['CP3', 'C3', 'C4', 'CP4', 'P2']","['CP3', 'C3', 'C4', 'CP4', 'P2']",,,,3,EEGNet
PGD_LP,True,gaussian,3.0,Linf,2.0,0.23283062438937738,"[1.8897122144699097, 1.8918761014938354, 1.9590600728988647, 2.001120090484619, 1.954598307609558, 1.9108760356903076, 1.699418067932129, 1.9988800287246704, 1.9945168495178223, 2.0390424728393555, 1.9953359365463257, 1.9693505764007568, 1.8759129047393799, 2.042090654373169, 2.0635993480682373, 2.114813804626465, 2.0968194007873535, 2.091723680496216, 2.133535623550415, 2.1911427974700928, 2.1975152492523193, 2.2019267082214355]",40.0,0.029103828048672172,True,2024,0.78125,0.0,1.0,31.78727912902832,31.79512596130371,0.23283062875270844,13.658689498901367,0.5125482678413391,"[0.625, 0.7638888888888888, 0.9444444444444444, 0.7916666666666666]","[0.0, 0.0, 0.0, 0.0]",0.0,1,False,0.9976619847543762,,,,,0.0027482262957450225,0.004355258221626464,0.001607031925881441,"['CP3', 'C3', 'C4', 'CP4', 'P2']","['CP3', 'C3', 'C4', 'CP4', 'P2']",,,,3,EEGNet
DeepFool_L2,,,,L2,,,,50.0,,,2024,0.78125,0.1631944477558136,0.8368055522441864,112.07144927978516,91.01285552978516,3.024066686630249,63.93873596191406,116.31929779052734,,,0.0,1,False,0.9272568464144553,,,,,0.0027482262957450225,0.042614067429527475,0.03986584113378245,"['CP3', 'C3', 'C4', 'CP4', 'P2']","['CP3', 'CP4', 'C3', 'C4', 'CPz']",,,,3,EEGNet
FGSM,False,,,Linf,0.25,0.029103828048672172,"[0.2362140268087387, 0.23648451268672943, 0.2448825091123581, 0.2501400113105774, 0.24432478845119476, 0.23885950446128845, 0.2124272584915161, 0.2498600035905838, 0.24931460618972778, 0.25488030910491943, 0.2494169920682907, 0.2461688220500946, 0.23448911309242249, 0.2552613317966461, 0.25794991850852966, 0.2643517255783081, 0.2621024250984192, 0.261465460062027, 0.2666919529438019, 0.2738928496837616, 0.2746894061565399, 0.27524083852767944]",,,False,31415,0.84375,0.2083333283662796,0.7916666716337204,116.96540832519531,116.76276397705078,3.8786282539367676,2.384779930114746,0.1308583766222,"[0.6944444444444444, 0.9166666666666666, 0.8888888888888888, 0.875]","[0.0, 0.0, 0.8333333333333334, 0.0]",0.0,1,False,0.8680565358554491,,,,,0.017030042880659742,-0.02597270685241606,-0.0430027497330758,"['CPz', 'C3', 'C4', 'C1', 'FC1']","['CPz', 'C1', 'FC1', 'CP2', 'C4']",,,,3,EEGNet
FGSM,False,,,Linf,0.5,0.058207656097344344,"[0.4724280536174774, 0.47296902537345886, 0.4897650182247162, 0.5002800226211548, 0.4886495769023895, 0.4777190089225769, 0.4248545169830322, 0.4997200071811676, 0.49862921237945557, 0.5097606182098389, 0.4988339841365814, 0.4923376441001892, 0.46897822618484497, 0.5105226635932922, 0.5158998370170593, 0.5287034511566162, 0.5242048501968384, 0.522930920124054, 0.5333839058876038, 0.5477856993675232, 0.5493788123130798, 0.5504816770553589]",,,False,31415,0.84375,0.1319444477558136,0.8680555522441864,116.83648681640625,116.85895538330078,3.8786282539367676,2.3775272369384766,0.12995238602161407,"[0.6944444444444444, 0.9166666666666666, 0.8888888888888888, 0.875]","[0.0, 0.0, 0.5277777777777778, 0.0]",0.0,1,False,0.8680565358554491,,,,,0.017030042880659742,-0.02597270685241606,-0.0430027497330758,"['CPz', 'C3', 'C4', 'C1', 'FC1']","['CPz', 'C1', 'FC1', 'CP2', 'C4']",,,,3,EEGNet
FGSM,False,,,Linf,1.0,0.11641531219468869,"[0.9448561072349548, 0.9459380507469177, 0.9795300364494324, 1.0005600452423096, 0.977299153804779, 0.9554380178451538, 0.8497090339660645, 0.9994400143623352, 0.9972584247589111, 1.0195212364196777, 0.9976679682731628, 0.9846752882003784, 0.9379564523696899, 1.0210453271865845, 1.0317996740341187, 1.0574069023132324, 1.0484097003936768, 1.045861840248108, 1.0667678117752075, 1.0955713987350464, 1.0987576246261597, 1.1009633541107178]",,,False,31415,0.84375,0.0,1.0,116.83174133300781,117.2420654296875,3.8786282539367676,2.3487026691436768,0.1264551281929016,"[0.6944444444444444, 0.9166666666666666, 0.8888888888888888, 0.875]","[0.0, 0.0, 0.0, 0.0]",0.0,1,False,0.8680565358554491,,,,,0.017030042880659742,-0.02597270685241606,-0.0430027497330758,"['CPz', 'C3', 'C4', 'C1', 'FC1']","['CPz', 'C1', 'FC1', 'CP2', 'C4']",,,,3,EEGNet
FGSM,False,,,Linf,2.0,0.23283062438937738,"[1.8897122144699097, 1.8918761014938354, 1.9590600728988647, 2.001120090484619, 1.954598307609558, 1.9108760356903076, 1.699418067932129, 1.9988800287246704, 1.9945168495178223, 2.0390424728393555, 1.9953359365463257, 1.9693505764007568, 1.8759129047393799, 2.042090654373169, 2.0635993480682373, 2.114813804626465, 2.0968194007873535, 2.091723680496216, 2.133535623550415, 2.1911427974700928, 2.1975152492523193, 2.2019267082214355]",,,False,31415,0.84375,0.0,1.0,118.3155517578125,118.74742126464844,3.8786282539367676,2.2364091873168945,0.1144336462020874,"[0.6944444444444444, 0.9166666666666666, 0.8888888888888888, 0.875]","[0.0, 0.0, 0.0, 0.0]",0.0,1,False,0.8680565358554491,,,,,0.017030042880659742,-0.02597270685241606,-0.0430027497330758,"['CPz', 'C3', 'C4', 'C1', 'FC1']","['CPz', 'C1', 'FC1', 'CP2', 'C4']",,,,3,EEGNet
PGD,False,,,Linf,0.25,0.029103828048672172,"[0.2362140268087387, 0.23648451268672943, 0.2448825091123581, 0.2501400113105774, 0.24432478845119476, 0.23885950446128845, 0.2124272584915161, 0.2498600035905838, 0.24931460618972778, 0.25488030910491943, 0.2494169920682907, 0.2461688220500946, 0.23448911309242249, 0.2552613317966461, 0.25794991850852966, 0.2643517255783081, 0.2621024250984192, 0.261465460062027, 0.2666919529438019, 0.2738928496837616, 0.2746894061565399, 0.27524083852767944]",40.0,0.0036379785060840215,True,31415,0.84375,0.0833333358168602,0.9166666641831398,116.52969360351562,116.7626953125,3.8786282539367676,2.3847856521606445,0.13085855543613434,"[0.6944444444444444, 0.9166666666666666, 0.8888888888888888, 0.875]","[0.0, 0.0, 0.3333333333333333, 0.0]",0.0,1,False,0.8680035996612085,,,,,0.017030042880659742,-0.03469614479710335,-0.05172618767776309,"['CPz', 'C3', 'C4', 'C1', 'FC1']","['CPz', 'C1', 'FC1', 'CP2', 'C4']",,,,3,EEGNet
PGD,False,,,Linf,0.5,0.058207656097344344,"[0.4724280536174774, 0.47296902537345886, 0.4897650182247162, 0.5002800226211548, 0.4886495769023895, 0.4777190089225769, 0.4248545169830322, 0.4997200071811676, 0.49862921237945557, 0.5097606182098389, 0.4988339841365814, 0.4923376441001892, 0.46897822618484497, 0.5105226635932922, 0.5158998370170593, 0.5287034511566162, 0.5242048501968384, 0.522930920124054, 0.5333839058876038, 0.5477856993675232, 0.5493788123130798, 0.5504816770553589]",40.0,0.007275957012168043,True,31415,0.84375,0.0,1.0,116.45616149902344,116.85836791992188,3.8786282539367676,2.377570152282715,0.129953995347023,"[0.6944444444444444, 0.9166666666666666, 0.8888888888888888, 0.875]","[0.0, 0.0, 0.0, 0.0]",0.0,1,False,0.8680035996612085,,,,,0.017030042880659742,-0.03469614479710335,-0.05172618767776309,"['CPz', 'C3', 'C4', 'C1', 'FC1']","['CPz', 'C1', 'FC1', 'CP2', 'C4']",,,,3,EEGNet
PGD,False,,,Linf,1.0,0.11641531219468869,"[0.9448561072349548, 0.9459380507469177, 0.9795300364494324, 1.0005600452423096, 0.977299153804779, 0.9554380178451538, 0.8497090339660645, 0.9994400143623352, 0.9972584247589111, 1.0195212364196777, 0.9976679682731628, 0.9846752882003784, 0.9379564523696899, 1.0210453271865845, 1.0317996740341187, 1.0574069023132324, 1.0484097003936768, 1.045861840248108, 1.0667678117752075, 1.0955713987350464, 1.0987576246261597, 1.1009633541107178]",40.0,0.014551914024336086,True,31415,0.84375,0.0,1.0,116.82687377929688,117.23690032958984,3.8786282539367676,2.349090576171875,0.1264825463294983,"[0.6944444444444444, 0.9166666666666666, 0.8888888888888888, 0.875]","[0.0, 0.0, 0.0, 0.0]",0.0,1,False,0.8680035996612085,,,,,0.017030042880659742,-0.03469614479710335,-0.05172618767776309,"['CPz', 'C3', 'C4', 'C1', 'FC1']","['CPz', 'C1', 'FC1', 'CP2', 'C4']",,,,3,EEGNet
PGD,False,,,Linf,2.0,0.23283062438937738,"[1.8897122144699097, 1.8918761014938354, 1.9590600728988647, 2.001120090484619, 1.954598307609558, 1.9108760356903076, 1.699418067932129, 1.9988800287246704, 1.9945168495178223, 2.0390424728393555, 1.9953359365463257, 1.9693505764007568, 1.8759129047393799, 2.042090654373169, 2.0635993480682373, 2.114813804626465, 2.0968194007873535, 2.091723680496216, 2.133535623550415, 2.1911427974700928, 2.1975152492523193, 2.2019267082214355]",40.0,0.029103828048672172,True,31415,0.84375,0.0,1.0,118.2817611694336,118.70955657958984,3.8786282539367676,2.2392077445983887,0.1146099641919136,"[0.6944444444444444, 0.9166666666666666, 0.8888888888888888, 0.875]","[0.0, 0.0, 0.0, 0.0]",0.0,1,False,0.8680035996612085,,,,,0.017030042880659742,-0.03469614479710335,-0.05172618767776309,"['CPz', 'C3', 'C4', 'C1', 'FC1']","['CPz', 'C1', 'FC1', 'CP2', 'C4']",,,,3,EEGNet
FGSM_LP,True,gaussian,3.0,Linf,0.25,0.029103828048672172,"[0.2362140268087387, 0.23648451268672943, 0.2448825091123581, 0.2501400113105774, 0.24432478845119476, 0.23885950446128845, 0.2124272584915161, 0.2498600035905838, 0.24931460618972778, 0.25488030910491943, 0.2494169920682907, 0.2461688220500946, 0.23448911309242249, 0.2552613317966461, 0.25794991850852966, 0.2643517255783081, 0.2621024250984192, 0.261465460062027, 0.2666919529438019, 0.2738928496837616, 0.2746894061565399, 0.27524083852767944]",,,False,31415,0.84375,0.7777777910232544,0.2222222089767456,4.4683837890625,4.464503765106201,0.029103882610797882,30.710195541381836,0.5430187582969666,"[0.6944444444444444, 0.9166666666666666, 0.8888888888888888, 0.875]","[0.6388888888888888, 0.7222222222222222, 0.8888888888888888, 0.8611111111111112]",0.0,1,False,0.9973002540937324,,,,,0.017030042880659742,0.01631838032478706,-0.000711662555872683,"['CPz', 'C3', 'C4', 'C1', 'FC1']","['CPz', 'C3', 'C4', 'C1', 'FC1']",,,,3,EEGNet
FGSM_LP,True,gaussian,3.0,Linf,0.5,0.058207656097344344,"[0.4724280536174774, 0.47296902537345886, 0.4897650182247162, 0.5002800226211548, 0.4886495769023895, 0.4777190089225769, 0.4248545169830322, 0.4997200071811676, 0.49862921237945557, 0.5097606182098389, 0.4988339841365814, 0.4923376441001892, 0.46897822618484497, 0.5105226635932922, 0.5158998370170593, 0.5287034511566162, 0.5242048501968384, 0.522930920124054, 0.5333839058876038, 0.5477856993675232, 0.5493788123130798, 0.5504816770553589]",,,False,31415,0.84375,0.6041666865348816,0.3958333134651184,8.748758316040039,8.745327949523926,0.05820775032043457,24.87019920349121,0.5363757014274597,"[0.6944444444444444, 0.9166666666666666, 0.8888888888888888, 0.875]","[0.4444444444444444, 0.4722222222222222, 0.8055555555555556, 0.6944444444444444]",0.0,1,False,0.9973002540937324,,,,,0.017030042880659742,0.01631838032478706,-0.000711662555872683,"['CPz', 'C3', 'C4', 'C1', 'FC1']","['CPz', 'C3', 'C4', 'C1', 'FC1']",,,,3,EEGNet
FGSM_LP,True,gaussian,3.0,Linf,1.0,0.11641531219468869,"[0.9448561072349548, 0.9459380507469177, 0.9795300364494324, 1.0005600452423096, 0.977299153804779, 0.9554380178451538, 0.8497090339660645, 0.9994400143623352, 0.9972584247589111, 1.0195212364196777, 0.9976679682731628, 0.9846752882003784, 0.9379564523696899, 1.0210453271865845, 1.0317996740341187, 1.0574069023132324, 1.0484097003936768, 1.045861840248108, 1.0667678117752075, 1.0955713987350464, 1.0987576246261597, 1.1009633541107178]",,,False,31415,0.84375,0.1493055522441864,0.8506944477558136,16.86004638671875,16.85663604736328,0.11641539633274078,19.170391082763672,0.5257370471954346,"[0.6944444444444444, 0.9166666666666666, 0.8888888888888888, 0.875]","[0.08333333333333333, 0.041666666666666664, 0.2222222222222222, 0.25]",0.0,1,False,0.9973002540937324,,,,,0.017030042880659742,0.01631838032478706,-0.000711662555872683,"['CPz', 'C3', 'C4', 'C1', 'FC1']","['CPz', 'C3', 'C4', 'C1', 'FC1']",,,,3,EEGNet
FGSM_LP,True,gaussian,3.0,Linf,2.0,0.23283062438937738,"[1.8897122144699097, 1.8918761014938354, 1.9590600728988647, 2.001120090484619, 1.954598307609558, 1.9108760356903076, 1.699418067932129, 1.9988800287246704, 1.9945168495178223, 2.0390424728393555, 1.9953359365463257, 1.9693505764007568, 1.8759129047393799, 2.042090654373169, 2.0635993480682373, 2.114813804626465, 2.0968194007873535, 2.091723680496216, 2.133535623550415, 2.1911427974700928, 2.1975152492523193, 2.2019267082214355]",,,False,31415,0.84375,0.0,1.0,31.61052131652832,31.62249755859375,0.23283062875270844,13.706046104431152,0.510531485080719,"[0.6944444444444444, 0.9166666666666666, 0.8888888888888888, 0.875]","[0.0, 0.0, 0.0, 0.0]",0.0,1,False,0.9973002540937324,,,,,0.017030042880659742,0.01631838032478706,-0.000711662555872683,"['CPz', 'C3', 'C4', 'C1', 'FC1']","['CPz', 'C3', 'C4', 'C1', 'FC1']",,,,3,EEGNet
PGD_LP,True,gaussian,3.0,Linf,0.25,0.029103828048672172,"[0.2362140268087387, 0.23648451268672943, 0.2448825091123581, 0.2501400113105774, 0.24432478845119476, 0.23885950446128845, 0.2124272584915161, 0.2498600035905838, 0.24931460618972778, 0.25488030910491943, 0.2494169920682907, 0.2461688220500946, 0.23448911309242249, 0.2552613317966461, 0.25794991850852966, 0.2643517255783081, 0.2621024250984192, 0.261465460062027, 0.2666919529438019, 0.2738928496837616, 0.2746894061565399, 0.27524083852767944]",40.0,0.0036379785060840215,True,31415,0.84375,0.8055555820465088,0.1944444179534912,4.467571258544922,4.464760780334473,0.029103882610797882,30.70969581604004,0.5434971451759338,"[0.6944444444444444, 0.9166666666666666, 0.8888888888888888, 0.875]","[0.6388888888888888, 0.7916666666666666, 0.9166666666666666, 0.875]",0.0,1,False,0.9974678853754941,,,,,0.017030042880659742,0.01590873130347947,-0.0011213115771802722,"['CPz', 'C3', 'C4', 'C1', 'FC1']","['CPz', 'C3', 'C4', 'C1', 'FC1']",,,,3,EEGNet
PGD_LP,True,gaussian,3.0,Linf,0.5,0.058207656097344344,"[0.4724280536174774, 0.47296902537345886, 0.4897650182247162, 0.5002800226211548, 0.4886495769023895, 0.4777190089225769, 0.4248545169830322, 0.4997200071811676, 0.49862921237945557, 0.5097606182098389, 0.4988339841365814, 0.4923376441001892, 0.46897822618484497, 0.5105226635932922, 0.5158998370170593, 0.5287034511566162, 0.5242048501968384, 0.522930920124054, 0.5333839058876038, 0.5477856993675232, 0.5493788123130798, 0.5504816770553589]",40.0,0.007275957012168043,True,31415,0.84375,0.6875,0.3125,8.743368148803711,8.74589729309082,0.05820775032043457,24.86962890625,0.5367408990859985,"[0.6944444444444444, 0.9166666666666666, 0.8888888888888888, 0.875]","[0.5, 0.5972222222222222, 0.8611111111111112, 0.7916666666666666]",0.0,1,False,0.9974678853754941,,,,,0.017030042880659742,0.01590873130347947,-0.0011213115771802722,"['CPz', 'C3', 'C4', 'C1', 'FC1']","['CPz', 'C3', 'C4', 'C1', 'FC1']",,,,3,EEGNet
PGD_LP,True,gaussian,3.0,Linf,1.0,0.11641531219468869,"[0.9448561072349548, 0.9459380507469177, 0.9795300364494324, 1.0005600452423096, 0.977299153804779, 0.9554380178451538, 0.8497090339660645, 0.9994400143623352, 0.9972584247589111, 1.0195212364196777, 0.9976679682731628, 0.9846752882003784, 0.9379564523696899, 1.0210453271865845, 1.0317996740341187, 1.0574069023132324, 1.0484097003936768, 1.045861840248108, 1.0667678117752075, 1.0955713987350464, 1.0987576246261597, 1.1009633541107178]",40.0,0.014551914024336086,True,31415,0.84375,0.3090277910232544,0.6909722089767456,16.852672576904297,16.855548858642578,0.11641539633274078,19.17095184326172,0.5255663394927979,"[0.6944444444444444, 0.9166666666666666, 0.8888888888888888, 0.875]","[0.2361111111111111, 0.18055555555555555, 0.375, 0.4444444444444444]",0.0,1,False,0.9974678853754941,,,,,0.017030042880659742,0.01590873130347947,-0.0011213115771802722,"['CPz', 'C3', 'C4', 'C1', 'FC1']","['CPz', 'C3', 'C4', 'C1', 'FC1']",,,,3,EEGNet
PGD_LP,True,gaussian,3.0,Linf,2.0,0.23283062438937738,"[1.8897122144699097, 1.8918761014938354, 1.9590600728988647, 2.001120090484619, 1.954598307609558, 1.9108760356903076, 1.699418067932129, 1.9988800287246704, 1.9945168495178223, 2.0390424728393555, 1.9953359365463257, 1.9693505764007568, 1.8759129047393799, 2.042090654373169, 2.0635993480682373, 2.114813804626465, 2.0968194007873535, 2.091723680496216, 2.133535623550415, 2.1911427974700928, 2.1975152492523193, 2.2019267082214355]",40.0,0.029103828048672172,True,31415,0.84375,0.0034722222480922937,0.9965277777519077,31.5854434967041,31.59524917602539,0.23283062875270844,13.713520050048828,0.5078836679458618,"[0.6944444444444444, 0.9166666666666666, 0.8888888888888888, 0.875]","[0.0, 0.0, 0.0, 0.013888888888888888]",0.0,1,False,0.9974678853754941,,,,,0.017030042880659742,0.01590873130347947,-0.0011213115771802722,"['CPz', 'C3', 'C4', 'C1', 'FC1']","['CPz', 'C3', 'C4', 'C1', 'FC1']",,,,3,EEGNet
DeepFool_L2,,,,L2,,,,50.0,,,31415,0.84375,0.0381944440305233,0.9618055559694767,114.62506866455078,98.59718322753906,3.298574447631836,46.33628463745117,102.15019989013672,,,0.0,1,False,0.8850666996047432,,,,,0.017030042880659742,-0.0019163176803581095,-0.018946360561017853,"['CPz', 'C3', 'C4', 'C1', 'FC1']","['CPz', 'C1', 'C4', 'C3', 'FC1']",,,,3,EEGNet
FGSM,False,,,Linf,0.25,0.029103828048672172,"[0.2362140268087387, 0.23648451268672943, 0.2448825091123581, 0.2501400113105774, 0.24432478845119476, 0.23885950446128845, 0.2124272584915161, 0.2498600035905838, 0.24931460618972778, 0.25488030910491943, 0.2494169920682907, 0.2461688220500946, 0.23448911309242249, 0.2552613317966461, 0.25794991850852966, 0.2643517255783081, 0.2621024250984192, 0.261465460062027, 0.2666919529438019, 0.2738928496837616, 0.2746894061565399, 0.27524083852767944]",,,False,999,0.7777777910232544,0.1875,0.8125,116.96542358398438,116.76274871826172,3.8786282539367676,2.3847804069519043,0.1308586597442627,"[0.6111111111111112, 0.7916666666666666, 0.9444444444444444, 0.7638888888888888]","[0.0, 0.013888888888888888, 0.7361111111111112, 0.0]",0.0,1,False,0.9374029503105591,,,,,-0.09870158499974972,-0.0321957268985629,0.06650585810118682,"['C4', 'CPz', 'CP3', 'C2', 'C3']","['CPz', 'C4', 'C3', 'CP2', 'CP3']",,,,3,EEGNet
FGSM,False,,,Linf,0.5,0.058207656097344344,"[0.4724280536174774, 0.47296902537345886, 0.4897650182247162, 0.5002800226211548, 0.4886495769023895, 0.4777190089225769, 0.4248545169830322, 0.4997200071811676, 0.49862921237945557, 0.5097606182098389, 0.4988339841365814, 0.4923376441001892, 0.46897822618484497, 0.5105226635932922, 0.5158998370170593, 0.5287034511566162, 0.5242048501968384, 0.522930920124054, 0.5333839058876038, 0.5477856993675232, 0.5493788123130798, 0.5504816770553589]",,,False,999,0.7777777910232544,0.0,1.0,116.45692443847656,116.85891723632812,3.8786282539367676,2.3775298595428467,0.12995441257953644,"[0.6111111111111112, 0.7916666666666666, 0.9444444444444444, 0.7638888888888888]","[0.0, 0.0, 0.0, 0.0]",0.0,1,False,0.9374029503105591,,,,,-0.09870158499974972,-0.0321957268985629,0.06650585810118682,"['C4', 'CPz', 'CP3', 'C2', 'C3']","['CPz', 'C4', 'C3', 'CP2', 'CP3']",,,,3,EEGNet
FGSM,False,,,Linf,1.0,0.11641531219468869,"[0.9448561072349548, 0.9459380507469177, 0.9795300364494324, 1.0005600452423096, 0.977299153804779, 0.9554380178451538, 0.8497090339660645, 0.9994400143623352, 0.9972584247589111, 1.0195212364196777, 0.9976679682731628, 0.9846752882003784, 0.9379564523696899, 1.0210453271865845, 1.0317996740341187, 1.0574069023132324, 1.0484097003936768, 1.045861840248108, 1.0667678117752075, 1.0955713987350464, 1.0987576246261597, 1.1009633541107178]",,,False,999,0.7777777910232544,0.0,1.0,116.83331298828125,117.24180603027344,3.8786282539367676,2.348722219467163,0.12646569311618805,"[0.6111111111111112, 0.7916666666666666, 0.9444444444444444, 0.7638888888888888]","[0.0, 0.0, 0.0, 0.0]",0.0,1,False,0.9374029503105591,,,,,-0.09870158499974972,-0.0321957268985629,0.06650585810118682,"['C4', 'CPz', 'CP3', 'C2', 'C3']","['CPz', 'C4', 'C3', 'CP2', 'CP3']",,,,3,EEGNet
FGSM,False,,,Linf,2.0,0.23283062438937738,"[1.8897122144699097, 1.8918761014938354, 1.9590600728988647, 2.001120090484619, 1.954598307609558, 1.9108760356903076, 1.699418067932129, 1.9988800287246704, 1.9945168495178223, 2.0390424728393555, 1.9953359365463257, 1.9693505764007568, 1.8759129047393799, 2.042090654373169, 2.0635993480682373, 2.114813804626465, 2.0968194007873535, 2.091723680496216, 2.133535623550415, 2.1911427974700928, 2.1975152492523193, 2.2019267082214355]",,,False,999,0.7777777910232544,0.0,1.0,118.32673645019531,118.74612426757812,3.8786282539367676,2.236510753631592,0.11449232697486877,"[0.6111111111111112, 0.7916666666666666, 0.9444444444444444, 0.7638888888888888]","[0.0, 0.0, 0.0, 0.0]",0.0,1,False,0.9374029503105591,,,,,-0.09870158499974972,-0.0321957268985629,0.06650585810118682,"['C4', 'CPz', 'CP3', 'C2', 'C3']","['CPz', 'C4', 'C3', 'CP2', 'CP3']",,,,3,EEGNet
PGD,False,,,Linf,0.25,0.029103828048672172,"[0.2362140268087387, 0.23648451268672943, 0.2448825091123581, 0.2501400113105774, 0.24432478845119476, 0.23885950446128845, 0.2124272584915161, 0.2498600035905838, 0.24931460618972778, 0.25488030910491943, 0.2494169920682907, 0.2461688220500946, 0.23448911309242249, 0.2552613317966461, 0.25794991850852966, 0.2643517255783081, 0.2621024250984192, 0.261465460062027, 0.2666919529438019, 0.2738928496837616, 0.2746894061565399, 0.27524083852767944]",40.0,0.0036379785060840215,True,999,0.7777777910232544,0.0625,0.9375,116.52961730957031,116.76266479492188,3.8786282539367676,2.3847875595092773,0.13085947930812836,"[0.6111111111111112, 0.7916666666666666, 0.9444444444444444, 0.7638888888888888]","[0.0, 0.0, 0.25, 0.0]",0.0,1,False,0.9443817052512706,,,,,-0.09870158499974972,-0.03701687269121801,0.06168471230853171,"['C4', 'CPz', 'CP3', 'C2', 'C3']","['CPz', 'C4', 'C3', 'CP2', 'CP3']",,,,3,EEGNet
PGD,False,,,Linf,0.5,0.058207656097344344,"[0.4724280536174774, 0.47296902537345886, 0.4897650182247162, 0.5002800226211548, 0.4886495769023895, 0.4777190089225769, 0.4248545169830322, 0.4997200071811676, 0.49862921237945557, 0.5097606182098389, 0.4988339841365814, 0.4923376441001892, 0.46897822618484497, 0.5105226635932922, 0.5158998370170593, 0.5287034511566162, 0.5242048501968384, 0.522930920124054, 0.5333839058876038, 0.5477856993675232, 0.5493788123130798, 0.5504816770553589]",40.0,0.007275957012168043,True,999,0.7777777910232544,0.0,1.0,116.45637512207031,116.85812377929688,3.8786282539367676,2.377589702606201,0.1299622654914856,"[0.6111111111111112, 0.7916666666666666, 0.9444444444444444, 0.7638888888888888]","[0.0, 0.0, 0.0, 0.0]",0.0,1,False,0.9443817052512706,,,,,-0.09870158499974972,-0.03701687269121801,0.06168471230853171,"['C4', 'CPz', 'CP3', 'C2', 'C3']","['CPz', 'C4', 'C3', 'CP2', 'CP3']",,,,3,EEGNet
PGD,False,,,Linf,1.0,0.11641531219468869,"[0.9448561072349548, 0.9459380507469177, 0.9795300364494324, 1.0005600452423096, 0.977299153804779, 0.9554380178451538, 0.8497090339660645, 0.9994400143623352, 0.9972584247589111, 1.0195212364196777, 0.9976679682731628, 0.9846752882003784, 0.9379564523696899, 1.0210453271865845, 1.0317996740341187, 1.0574069023132324, 1.0484097003936768, 1.045861840248108, 1.0667678117752075, 1.0955713987350464, 1.0987576246261597, 1.1009633541107178]",40.0,0.014551914024336086,True,999,0.7777777910232544,0.0,1.0,116.82818603515625,117.23606872558594,3.8786282539367676,2.3491525650024414,0.12649410963058472,"[0.6111111111111112, 0.7916666666666666, 0.9444444444444444, 0.7638888888888888]","[0.0, 0.0, 0.0, 0.0]",0.0,1,False,0.9443817052512706,,,,,-0.09870158499974972,-0.03701687269121801,0.06168471230853171,"['C4', 'CPz', 'CP3', 'C2', 'C3']","['CPz', 'C4', 'C3', 'CP2', 'CP3']",,,,3,EEGNet
PGD,False,,,Linf,2.0,0.23283062438937738,"[1.8897122144699097, 1.8918761014938354, 1.9590600728988647, 2.001120090484619, 1.954598307609558, 1.9108760356903076, 1.699418067932129, 1.9988800287246704, 1.9945168495178223, 2.0390424728393555, 1.9953359365463257, 1.9693505764007568, 1.8759129047393799, 2.042090654373169, 2.0635993480682373, 2.114813804626465, 2.0968194007873535, 2.091723680496216, 2.133535623550415, 2.1911427974700928, 2.1975152492523193, 2.2019267082214355]",40.0,0.029103828048672172,True,999,0.7777777910232544,0.0,1.0,118.27761840820312,118.69332122802734,3.8786282539367676,2.240365743637085,0.11428191512823105,"[0.6111111111111112, 0.7916666666666666, 0.9444444444444444, 0.7638888888888888]","[0.0, 0.0, 0.0, 0.0]",0.0,1,False,0.9443817052512706,,,,,-0.09870158499974972,-0.03701687269121801,0.06168471230853171,"['C4', 'CPz', 'CP3', 'C2', 'C3']","['CPz', 'C4', 'C3', 'CP2', 'CP3']",,,,3,EEGNet
FGSM_LP,True,gaussian,3.0,Linf,0.25,0.029103828048672172,"[0.2362140268087387, 0.23648451268672943, 0.2448825091123581, 0.2501400113105774, 0.24432478845119476, 0.23885950446128845, 0.2124272584915161, 0.2498600035905838, 0.24931460618972778, 0.25488030910491943, 0.2494169920682907, 0.2461688220500946, 0.23448911309242249, 0.2552613317966461, 0.25794991850852966, 0.2643517255783081, 0.2621024250984192, 0.261465460062027, 0.2666919529438019, 0.2738928496837616, 0.2746894061565399, 0.27524083852767944]",,,False,999,0.7777777910232544,0.6597222089767456,0.3402777910232544,4.467230796813965,4.466278076171875,0.029103882610797882,30.70673370361328,0.5430912375450134,"[0.6111111111111112, 0.7916666666666666, 0.9444444444444444, 0.7638888888888888]","[0.4305555555555556, 0.6805555555555556, 0.8888888888888888, 0.6388888888888888]",0.0,1,False,0.9981560559006211,,,,,-0.09870158499974972,-0.09612352435170163,0.0025780606480480944,"['C4', 'CPz', 'CP3', 'C2', 'C3']","['C4', 'CPz', 'CP3', 'C2', 'C3']",,,,3,EEGNet
FGSM_LP,True,gaussian,3.0,Linf,0.5,0.058207656097344344,"[0.4724280536174774, 0.47296902537345886, 0.4897650182247162, 0.5002800226211548, 0.4886495769023895, 0.4777190089225769, 0.4248545169830322, 0.4997200071811676, 0.49862921237945557, 0.5097606182098389, 0.4988339841365814, 0.4923376441001892, 0.46897822618484497, 0.5105226635932922, 0.5158998370170593, 0.5287034511566162, 0.5242048501968384, 0.522930920124054, 0.5333839058876038, 0.5477856993675232, 0.5493788123130798, 0.5504816770553589]",,,False,999,0.7777777910232544,0.3819444477558136,0.6180555522441864,8.749641418457031,8.751712799072266,0.05820775032043457,24.86384391784668,0.5355833172798157,"[0.6111111111111112, 0.7916666666666666, 0.9444444444444444, 0.7638888888888888]","[0.19444444444444445, 0.3055555555555556, 0.6666666666666666, 0.3611111111111111]",0.0,1,False,0.9981560559006211,,,,,-0.09870158499974972,-0.09612352435170163,0.0025780606480480944,"['C4', 'CPz', 'CP3', 'C2', 'C3']","['C4', 'CPz', 'CP3', 'C2', 'C3']",,,,3,EEGNet
FGSM_LP,True,gaussian,3.0,Linf,1.0,0.11641531219468869,"[0.9448561072349548, 0.9459380507469177, 0.9795300364494324, 1.0005600452423096, 0.977299153804779, 0.9554380178451538, 0.8497090339660645, 0.9994400143623352, 0.9972584247589111, 1.0195212364196777, 0.9976679682731628, 0.9846752882003784, 0.9379564523696899, 1.0210453271865845, 1.0317996740341187, 1.0574069023132324, 1.0484097003936768, 1.045861840248108, 1.0667678117752075, 1.0955713987350464, 1.0987576246261597, 1.1009633541107178]",,,False,999,0.7777777910232544,0.0034722222480922937,0.9965277777519077,16.894493103027344,16.883827209472656,0.11641539633274078,19.1563663482666,0.5240446329116821,"[0.6111111111111112, 0.7916666666666666, 0.9444444444444444, 0.7638888888888888]","[0.0, 0.0, 0.013888888888888888, 0.0]",0.0,1,False,0.9981560559006211,,,,,-0.09870158499974972,-0.09612352435170163,0.0025780606480480944,"['C4', 'CPz', 'CP3', 'C2', 'C3']","['C4', 'CPz', 'CP3', 'C2', 'C3']",,,,3,EEGNet
FGSM_LP,True,gaussian,3.0,Linf,2.0,0.23283062438937738,"[1.8897122144699097, 1.8918761014938354, 1.9590600728988647, 2.001120090484619, 1.954598307609558, 1.9108760356903076, 1.699418067932129, 1.9988800287246704, 1.9945168495178223, 2.0390424728393555, 1.9953359365463257, 1.9693505764007568, 1.8759129047393799, 2.042090654373169, 2.0635993480682373, 2.114813804626465, 2.0968194007873535, 2.091723680496216, 2.133535623550415, 2.1911427974700928, 2.1975152492523193, 2.2019267082214355]",,,False,999,0.7777777910232544,0.0,1.0,31.729068756103516,31.73207664489746,0.23283062875270844,13.675962448120117,0.5073142051696777,"[0.6111111111111112, 0.7916666666666666, 0.9444444444444444, 0.7638888888888888]","[0.0, 0.0, 0.0, 0.0]",0.0,1,False,0.9981560559006211,,,,,-0.09870158499974972,-0.09612352435170163,0.0025780606480480944,"['C4', 'CPz', 'CP3', 'C2', 'C3']","['C4', 'CPz', 'CP3', 'C2', 'C3']",,,,3,EEGNet
PGD_LP,True,gaussian,3.0,Linf,0.25,0.029103828048672172,"[0.2362140268087387, 0.23648451268672943, 0.2448825091123581, 0.2501400113105774, 0.24432478845119476, 0.23885950446128845, 0.2124272584915161, 0.2498600035905838, 0.24931460618972778, 0.25488030910491943, 0.2494169920682907, 0.2461688220500946, 0.23448911309242249, 0.2552613317966461, 0.25794991850852966, 0.2643517255783081, 0.2621024250984192, 0.261465460062027, 0.2666919529438019, 0.2738928496837616, 0.2746894061565399, 0.27524083852767944]",40.0,0.0036379785060840215,True,999,0.7777777910232544,0.6909722089767456,0.3090277910232544,4.467350006103516,4.465914249420166,0.029103882610797882,30.70744514465332,0.5433257222175598,"[0.6111111111111112, 0.7916666666666666, 0.9444444444444444, 0.7638888888888888]","[0.4583333333333333, 0.7222222222222222, 0.9027777777777778, 0.6805555555555556]",0.0,1,False,0.9982707509881423,,,,,-0.09870158499974972,-0.09677149411159508,0.0019300908881546425,"['C4', 'CPz', 'CP3', 'C2', 'C3']","['C4', 'CPz', 'CP3', 'C2', 'C3']",,,,3,EEGNet
PGD_LP,True,gaussian,3.0,Linf,0.5,0.058207656097344344,"[0.4724280536174774, 0.47296902537345886, 0.4897650182247162, 0.5002800226211548, 0.4886495769023895, 0.4777190089225769, 0.4248545169830322, 0.4997200071811676, 0.49862921237945557, 0.5097606182098389, 0.4988339841365814, 0.4923376441001892, 0.46897822618484497, 0.5105226635932922, 0.5158998370170593, 0.5287034511566162, 0.5242048501968384, 0.522930920124054, 0.5333839058876038, 0.5477856993675232, 0.5493788123130798, 0.5504816770553589]",40.0,0.007275957012168043,True,999,0.7777777910232544,0.4965277910232544,0.5034722089767456,8.75285816192627,8.750225067138672,0.05820775032043457,24.86532211303711,0.5362911820411682,"[0.6111111111111112, 0.7916666666666666, 0.9444444444444444, 0.7638888888888888]","[0.2638888888888889, 0.4444444444444444, 0.7361111111111112, 0.5416666666666666]",0.0,1,False,0.9982707509881423,,,,,-0.09870158499974972,-0.09677149411159508,0.0019300908881546425,"['C4', 'CPz', 'CP3', 'C2', 'C3']","['C4', 'CPz', 'CP3', 'C2', 'C3']",,,,3,EEGNet
PGD_LP,True,gaussian,3.0,Linf,1.0,0.11641531219468869,"[0.9448561072349548, 0.9459380507469177, 0.9795300364494324, 1.0005600452423096, 0.977299153804779, 0.9554380178451538, 0.8497090339660645, 0.9994400143623352, 0.9972584247589111, 1.0195212364196777, 0.9976679682731628, 0.9846752882003784, 0.9379564523696899, 1.0210453271865845, 1.0317996740341187, 1.0574069023132324, 1.0484097003936768, 1.045861840248108, 1.0667678117752075, 1.0955713987350464, 1.0987576246261597, 1.1009633541107178]",40.0,0.014551914024336086,True,999,0.7777777910232544,0.0381944440305233,0.9618055559694767,16.878721237182617,16.87350845336914,0.11641539633274078,19.16167640686035,0.5251900553703308,"[0.6111111111111112, 0.7916666666666666, 0.9444444444444444, 0.7638888888888888]","[0.027777777777777776, 0.041666666666666664, 0.027777777777777776, 0.05555555555555555]",0.0,1,False,0.9982707509881423,,,,,-0.09870158499974972,-0.09677149411159508,0.0019300908881546425,"['C4', 'CPz', 'CP3', 'C2', 'C3']","['C4', 'CPz', 'CP3', 'C2', 'C3']",,,,3,EEGNet
PGD_LP,True,gaussian,3.0,Linf,2.0,0.23283062438937738,"[1.8897122144699097, 1.8918761014938354, 1.9590600728988647, 2.001120090484619, 1.954598307609558, 1.9108760356903076, 1.699418067932129, 1.9988800287246704, 1.9945168495178223, 2.0390424728393555, 1.9953359365463257, 1.9693505764007568, 1.8759129047393799, 2.042090654373169, 2.0635993480682373, 2.114813804626465, 2.0968194007873535, 2.091723680496216, 2.133535623550415, 2.1911427974700928, 2.1975152492523193, 2.2019267082214355]",40.0,0.029103828048672172,True,999,0.7777777910232544,0.0,1.0,31.647491455078125,31.66181182861328,0.23283062875270844,13.695202827453613,0.5099878311157227,"[0.6111111111111112, 0.7916666666666666, 0.9444444444444444, 0.7638888888888888]","[0.0, 0.0, 0.0, 0.0]",0.0,1,False,0.9982707509881423,,,,,-0.09870158499974972,-0.09677149411159508,0.0019300908881546425,"['C4', 'CPz', 'CP3', 'C2', 'C3']","['C4', 'CPz', 'CP3', 'C2', 'C3']",,,,3,EEGNet
DeepFool_L2,,,,L2,,,,50.0,,,999,0.7777777910232544,0.0763888880610466,0.9236111119389534,113.36766052246094,90.63504028320312,2.9928650856018066,64.91358947753906,116.98011016845703,,,0.0,1,False,0.9526397515527951,,,,,-0.09870158499974972,-0.05787185175041611,0.04082973324933361,"['C4', 'CPz', 'CP3', 'C2', 'C3']","['C4', 'CPz', 'CP3', 'C3', 'C2']",,,,3,EEGNet
FGSM,False,,,Linf,0.25,0.029103828048672172,"[0.2362140268087387, 0.23648451268672943, 0.2448825091123581, 0.2501400113105774, 0.24432478845119476, 0.23885950446128845, 0.2124272584915161, 0.2498600035905838, 0.24931460618972778, 0.25488030910491943, 0.2494169920682907, 0.2461688220500946, 0.23448911309242249, 0.2552613317966461, 0.25794991850852966, 0.2643517255783081, 0.2621024250984192, 0.261465460062027, 0.2666919529438019, 0.2738928496837616, 0.2746894061565399, 0.27524083852767944]",,,False,42,0.6875,0.25,0.75,117.21231079101562,116.76174926757812,3.8786282539367676,2.384857177734375,0.13086925446987152,"[0.375, 0.7361111111111112, 1.0, 0.6388888888888888]","[0.0, 0.0, 1.0, 0.0]",0.0,1,False,0.9604743083003953,,,,,0.10210739612181956,-0.10256144294613646,-0.20466883906795602,"['C3', 'C4', 'CP4', 'FCz', 'C5']","['C4', 'CP4', 'C3', 'FCz', 'CP3']",,,,3,DeepConvNet
FGSM,False,,,Linf,0.5,0.058207656097344344,"[0.4724280536174774, 0.47296902537345886, 0.4897650182247162, 0.5002800226211548, 0.4886495769023895, 0.4777190089225769, 0.4248545169830322, 0.4997200071811676, 0.49862921237945557, 0.5097606182098389, 0.4988339841365814, 0.4923376441001892, 0.46897822618484497, 0.5105226635932922, 0.5158998370170593, 0.5287034511566162, 0.5242048501968384, 0.522930920124054, 0.5333839058876038, 0.5477856993675232, 0.5493788123130798, 0.5504816770553589]",,,False,42,0.6875,0.25,0.75,117.30457305908203,116.8548583984375,3.8786282539367676,2.377835750579834,0.12999631464481354,"[0.375, 0.7361111111111112, 1.0, 0.6388888888888888]","[0.0, 0.0, 1.0, 0.0]",0.0,1,False,0.9604743083003953,,,,,0.10210739612181956,-0.10256144294613646,-0.20466883906795602,"['C3', 'C4', 'CP4', 'FCz', 'C5']","['C4', 'CP4', 'C3', 'FCz', 'CP3']",,,,3,DeepConvNet
FGSM,False,,,Linf,1.0,0.11641531219468869,"[0.9448561072349548, 0.9459380507469177, 0.9795300364494324, 1.0005600452423096, 0.977299153804779, 0.9554380178451538, 0.8497090339660645, 0.9994400143623352, 0.9972584247589111, 1.0195212364196777, 0.9976679682731628, 0.9846752882003784, 0.9379564523696899, 1.0210453271865845, 1.0317996740341187, 1.0574069023132324, 1.0484097003936768, 1.045861840248108, 1.0667678117752075, 1.0955713987350464, 1.0987576246261597, 1.1009633541107178]",,,False,42,0.6875,0.2395833283662796,0.7604166716337204,117.61759948730469,117.22573852539062,3.8786282539367676,2.3499326705932617,0.12661902606487274,"[0.375, 0.7361111111111112, 1.0, 0.6388888888888888]","[0.0, 0.0, 0.9583333333333334, 0.0]",0.0,1,False,0.9604743083003953,,,,,0.10210739612181956,-0.10256144294613646,-0.20466883906795602,"['C3', 'C4', 'CP4', 'FCz', 'C5']","['C4', 'CP4', 'C3', 'FCz', 'CP3']",,,,3,DeepConvNet
FGSM,False,,,Linf,2.0,0.23283062438937738,"[1.8897122144699097, 1.8918761014938354, 1.9590600728988647, 2.001120090484619, 1.954598307609558, 1.9108760356903076, 1.699418067932129, 1.9988800287246704, 1.9945168495178223, 2.0390424728393555, 1.9953359365463257, 1.9693505764007568, 1.8759129047393799, 2.042090654373169, 2.0635993480682373, 2.114813804626465, 2.0968194007873535, 2.091723680496216, 2.133535623550415, 2.1911427974700928, 2.1975152492523193, 2.2019267082214355]",,,False,42,0.6875,0.0659722238779068,0.9340277761220932,118.51922607421875,118.68289947509766,3.8786282539367676,2.2412049770355225,0.11490936577320099,"[0.375, 0.7361111111111112, 1.0, 0.6388888888888888]","[0.0, 0.0, 0.2638888888888889, 0.0]",0.0,1,False,0.9604743083003953,,,,,0.10210739612181956,-0.10256144294613646,-0.20466883906795602,"['C3', 'C4', 'CP4', 'FCz', 'C5']","['C4', 'CP4', 'C3', 'FCz', 'CP3']",,,,3,DeepConvNet
PGD,False,,,Linf,0.25,0.029103828048672172,"[0.2362140268087387, 0.23648451268672943, 0.2448825091123581, 0.2501400113105774, 0.24432478845119476, 0.23885950446128845, 0.2124272584915161, 0.2498600035905838, 0.24931460618972778, 0.25488030910491943, 0.2494169920682907, 0.2461688220500946, 0.23448911309242249, 0.2552613317966461, 0.25794991850852966, 0.2643517255783081, 0.2621024250984192, 0.261465460062027, 0.2666919529438019, 0.2738928496837616, 0.2746894061565399, 0.27524083852767944]",40.0,0.0036379785060840215,True,42,0.6875,0.25,0.75,117.21208190917969,116.76136779785156,3.8786282539367676,2.384885311126709,0.13087265193462372,"[0.375, 0.7361111111111112, 1.0, 0.6388888888888888]","[0.0, 0.0, 1.0, 0.0]",0.0,1,False,0.9580392433653304,,,,,0.10210739612181956,-0.10932594045710471,-0.21143333657892427,"['C3', 'C4', 'CP4', 'FCz', 'C5']","['C4', 'CP4', 'C3', 'FCz', 'CP3']",,,,3,DeepConvNet
PGD,False,,,Linf,0.5,0.058207656097344344,"[0.4724280536174774, 0.47296902537345886, 0.4897650182247162, 0.5002800226211548, 0.4886495769023895, 0.4777190089225769, 0.4248545169830322, 0.4997200071811676, 0.49862921237945557, 0.5097606182098389, 0.4988339841365814, 0.4923376441001892, 0.46897822618484497, 0.5105226635932922, 0.5158998370170593, 0.5287034511566162, 0.5242048501968384, 0.522930920124054, 0.5333839058876038, 0.5477856993675232, 0.5493788123130798, 0.5504816770553589]",40.0,0.007275957012168043,True,42,0.6875,0.25,0.75,117.30184173583984,116.85191345214844,3.8786282539367676,2.378058433532715,0.13002455234527588,"[0.375, 0.7361111111111112, 1.0, 0.6388888888888888]","[0.0, 0.0, 1.0, 0.0]",0.0,1,False,0.9580392433653304,,,,,0.10210739612181956,-0.10932594045710471,-0.21143333657892427,"['C3', 'C4', 'CP4', 'FCz', 'C5']","['C4', 'CP4', 'C3', 'FCz', 'CP3']",,,,3,DeepConvNet
PGD,False,,,Linf,1.0,0.11641531219468869,"[0.9448561072349548, 0.9459380507469177, 0.9795300364494324, 1.0005600452423096, 0.977299153804779, 0.9554380178451538, 0.8497090339660645, 0.9994400143623352, 0.9972584247589111, 1.0195212364196777, 0.9976679682731628, 0.9846752882003784, 0.9379564523696899, 1.0210453271865845, 1.0317996740341187, 1.0574069023132324, 1.0484097003936768, 1.045861840248108, 1.0667678117752075, 1.0955713987350464, 1.0987576246261597, 1.1009633541107178]",40.0,0.014551914024336086,True,42,0.6875,0.1701388955116272,0.8298611044883728,117.37157440185547,117.20537567138672,3.8786282539367676,2.3514585494995117,0.12678754329681396,"[0.375, 0.7361111111111112, 1.0, 0.6388888888888888]","[0.0, 0.0, 0.6805555555555556, 0.0]",0.0,1,False,0.9580392433653304,,,,,0.10210739612181956,-0.10932594045710471,-0.21143333657892427,"['C3', 'C4', 'CP4', 'FCz', 'C5']","['C4', 'CP4', 'C3', 'FCz', 'CP3']",,,,3,DeepConvNet
PGD,False,,,Linf,2.0,0.23283062438937738,"[1.8897122144699097, 1.8918761014938354, 1.9590600728988647, 2.001120090484619, 1.954598307609558, 1.9108760356903076, 1.699418067932129, 1.9988800287246704, 1.9945168495178223, 2.0390424728393555, 1.9953359365463257, 1.9693505764007568, 1.8759129047393799, 2.042090654373169, 2.0635993480682373, 2.114813804626465, 2.0968194007873535, 2.091723680496216, 2.133535623550415, 2.1911427974700928, 2.1975152492523193, 2.2019267082214355]",40.0,0.029103828048672172,True,42,0.6875,0.0,1.0,118.14907836914062,118.54654693603516,3.8786282539367676,2.251284122467041,0.11570233851671219,"[0.375, 0.7361111111111112, 1.0, 0.6388888888888888]","[0.0, 0.0, 0.0, 0.0]",0.0,1,False,0.9580392433653304,,,,,0.10210739612181956,-0.10932594045710471,-0.21143333657892427,"['C3', 'C4', 'CP4', 'FCz', 'C5']","['C4', 'CP4', 'C3', 'FCz', 'CP3']",,,,3,DeepConvNet
FGSM_LP,True,gaussian,3.0,Linf,0.25,0.029103828048672172,"[0.2362140268087387, 0.23648451268672943, 0.2448825091123581, 0.2501400113105774, 0.24432478845119476, 0.23885950446128845, 0.2124272584915161, 0.2498600035905838, 0.24931460618972778, 0.25488030910491943, 0.2494169920682907, 0.2461688220500946, 0.23448911309242249, 0.2552613317966461, 0.25794991850852966, 0.2643517255783081, 0.2621024250984192, 0.261465460062027, 0.2666919529438019, 0.2738928496837616, 0.2746894061565399, 0.27524083852767944]",,,False,42,0.6875,0.6631944179534912,0.3368055820465088,4.465656280517578,4.458414554595947,0.029103882610797882,30.72208595275879,0.5411717891693115,"[0.375, 0.7361111111111112, 1.0, 0.6388888888888888]","[0.3194444444444444, 0.6944444444444444, 1.0, 0.6388888888888888]",0.0,1,False,0.99902950310559,,,,,0.10210739612181956,0.09824655911090684,-0.003860837010912721,"['C3', 'C4', 'CP4', 'FCz', 'C5']","['C3', 'C4', 'CP4', 'FCz', 'C5']",,,,3,DeepConvNet
FGSM_LP,True,gaussian,3.0,Linf,0.5,0.058207656097344344,"[0.4724280536174774, 0.47296902537345886, 0.4897650182247162, 0.5002800226211548, 0.4886495769023895, 0.4777190089225769, 0.4248545169830322, 0.4997200071811676, 0.49862921237945557, 0.5097606182098389, 0.4988339841365814, 0.4923376441001892, 0.46897822618484497, 0.5105226635932922, 0.5158998370170593, 0.5287034511566162, 0.5242048501968384, 0.522930920124054, 0.5333839058876038, 0.5477856993675232, 0.5493788123130798, 0.5504816770553589]",,,False,42,0.6875,0.6006944179534912,0.3993055820465088,8.736672401428223,8.720293045043945,0.05820775032043457,24.895179748535156,0.5323175191879272,"[0.375, 0.7361111111111112, 1.0, 0.6388888888888888]","[0.2777777777777778, 0.5555555555555556, 0.9861111111111112, 0.5833333333333334]",0.0,1,False,0.99902950310559,,,,,0.10210739612181956,0.09824655911090684,-0.003860837010912721,"['C3', 'C4', 'CP4', 'FCz', 'C5']","['C3', 'C4', 'CP4', 'FCz', 'C5']",,,,3,DeepConvNet
FGSM_LP,True,gaussian,3.0,Linf,1.0,0.11641531219468869,"[0.9448561072349548, 0.9459380507469177, 0.9795300364494324, 1.0005600452423096, 0.977299153804779, 0.9554380178451538, 0.8497090339660645, 0.9994400143623352, 0.9972584247589111, 1.0195212364196777, 0.9976679682731628, 0.9846752882003784, 0.9379564523696899, 1.0210453271865845, 1.0317996740341187, 1.0574069023132324, 1.0484097003936768, 1.045861840248108, 1.0667678117752075, 1.0955713987350464, 1.0987576246261597, 1.1009633541107178]",,,False,42,0.6875,0.4583333432674408,0.5416666567325592,16.78017807006836,16.75426483154297,0.11641539633274078,19.22345733642578,0.5183125734329224,"[0.375, 0.7361111111111112, 1.0, 0.6388888888888888]","[0.09722222222222222, 0.3611111111111111, 0.9722222222222222, 0.4027777777777778]",0.0,1,False,0.99902950310559,,,,,0.10210739612181956,0.09824655911090684,-0.003860837010912721,"['C3', 'C4', 'CP4', 'FCz', 'C5']","['C3', 'C4', 'CP4', 'FCz', 'C5']",,,,3,DeepConvNet
FGSM_LP,True,gaussian,3.0,Linf,2.0,0.23283062438937738,"[1.8897122144699097, 1.8918761014938354, 1.9590600728988647, 2.001120090484619, 1.954598307609558, 1.9108760356903076, 1.699418067932129, 1.9988800287246704, 1.9945168495178223, 2.0390424728393555, 1.9953359365463257, 1.9693505764007568, 1.8759129047393799, 2.042090654373169, 2.0635993480682373, 2.114813804626465, 2.0968194007873535, 2.091723680496216, 2.133535623550415, 2.1911427974700928, 2.1975152492523193, 2.2019267082214355]",,,False,42,0.6875,0.2222222238779068,0.7777777761220932,31.255910873413086,31.22093391418457,0.23283062875270844,13.81727409362793,0.49421489238739014,"[0.375, 0.7361111111111112, 1.0, 0.6388888888888888]","[0.013888888888888888, 0.06944444444444445, 0.7083333333333334, 0.09722222222222222]",0.0,1,False,0.99902950310559,,,,,0.10210739612181956,0.09824655911090684,-0.003860837010912721,"['C3', 'C4', 'CP4', 'FCz', 'C5']","['C3', 'C4', 'CP4', 'FCz', 'C5']",,,,3,DeepConvNet
PGD_LP,True,gaussian,3.0,Linf,0.25,0.029103828048672172,"[0.2362140268087387, 0.23648451268672943, 0.2448825091123581, 0.2501400113105774, 0.24432478845119476, 0.23885950446128845, 0.2124272584915161, 0.2498600035905838, 0.24931460618972778, 0.25488030910491943, 0.2494169920682907, 0.2461688220500946, 0.23448911309242249, 0.2552613317966461, 0.25794991850852966, 0.2643517255783081, 0.2621024250984192, 0.261465460062027, 0.2666919529438019, 0.2738928496837616, 0.2746894061565399, 0.27524083852767944]",40.0,0.0036379785060840215,True,42,0.6875,0.6666666865348816,0.3333333134651184,4.464870452880859,4.457756042480469,0.029103882610797882,30.72337532043457,0.5413175821304321,"[0.375, 0.7361111111111112, 1.0, 0.6388888888888888]","[0.3333333333333333, 0.6944444444444444, 1.0, 0.6388888888888888]",0.0,1,False,0.9989765669113495,,,,,0.10210739612181956,0.09782385120994315,-0.004283544911876408,"['C3', 'C4', 'CP4', 'FCz', 'C5']","['C3', 'C4', 'CP4', 'FCz', 'C5']",,,,3,DeepConvNet
PGD_LP,True,gaussian,3.0,Linf,0.5,0.058207656097344344,"[0.4724280536174774, 0.47296902537345886, 0.4897650182247162, 0.5002800226211548, 0.4886495769023895, 0.4777190089225769, 0.4248545169830322, 0.4997200071811676, 0.49862921237945557, 0.5097606182098389, 0.4988339841365814, 0.4923376441001892, 0.46897822618484497, 0.5105226635932922, 0.5158998370170593, 0.5287034511566162, 0.5242048501968384, 0.522930920124054, 0.5333839058876038, 0.5477856993675232, 0.5493788123130798, 0.5504816770553589]",40.0,0.007275957012168043,True,42,0.6875,0.6111111044883728,0.3888888955116272,8.735111236572266,8.71805191040039,0.05820775032043457,24.897418975830078,0.5321464538574219,"[0.375, 0.7361111111111112, 1.0, 0.6388888888888888]","[0.2916666666666667, 0.5694444444444444, 0.9861111111111112, 0.5972222222222222]",0.0,1,False,0.9989765669113495,,,,,0.10210739612181956,0.09782385120994315,-0.004283544911876408,"['C3', 'C4', 'CP4', 'FCz', 'C5']","['C3', 'C4', 'CP4', 'FCz', 'C5']",,,,3,DeepConvNet
PGD_LP,True,gaussian,3.0,Linf,1.0,0.11641531219468869,"[0.9448561072349548, 0.9459380507469177, 0.9795300364494324, 1.0005600452423096, 0.977299153804779, 0.9554380178451538, 0.8497090339660645, 0.9994400143623352, 0.9972584247589111, 1.0195212364196777, 0.9976679682731628, 0.9846752882003784, 0.9379564523696899, 1.0210453271865845, 1.0317996740341187, 1.0574069023132324, 1.0484097003936768, 1.045861840248108, 1.0667678117752075, 1.0955713987350464, 1.0987576246261597, 1.1009633541107178]",40.0,0.014551914024336086,True,42,0.6875,0.5,0.5,16.786479949951172,16.742637634277344,0.11641539633274078,19.229511260986328,0.5159851312637329,"[0.375, 0.7361111111111112, 1.0, 0.6388888888888888]","[0.16666666666666666, 0.3888888888888889, 0.9722222222222222, 0.4722222222222222]",0.0,1,False,0.9989765669113495,,,,,0.10210739612181956,0.09782385120994315,-0.004283544911876408,"['C3', 'C4', 'CP4', 'FCz', 'C5']","['C3', 'C4', 'CP4', 'FCz', 'C5']",,,,3,DeepConvNet
PGD_LP,True,gaussian,3.0,Linf,2.0,0.23283062438937738,"[1.8897122144699097, 1.8918761014938354, 1.9590600728988647, 2.001120090484619, 1.954598307609558, 1.9108760356903076, 1.699418067932129, 1.9988800287246704, 1.9945168495178223, 2.0390424728393555, 1.9953359365463257, 1.9693505764007568, 1.8759129047393799, 2.042090654373169, 2.0635993480682373, 2.114813804626465, 2.0968194007873535, 2.091723680496216, 2.133535623550415, 2.1911427974700928, 2.1975152492523193, 2.2019267082214355]",40.0,0.029103828048672172,True,42,0.6875,0.2604166567325592,0.7395833432674408,31.17801856994629,31.151912689208984,0.23283062875270844,13.836569786071777,0.4888305366039276,"[0.375, 0.7361111111111112, 1.0, 0.6388888888888888]","[0.05555555555555555, 0.05555555555555555, 0.7361111111111112, 0.19444444444444445]",0.0,1,False,0.9989765669113495,,,,,0.10210739612181956,0.09782385120994315,-0.004283544911876408,"['C3', 'C4', 'CP4', 'FCz', 'C5']","['C3', 'C4', 'CP4', 'FCz', 'C5']",,,,3,DeepConvNet
DeepFool_L2,,,,L2,,,,50.0,,,42,0.6875,0.2465277761220932,0.7534722238779068,109.40785217285156,80.13155364990234,2.683856248855591,90.30953216552734,130.45326232910156,,,0.0,1,False,0.9701616318464146,,,,,0.10210739612181956,0.07752587740340057,-0.024581518718418988,"['C3', 'C4', 'CP4', 'FCz', 'C5']","['C3', 'C4', 'CP4', 'FCz', 'C5']",,,,3,DeepConvNet
FGSM,False,,,Linf,0.25,0.029103828048672172,"[0.2362140268087387, 0.23648451268672943, 0.2448825091123581, 0.2501400113105774, 0.24432478845119476, 0.23885950446128845, 0.2124272584915161, 0.2498600035905838, 0.24931460618972778, 0.25488030910491943, 0.2494169920682907, 0.2461688220500946, 0.23448911309242249, 0.2552613317966461, 0.25794991850852966, 0.2643517255783081, 0.2621024250984192, 0.261465460062027, 0.2666919529438019, 0.2738928496837616, 0.2746894061565399, 0.27524083852767944]",,,False,123,0.6388888955116272,0.2708333432674408,0.7291666567325592,117.81687927246094,116.76174926757812,3.8786282539367676,2.384857416152954,0.13086959719657898,"[0.2916666666666667, 0.6388888888888888, 0.9861111111111112, 0.6388888888888888]","[0.0, 0.08333333333333333, 1.0, 0.0]",0.0,1,False,0.955260093167702,,,,,0.4321653857191491,0.5207747734638258,0.08860938774467675,"['C3', 'CP3', 'CP4', 'POz', 'FCz']","['C3', 'CP3', 'POz', 'FCz', 'C1']",,,,3,DeepConvNet
FGSM,False,,,Linf,0.5,0.058207656097344344,"[0.4724280536174774, 0.47296902537345886, 0.4897650182247162, 0.5002800226211548, 0.4886495769023895, 0.4777190089225769, 0.4248545169830322, 0.4997200071811676, 0.49862921237945557, 0.5097606182098389, 0.4988339841365814, 0.4923376441001892, 0.46897822618484497, 0.5105226635932922, 0.5158998370170593, 0.5287034511566162, 0.5242048501968384, 0.522930920124054, 0.5333839058876038, 0.5477856993675232, 0.5493788123130798, 0.5504816770553589]",,,False,123,0.6388888955116272,0.2673611044883728,0.7326388955116272,117.90601348876953,116.8548583984375,3.8786282539367676,2.3778364658355713,0.12999765574932098,"[0.2916666666666667, 0.6388888888888888, 0.9861111111111112, 0.6388888888888888]","[0.0, 0.06944444444444445, 1.0, 0.0]",0.0,1,False,0.955260093167702,,,,,0.4321653857191491,0.5207747734638258,0.08860938774467675,"['C3', 'CP3', 'CP4', 'POz', 'FCz']","['C3', 'CP3', 'POz', 'FCz', 'C1']",,,,3,DeepConvNet
FGSM,False,,,Linf,1.0,0.11641531219468869,"[0.9448561072349548, 0.9459380507469177, 0.9795300364494324, 1.0005600452423096, 0.977299153804779, 0.9554380178451538, 0.8497090339660645, 0.9994400143623352, 0.9972584247589111, 1.0195212364196777, 0.9976679682731628, 0.9846752882003784, 0.9379564523696899, 1.0210453271865845, 1.0317996740341187, 1.0574069023132324, 1.0484097003936768, 1.045861840248108, 1.0667678117752075, 1.0955713987350464, 1.0987576246261597, 1.1009633541107178]",,,False,123,0.6388888955116272,0.1423611044883728,0.8576388955116272,117.2378921508789,117.22572326660156,3.8786282539367676,2.3499326705932617,0.1266297698020935,"[0.2916666666666667, 0.6388888888888888, 0.9861111111111112, 0.6388888888888888]","[0.0, 0.027777777777777776, 0.5416666666666666, 0.0]",0.0,1,False,0.955260093167702,,,,,0.4321653857191491,0.5207747734638258,0.08860938774467675,"['C3', 'CP3', 'CP4', 'POz', 'FCz']","['C3', 'CP3', 'POz', 'FCz', 'C1']",,,,3,DeepConvNet
FGSM,False,,,Linf,2.0,0.23283062438937738,"[1.8897122144699097, 1.8918761014938354, 1.9590600728988647, 2.001120090484619, 1.954598307609558, 1.9108760356903076, 1.699418067932129, 1.9988800287246704, 1.9945168495178223, 2.0390424728393555, 1.9953359365463257, 1.9693505764007568, 1.8759129047393799, 2.042090654373169, 2.0635993480682373, 2.114813804626465, 2.0968194007873535, 2.091723680496216, 2.133535623550415, 2.1911427974700928, 2.1975152492523193, 2.2019267082214355]",,,False,123,0.6388888955116272,0.0034722222480922937,0.9965277777519077,118.24224090576172,118.68258666992188,3.8786282539367676,2.24123215675354,0.11500570178031921,"[0.2916666666666667, 0.6388888888888888, 0.9861111111111112, 0.6388888888888888]","[0.0, 0.013888888888888888, 0.0, 0.0]",0.0,1,False,0.955260093167702,,,,,0.4321653857191491,0.5207747734638258,0.08860938774467675,"['C3', 'CP3', 'CP4', 'POz', 'FCz']","['C3', 'CP3', 'POz', 'FCz', 'C1']",,,,3,DeepConvNet
PGD,False,,,Linf,0.25,0.029103828048672172,"[0.2362140268087387, 0.23648451268672943, 0.2448825091123581, 0.2501400113105774, 0.24432478845119476, 0.23885950446128845, 0.2124272584915161, 0.2498600035905838, 0.24931460618972778, 0.25488030910491943, 0.2494169920682907, 0.2461688220500946, 0.23448911309242249, 0.2552613317966461, 0.25794991850852966, 0.2643517255783081, 0.2621024250984192, 0.261465460062027, 0.2666919529438019, 0.2738928496837616, 0.2746894061565399, 0.27524083852767944]",40.0,0.0036379785060840215,True,123,0.6388888955116272,0.2569444477558136,0.7430555522441864,117.44931030273438,116.76139068603516,3.8786282539367676,2.3848838806152344,0.13087321817874908,"[0.2916666666666667, 0.6388888888888888, 0.9861111111111112, 0.6388888888888888]","[0.0, 0.027777777777777776, 1.0, 0.0]",0.0,1,False,0.95506599378882,,,,,0.4321653857191491,0.5182031505013246,0.08603776478217551,"['C3', 'CP3', 'CP4', 'POz', 'FCz']","['C3', 'CP3', 'POz', 'FCz', 'C1']",,,,3,DeepConvNet
PGD,False,,,Linf,0.5,0.058207656097344344,"[0.4724280536174774, 0.47296902537345886, 0.4897650182247162, 0.5002800226211548, 0.4886495769023895, 0.4777190089225769, 0.4248545169830322, 0.4997200071811676, 0.49862921237945557, 0.5097606182098389, 0.4988339841365814, 0.4923376441001892, 0.46897822618484497, 0.5105226635932922, 0.5158998370170593, 0.5287034511566162, 0.5242048501968384, 0.522930920124054, 0.5333839058876038, 0.5477856993675232, 0.5493788123130798, 0.5504816770553589]",40.0,0.007275957012168043,True,123,0.6388888955116272,0.2430555522441864,0.7569444477558136,117.26069641113281,116.85194396972656,3.8786282539367676,2.378056049346924,0.1300257295370102,"[0.2916666666666667, 0.6388888888888888, 0.9861111111111112, 0.6388888888888888]","[0.0, 0.0, 0.9722222222222222, 0.0]",0.0,1,False,0.95506599378882,,,,,0.4321653857191491,0.5182031505013246,0.08603776478217551,"['C3', 'CP3', 'CP4', 'POz', 'FCz']","['C3', 'CP3', 'POz', 'FCz', 'C1']",,,,3,DeepConvNet
PGD,False,,,Linf,1.0,0.11641531219468869,"[0.9448561072349548, 0.9459380507469177, 0.9795300364494324, 1.0005600452423096, 0.977299153804779, 0.9554380178451538, 0.8497090339660645, 0.9994400143623352, 0.9972584247589111, 1.0195212364196777, 0.9976679682731628, 0.9846752882003784, 0.9379564523696899, 1.0210453271865845, 1.0317996740341187, 1.0574069023132324, 1.0484097003936768, 1.045861840248108, 1.0667678117752075, 1.0955713987350464, 1.0987576246261597, 1.1009633541107178]",40.0,0.014551914024336086,True,123,0.6388888955116272,0.0034722222480922937,0.9965277777519077,116.75704956054688,117.20453643798828,3.8786282539367676,2.3515233993530273,0.12679123878479004,"[0.2916666666666667, 0.6388888888888888, 0.9861111111111112, 0.6388888888888888]","[0.0, 0.0, 0.013888888888888888, 0.0]",0.0,1,False,0.95506599378882,,,,,0.4321653857191491,0.5182031505013246,0.08603776478217551,"['C3', 'CP3', 'CP4', 'POz', 'FCz']","['C3', 'CP3', 'POz', 'FCz', 'C1']",,,,3,DeepConvNet
PGD,False,,,Linf,2.0,0.23283062438937738,"[1.8897122144699097, 1.8918761014938354, 1.9590600728988647, 2.001120090484619, 1.954598307609558, 1.9108760356903076, 1.699418067932129, 1.9988800287246704, 1.9945168495178223, 2.0390424728393555, 1.9953359365463257, 1.9693505764007568, 1.8759129047393799, 2.042090654373169, 2.0635993480682373, 2.114813804626465, 2.0968194007873535, 2.091723680496216, 2.133535623550415, 2.1911427974700928, 2.1975152492523193, 2.2019267082214355]",40.0,0.029103828048672172,True,123,0.6388888955116272,0.0,1.0,118.10985565185547,118.52357482910156,3.8786282539367676,2.2529706954956055,0.11571575701236725,"[0.2916666666666667, 0.6388888888888888, 0.9861111111111112, 0.6388888888888888]","[0.0, 0.0, 0.0, 0.0]",0.0,1,False,0.95506599378882,,,,,0.4321653857191491,0.5182031505013246,0.08603776478217551,"['C3', 'CP3', 'CP4', 'POz', 'FCz']","['C3', 'CP3', 'POz', 'FCz', 'C1']",,,,3,DeepConvNet
FGSM_LP,True,gaussian,3.0,Linf,0.25,0.029103828048672172,"[0.2362140268087387, 0.23648451268672943, 0.2448825091123581, 0.2501400113105774, 0.24432478845119476, 0.23885950446128845, 0.2124272584915161, 0.2498600035905838, 0.24931460618972778, 0.25488030910491943, 0.2494169920682907, 0.2461688220500946, 0.23448911309242249, 0.2552613317966461, 0.25794991850852966, 0.2643517255783081, 0.2621024250984192, 0.261465460062027, 0.2666919529438019, 0.2738928496837616, 0.2746894061565399, 0.27524083852767944]",,,False,123,0.6388888955116272,0.625,0.375,4.465898036956787,4.457406044006348,0.029103882610797882,30.724056243896484,0.5404101014137268,"[0.2916666666666667, 0.6388888888888888, 0.9861111111111112, 0.6388888888888888]","[0.2777777777777778, 0.6388888888888888, 0.9861111111111112, 0.5972222222222222]",0.0,1,False,0.998932453416149,,,,,0.4321653857191491,0.43274090211866034,0.0005755163995112555,"['C3', 'CP3', 'CP4', 'POz', 'FCz']","['C3', 'CP3', 'CP4', 'POz', 'FCz']",,,,3,DeepConvNet
FGSM_LP,True,gaussian,3.0,Linf,0.5,0.058207656097344344,"[0.4724280536174774, 0.47296902537345886, 0.4897650182247162, 0.5002800226211548, 0.4886495769023895, 0.4777190089225769, 0.4248545169830322, 0.4997200071811676, 0.49862921237945557, 0.5097606182098389, 0.4988339841365814, 0.4923376441001892, 0.46897822618484497, 0.5105226635932922, 0.5158998370170593, 0.5287034511566162, 0.5242048501968384, 0.522930920124054, 0.5333839058876038, 0.5477856993675232, 0.5493788123130798, 0.5504816770553589]",,,False,123,0.6388888955116272,0.5902777910232544,0.4097222089767456,8.73465633392334,8.716573715209961,0.05820775032043457,24.898889541625977,0.5308849811553955,"[0.2916666666666667, 0.6388888888888888, 0.9861111111111112, 0.6388888888888888]","[0.2222222222222222, 0.6111111111111112, 0.9583333333333334, 0.5694444444444444]",0.0,1,False,0.998932453416149,,,,,0.4321653857191491,0.43274090211866034,0.0005755163995112555,"['C3', 'CP3', 'CP4', 'POz', 'FCz']","['C3', 'CP3', 'CP4', 'POz', 'FCz']",,,,3,DeepConvNet
FGSM_LP,True,gaussian,3.0,Linf,1.0,0.11641531219468869,"[0.9448561072349548, 0.9459380507469177, 0.9795300364494324, 1.0005600452423096, 0.977299153804779, 0.9554380178451538, 0.8497090339660645, 0.9994400143623352, 0.9972584247589111, 1.0195212364196777, 0.9976679682731628, 0.9846752882003784, 0.9379564523696899, 1.0210453271865845, 1.0317996740341187, 1.0574069023132324, 1.0484097003936768, 1.045861840248108, 1.0667678117752075, 1.0955713987350464, 1.0987576246261597, 1.1009633541107178]",,,False,123,0.6388888955116272,0.5104166865348816,0.4895833134651184,16.763628005981445,16.74132537841797,0.11641539633274078,19.230186462402344,0.5161217451095581,"[0.2916666666666667, 0.6388888888888888, 0.9861111111111112, 0.6388888888888888]","[0.16666666666666666, 0.4722222222222222, 0.9305555555555556, 0.4722222222222222]",0.0,1,False,0.998932453416149,,,,,0.4321653857191491,0.43274090211866034,0.0005755163995112555,"['C3', 'CP3', 'CP4', 'POz', 'FCz']","['C3', 'CP3', 'CP4', 'POz', 'FCz']",,,,3,DeepConvNet
FGSM_LP,True,gaussian,3.0,Linf,2.0,0.23283062438937738,"[1.8897122144699097, 1.8918761014938354, 1.9590600728988647, 2.001120090484619, 1.954598307609558, 1.9108760356903076, 1.699418067932129, 1.9988800287246704, 1.9945168495178223, 2.0390424728393555, 1.9953359365463257, 1.9693505764007568, 1.8759129047393799, 2.042090654373169, 2.0635993480682373, 2.114813804626465, 2.0968194007873535, 2.091723680496216, 2.133535623550415, 2.1911427974700928, 2.1975152492523193, 2.2019267082214355]",,,False,123,0.6388888955116272,0.2638888955116272,0.7361111044883728,31.186479568481445,31.172794342041016,0.23283062875270844,13.830719947814941,0.4920061230659485,"[0.2916666666666667, 0.6388888888888888, 0.9861111111111112, 0.6388888888888888]","[0.0, 0.25, 0.6527777777777778, 0.1527777777777778]",0.0,1,False,0.998932453416149,,,,,0.4321653857191491,0.43274090211866034,0.0005755163995112555,"['C3', 'CP3', 'CP4', 'POz', 'FCz']","['C3', 'CP3', 'CP4', 'POz', 'FCz']",,,,3,DeepConvNet
PGD_LP,True,gaussian,3.0,Linf,0.25,0.029103828048672172,"[0.2362140268087387, 0.23648451268672943, 0.2448825091123581, 0.2501400113105774, 0.24432478845119476, 0.23885950446128845, 0.2124272584915161, 0.2498600035905838, 0.24931460618972778, 0.25488030910491943, 0.2494169920682907, 0.2461688220500946, 0.23448911309242249, 0.2552613317966461, 0.25794991850852966, 0.2643517255783081, 0.2621024250984192, 0.261465460062027, 0.2666919529438019, 0.2738928496837616, 0.2746894061565399, 0.27524083852767944]",40.0,0.0036379785060840215,True,123,0.6388888955116272,0.6284722089767456,0.3715277910232544,4.46451473236084,4.45706844329834,0.029103882610797882,30.72471809387207,0.5403953194618225,"[0.2916666666666667, 0.6388888888888888, 0.9861111111111112, 0.6388888888888888]","[0.2777777777777778, 0.6388888888888888, 0.9861111111111112, 0.6111111111111112]",0.0,1,False,0.99902068040655,,,,,0.4321653857191491,0.4326473479992412,0.0004819622800921186,"['C3', 'CP3', 'CP4', 'POz', 'FCz']","['C3', 'CP3', 'CP4', 'POz', 'FCz']",,,,3,DeepConvNet
PGD_LP,True,gaussian,3.0,Linf,0.5,0.058207656097344344,"[0.4724280536174774, 0.47296902537345886, 0.4897650182247162, 0.5002800226211548, 0.4886495769023895, 0.4777190089225769, 0.4248545169830322, 0.4997200071811676, 0.49862921237945557, 0.5097606182098389, 0.4988339841365814, 0.4923376441001892, 0.46897822618484497, 0.5105226635932922, 0.5158998370170593, 0.5287034511566162, 0.5242048501968384, 0.522930920124054, 0.5333839058876038, 0.5477856993675232, 0.5493788123130798, 0.5504816770553589]",40.0,0.007275957012168043,True,123,0.6388888955116272,0.5972222089767456,0.4027777910232544,8.73143196105957,8.715323448181152,0.05820775032043457,24.900142669677734,0.5309669971466064,"[0.2916666666666667, 0.6388888888888888, 0.9861111111111112, 0.6388888888888888]","[0.2222222222222222, 0.6111111111111112, 0.9722222222222222, 0.5833333333333334]",0.0,1,False,0.99902068040655,,,,,0.4321653857191491,0.4326473479992412,0.0004819622800921186,"['C3', 'CP3', 'CP4', 'POz', 'FCz']","['C3', 'CP3', 'CP4', 'POz', 'FCz']",,,,3,DeepConvNet
PGD_LP,True,gaussian,3.0,Linf,1.0,0.11641531219468869,"[0.9448561072349548, 0.9459380507469177, 0.9795300364494324, 1.0005600452423096, 0.977299153804779, 0.9554380178451538, 0.8497090339660645, 0.9994400143623352, 0.9972584247589111, 1.0195212364196777, 0.9976679682731628, 0.9846752882003784, 0.9379564523696899, 1.0210453271865845, 1.0317996740341187, 1.0574069023132324, 1.0484097003936768, 1.045861840248108, 1.0667678117752075, 1.0955713987350464, 1.0987576246261597, 1.1009633541107178]",40.0,0.014551914024336086,True,123,0.6388888955116272,0.5347222089767456,0.4652777910232544,16.76674461364746,16.73440933227539,0.11641539633274078,19.23379135131836,0.5161634087562561,"[0.2916666666666667, 0.6388888888888888, 0.9861111111111112, 0.6388888888888888]","[0.18055555555555555, 0.5, 0.9305555555555556, 0.5277777777777778]",0.0,1,False,0.99902068040655,,,,,0.4321653857191491,0.4326473479992412,0.0004819622800921186,"['C3', 'CP3', 'CP4', 'POz', 'FCz']","['C3', 'CP3', 'CP4', 'POz', 'FCz']",,,,3,DeepConvNet
PGD_LP,True,gaussian,3.0,Linf,2.0,0.23283062438937738,"[1.8897122144699097, 1.8918761014938354, 1.9590600728988647, 2.001120090484619, 1.954598307609558, 1.9108760356903076, 1.699418067932129, 1.9988800287246704, 1.9945168495178223, 2.0390424728393555, 1.9953359365463257, 1.9693505764007568, 1.8759129047393799, 2.042090654373169, 2.0635993480682373, 2.114813804626465, 2.0968194007873535, 2.091723680496216, 2.133535623550415, 2.1911427974700928, 2.1975152492523193, 2.2019267082214355]",40.0,0.029103828048672172,True,123,0.6388888955116272,0.3298611044883728,0.6701388955116272,31.15213394165039,31.117637634277344,0.23283062875270844,13.84613037109375,0.4923672378063202,"[0.2916666666666667, 0.6388888888888888, 0.9861111111111112, 0.6388888888888888]","[0.027777777777777776, 0.3333333333333333, 0.6944444444444444, 0.2638888888888889]",0.0,1,False,0.99902068040655,,,,,0.4321653857191491,0.4326473479992412,0.0004819622800921186,"['C3', 'CP3', 'CP4', 'POz', 'FCz']","['C3', 'CP3', 'CP4', 'POz', 'FCz']",,,,3,DeepConvNet
DeepFool_L2,,,,L2,,,,50.0,,,123,0.6388888955116272,0.1180555522441864,0.8819444477558136,108.46211242675781,74.65426635742188,2.506822347640991,103.97085571289062,135.15234375,,,0.0,1,False,0.9510251976284585,,,,,0.4321653857191491,0.49367090357051885,0.06150551785136976,"['C3', 'CP3', 'CP4', 'POz', 'FCz']","['C3', 'CP3', 'POz', 'FCz', 'C1']",,,,3,DeepConvNet
FGSM,False,,,Linf,0.25,0.029103828048672172,"[0.2362140268087387, 0.23648451268672943, 0.2448825091123581, 0.2501400113105774, 0.24432478845119476, 0.23885950446128845, 0.2124272584915161, 0.2498600035905838, 0.24931460618972778, 0.25488030910491943, 0.2494169920682907, 0.2461688220500946, 0.23448911309242249, 0.2552613317966461, 0.25794991850852966, 0.2643517255783081, 0.2621024250984192, 0.261465460062027, 0.2666919529438019, 0.2738928496837616, 0.2746894061565399, 0.27524083852767944]",,,False,2024,0.6631944179534912,0.2673611044883728,0.7326388955116272,117.81612396240234,116.76174926757812,3.8786282539367676,2.384857177734375,0.13086922466754913,"[0.3194444444444444, 0.6805555555555556, 0.9722222222222222, 0.6805555555555556]","[0.0, 0.06944444444444445, 1.0, 0.0]",0.0,1,False,0.9596096837944665,,,,,0.2245640056172675,0.15820563266698906,-0.06635837295027844,"['C3', 'C4', 'CP4', 'CP3', 'C5']","['C3', 'C4', 'CP4', 'POz', 'CP3']",,,,3,DeepConvNet
FGSM,False,,,Linf,0.5,0.058207656097344344,"[0.4724280536174774, 0.47296902537345886, 0.4897650182247162, 0.5002800226211548, 0.4886495769023895, 0.4777190089225769, 0.4248545169830322, 0.4997200071811676, 0.49862921237945557, 0.5097606182098389, 0.4988339841365814, 0.4923376441001892, 0.46897822618484497, 0.5105226635932922, 0.5158998370170593, 0.5287034511566162, 0.5242048501968384, 0.522930920124054, 0.5333839058876038, 0.5477856993675232, 0.5493788123130798, 0.5504816770553589]",,,False,2024,0.6631944179534912,0.25,0.75,117.30448913574219,116.85487365722656,3.8786282539367676,2.3778364658355713,0.12999632954597473,"[0.3194444444444444, 0.6805555555555556, 0.9722222222222222, 0.6805555555555556]","[0.0, 0.041666666666666664, 0.9583333333333334, 0.0]",0.0,1,False,0.9596096837944665,,,,,0.2245640056172675,0.15820563266698906,-0.06635837295027844,"['C3', 'C4', 'CP4', 'CP3', 'C5']","['C3', 'C4', 'CP4', 'POz', 'CP3']",,,,3,DeepConvNet
FGSM,False,,,Linf,1.0,0.11641531219468869,"[0.9448561072349548, 0.9459380507469177, 0.9795300364494324, 1.0005600452423096, 0.977299153804779, 0.9554380178451538, 0.8497090339660645, 0.9994400143623352, 0.9972584247589111, 1.0195212364196777, 0.9976679682731628, 0.9846752882003784, 0.9379564523696899, 1.0210453271865845, 1.0317996740341187, 1.0574069023132324, 1.0484097003936768, 1.045861840248108, 1.0667678117752075, 1.0955713987350464, 1.0987576246261597, 1.1009633541107178]",,,False,2024,0.6631944179534912,0.0555555559694767,0.9444444440305233,116.88310241699219,117.22561645507812,3.8786282539367676,2.349942207336426,0.12662053108215332,"[0.3194444444444444, 0.6805555555555556, 0.9722222222222222, 0.6805555555555556]","[0.0, 0.013888888888888888, 0.20833333333333334, 0.0]",0.0,1,False,0.9596096837944665,,,,,0.2245640056172675,0.15820563266698906,-0.06635837295027844,"['C3', 'C4', 'CP4', 'CP3', 'C5']","['C3', 'C4', 'CP4', 'POz', 'CP3']",,,,3,DeepConvNet
FGSM,False,,,Linf,2.0,0.23283062438937738,"[1.8897122144699097, 1.8918761014938354, 1.9590600728988647, 2.001120090484619, 1.954598307609558, 1.9108760356903076, 1.699418067932129, 1.9988800287246704, 1.9945168495178223, 2.0390424728393555, 1.9953359365463257, 1.9693505764007568, 1.8759129047393799, 2.042090654373169, 2.0635993480682373, 2.114813804626465, 2.0968194007873535, 2.091723680496216, 2.133535623550415, 2.1911427974700928, 2.1975152492523193, 2.2019267082214355]",,,False,2024,0.6631944179534912,0.0,1.0,118.25820922851562,118.68161010742188,3.8786282539367676,2.241299867630005,0.11494794487953186,"[0.3194444444444444, 0.6805555555555556, 0.9722222222222222, 0.6805555555555556]","[0.0, 0.0, 0.0, 0.0]",0.0,1,False,0.9596096837944665,,,,,0.2245640056172675,0.15820563266698906,-0.06635837295027844,"['C3', 'C4', 'CP4', 'CP3', 'C5']","['C3', 'C4', 'CP4', 'POz', 'CP3']",,,,3,DeepConvNet
PGD,False,,,Linf,0.25,0.029103828048672172,"[0.2362140268087387, 0.23648451268672943, 0.2448825091123581, 0.2501400113105774, 0.24432478845119476, 0.23885950446128845, 0.2124272584915161, 0.2498600035905838, 0.24931460618972778, 0.25488030910491943, 0.2494169920682907, 0.2461688220500946, 0.23448911309242249, 0.2552613317966461, 0.25794991850852966, 0.2643517255783081, 0.2621024250984192, 0.261465460062027, 0.2666919529438019, 0.2738928496837616, 0.2746894061565399, 0.27524083852767944]",40.0,0.0036379785060840215,True,2024,0.6631944179534912,0.2604166567325592,0.7395833432674408,117.68126678466797,116.76140594482422,3.8786282539367676,2.384882926940918,0.13087263703346252,"[0.3194444444444444, 0.6805555555555556, 0.9722222222222222, 0.6805555555555556]","[0.0, 0.041666666666666664, 1.0, 0.0]",0.0,1,False,0.9597949604743085,,,,,0.2245640056172675,0.1562278365968553,-0.0683361690204122,"['C3', 'C4', 'CP4', 'CP3', 'C5']","['C3', 'C4', 'CP4', 'CP3', 'POz']",,,,3,DeepConvNet
PGD,False,,,Linf,0.5,0.058207656097344344,"[0.4724280536174774, 0.47296902537345886, 0.4897650182247162, 0.5002800226211548, 0.4886495769023895, 0.4777190089225769, 0.4248545169830322, 0.4997200071811676, 0.49862921237945557, 0.5097606182098389, 0.4988339841365814, 0.4923376441001892, 0.46897822618484497, 0.5105226635932922, 0.5158998370170593, 0.5287034511566162, 0.5242048501968384, 0.522930920124054, 0.5333839058876038, 0.5477856993675232, 0.5493788123130798, 0.5504816770553589]",40.0,0.007275957012168043,True,2024,0.6631944179534912,0.1597222238779068,0.8402777761220932,116.96346282958984,116.85205078125,3.8786282539367676,2.3780484199523926,0.13002918660640717,"[0.3194444444444444, 0.6805555555555556, 0.9722222222222222, 0.6805555555555556]","[0.0, 0.0, 0.6388888888888888, 0.0]",0.0,1,False,0.9597949604743085,,,,,0.2245640056172675,0.1562278365968553,-0.0683361690204122,"['C3', 'C4', 'CP4', 'CP3', 'C5']","['C3', 'C4', 'CP4', 'CP3', 'POz']",,,,3,DeepConvNet
PGD,False,,,Linf,1.0,0.11641531219468869,"[0.9448561072349548, 0.9459380507469177, 0.9795300364494324, 1.0005600452423096, 0.977299153804779, 0.9554380178451538, 0.8497090339660645, 0.9994400143623352, 0.9972584247589111, 1.0195212364196777, 0.9976679682731628, 0.9846752882003784, 0.9379564523696899, 1.0210453271865845, 1.0317996740341187, 1.0574069023132324, 1.0484097003936768, 1.045861840248108, 1.0667678117752075, 1.0955713987350464, 1.0987576246261597, 1.1009633541107178]",40.0,0.014551914024336086,True,2024,0.6631944179534912,0.0,1.0,116.80482482910156,117.20616149902344,3.8786282539367676,2.3514046669006348,0.126813143491745,"[0.3194444444444444, 0.6805555555555556, 0.9722222222222222, 0.6805555555555556]","[0.0, 0.0, 0.0, 0.0]",0.0,1,False,0.9597949604743085,,,,,0.2245640056172675,0.1562278365968553,-0.0683361690204122,"['C3', 'C4', 'CP4', 'CP3', 'C5']","['C3', 'C4', 'CP4', 'CP3', 'POz']",,,,3,DeepConvNet
PGD,False,,,Linf,2.0,0.23283062438937738,"[1.8897122144699097, 1.8918761014938354, 1.9590600728988647, 2.001120090484619, 1.954598307609558, 1.9108760356903076, 1.699418067932129, 1.9988800287246704, 1.9945168495178223, 2.0390424728393555, 1.9953359365463257, 1.9693505764007568, 1.8759129047393799, 2.042090654373169, 2.0635993480682373, 2.114813804626465, 2.0968194007873535, 2.091723680496216, 2.133535623550415, 2.1911427974700928, 2.1975152492523193, 2.2019267082214355]",40.0,0.029103828048672172,True,2024,0.6631944179534912,0.0,1.0,118.15554809570312,118.53697204589844,3.8786282539367676,2.2519869804382324,0.11577998846769333,"[0.3194444444444444, 0.6805555555555556, 0.9722222222222222, 0.6805555555555556]","[0.0, 0.0, 0.0, 0.0]",0.0,1,False,0.9597949604743085,,,,,0.2245640056172675,0.1562278365968553,-0.0683361690204122,"['C3', 'C4', 'CP4', 'CP3', 'C5']","['C3', 'C4', 'CP4', 'CP3', 'POz']",,,,3,DeepConvNet
FGSM_LP,True,gaussian,3.0,Linf,0.25,0.029103828048672172,"[0.2362140268087387, 0.23648451268672943, 0.2448825091123581, 0.2501400113105774, 0.24432478845119476, 0.23885950446128845, 0.2124272584915161, 0.2498600035905838, 0.24931460618972778, 0.25488030910491943, 0.2494169920682907, 0.2461688220500946, 0.23448911309242249, 0.2552613317966461, 0.25794991850852966, 0.2643517255783081, 0.2621024250984192, 0.261465460062027, 0.2666919529438019, 0.2738928496837616, 0.2746894061565399, 0.27524083852767944]",,,False,2024,0.6631944179534912,0.6458333134651184,0.3541666865348816,4.464103698730469,4.457990646362305,0.029103882610797882,30.72291374206543,0.5413742661476135,"[0.3194444444444444, 0.6805555555555556, 0.9722222222222222, 0.6805555555555556]","[0.2777777777777778, 0.6666666666666666, 0.9722222222222222, 0.6666666666666666]",0.0,1,False,0.998932453416149,,,,,0.2245640056172675,0.22534222426572595,0.0007782186484584508,"['C3', 'C4', 'CP4', 'CP3', 'C5']","['C3', 'C4', 'CP4', 'CP3', 'C5']",,,,3,DeepConvNet
FGSM_LP,True,gaussian,3.0,Linf,0.5,0.058207656097344344,"[0.4724280536174774, 0.47296902537345886, 0.4897650182247162, 0.5002800226211548, 0.4886495769023895, 0.4777190089225769, 0.4248545169830322, 0.4997200071811676, 0.49862921237945557, 0.5097606182098389, 0.4988339841365814, 0.4923376441001892, 0.46897822618484497, 0.5105226635932922, 0.5158998370170593, 0.5287034511566162, 0.5242048501968384, 0.522930920124054, 0.5333839058876038, 0.5477856993675232, 0.5493788123130798, 0.5504816770553589]",,,False,2024,0.6631944179534912,0.6041666865348816,0.3958333134651184,8.733292579650879,8.71865463256836,0.05820775032043457,24.896812438964844,0.5325520634651184,"[0.3194444444444444, 0.6805555555555556, 0.9722222222222222, 0.6805555555555556]","[0.2361111111111111, 0.5555555555555556, 0.9722222222222222, 0.6527777777777778]",0.0,1,False,0.998932453416149,,,,,0.2245640056172675,0.22534222426572595,0.0007782186484584508,"['C3', 'C4', 'CP4', 'CP3', 'C5']","['C3', 'C4', 'CP4', 'CP3', 'C5']",,,,3,DeepConvNet
FGSM_LP,True,gaussian,3.0,Linf,1.0,0.11641531219468869,"[0.9448561072349548, 0.9459380507469177, 0.9795300364494324, 1.0005600452423096, 0.977299153804779, 0.9554380178451538, 0.8497090339660645, 0.9994400143623352, 0.9972584247589111, 1.0195212364196777, 0.9976679682731628, 0.9846752882003784, 0.9379564523696899, 1.0210453271865845, 1.0317996740341187, 1.0574069023132324, 1.0484097003936768, 1.045861840248108, 1.0667678117752075, 1.0955713987350464, 1.0987576246261597, 1.1009633541107178]",,,False,2024,0.6631944179534912,0.5104166865348816,0.4895833134651184,16.76087188720703,16.74950408935547,0.11641539633274078,19.225933074951172,0.5188353657722473,"[0.3194444444444444, 0.6805555555555556, 0.9722222222222222, 0.6805555555555556]","[0.1388888888888889, 0.4444444444444444, 0.9305555555555556, 0.5277777777777778]",0.0,1,False,0.998932453416149,,,,,0.2245640056172675,0.22534222426572595,0.0007782186484584508,"['C3', 'C4', 'CP4', 'CP3', 'C5']","['C3', 'C4', 'CP4', 'CP3', 'C5']",,,,3,DeepConvNet
FGSM_LP,True,gaussian,3.0,Linf,2.0,0.23283062438937738,"[1.8897122144699097, 1.8918761014938354, 1.9590600728988647, 2.001120090484619, 1.954598307609558, 1.9108760356903076, 1.699418067932129, 1.9988800287246704, 1.9945168495178223, 2.0390424728393555, 1.9953359365463257, 1.9693505764007568, 1.8759129047393799, 2.042090654373169, 2.0635993480682373, 2.114813804626465, 2.0968194007873535, 2.091723680496216, 2.133535623550415, 2.1911427974700928, 2.1975152492523193, 2.2019267082214355]",,,False,2024,0.6631944179534912,0.2222222238779068,0.7777777761220932,31.218833923339844,31.201507568359375,0.23283062875270844,13.822689056396484,0.49637845158576965,"[0.3194444444444444, 0.6805555555555556, 0.9722222222222222, 0.6805555555555556]","[0.0, 0.19444444444444445, 0.5277777777777778, 0.16666666666666666]",0.0,1,False,0.998932453416149,,,,,0.2245640056172675,0.22534222426572595,0.0007782186484584508,"['C3', 'C4', 'CP4', 'CP3', 'C5']","['C3', 'C4', 'CP4', 'CP3', 'C5']",,,,3,DeepConvNet
PGD_LP,True,gaussian,3.0,Linf,0.25,0.029103828048672172,"[0.2362140268087387, 0.23648451268672943, 0.2448825091123581, 0.2501400113105774, 0.24432478845119476, 0.23885950446128845, 0.2124272584915161, 0.2498600035905838, 0.24931460618972778, 0.25488030910491943, 0.2494169920682907, 0.2461688220500946, 0.23448911309242249, 0.2552613317966461, 0.25794991850852966, 0.2643517255783081, 0.2621024250984192, 0.261465460062027, 0.2666919529438019, 0.2738928496837616, 0.2746894061565399, 0.27524083852767944]",40.0,0.0036379785060840215,True,2024,0.6631944179534912,0.6527777910232544,0.3472222089767456,4.462221145629883,4.456905841827393,0.029103882610797882,30.72502899169922,0.5408074855804443,"[0.3194444444444444, 0.6805555555555556, 0.9722222222222222, 0.6805555555555556]","[0.2916666666666667, 0.6805555555555556, 0.9722222222222222, 0.6666666666666666]",0.0,1,False,0.99902950310559,,,,,0.2245640056172675,0.2252277856630793,0.0006637800458118015,"['C3', 'C4', 'CP4', 'CP3', 'C5']","['C3', 'C4', 'CP4', 'CP3', 'C5']",,,,3,DeepConvNet
PGD_LP,True,gaussian,3.0,Linf,0.5,0.058207656097344344,"[0.4724280536174774, 0.47296902537345886, 0.4897650182247162, 0.5002800226211548, 0.4886495769023895, 0.4777190089225769, 0.4248545169830322, 0.4997200071811676, 0.49862921237945557, 0.5097606182098389, 0.4988339841365814, 0.4923376441001892, 0.46897822618484497, 0.5105226635932922, 0.5158998370170593, 0.5287034511566162, 0.5242048501968384, 0.522930920124054, 0.5333839058876038, 0.5477856993675232, 0.5493788123130798, 0.5504816770553589]",40.0,0.007275957012168043,True,2024,0.6631944179534912,0.6284722089767456,0.3715277910232544,8.729530334472656,8.714317321777344,0.05820775032043457,24.901145935058594,0.5321652889251709,"[0.3194444444444444, 0.6805555555555556, 0.9722222222222222, 0.6805555555555556]","[0.2638888888888889, 0.6111111111111112, 0.9722222222222222, 0.6666666666666666]",0.0,1,False,0.99902950310559,,,,,0.2245640056172675,0.2252277856630793,0.0006637800458118015,"['C3', 'C4', 'CP4', 'CP3', 'C5']","['C3', 'C4', 'CP4', 'CP3', 'C5']",,,,3,DeepConvNet
PGD_LP,True,gaussian,3.0,Linf,1.0,0.11641531219468869,"[0.9448561072349548, 0.9459380507469177, 0.9795300364494324, 1.0005600452423096, 0.977299153804779, 0.9554380178451538, 0.8497090339660645, 0.9994400143623352, 0.9972584247589111, 1.0195212364196777, 0.9976679682731628, 0.9846752882003784, 0.9379564523696899, 1.0210453271865845, 1.0317996740341187, 1.0574069023132324, 1.0484097003936768, 1.045861840248108, 1.0667678117752075, 1.0955713987350464, 1.0987576246261597, 1.1009633541107178]",40.0,0.014551914024336086,True,2024,0.6631944179534912,0.5555555820465088,0.4444444179534912,16.739011764526367,16.73053741455078,0.11641539633274078,19.23579216003418,0.5182403922080994,"[0.3194444444444444, 0.6805555555555556, 0.9722222222222222, 0.6805555555555556]","[0.2361111111111111, 0.4305555555555556, 0.9583333333333334, 0.5972222222222222]",0.0,1,False,0.99902950310559,,,,,0.2245640056172675,0.2252277856630793,0.0006637800458118015,"['C3', 'C4', 'CP4', 'CP3', 'C5']","['C3', 'C4', 'CP4', 'CP3', 'C5']",,,,3,DeepConvNet
PGD_LP,True,gaussian,3.0,Linf,2.0,0.23283062438937738,"[1.8897122144699097, 1.8918761014938354, 1.9590600728988647, 2.001120090484619, 1.954598307609558, 1.9108760356903076, 1.699418067932129, 1.9988800287246704, 1.9945168495178223, 2.0390424728393555, 1.9953359365463257, 1.9693505764007568, 1.8759129047393799, 2.042090654373169, 2.0635993480682373, 2.114813804626465, 2.0968194007873535, 2.091723680496216, 2.133535623550415, 2.1911427974700928, 2.1975152492523193, 2.2019267082214355]",40.0,0.029103828048672172,True,2024,0.6631944179534912,0.28125,0.71875,31.085628509521484,31.09335708618164,0.23283062875270844,13.852900505065918,0.49436870217323303,"[0.3194444444444444, 0.6805555555555556, 0.9722222222222222, 0.6805555555555556]","[0.041666666666666664, 0.20833333333333334, 0.5138888888888888, 0.3611111111111111]",0.0,1,False,0.99902950310559,,,,,0.2245640056172675,0.2252277856630793,0.0006637800458118015,"['C3', 'C4', 'CP4', 'CP3', 'C5']","['C3', 'C4', 'CP4', 'CP3', 'C5']",,,,3,DeepConvNet
DeepFool_L2,,,,L2,,,,50.0,,,2024,0.6631944179534912,0.0173611119389534,0.9826388880610466,110.38035583496094,77.44132232666016,2.603452444076538,97.13679504394531,132.9818115234375,,,0.0,1,False,0.9659532044042913,,,,,0.2245640056172675,0.20944151253385365,-0.015122493083413846,"['C3', 'C4', 'CP4', 'CP3', 'C5']","['C3', 'C4', 'CP4', 'CP3', 'POz']",,,,3,DeepConvNet
FGSM,False,,,Linf,0.25,0.029103828048672172,"[0.2362140268087387, 0.23648451268672943, 0.2448825091123581, 0.2501400113105774, 0.24432478845119476, 0.23885950446128845, 0.2124272584915161, 0.2498600035905838, 0.24931460618972778, 0.25488030910491943, 0.2494169920682907, 0.2461688220500946, 0.23448911309242249, 0.2552613317966461, 0.25794991850852966, 0.2643517255783081, 0.2621024250984192, 0.261465460062027, 0.2666919529438019, 0.2738928496837616, 0.2746894061565399, 0.27524083852767944]",,,False,31415,0.6527777910232544,0.25,0.75,117.2122802734375,116.76174926757812,3.8786282539367676,2.384857177734375,0.13086926937103271,"[0.3055555555555556, 0.6527777777777778, 0.9583333333333334, 0.6944444444444444]","[0.0, 0.0, 1.0, 0.0]",0.0,1,False,0.91112895256917,,,,,0.41174934003094205,0.19664194924980535,-0.2151073907811367,"['C3', 'CP3', 'POz', 'FCz', 'CP4']","['C3', 'POz', 'CP4', 'FCz', 'C4']",,,,3,DeepConvNet
FGSM,False,,,Linf,0.5,0.058207656097344344,"[0.4724280536174774, 0.47296902537345886, 0.4897650182247162, 0.5002800226211548, 0.4886495769023895, 0.4777190089225769, 0.4248545169830322, 0.4997200071811676, 0.49862921237945557, 0.5097606182098389, 0.4988339841365814, 0.4923376441001892, 0.46897822618484497, 0.5105226635932922, 0.5158998370170593, 0.5287034511566162, 0.5242048501968384, 0.522930920124054, 0.5333839058876038, 0.5477856993675232, 0.5493788123130798, 0.5504816770553589]",,,False,31415,0.6527777910232544,0.25,0.75,117.30436706542969,116.8548583984375,3.8786282539367676,2.3778371810913086,0.1299968808889389,"[0.3055555555555556, 0.6527777777777778, 0.9583333333333334, 0.6944444444444444]","[0.0, 0.0, 1.0, 0.0]",0.0,1,False,0.91112895256917,,,,,0.41174934003094205,0.19664194924980535,-0.2151073907811367,"['C3', 'CP3', 'POz', 'FCz', 'CP4']","['C3', 'POz', 'CP4', 'FCz', 'C4']",,,,3,DeepConvNet
FGSM,False,,,Linf,1.0,0.11641531219468869,"[0.9448561072349548, 0.9459380507469177, 0.9795300364494324, 1.0005600452423096, 0.977299153804779, 0.9554380178451538, 0.8497090339660645, 0.9994400143623352, 0.9972584247589111, 1.0195212364196777, 0.9976679682731628, 0.9846752882003784, 0.9379564523696899, 1.0210453271865845, 1.0317996740341187, 1.0574069023132324, 1.0484097003936768, 1.045861840248108, 1.0667678117752075, 1.0955713987350464, 1.0987576246261597, 1.1009633541107178]",,,False,31415,0.6527777910232544,0.25,0.75,117.67189025878906,117.22563934326172,3.8786282539367676,2.3499395847320557,0.12662670016288757,"[0.3055555555555556, 0.6527777777777778, 0.9583333333333334, 0.6944444444444444]","[0.0, 0.0, 1.0, 0.0]",0.0,1,False,0.91112895256917,,,,,0.41174934003094205,0.19664194924980535,-0.2151073907811367,"['C3', 'CP3', 'POz', 'FCz', 'CP4']","['C3', 'POz', 'CP4', 'FCz', 'C4']",,,,3,DeepConvNet
FGSM,False,,,Linf,2.0,0.23283062438937738,"[1.8897122144699097, 1.8918761014938354, 1.9590600728988647, 2.001120090484619, 1.954598307609558, 1.9108760356903076, 1.699418067932129, 1.9988800287246704, 1.9945168495178223, 2.0390424728393555, 1.9953359365463257, 1.9693505764007568, 1.8759129047393799, 2.042090654373169, 2.0635993480682373, 2.114813804626465, 2.0968194007873535, 2.091723680496216, 2.133535623550415, 2.1911427974700928, 2.1975152492523193, 2.2019267082214355]",,,False,31415,0.6527777910232544,0.0833333358168602,0.9166666641831398,118.31893920898438,118.68169403076172,3.8786282539367676,2.2412962913513184,0.11499185115098953,"[0.3055555555555556, 0.6527777777777778, 0.9583333333333334, 0.6944444444444444]","[0.0, 0.0, 0.3333333333333333, 0.0]",0.0,1,False,0.91112895256917,,,,,0.41174934003094205,0.19664194924980535,-0.2151073907811367,"['C3', 'CP3', 'POz', 'FCz', 'CP4']","['C3', 'POz', 'CP4', 'FCz', 'C4']",,,,3,DeepConvNet
PGD,False,,,Linf,0.25,0.029103828048672172,"[0.2362140268087387, 0.23648451268672943, 0.2448825091123581, 0.2501400113105774, 0.24432478845119476, 0.23885950446128845, 0.2124272584915161, 0.2498600035905838, 0.24931460618972778, 0.25488030910491943, 0.2494169920682907, 0.2461688220500946, 0.23448911309242249, 0.2552613317966461, 0.25794991850852966, 0.2643517255783081, 0.2621024250984192, 0.261465460062027, 0.2666919529438019, 0.2738928496837616, 0.2746894061565399, 0.27524083852767944]",40.0,0.0036379785060840215,True,31415,0.6527777910232544,0.25,0.75,117.21195983886719,116.7613525390625,3.8786282539367676,2.3848867416381836,0.1308736652135849,"[0.3055555555555556, 0.6527777777777778, 0.9583333333333334, 0.6944444444444444]","[0.0, 0.0, 1.0, 0.0]",0.0,1,False,0.9078116177300962,,,,,0.41174934003094205,0.18943289357972456,-0.22231644645121748,"['C3', 'CP3', 'POz', 'FCz', 'CP4']","['C3', 'POz', 'CP4', 'FCz', 'C4']",,,,3,DeepConvNet
PGD,False,,,Linf,0.5,0.058207656097344344,"[0.4724280536174774, 0.47296902537345886, 0.4897650182247162, 0.5002800226211548, 0.4886495769023895, 0.4777190089225769, 0.4248545169830322, 0.4997200071811676, 0.49862921237945557, 0.5097606182098389, 0.4988339841365814, 0.4923376441001892, 0.46897822618484497, 0.5105226635932922, 0.5158998370170593, 0.5287034511566162, 0.5242048501968384, 0.522930920124054, 0.5333839058876038, 0.5477856993675232, 0.5493788123130798, 0.5504816770553589]",40.0,0.007275957012168043,True,31415,0.6527777910232544,0.25,0.75,117.302001953125,116.85183715820312,3.8786282539367676,2.3780641555786133,0.13002634048461914,"[0.3055555555555556, 0.6527777777777778, 0.9583333333333334, 0.6944444444444444]","[0.0, 0.0, 1.0, 0.0]",0.0,1,False,0.9078116177300962,,,,,0.41174934003094205,0.18943289357972456,-0.22231644645121748,"['C3', 'CP3', 'POz', 'FCz', 'CP4']","['C3', 'POz', 'CP4', 'FCz', 'C4']",,,,3,DeepConvNet
PGD,False,,,Linf,1.0,0.11641531219468869,"[0.9448561072349548, 0.9459380507469177, 0.9795300364494324, 1.0005600452423096, 0.977299153804779, 0.9554380178451538, 0.8497090339660645, 0.9994400143623352, 0.9972584247589111, 1.0195212364196777, 0.9976679682731628, 0.9846752882003784, 0.9379564523696899, 1.0210453271865845, 1.0317996740341187, 1.0574069023132324, 1.0484097003936768, 1.045861840248108, 1.0667678117752075, 1.0955713987350464, 1.0987576246261597, 1.1009633541107178]",40.0,0.014551914024336086,True,31415,0.6527777910232544,0.2222222238779068,0.7777777761220932,117.46592712402344,117.206298828125,3.8786282539367676,2.351391553878784,0.12679260969161987,"[0.3055555555555556, 0.6527777777777778, 0.9583333333333334, 0.6944444444444444]","[0.0, 0.0, 0.8888888888888888, 0.0]",0.0,1,False,0.9078116177300962,,,,,0.41174934003094205,0.18943289357972456,-0.22231644645121748,"['C3', 'CP3', 'POz', 'FCz', 'CP4']","['C3', 'POz', 'CP4', 'FCz', 'C4']",,,,3,DeepConvNet
PGD,False,,,Linf,2.0,0.23283062438937738,"[1.8897122144699097, 1.8918761014938354, 1.9590600728988647, 2.001120090484619, 1.954598307609558, 1.9108760356903076, 1.699418067932129, 1.9988800287246704, 1.9945168495178223, 2.0390424728393555, 1.9953359365463257, 1.9693505764007568, 1.8759129047393799, 2.042090654373169, 2.0635993480682373, 2.114813804626465, 2.0968194007873535, 2.091723680496216, 2.133535623550415, 2.1911427974700928, 2.1975152492523193, 2.2019267082214355]",40.0,0.029103828048672172,True,31415,0.6527777910232544,0.0,1.0,118.14846801757812,118.56712341308594,3.8786282539367676,2.249772548675537,0.11573046445846558,"[0.3055555555555556, 0.6527777777777778, 0.9583333333333334, 0.6944444444444444]","[0.0, 0.0, 0.0, 0.0]",0.0,1,False,0.9078116177300962,,,,,0.41174934003094205,0.18943289357972456,-0.22231644645121748,"['C3', 'CP3', 'POz', 'FCz', 'CP4']","['C3', 'POz', 'CP4', 'FCz', 'C4']",,,,3,DeepConvNet
FGSM_LP,True,gaussian,3.0,Linf,0.25,0.029103828048672172,"[0.2362140268087387, 0.23648451268672943, 0.2448825091123581, 0.2501400113105774, 0.24432478845119476, 0.23885950446128845, 0.2124272584915161, 0.2498600035905838, 0.24931460618972778, 0.25488030910491943, 0.2494169920682907, 0.2461688220500946, 0.23448911309242249, 0.2552613317966461, 0.25794991850852966, 0.2643517255783081, 0.2621024250984192, 0.261465460062027, 0.2666919529438019, 0.2738928496837616, 0.2746894061565399, 0.27524083852767944]",,,False,31415,0.6527777910232544,0.6284722089767456,0.3715277910232544,4.463471412658691,4.45810604095459,0.029103882610797882,30.722686767578125,0.5413792729377747,"[0.3055555555555556, 0.6527777777777778, 0.9583333333333334, 0.6944444444444444]","[0.2777777777777778, 0.6111111111111112, 0.9583333333333334, 0.6666666666666666]",0.0,1,False,0.9987736448334275,,,,,0.41174934003094205,0.40956154702553343,-0.0021877930054086114,"['C3', 'CP3', 'POz', 'FCz', 'CP4']","['C3', 'CP3', 'POz', 'FCz', 'CP4']",,,,3,DeepConvNet
FGSM_LP,True,gaussian,3.0,Linf,0.5,0.058207656097344344,"[0.4724280536174774, 0.47296902537345886, 0.4897650182247162, 0.5002800226211548, 0.4886495769023895, 0.4777190089225769, 0.4248545169830322, 0.4997200071811676, 0.49862921237945557, 0.5097606182098389, 0.4988339841365814, 0.4923376441001892, 0.46897822618484497, 0.5105226635932922, 0.5158998370170593, 0.5287034511566162, 0.5242048501968384, 0.522930920124054, 0.5333839058876038, 0.5477856993675232, 0.5493788123130798, 0.5504816770553589]",,,False,31415,0.6527777910232544,0.5972222089767456,0.4027777910232544,8.733081817626953,8.719221115112305,0.05820775032043457,24.896240234375,0.5326228141784668,"[0.3055555555555556, 0.6527777777777778, 0.9583333333333334, 0.6944444444444444]","[0.2361111111111111, 0.5694444444444444, 0.9444444444444444, 0.6388888888888888]",0.0,1,False,0.9987736448334275,,,,,0.41174934003094205,0.40956154702553343,-0.0021877930054086114,"['C3', 'CP3', 'POz', 'FCz', 'CP4']","['C3', 'CP3', 'POz', 'FCz', 'CP4']",,,,3,DeepConvNet
FGSM_LP,True,gaussian,3.0,Linf,1.0,0.11641531219468869,"[0.9448561072349548, 0.9459380507469177, 0.9795300364494324, 1.0005600452423096, 0.977299153804779, 0.9554380178451538, 0.8497090339660645, 0.9994400143623352, 0.9972584247589111, 1.0195212364196777, 0.9976679682731628, 0.9846752882003784, 0.9379564523696899, 1.0210453271865845, 1.0317996740341187, 1.0574069023132324, 1.0484097003936768, 1.045861840248108, 1.0667678117752075, 1.0955713987350464, 1.0987576246261597, 1.1009633541107178]",,,False,31415,0.6527777910232544,0.5208333134651184,0.4791666865348816,16.791019439697266,16.750892639160156,0.11641539633274078,19.22520637512207,0.5188378095626831,"[0.3055555555555556, 0.6527777777777778, 0.9583333333333334, 0.6944444444444444]","[0.125, 0.4444444444444444, 0.9444444444444444, 0.5694444444444444]",0.0,1,False,0.9987736448334275,,,,,0.41174934003094205,0.40956154702553343,-0.0021877930054086114,"['C3', 'CP3', 'POz', 'FCz', 'CP4']","['C3', 'CP3', 'POz', 'FCz', 'CP4']",,,,3,DeepConvNet
FGSM_LP,True,gaussian,3.0,Linf,2.0,0.23283062438937738,"[1.8897122144699097, 1.8918761014938354, 1.9590600728988647, 2.001120090484619, 1.954598307609558, 1.9108760356903076, 1.699418067932129, 1.9988800287246704, 1.9945168495178223, 2.0390424728393555, 1.9953359365463257, 1.9693505764007568, 1.8759129047393799, 2.042090654373169, 2.0635993480682373, 2.114813804626465, 2.0968194007873535, 2.091723680496216, 2.133535623550415, 2.1911427974700928, 2.1975152492523193, 2.2019267082214355]",,,False,31415,0.6527777910232544,0.3125,0.6875,31.252731323242188,31.2042236328125,0.23283062875270844,13.82193660736084,0.4956497550010681,"[0.3055555555555556, 0.6527777777777778, 0.9583333333333334, 0.6944444444444444]","[0.027777777777777776, 0.2361111111111111, 0.8194444444444444, 0.16666666666666666]",0.0,1,False,0.9987736448334275,,,,,0.41174934003094205,0.40956154702553343,-0.0021877930054086114,"['C3', 'CP3', 'POz', 'FCz', 'CP4']","['C3', 'CP3', 'POz', 'FCz', 'CP4']",,,,3,DeepConvNet
PGD_LP,True,gaussian,3.0,Linf,0.25,0.029103828048672172,"[0.2362140268087387, 0.23648451268672943, 0.2448825091123581, 0.2501400113105774, 0.24432478845119476, 0.23885950446128845, 0.2124272584915161, 0.2498600035905838, 0.24931460618972778, 0.25488030910491943, 0.2494169920682907, 0.2461688220500946, 0.23448911309242249, 0.2552613317966461, 0.25794991850852966, 0.2643517255783081, 0.2621024250984192, 0.261465460062027, 0.2666919529438019, 0.2738928496837616, 0.2746894061565399, 0.27524083852767944]",40.0,0.0036379785060840215,True,31415,0.6527777910232544,0.6354166865348816,0.3645833134651184,4.465169906616211,4.457744598388672,0.029103882610797882,30.72339630126953,0.5407026410102844,"[0.3055555555555556, 0.6527777777777778, 0.9583333333333334, 0.6944444444444444]","[0.2777777777777778, 0.6111111111111112, 0.9722222222222222, 0.6805555555555556]",0.0,1,False,0.9987824675324675,,,,,0.41174934003094205,0.4093530187241228,-0.0023963213068192712,"['C3', 'CP3', 'POz', 'FCz', 'CP4']","['C3', 'CP3', 'POz', 'FCz', 'CP4']",,,,3,DeepConvNet
PGD_LP,True,gaussian,3.0,Linf,0.5,0.058207656097344344,"[0.4724280536174774, 0.47296902537345886, 0.4897650182247162, 0.5002800226211548, 0.4886495769023895, 0.4777190089225769, 0.4248545169830322, 0.4997200071811676, 0.49862921237945557, 0.5097606182098389, 0.4988339841365814, 0.4923376441001892, 0.46897822618484497, 0.5105226635932922, 0.5158998370170593, 0.5287034511566162, 0.5242048501968384, 0.522930920124054, 0.5333839058876038, 0.5477856993675232, 0.5493788123130798, 0.5504816770553589]",40.0,0.007275957012168043,True,31415,0.6527777910232544,0.6006944179534912,0.3993055820465088,8.732297897338867,8.718181610107422,0.05820775032043457,24.897281646728516,0.5315424203872681,"[0.3055555555555556, 0.6527777777777778, 0.9583333333333334, 0.6944444444444444]","[0.2361111111111111, 0.5694444444444444, 0.9444444444444444, 0.6527777777777778]",0.0,1,False,0.9987824675324675,,,,,0.41174934003094205,0.4093530187241228,-0.0023963213068192712,"['C3', 'CP3', 'POz', 'FCz', 'CP4']","['C3', 'CP3', 'POz', 'FCz', 'CP4']",,,,3,DeepConvNet
PGD_LP,True,gaussian,3.0,Linf,1.0,0.11641531219468869,"[0.9448561072349548, 0.9459380507469177, 0.9795300364494324, 1.0005600452423096, 0.977299153804779, 0.9554380178451538, 0.8497090339660645, 0.9994400143623352, 0.9972584247589111, 1.0195212364196777, 0.9976679682731628, 0.9846752882003784, 0.9379564523696899, 1.0210453271865845, 1.0317996740341187, 1.0574069023132324, 1.0484097003936768, 1.045861840248108, 1.0667678117752075, 1.0955713987350464, 1.0987576246261597, 1.1009633541107178]",40.0,0.014551914024336086,True,31415,0.6527777910232544,0.5590277910232544,0.4409722089767456,16.78893280029297,16.747589111328125,0.11641539633274078,19.226919174194336,0.5167797207832336,"[0.3055555555555556, 0.6527777777777778, 0.9583333333333334, 0.6944444444444444]","[0.20833333333333334, 0.4861111111111111, 0.9444444444444444, 0.5972222222222222]",0.0,1,False,0.9987824675324675,,,,,0.41174934003094205,0.4093530187241228,-0.0023963213068192712,"['C3', 'CP3', 'POz', 'FCz', 'CP4']","['C3', 'CP3', 'POz', 'FCz', 'CP4']",,,,3,DeepConvNet
PGD_LP,True,gaussian,3.0,Linf,2.0,0.23283062438937738,"[1.8897122144699097, 1.8918761014938354, 1.9590600728988647, 2.001120090484619, 1.954598307609558, 1.9108760356903076, 1.699418067932129, 1.9988800287246704, 1.9945168495178223, 2.0390424728393555, 1.9953359365463257, 1.9693505764007568, 1.8759129047393799, 2.042090654373169, 2.0635993480682373, 2.114813804626465, 2.0968194007873535, 2.091723680496216, 2.133535623550415, 2.1911427974700928, 2.1975152492523193, 2.2019267082214355]",40.0,0.029103828048672172,True,31415,0.6527777910232544,0.3541666567325592,0.6458333432674408,31.281496047973633,31.19333267211914,0.23283062875270844,13.824983596801758,0.49291932582855225,"[0.3055555555555556, 0.6527777777777778, 0.9583333333333334, 0.6944444444444444]","[0.06944444444444445, 0.1388888888888889, 0.875, 0.3333333333333333]",0.0,1,False,0.9987824675324675,,,,,0.41174934003094205,0.4093530187241228,-0.0023963213068192712,"['C3', 'CP3', 'POz', 'FCz', 'CP4']","['C3', 'CP3', 'POz', 'FCz', 'CP4']",,,,3,DeepConvNet
DeepFool_L2,,,,L2,,,,50.0,,,31415,0.6527777910232544,0.03125,0.96875,109.93634033203125,76.3945541381836,2.566605567932129,100.05438232421875,133.97718811035156,,,0.0,1,False,0.937888198757764,,,,,0.41174934003094205,0.32852117039830453,-0.08322816963263752,"['C3', 'CP3', 'POz', 'FCz', 'CP4']","['C3', 'POz', 'CP3', 'FCz', 'CP4']",,,,3,DeepConvNet
FGSM,False,,,Linf,0.25,0.029103828048672172,"[0.2362140268087387, 0.23648451268672943, 0.2448825091123581, 0.2501400113105774, 0.24432478845119476, 0.23885950446128845, 0.2124272584915161, 0.2498600035905838, 0.24931460618972778, 0.25488030910491943, 0.2494169920682907, 0.2461688220500946, 0.23448911309242249, 0.2552613317966461, 0.25794991850852966, 0.2643517255783081, 0.2621024250984192, 0.261465460062027, 0.2666919529438019, 0.2738928496837616, 0.2746894061565399, 0.27524083852767944]",,,False,999,0.6388888955116272,0.2604166567325592,0.7395833432674408,117.68159484863281,116.76174926757812,3.8786282539367676,2.384856939315796,0.13086949288845062,"[0.3055555555555556, 0.6111111111111112, 0.9583333333333334, 0.6805555555555556]","[0.0, 0.041666666666666664, 1.0, 0.0]",0.0,1,False,0.9728878458498025,,,,,0.273268921137844,0.1891277833285521,-0.08414113780929192,"['C3', 'C4', 'FCz', 'POz', 'Fz']","['C3', 'C4', 'CP4', 'FCz', 'POz']",,,,3,DeepConvNet
FGSM,False,,,Linf,0.5,0.058207656097344344,"[0.4724280536174774, 0.47296902537345886, 0.4897650182247162, 0.5002800226211548, 0.4886495769023895, 0.4777190089225769, 0.4248545169830322, 0.4997200071811676, 0.49862921237945557, 0.5097606182098389, 0.4988339841365814, 0.4923376441001892, 0.46897822618484497, 0.5105226635932922, 0.5158998370170593, 0.5287034511566162, 0.5242048501968384, 0.522930920124054, 0.5333839058876038, 0.5477856993675232, 0.5493788123130798, 0.5504816770553589]",,,False,999,0.6388888955116272,0.2534722089767456,0.7465277910232544,117.30973052978516,116.85487365722656,3.8786282539367676,2.377835750579834,0.12999790906906128,"[0.3055555555555556, 0.6111111111111112, 0.9583333333333334, 0.6805555555555556]","[0.0, 0.041666666666666664, 0.9722222222222222, 0.0]",0.0,1,False,0.9728878458498025,,,,,0.273268921137844,0.1891277833285521,-0.08414113780929192,"['C3', 'C4', 'FCz', 'POz', 'Fz']","['C3', 'C4', 'CP4', 'FCz', 'POz']",,,,3,DeepConvNet
FGSM,False,,,Linf,1.0,0.11641531219468869,"[0.9448561072349548, 0.9459380507469177, 0.9795300364494324, 1.0005600452423096, 0.977299153804779, 0.9554380178451538, 0.8497090339660645, 0.9994400143623352, 0.9972584247589111, 1.0195212364196777, 0.9976679682731628, 0.9846752882003784, 0.9379564523696899, 1.0210453271865845, 1.0317996740341187, 1.0574069023132324, 1.0484097003936768, 1.045861840248108, 1.0667678117752075, 1.0955713987350464, 1.0987576246261597, 1.1009633541107178]",,,False,999,0.6388888955116272,0.1145833358168602,0.8854166641831398,116.90406799316406,117.22566986083984,3.8786282539367676,2.3499388694763184,0.12663574516773224,"[0.3055555555555556, 0.6111111111111112, 0.9583333333333334, 0.6805555555555556]","[0.0, 0.013888888888888888, 0.4444444444444444, 0.0]",0.0,1,False,0.9728878458498025,,,,,0.273268921137844,0.1891277833285521,-0.08414113780929192,"['C3', 'C4', 'FCz', 'POz', 'Fz']","['C3', 'C4', 'CP4', 'FCz', 'POz']",,,,3,DeepConvNet
FGSM,False,,,Linf,2.0,0.23283062438937738,"[1.8897122144699097, 1.8918761014938354, 1.9590600728988647, 2.001120090484619, 1.954598307609558, 1.9108760356903076, 1.699418067932129, 1.9988800287246704, 1.9945168495178223, 2.0390424728393555, 1.9953359365463257, 1.9693505764007568, 1.8759129047393799, 2.042090654373169, 2.0635993480682373, 2.114813804626465, 2.0968194007873535, 2.091723680496216, 2.133535623550415, 2.1911427974700928, 2.1975152492523193, 2.2019267082214355]",,,False,999,0.6388888955116272,0.0,1.0,118.26907348632812,118.68183135986328,3.8786282539367676,2.241291046142578,0.11503779888153076,"[0.3055555555555556, 0.6111111111111112, 0.9583333333333334, 0.6805555555555556]","[0.0, 0.0, 0.0, 0.0]",0.0,1,False,0.9728878458498025,,,,,0.273268921137844,0.1891277833285521,-0.08414113780929192,"['C3', 'C4', 'FCz', 'POz', 'Fz']","['C3', 'C4', 'CP4', 'FCz', 'POz']",,,,3,DeepConvNet
PGD,False,,,Linf,0.25,0.029103828048672172,"[0.2362140268087387, 0.23648451268672943, 0.2448825091123581, 0.2501400113105774, 0.24432478845119476, 0.23885950446128845, 0.2124272584915161, 0.2498600035905838, 0.24931460618972778, 0.25488030910491943, 0.2494169920682907, 0.2461688220500946, 0.23448911309242249, 0.2552613317966461, 0.25794991850852966, 0.2643517255783081, 0.2621024250984192, 0.261465460062027, 0.2666919529438019, 0.2738928496837616, 0.2746894061565399, 0.27524083852767944]",40.0,0.0036379785060840215,True,999,0.6388888955116272,0.2534722089767456,0.7465277910232544,117.21732330322266,116.76143646240234,3.8786282539367676,2.384880542755127,0.13087236881256104,"[0.3055555555555556, 0.6111111111111112, 0.9583333333333334, 0.6805555555555556]","[0.0, 0.013888888888888888, 1.0, 0.0]",0.0,1,False,0.9715909090909092,,,,,0.273268921137844,0.18431485355791316,-0.08895406757993085,"['C3', 'C4', 'FCz', 'POz', 'Fz']","['C3', 'C4', 'CP4', 'FCz', 'POz']",,,,3,DeepConvNet
PGD,False,,,Linf,0.5,0.058207656097344344,"[0.4724280536174774, 0.47296902537345886, 0.4897650182247162, 0.5002800226211548, 0.4886495769023895, 0.4777190089225769, 0.4248545169830322, 0.4997200071811676, 0.49862921237945557, 0.5097606182098389, 0.4988339841365814, 0.4923376441001892, 0.46897822618484497, 0.5105226635932922, 0.5158998370170593, 0.5287034511566162, 0.5242048501968384, 0.522930920124054, 0.5333839058876038, 0.5477856993675232, 0.5493788123130798, 0.5504816770553589]",40.0,0.007275957012168043,True,999,0.6388888955116272,0.2430555522441864,0.7569444477558136,117.26075744628906,116.85224151611328,3.8786282539367676,2.3780343532562256,0.1300167441368103,"[0.3055555555555556, 0.6111111111111112, 0.9583333333333334, 0.6805555555555556]","[0.0, 0.0, 0.9722222222222222, 0.0]",0.0,1,False,0.9715909090909092,,,,,0.273268921137844,0.18431485355791316,-0.08895406757993085,"['C3', 'C4', 'FCz', 'POz', 'Fz']","['C3', 'C4', 'CP4', 'FCz', 'POz']",,,,3,DeepConvNet
PGD,False,,,Linf,1.0,0.11641531219468869,"[0.9448561072349548, 0.9459380507469177, 0.9795300364494324, 1.0005600452423096, 0.977299153804779, 0.9554380178451538, 0.8497090339660645, 0.9994400143623352, 0.9972584247589111, 1.0195212364196777, 0.9976679682731628, 0.9846752882003784, 0.9379564523696899, 1.0210453271865845, 1.0317996740341187, 1.0574069023132324, 1.0484097003936768, 1.045861840248108, 1.0667678117752075, 1.0955713987350464, 1.0987576246261597, 1.1009633541107178]",40.0,0.014551914024336086,True,999,0.6388888955116272,0.0,1.0,116.80004119873047,117.20681762695312,3.8786282539367676,2.3513522148132324,0.1267668902873993,"[0.3055555555555556, 0.6111111111111112, 0.9583333333333334, 0.6805555555555556]","[0.0, 0.0, 0.0, 0.0]",0.0,1,False,0.9715909090909092,,,,,0.273268921137844,0.18431485355791316,-0.08895406757993085,"['C3', 'C4', 'FCz', 'POz', 'Fz']","['C3', 'C4', 'CP4', 'FCz', 'POz']",,,,3,DeepConvNet
PGD,False,,,Linf,2.0,0.23283062438937738,"[1.8897122144699097, 1.8918761014938354, 1.9590600728988647, 2.001120090484619, 1.954598307609558, 1.9108760356903076, 1.699418067932129, 1.9988800287246704, 1.9945168495178223, 2.0390424728393555, 1.9953359365463257, 1.9693505764007568, 1.8759129047393799, 2.042090654373169, 2.0635993480682373, 2.114813804626465, 2.0968194007873535, 2.091723680496216, 2.133535623550415, 2.1911427974700928, 2.1975152492523193, 2.2019267082214355]",40.0,0.029103828048672172,True,999,0.6388888955116272,0.0,1.0,118.11976623535156,118.54364776611328,3.8786282539367676,2.2514801025390625,0.1155223473906517,"[0.3055555555555556, 0.6111111111111112, 0.9583333333333334, 0.6805555555555556]","[0.0, 0.0, 0.0, 0.0]",0.0,1,False,0.9715909090909092,,,,,0.273268921137844,0.18431485355791316,-0.08895406757993085,"['C3', 'C4', 'FCz', 'POz', 'Fz']","['C3', 'C4', 'CP4', 'FCz', 'POz']",,,,3,DeepConvNet
FGSM_LP,True,gaussian,3.0,Linf,0.25,0.029103828048672172,"[0.2362140268087387, 0.23648451268672943, 0.2448825091123581, 0.2501400113105774, 0.24432478845119476, 0.23885950446128845, 0.2124272584915161, 0.2498600035905838, 0.24931460618972778, 0.25488030910491943, 0.2494169920682907, 0.2461688220500946, 0.23448911309242249, 0.2552613317966461, 0.25794991850852966, 0.2643517255783081, 0.2621024250984192, 0.261465460062027, 0.2666919529438019, 0.2738928496837616, 0.2746894061565399, 0.27524083852767944]",,,False,999,0.6388888955116272,0.6145833134651184,0.3854166865348816,4.463453769683838,4.458784103393555,0.029103882610797882,30.72136116027832,0.5411925911903381,"[0.3055555555555556, 0.6111111111111112, 0.9583333333333334, 0.6805555555555556]","[0.2777777777777778, 0.5833333333333334, 0.9583333333333334, 0.6388888888888888]",0.0,1,False,0.9992059570863918,,,,,0.273268921137844,0.2720260099456948,-0.0012429111921491987,"['C3', 'C4', 'FCz', 'POz', 'Fz']","['C3', 'C4', 'FCz', 'POz', 'Fz']",,,,3,DeepConvNet
FGSM_LP,True,gaussian,3.0,Linf,0.5,0.058207656097344344,"[0.4724280536174774, 0.47296902537345886, 0.4897650182247162, 0.5002800226211548, 0.4886495769023895, 0.4777190089225769, 0.4248545169830322, 0.4997200071811676, 0.49862921237945557, 0.5097606182098389, 0.4988339841365814, 0.4923376441001892, 0.46897822618484497, 0.5105226635932922, 0.5158998370170593, 0.5287034511566162, 0.5242048501968384, 0.522930920124054, 0.5333839058876038, 0.5477856993675232, 0.5493788123130798, 0.5504816770553589]",,,False,999,0.6388888955116272,0.5659722089767456,0.4340277910232544,8.729734420776367,8.72183609008789,0.05820775032043457,24.893630981445312,0.5319161415100098,"[0.3055555555555556, 0.6111111111111112, 0.9583333333333334, 0.6805555555555556]","[0.2222222222222222, 0.5138888888888888, 0.9444444444444444, 0.5833333333333334]",0.0,1,False,0.9992059570863918,,,,,0.273268921137844,0.2720260099456948,-0.0012429111921491987,"['C3', 'C4', 'FCz', 'POz', 'Fz']","['C3', 'C4', 'FCz', 'POz', 'Fz']",,,,3,DeepConvNet
FGSM_LP,True,gaussian,3.0,Linf,1.0,0.11641531219468869,"[0.9448561072349548, 0.9459380507469177, 0.9795300364494324, 1.0005600452423096, 0.977299153804779, 0.9554380178451538, 0.8497090339660645, 0.9994400143623352, 0.9972584247589111, 1.0195212364196777, 0.9976679682731628, 0.9846752882003784, 0.9379564523696899, 1.0210453271865845, 1.0317996740341187, 1.0574069023132324, 1.0484097003936768, 1.045861840248108, 1.0667678117752075, 1.0955713987350464, 1.0987576246261597, 1.1009633541107178]",,,False,999,0.6388888955116272,0.4722222089767456,0.5277777910232544,16.79144287109375,16.761262893676758,0.11641539633274078,19.219818115234375,0.5175652503967285,"[0.3055555555555556, 0.6111111111111112, 0.9583333333333334, 0.6805555555555556]","[0.1388888888888889, 0.3472222222222222, 0.9444444444444444, 0.4583333333333333]",0.0,1,False,0.9992059570863918,,,,,0.273268921137844,0.2720260099456948,-0.0012429111921491987,"['C3', 'C4', 'FCz', 'POz', 'Fz']","['C3', 'C4', 'FCz', 'POz', 'Fz']",,,,3,DeepConvNet
FGSM_LP,True,gaussian,3.0,Linf,2.0,0.23283062438937738,"[1.8897122144699097, 1.8918761014938354, 1.9590600728988647, 2.001120090484619, 1.954598307609558, 1.9108760356903076, 1.699418067932129, 1.9988800287246704, 1.9945168495178223, 2.0390424728393555, 1.9953359365463257, 1.9693505764007568, 1.8759129047393799, 2.042090654373169, 2.0635993480682373, 2.114813804626465, 2.0968194007873535, 2.091723680496216, 2.133535623550415, 2.1911427974700928, 2.1975152492523193, 2.2019267082214355]",,,False,999,0.6388888955116272,0.2083333283662796,0.7916666716337204,31.25027847290039,31.247751235961914,0.23283062875270844,13.809802055358887,0.4945482313632965,"[0.3055555555555556, 0.6111111111111112, 0.9583333333333334, 0.6805555555555556]","[0.013888888888888888, 0.1527777777777778, 0.5416666666666666, 0.125]",0.0,1,False,0.9992059570863918,,,,,0.273268921137844,0.2720260099456948,-0.0012429111921491987,"['C3', 'C4', 'FCz', 'POz', 'Fz']","['C3', 'C4', 'FCz', 'POz', 'Fz']",,,,3,DeepConvNet
PGD_LP,True,gaussian,3.0,Linf,0.25,0.029103828048672172,"[0.2362140268087387, 0.23648451268672943, 0.2448825091123581, 0.2501400113105774, 0.24432478845119476, 0.23885950446128845, 0.2124272584915161, 0.2498600035905838, 0.24931460618972778, 0.25488030910491943, 0.2494169920682907, 0.2461688220500946, 0.23448911309242249, 0.2552613317966461, 0.25794991850852966, 0.2643517255783081, 0.2621024250984192, 0.261465460062027, 0.2666919529438019, 0.2738928496837616, 0.2746894061565399, 0.27524083852767944]",40.0,0.0036379785060840215,True,999,0.6388888955116272,0.6215277910232544,0.3784722089767456,4.46194314956665,4.458036422729492,0.029103882610797882,30.722822189331055,0.5406341552734375,"[0.3055555555555556, 0.6111111111111112, 0.9583333333333334, 0.6805555555555556]","[0.2777777777777778, 0.5833333333333334, 0.9583333333333334, 0.6666666666666666]",0.0,1,False,0.9992677159796726,,,,,0.273268921137844,0.2717579429430651,-0.0015109781947789114,"['C3', 'C4', 'FCz', 'POz', 'Fz']","['C3', 'C4', 'FCz', 'POz', 'Fz']",,,,3,DeepConvNet
PGD_LP,True,gaussian,3.0,Linf,0.5,0.058207656097344344,"[0.4724280536174774, 0.47296902537345886, 0.4897650182247162, 0.5002800226211548, 0.4886495769023895, 0.4777190089225769, 0.4248545169830322, 0.4997200071811676, 0.49862921237945557, 0.5097606182098389, 0.4988339841365814, 0.4923376441001892, 0.46897822618484497, 0.5105226635932922, 0.5158998370170593, 0.5287034511566162, 0.5242048501968384, 0.522930920124054, 0.5333839058876038, 0.5477856993675232, 0.5493788123130798, 0.5504816770553589]",40.0,0.007275957012168043,True,999,0.6388888955116272,0.5763888955116272,0.4236111044883728,8.729345321655273,8.719450950622559,0.05820775032043457,24.896011352539062,0.5311881899833679,"[0.3055555555555556, 0.6111111111111112, 0.9583333333333334, 0.6805555555555556]","[0.2361111111111111, 0.5277777777777778, 0.9444444444444444, 0.5972222222222222]",0.0,1,False,0.9992677159796726,,,,,0.273268921137844,0.2717579429430651,-0.0015109781947789114,"['C3', 'C4', 'FCz', 'POz', 'Fz']","['C3', 'C4', 'FCz', 'POz', 'Fz']",,,,3,DeepConvNet
PGD_LP,True,gaussian,3.0,Linf,1.0,0.11641531219468869,"[0.9448561072349548, 0.9459380507469177, 0.9795300364494324, 1.0005600452423096, 0.977299153804779, 0.9554380178451538, 0.8497090339660645, 0.9994400143623352, 0.9972584247589111, 1.0195212364196777, 0.9976679682731628, 0.9846752882003784, 0.9379564523696899, 1.0210453271865845, 1.0317996740341187, 1.0574069023132324, 1.0484097003936768, 1.045861840248108, 1.0667678117752075, 1.0955713987350464, 1.0987576246261597, 1.1009633541107178]",40.0,0.014551914024336086,True,999,0.6388888955116272,0.5208333134651184,0.4791666865348816,16.781654357910156,16.75142478942871,0.11641539633274078,19.224931716918945,0.5155677795410156,"[0.3055555555555556, 0.6111111111111112, 0.9583333333333334, 0.6805555555555556]","[0.2222222222222222, 0.3888888888888889, 0.9444444444444444, 0.5277777777777778]",0.0,1,False,0.9992677159796726,,,,,0.273268921137844,0.2717579429430651,-0.0015109781947789114,"['C3', 'C4', 'FCz', 'POz', 'Fz']","['C3', 'C4', 'FCz', 'POz', 'Fz']",,,,3,DeepConvNet
PGD_LP,True,gaussian,3.0,Linf,2.0,0.23283062438937738,"[1.8897122144699097, 1.8918761014938354, 1.9590600728988647, 2.001120090484619, 1.954598307609558, 1.9108760356903076, 1.699418067932129, 1.9988800287246704, 1.9945168495178223, 2.0390424728393555, 1.9953359365463257, 1.9693505764007568, 1.8759129047393799, 2.042090654373169, 2.0635993480682373, 2.114813804626465, 2.0968194007873535, 2.091723680496216, 2.133535623550415, 2.1911427974700928, 2.1975152492523193, 2.2019267082214355]",40.0,0.029103828048672172,True,999,0.6388888955116272,0.25,0.75,31.20758056640625,31.181541442871094,0.23283062875270844,13.828283309936523,0.4899841248989105,"[0.3055555555555556, 0.6111111111111112, 0.9583333333333334, 0.6805555555555556]","[0.05555555555555555, 0.1527777777777778, 0.5555555555555556, 0.2361111111111111]",0.0,1,False,0.9992677159796726,,,,,0.273268921137844,0.2717579429430651,-0.0015109781947789114,"['C3', 'C4', 'FCz', 'POz', 'Fz']","['C3', 'C4', 'FCz', 'POz', 'Fz']",,,,3,DeepConvNet
DeepFool_L2,,,,L2,,,,50.0,,,999,0.6388888955116272,0.1666666716337204,0.8333333283662796,108.34647369384766,74.63943481445312,2.5131826400756836,103.97176361083984,135.15493774414062,,,0.0,1,False,0.9796901468097121,,,,,0.273268921137844,0.26732407560221444,-0.005944845535629573,"['C3', 'C4', 'FCz', 'POz', 'Fz']","['C3', 'C4', 'POz', 'FCz', 'Fz']",,,,3,DeepConvNet
FGSM,False,,,Linf,0.25,0.029103828048672172,"[0.2362140268087387, 0.23648451268672943, 0.2448825091123581, 0.2501400113105774, 0.24432478845119476, 0.23885950446128845, 0.2124272584915161, 0.2498600035905838, 0.24931460618972778, 0.25488030910491943, 0.2494169920682907, 0.2461688220500946, 0.23448911309242249, 0.2552613317966461, 0.25794991850852966, 0.2643517255783081, 0.2621024250984192, 0.261465460062027, 0.2666919529438019, 0.2738928496837616, 0.2746894061565399, 0.27524083852767944]",,,False,42,0.7916666865348816,0.25,0.75,117.2132568359375,116.76274871826172,3.8786282539367676,2.3847804069519043,0.13085895776748657,"[0.5277777777777778, 0.7916666666666666, 0.9722222222222222, 0.875]","[0.0, 0.0, 1.0, 0.0]",0.0,1,False,0.9217250141163187,,,,,-0.18896855202013899,-0.30685147025817483,-0.11788291823803584,"['CP1', 'C1', 'Pz', 'CP4', 'P1']","['CP1', 'C1', 'Pz', 'CP4', 'C4']",,,,3,CTNet
FGSM,False,,,Linf,0.5,0.058207656097344344,"[0.4724280536174774, 0.47296902537345886, 0.4897650182247162, 0.5002800226211548, 0.4886495769023895, 0.4777190089225769, 0.4248545169830322, 0.4997200071811676, 0.49862921237945557, 0.5097606182098389, 0.4988339841365814, 0.4923376441001892, 0.46897822618484497, 0.5105226635932922, 0.5158998370170593, 0.5287034511566162, 0.5242048501968384, 0.522930920124054, 0.5333839058876038, 0.5477856993675232, 0.5493788123130798, 0.5504816770553589]",,,False,42,0.7916666865348816,0.1319444477558136,0.8680555522441864,116.75811767578125,116.85890197753906,3.8786282539367676,2.3775320053100586,0.12995652854442596,"[0.5277777777777778, 0.7916666666666666, 0.9722222222222222, 0.875]","[0.0, 0.0, 0.5277777777777778, 0.0]",0.0,1,False,0.9217250141163187,,,,,-0.18896855202013899,-0.30685147025817483,-0.11788291823803584,"['CP1', 'C1', 'Pz', 'CP4', 'P1']","['CP1', 'C1', 'Pz', 'CP4', 'C4']",,,,3,CTNet
FGSM,False,,,Linf,1.0,0.11641531219468869,"[0.9448561072349548, 0.9459380507469177, 0.9795300364494324, 1.0005600452423096, 0.977299153804779, 0.9554380178451538, 0.8497090339660645, 0.9994400143623352, 0.9972584247589111, 1.0195212364196777, 0.9976679682731628, 0.9846752882003784, 0.9379564523696899, 1.0210453271865845, 1.0317996740341187, 1.0574069023132324, 1.0484097003936768, 1.045861840248108, 1.0667678117752075, 1.0955713987350464, 1.0987576246261597, 1.1009633541107178]",,,False,42,0.7916666865348816,0.0034722222480922937,0.9965277777519077,116.87591552734375,117.24166870117188,3.8786282539367676,2.3487346172332764,0.12647882103919983,"[0.5277777777777778, 0.7916666666666666, 0.9722222222222222, 0.875]","[0.0, 0.013888888888888888, 0.0, 0.0]",0.0,1,False,0.9217250141163187,,,,,-0.18896855202013899,-0.30685147025817483,-0.11788291823803584,"['CP1', 'C1', 'Pz', 'CP4', 'P1']","['CP1', 'C1', 'Pz', 'CP4', 'C4']",,,,3,CTNet
FGSM,False,,,Linf,2.0,0.23283062438937738,"[1.8897122144699097, 1.8918761014938354, 1.9590600728988647, 2.001120090484619, 1.954598307609558, 1.9108760356903076, 1.699418067932129, 1.9988800287246704, 1.9945168495178223, 2.0390424728393555, 1.9953359365463257, 1.9693505764007568, 1.8759129047393799, 2.042090654373169, 2.0635993480682373, 2.114813804626465, 2.0968194007873535, 2.091723680496216, 2.133535623550415, 2.1911427974700928, 2.1975152492523193, 2.2019267082214355]",,,False,42,0.7916666865348816,0.0,1.0,118.30586242675781,118.74465942382812,3.8786282539367676,2.2366294860839844,0.11454497277736664,"[0.5277777777777778, 0.7916666666666666, 0.9722222222222222, 0.875]","[0.0, 0.0, 0.0, 0.0]",0.0,1,False,0.9217250141163187,,,,,-0.18896855202013899,-0.30685147025817483,-0.11788291823803584,"['CP1', 'C1', 'Pz', 'CP4', 'P1']","['CP1', 'C1', 'Pz', 'CP4', 'C4']",,,,3,CTNet
PGD,False,,,Linf,0.25,0.029103828048672172,"[0.2362140268087387, 0.23648451268672943, 0.2448825091123581, 0.2501400113105774, 0.24432478845119476, 0.23885950446128845, 0.2124272584915161, 0.2498600035905838, 0.24931460618972778, 0.25488030910491943, 0.2494169920682907, 0.2461688220500946, 0.23448911309242249, 0.2552613317966461, 0.25794991850852966, 0.2643517255783081, 0.2621024250984192, 0.261465460062027, 0.2666919529438019, 0.2738928496837616, 0.2746894061565399, 0.27524083852767944]",40.0,0.0036379785060840215,True,42,0.7916666865348816,0.2465277761220932,0.7534722238779068,117.20774841308594,116.7626953125,3.8786282539367676,2.384784698486328,0.1308591514825821,"[0.5277777777777778, 0.7916666666666666, 0.9722222222222222, 0.875]","[0.0, 0.0, 0.9861111111111112, 0.0]",0.0,1,False,0.9198722473178996,,,,,-0.18896855202013899,-0.307371473878965,-0.11840292185882603,"['CP1', 'C1', 'Pz', 'CP4', 'P1']","['CP1', 'C1', 'Pz', 'CP4', 'C4']",,,,3,CTNet
PGD,False,,,Linf,0.5,0.058207656097344344,"[0.4724280536174774, 0.47296902537345886, 0.4897650182247162, 0.5002800226211548, 0.4886495769023895, 0.4777190089225769, 0.4248545169830322, 0.4997200071811676, 0.49862921237945557, 0.5097606182098389, 0.4988339841365814, 0.4923376441001892, 0.46897822618484497, 0.5105226635932922, 0.5158998370170593, 0.5287034511566162, 0.5242048501968384, 0.522930920124054, 0.5333839058876038, 0.5477856993675232, 0.5493788123130798, 0.5504816770553589]",40.0,0.007275957012168043,True,42,0.7916666865348816,0.0034722222480922937,0.9965277777519077,116.50389862060547,116.8583984375,3.8786282539367676,2.377568483352661,0.12996076047420502,"[0.5277777777777778, 0.7916666666666666, 0.9722222222222222, 0.875]","[0.0, 0.0, 0.013888888888888888, 0.0]",0.0,1,False,0.9198722473178996,,,,,-0.18896855202013899,-0.307371473878965,-0.11840292185882603,"['CP1', 'C1', 'Pz', 'CP4', 'P1']","['CP1', 'C1', 'Pz', 'CP4', 'C4']",,,,3,CTNet
PGD,False,,,Linf,1.0,0.11641531219468869,"[0.9448561072349548, 0.9459380507469177, 0.9795300364494324, 1.0005600452423096, 0.977299153804779, 0.9554380178451538, 0.8497090339660645, 0.9994400143623352, 0.9972584247589111, 1.0195212364196777, 0.9976679682731628, 0.9846752882003784, 0.9379564523696899, 1.0210453271865845, 1.0317996740341187, 1.0574069023132324, 1.0484097003936768, 1.045861840248108, 1.0667678117752075, 1.0955713987350464, 1.0987576246261597, 1.1009633541107178]",40.0,0.014551914024336086,True,42,0.7916666865348816,0.0,1.0,116.82794189453125,117.23733520507812,3.8786282539367676,2.349060535430908,0.12651345133781433,"[0.5277777777777778, 0.7916666666666666, 0.9722222222222222, 0.875]","[0.0, 0.0, 0.0, 0.0]",0.0,1,False,0.9198722473178996,,,,,-0.18896855202013899,-0.307371473878965,-0.11840292185882603,"['CP1', 'C1', 'Pz', 'CP4', 'P1']","['CP1', 'C1', 'Pz', 'CP4', 'C4']",,,,3,CTNet
PGD,False,,,Linf,2.0,0.23283062438937738,"[1.8897122144699097, 1.8918761014938354, 1.9590600728988647, 2.001120090484619, 1.954598307609558, 1.9108760356903076, 1.699418067932129, 1.9988800287246704, 1.9945168495178223, 2.0390424728393555, 1.9953359365463257, 1.9693505764007568, 1.8759129047393799, 2.042090654373169, 2.0635993480682373, 2.114813804626465, 2.0968194007873535, 2.091723680496216, 2.133535623550415, 2.1911427974700928, 2.1975152492523193, 2.2019267082214355]",40.0,0.029103828048672172,True,42,0.7916666865348816,0.0,1.0,118.2804183959961,118.71029663085938,3.8786282539367676,2.239169120788574,0.11474735289812088,"[0.5277777777777778, 0.7916666666666666, 0.9722222222222222, 0.875]","[0.0, 0.0, 0.0, 0.0]",0.0,1,False,0.9198722473178996,,,,,-0.18896855202013899,-0.307371473878965,-0.11840292185882603,"['CP1', 'C1', 'Pz', 'CP4', 'P1']","['CP1', 'C1', 'Pz', 'CP4', 'C4']",,,,3,CTNet
FGSM_LP,True,gaussian,3.0,Linf,0.25,0.029103828048672172,"[0.2362140268087387, 0.23648451268672943, 0.2448825091123581, 0.2501400113105774, 0.24432478845119476, 0.23885950446128845, 0.2124272584915161, 0.2498600035905838, 0.24931460618972778, 0.25488030910491943, 0.2494169920682907, 0.2461688220500946, 0.23448911309242249, 0.2552613317966461, 0.25794991850852966, 0.2643517255783081, 0.2621024250984192, 0.261465460062027, 0.2666919529438019, 0.2738928496837616, 0.2746894061565399, 0.27524083852767944]",,,False,42,0.7916666865348816,0.6979166865348816,0.3020833134651184,4.469554901123047,4.46339750289917,0.029103882610797882,30.712350845336914,0.5417205691337585,"[0.5277777777777778, 0.7916666666666666, 0.9722222222222222, 0.875]","[0.3611111111111111, 0.7361111111111112, 0.9583333333333334, 0.7361111111111112]",0.0,1,False,0.9979707792207791,,,,,-0.18896855202013899,-0.1936392804596864,-0.004670728439547411,"['CP1', 'C1', 'Pz', 'CP4', 'P1']","['CP1', 'C1', 'Pz', 'CP4', 'C4']",,,,3,CTNet
FGSM_LP,True,gaussian,3.0,Linf,0.5,0.058207656097344344,"[0.4724280536174774, 0.47296902537345886, 0.4897650182247162, 0.5002800226211548, 0.4886495769023895, 0.4777190089225769, 0.4248545169830322, 0.4997200071811676, 0.49862921237945557, 0.5097606182098389, 0.4988339841365814, 0.4923376441001892, 0.46897822618484497, 0.5105226635932922, 0.5158998370170593, 0.5287034511566162, 0.5242048501968384, 0.522930920124054, 0.5333839058876038, 0.5477856993675232, 0.5493788123130798, 0.5504816770553589]",,,False,42,0.7916666865348816,0.5451388955116272,0.4548611044883728,8.753669738769531,8.740965843200684,0.05820775032043457,24.87454605102539,0.5334782004356384,"[0.5277777777777778, 0.7916666666666666, 0.9722222222222222, 0.875]","[0.18055555555555555, 0.5555555555555556, 0.8888888888888888, 0.5555555555555556]",0.0,1,False,0.9979707792207791,,,,,-0.18896855202013899,-0.1936392804596864,-0.004670728439547411,"['CP1', 'C1', 'Pz', 'CP4', 'P1']","['CP1', 'C1', 'Pz', 'CP4', 'C4']",,,,3,CTNet
FGSM_LP,True,gaussian,3.0,Linf,1.0,0.11641531219468869,"[0.9448561072349548, 0.9459380507469177, 0.9795300364494324, 1.0005600452423096, 0.977299153804779, 0.9554380178451538, 0.8497090339660645, 0.9994400143623352, 0.9972584247589111, 1.0195212364196777, 0.9976679682731628, 0.9846752882003784, 0.9379564523696899, 1.0210453271865845, 1.0317996740341187, 1.0574069023132324, 1.0484097003936768, 1.045861840248108, 1.0667678117752075, 1.0955713987350464, 1.0987576246261597, 1.1009633541107178]",,,False,42,0.7916666865348816,0.1736111044883728,0.8263888955116272,16.85342788696289,16.840354919433594,0.11641539633274078,19.17882537841797,0.5205264091491699,"[0.5277777777777778, 0.7916666666666666, 0.9722222222222222, 0.875]","[0.027777777777777776, 0.16666666666666666, 0.4583333333333333, 0.041666666666666664]",0.0,1,False,0.9979707792207791,,,,,-0.18896855202013899,-0.1936392804596864,-0.004670728439547411,"['CP1', 'C1', 'Pz', 'CP4', 'P1']","['CP1', 'C1', 'Pz', 'CP4', 'C4']",,,,3,CTNet
FGSM_LP,True,gaussian,3.0,Linf,2.0,0.23283062438937738,"[1.8897122144699097, 1.8918761014938354, 1.9590600728988647, 2.001120090484619, 1.954598307609558, 1.9108760356903076, 1.699418067932129, 1.9988800287246704, 1.9945168495178223, 2.0390424728393555, 1.9953359365463257, 1.9693505764007568, 1.8759129047393799, 2.042090654373169, 2.0635993480682373, 2.114813804626465, 2.0968194007873535, 2.091723680496216, 2.133535623550415, 2.1911427974700928, 2.1975152492523193, 2.2019267082214355]",,,False,42,0.7916666865348816,0.0034722222480922937,0.9965277777519077,31.550148010253906,31.55769157409668,0.23283062875270844,13.723934173583984,0.49935445189476013,"[0.5277777777777778, 0.7916666666666666, 0.9722222222222222, 0.875]","[0.0, 0.013888888888888888, 0.0, 0.0]",0.0,1,False,0.9979707792207791,,,,,-0.18896855202013899,-0.1936392804596864,-0.004670728439547411,"['CP1', 'C1', 'Pz', 'CP4', 'P1']","['CP1', 'C1', 'Pz', 'CP4', 'C4']",,,,3,CTNet
PGD_LP,True,gaussian,3.0,Linf,0.25,0.029103828048672172,"[0.2362140268087387, 0.23648451268672943, 0.2448825091123581, 0.2501400113105774, 0.24432478845119476, 0.23885950446128845, 0.2124272584915161, 0.2498600035905838, 0.24931460618972778, 0.25488030910491943, 0.2494169920682907, 0.2461688220500946, 0.23448911309242249, 0.2552613317966461, 0.25794991850852966, 0.2643517255783081, 0.2621024250984192, 0.261465460062027, 0.2666919529438019, 0.2738928496837616, 0.2746894061565399, 0.27524083852767944]",40.0,0.0036379785060840215,True,42,0.7916666865348816,0.7118055820465088,0.2881944179534912,4.469206809997559,4.464832782745361,0.029103882610797882,30.70955467224121,0.5422133803367615,"[0.5277777777777778, 0.7916666666666666, 0.9722222222222222, 0.875]","[0.375, 0.75, 0.9722222222222222, 0.75]",0.0,1,False,0.9978560841332581,,,,,-0.18896855202013899,-0.1935920897885052,-0.004623537768366215,"['CP1', 'C1', 'Pz', 'CP4', 'P1']","['CP1', 'C1', 'Pz', 'CP4', 'C4']",,,,3,CTNet
PGD_LP,True,gaussian,3.0,Linf,0.5,0.058207656097344344,"[0.4724280536174774, 0.47296902537345886, 0.4897650182247162, 0.5002800226211548, 0.4886495769023895, 0.4777190089225769, 0.4248545169830322, 0.4997200071811676, 0.49862921237945557, 0.5097606182098389, 0.4988339841365814, 0.4923376441001892, 0.46897822618484497, 0.5105226635932922, 0.5158998370170593, 0.5287034511566162, 0.5242048501968384, 0.522930920124054, 0.5333839058876038, 0.5477856993675232, 0.5493788123130798, 0.5504816770553589]",40.0,0.007275957012168043,True,42,0.7916666865348816,0.5868055820465088,0.4131944179534912,8.760178565979004,8.746007919311523,0.05820775032043457,24.869529724121094,0.5336056351661682,"[0.5277777777777778, 0.7916666666666666, 0.9722222222222222, 0.875]","[0.20833333333333334, 0.625, 0.8888888888888888, 0.625]",0.0,1,False,0.9978560841332581,,,,,-0.18896855202013899,-0.1935920897885052,-0.004623537768366215,"['CP1', 'C1', 'Pz', 'CP4', 'P1']","['CP1', 'C1', 'Pz', 'CP4', 'C4']",,,,3,CTNet
PGD_LP,True,gaussian,3.0,Linf,1.0,0.11641531219468869,"[0.9448561072349548, 0.9459380507469177, 0.9795300364494324, 1.0005600452423096, 0.977299153804779, 0.9554380178451538, 0.8497090339660645, 0.9994400143623352, 0.9972584247589111, 1.0195212364196777, 0.9976679682731628, 0.9846752882003784, 0.9379564523696899, 1.0210453271865845, 1.0317996740341187, 1.0574069023132324, 1.0484097003936768, 1.045861840248108, 1.0667678117752075, 1.0955713987350464, 1.0987576246261597, 1.1009633541107178]",40.0,0.014551914024336086,True,42,0.7916666865348816,0.2152777761220932,0.7847222238779068,16.871925354003906,16.859174728393555,0.11641539633274078,19.169105529785156,0.5207857489585876,"[0.5277777777777778, 0.7916666666666666, 0.9722222222222222, 0.875]","[0.05555555555555555, 0.20833333333333334, 0.4861111111111111, 0.1111111111111111]",0.0,1,False,0.9978560841332581,,,,,-0.18896855202013899,-0.1935920897885052,-0.004623537768366215,"['CP1', 'C1', 'Pz', 'CP4', 'P1']","['CP1', 'C1', 'Pz', 'CP4', 'C4']",,,,3,CTNet
PGD_LP,True,gaussian,3.0,Linf,2.0,0.23283062438937738,"[1.8897122144699097, 1.8918761014938354, 1.9590600728988647, 2.001120090484619, 1.954598307609558, 1.9108760356903076, 1.699418067932129, 1.9988800287246704, 1.9945168495178223, 2.0390424728393555, 1.9953359365463257, 1.9693505764007568, 1.8759129047393799, 2.042090654373169, 2.0635993480682373, 2.114813804626465, 2.0968194007873535, 2.091723680496216, 2.133535623550415, 2.1911427974700928, 2.1975152492523193, 2.2019267082214355]",40.0,0.029103828048672172,True,42,0.7916666865348816,0.0,1.0,31.61199951171875,31.61789894104004,0.23283062875270844,13.707362174987793,0.49998313188552856,"[0.5277777777777778, 0.7916666666666666, 0.9722222222222222, 0.875]","[0.0, 0.0, 0.0, 0.0]",0.0,1,False,0.9978560841332581,,,,,-0.18896855202013899,-0.1935920897885052,-0.004623537768366215,"['CP1', 'C1', 'Pz', 'CP4', 'P1']","['CP1', 'C1', 'Pz', 'CP4', 'C4']",,,,3,CTNet
DeepFool_L2,,,,L2,,,,50.0,,,42,0.7916666865348816,0.2430555522441864,0.7569444477558136,114.15423583984375,92.58403778076172,3.0771565437316895,60.98329162597656,114.24883270263672,,,0.0,1,False,0.9339003387916432,,,,,-0.18896855202013899,-0.2829892895785784,-0.0940207375584394,"['CP1', 'C1', 'Pz', 'CP4', 'P1']","['CP1', 'C1', 'Pz', 'CP4', 'C4']",,,,3,CTNet
FGSM,False,,,Linf,0.25,0.029103828048672172,"[0.2362140268087387, 0.23648451268672943, 0.2448825091123581, 0.2501400113105774, 0.24432478845119476, 0.23885950446128845, 0.2124272584915161, 0.2498600035905838, 0.24931460618972778, 0.25488030910491943, 0.2494169920682907, 0.2461688220500946, 0.23448911309242249, 0.2552613317966461, 0.25794991850852966, 0.2643517255783081, 0.2621024250984192, 0.261465460062027, 0.2666919529438019, 0.2738928496837616, 0.2746894061565399, 0.27524083852767944]",,,False,123,0.8159722089767456,0.25,0.75,117.21326446533203,116.76276397705078,3.8786282539367676,2.384780168533325,0.13085836172103882,"[0.5277777777777778, 0.8611111111111112, 0.9861111111111112, 0.8888888888888888]","[0.0, 0.0, 1.0, 0.0]",0.0,1,False,0.9071675607001695,,,,,0.11074049783202893,0.1482414453055757,0.03750094747354678,"['CPz', 'C3', 'Pz', 'C6', 'Cz']","['CPz', 'C3', 'Pz', 'C6', 'P2']",,,,3,CTNet
FGSM,False,,,Linf,0.5,0.058207656097344344,"[0.4724280536174774, 0.47296902537345886, 0.4897650182247162, 0.5002800226211548, 0.4886495769023895, 0.4777190089225769, 0.4248545169830322, 0.4997200071811676, 0.49862921237945557, 0.5097606182098389, 0.4988339841365814, 0.4923376441001892, 0.46897822618484497, 0.5105226635932922, 0.5158998370170593, 0.5287034511566162, 0.5242048501968384, 0.522930920124054, 0.5333839058876038, 0.5477856993675232, 0.5493788123130798, 0.5504816770553589]",,,False,123,0.8159722089767456,0.25,0.75,117.30828094482422,116.85888671875,3.8786282539367676,2.3775317668914795,0.1299530267715454,"[0.5277777777777778, 0.8611111111111112, 0.9861111111111112, 0.8888888888888888]","[0.0, 0.0, 1.0, 0.0]",0.0,1,False,0.9071675607001695,,,,,0.11074049783202893,0.1482414453055757,0.03750094747354678,"['CPz', 'C3', 'Pz', 'C6', 'Cz']","['CPz', 'C3', 'Pz', 'C6', 'P2']",,,,3,CTNet
FGSM,False,,,Linf,1.0,0.11641531219468869,"[0.9448561072349548, 0.9459380507469177, 0.9795300364494324, 1.0005600452423096, 0.977299153804779, 0.9554380178451538, 0.8497090339660645, 0.9994400143623352, 0.9972584247589111, 1.0195212364196777, 0.9976679682731628, 0.9846752882003784, 0.9379564523696899, 1.0210453271865845, 1.0317996740341187, 1.0574069023132324, 1.0484097003936768, 1.045861840248108, 1.0667678117752075, 1.0955713987350464, 1.0987576246261597, 1.1009633541107178]",,,False,123,0.8159722089767456,0.125,0.875,117.2391357421875,117.24156188964844,3.8786282539367676,2.348741292953491,0.1264553666114807,"[0.5277777777777778, 0.8611111111111112, 0.9861111111111112, 0.8888888888888888]","[0.0, 0.0, 0.5, 0.0]",0.0,1,False,0.9071675607001695,,,,,0.11074049783202893,0.1482414453055757,0.03750094747354678,"['CPz', 'C3', 'Pz', 'C6', 'Cz']","['CPz', 'C3', 'Pz', 'C6', 'P2']",,,,3,CTNet
FGSM,False,,,Linf,2.0,0.23283062438937738,"[1.8897122144699097, 1.8918761014938354, 1.9590600728988647, 2.001120090484619, 1.954598307609558, 1.9108760356903076, 1.699418067932129, 1.9988800287246704, 1.9945168495178223, 2.0390424728393555, 1.9953359365463257, 1.9693505764007568, 1.8759129047393799, 2.042090654373169, 2.0635993480682373, 2.114813804626465, 2.0968194007873535, 2.091723680496216, 2.133535623550415, 2.1911427974700928, 2.1975152492523193, 2.2019267082214355]",,,False,123,0.8159722089767456,0.010416666977107525,0.9895833330228925,118.271240234375,118.74361419677734,3.8786282539367676,2.236694812774658,0.11441932618618011,"[0.5277777777777778, 0.8611111111111112, 0.9861111111111112, 0.8888888888888888]","[0.0, 0.0, 0.041666666666666664, 0.0]",0.0,1,False,0.9071675607001695,,,,,0.11074049783202893,0.1482414453055757,0.03750094747354678,"['CPz', 'C3', 'Pz', 'C6', 'Cz']","['CPz', 'C3', 'Pz', 'C6', 'P2']",,,,3,CTNet
PGD,False,,,Linf,0.25,0.029103828048672172,"[0.2362140268087387, 0.23648451268672943, 0.2448825091123581, 0.2501400113105774, 0.24432478845119476, 0.23885950446128845, 0.2124272584915161, 0.2498600035905838, 0.24931460618972778, 0.25488030910491943, 0.2494169920682907, 0.2461688220500946, 0.23448911309242249, 0.2552613317966461, 0.25794991850852966, 0.2643517255783081, 0.2621024250984192, 0.261465460062027, 0.2666919529438019, 0.2738928496837616, 0.2746894061565399, 0.27524083852767944]",40.0,0.0036379785060840215,True,123,0.8159722089767456,0.25,0.75,117.2131118774414,116.7626953125,3.8786282539367676,2.3847858905792236,0.1308588832616806,"[0.5277777777777778, 0.8611111111111112, 0.9861111111111112, 0.8888888888888888]","[0.0, 0.0, 1.0, 0.0]",0.0,1,False,0.9052706804065501,,,,,0.11074049783202893,0.14815610475578145,0.03741560692375252,"['CPz', 'C3', 'Pz', 'C6', 'Cz']","['CPz', 'C3', 'Pz', 'C6', 'P2']",,,,3,CTNet
PGD,False,,,Linf,0.5,0.058207656097344344,"[0.4724280536174774, 0.47296902537345886, 0.4897650182247162, 0.5002800226211548, 0.4886495769023895, 0.4777190089225769, 0.4248545169830322, 0.4997200071811676, 0.49862921237945557, 0.5097606182098389, 0.4988339841365814, 0.4923376441001892, 0.46897822618484497, 0.5105226635932922, 0.5158998370170593, 0.5287034511566162, 0.5242048501968384, 0.522930920124054, 0.5333839058876038, 0.5477856993675232, 0.5493788123130798, 0.5504816770553589]",40.0,0.007275957012168043,True,123,0.8159722089767456,0.2430555522441864,0.7569444477558136,117.30728912353516,116.85824584960938,3.8786282539367676,2.377579927444458,0.1299571692943573,"[0.5277777777777778, 0.8611111111111112, 0.9861111111111112, 0.8888888888888888]","[0.0, 0.0, 0.9722222222222222, 0.0]",0.0,1,False,0.9052706804065501,,,,,0.11074049783202893,0.14815610475578145,0.03741560692375252,"['CPz', 'C3', 'Pz', 'C6', 'Cz']","['CPz', 'C3', 'Pz', 'C6', 'P2']",,,,3,CTNet
PGD,False,,,Linf,1.0,0.11641531219468869,"[0.9448561072349548, 0.9459380507469177, 0.9795300364494324, 1.0005600452423096, 0.977299153804779, 0.9554380178451538, 0.8497090339660645, 0.9994400143623352, 0.9972584247589111, 1.0195212364196777, 0.9976679682731628, 0.9846752882003784, 0.9379564523696899, 1.0210453271865845, 1.0317996740341187, 1.0574069023132324, 1.0484097003936768, 1.045861840248108, 1.0667678117752075, 1.0955713987350464, 1.0987576246261597, 1.1009633541107178]",40.0,0.014551914024336086,True,123,0.8159722089767456,0.0,1.0,116.82698059082031,117.23609924316406,3.8786282539367676,2.3491506576538086,0.12648753821849823,"[0.5277777777777778, 0.8611111111111112, 0.9861111111111112, 0.8888888888888888]","[0.0, 0.0, 0.0, 0.0]",0.0,1,False,0.9052706804065501,,,,,0.11074049783202893,0.14815610475578145,0.03741560692375252,"['CPz', 'C3', 'Pz', 'C6', 'Cz']","['CPz', 'C3', 'Pz', 'C6', 'P2']",,,,3,CTNet
PGD,False,,,Linf,2.0,0.23283062438937738,"[1.8897122144699097, 1.8918761014938354, 1.9590600728988647, 2.001120090484619, 1.954598307609558, 1.9108760356903076, 1.699418067932129, 1.9988800287246704, 1.9945168495178223, 2.0390424728393555, 1.9953359365463257, 1.9693505764007568, 1.8759129047393799, 2.042090654373169, 2.0635993480682373, 2.114813804626465, 2.0968194007873535, 2.091723680496216, 2.133535623550415, 2.1911427974700928, 2.1975152492523193, 2.2019267082214355]",40.0,0.029103828048672172,True,123,0.8159722089767456,0.0,1.0,118.279052734375,118.69967651367188,3.8786282539367676,2.239948272705078,0.1145917996764183,"[0.5277777777777778, 0.8611111111111112, 0.9861111111111112, 0.8888888888888888]","[0.0, 0.0, 0.0, 0.0]",0.0,1,False,0.9052706804065501,,,,,0.11074049783202893,0.14815610475578145,0.03741560692375252,"['CPz', 'C3', 'Pz', 'C6', 'Cz']","['CPz', 'C3', 'Pz', 'C6', 'P2']",,,,3,CTNet
FGSM_LP,True,gaussian,3.0,Linf,0.25,0.029103828048672172,"[0.2362140268087387, 0.23648451268672943, 0.2448825091123581, 0.2501400113105774, 0.24432478845119476, 0.23885950446128845, 0.2124272584915161, 0.2498600035905838, 0.24931460618972778, 0.25488030910491943, 0.2494169920682907, 0.2461688220500946, 0.23448911309242249, 0.2552613317966461, 0.25794991850852966, 0.2643517255783081, 0.2621024250984192, 0.261465460062027, 0.2666919529438019, 0.2738928496837616, 0.2746894061565399, 0.27524083852767944]",,,False,123,0.8159722089767456,0.7465277910232544,0.2534722089767456,4.470042705535889,4.463178634643555,0.029103882610797882,30.71277618408203,0.5422276258468628,"[0.5277777777777778, 0.8611111111111112, 0.9861111111111112, 0.8888888888888888]","[0.3472222222222222, 0.7777777777777778, 1.0, 0.8611111111111112]",0.0,1,False,0.9981384105025409,,,,,0.11074049783202893,0.11076606647793436,2.5568645905429954e-05,"['CPz', 'C3', 'Pz', 'C6', 'Cz']","['CPz', 'C3', 'Pz', 'C6', 'Cz']",,,,3,CTNet
FGSM_LP,True,gaussian,3.0,Linf,0.5,0.058207656097344344,"[0.4724280536174774, 0.47296902537345886, 0.4897650182247162, 0.5002800226211548, 0.4886495769023895, 0.4777190089225769, 0.4248545169830322, 0.4997200071811676, 0.49862921237945557, 0.5097606182098389, 0.4988339841365814, 0.4923376441001892, 0.46897822618484497, 0.5105226635932922, 0.5158998370170593, 0.5287034511566162, 0.5242048501968384, 0.522930920124054, 0.5333839058876038, 0.5477856993675232, 0.5493788123130798, 0.5504816770553589]",,,False,123,0.8159722089767456,0.6319444179534912,0.3680555820465088,8.752076148986816,8.73934555053711,0.05820775032043457,24.87615203857422,0.5341789126396179,"[0.5277777777777778, 0.8611111111111112, 0.9861111111111112, 0.8888888888888888]","[0.20833333333333334, 0.625, 0.9722222222222222, 0.7222222222222222]",0.0,1,False,0.9981384105025409,,,,,0.11074049783202893,0.11076606647793436,2.5568645905429954e-05,"['CPz', 'C3', 'Pz', 'C6', 'Cz']","['CPz', 'C3', 'Pz', 'C6', 'Cz']",,,,3,CTNet
FGSM_LP,True,gaussian,3.0,Linf,1.0,0.11641531219468869,"[0.9448561072349548, 0.9459380507469177, 0.9795300364494324, 1.0005600452423096, 0.977299153804779, 0.9554380178451538, 0.8497090339660645, 0.9994400143623352, 0.9972584247589111, 1.0195212364196777, 0.9976679682731628, 0.9846752882003784, 0.9379564523696899, 1.0210453271865845, 1.0317996740341187, 1.0574069023132324, 1.0484097003936768, 1.045861840248108, 1.0667678117752075, 1.0955713987350464, 1.0987576246261597, 1.1009633541107178]",,,False,123,0.8159722089767456,0.2604166567325592,0.7395833432674408,16.84235382080078,16.831016540527344,0.11641539633274078,19.183631896972656,0.5210769772529602,"[0.5277777777777778, 0.8611111111111112, 0.9861111111111112, 0.8888888888888888]","[0.013888888888888888, 0.19444444444444445, 0.6666666666666666, 0.16666666666666666]",0.0,1,False,0.9981384105025409,,,,,0.11074049783202893,0.11076606647793436,2.5568645905429954e-05,"['CPz', 'C3', 'Pz', 'C6', 'Cz']","['CPz', 'C3', 'Pz', 'C6', 'Cz']",,,,3,CTNet
FGSM_LP,True,gaussian,3.0,Linf,2.0,0.23283062438937738,"[1.8897122144699097, 1.8918761014938354, 1.9590600728988647, 2.001120090484619, 1.954598307609558, 1.9108760356903076, 1.699418067932129, 1.9988800287246704, 1.9945168495178223, 2.0390424728393555, 1.9953359365463257, 1.9693505764007568, 1.8759129047393799, 2.042090654373169, 2.0635993480682373, 2.114813804626465, 2.0968194007873535, 2.091723680496216, 2.133535623550415, 2.1911427974700928, 2.1975152492523193, 2.2019267082214355]",,,False,123,0.8159722089767456,0.02083333395421505,0.979166666045785,31.544170379638672,31.522024154663086,0.23283062875270844,13.733736038208008,0.5007658004760742,"[0.5277777777777778, 0.8611111111111112, 0.9861111111111112, 0.8888888888888888]","[0.0, 0.0, 0.08333333333333333, 0.0]",0.0,1,False,0.9981384105025409,,,,,0.11074049783202893,0.11076606647793436,2.5568645905429954e-05,"['CPz', 'C3', 'Pz', 'C6', 'Cz']","['CPz', 'C3', 'Pz', 'C6', 'Cz']",,,,3,CTNet
PGD_LP,True,gaussian,3.0,Linf,0.25,0.029103828048672172,"[0.2362140268087387, 0.23648451268672943, 0.2448825091123581, 0.2501400113105774, 0.24432478845119476, 0.23885950446128845, 0.2124272584915161, 0.2498600035905838, 0.24931460618972778, 0.25488030910491943, 0.2494169920682907, 0.2461688220500946, 0.23448911309242249, 0.2552613317966461, 0.25794991850852966, 0.2643517255783081, 0.2621024250984192, 0.261465460062027, 0.2666919529438019, 0.2738928496837616, 0.2746894061565399, 0.27524083852767944]",40.0,0.0036379785060840215,True,123,0.8159722089767456,0.7604166865348816,0.2395833134651184,4.470637798309326,4.464706897735596,0.029103882610797882,30.70979881286621,0.5422444343566895,"[0.5277777777777778, 0.8611111111111112, 0.9861111111111112, 0.8888888888888888]","[0.3888888888888889, 0.7777777777777778, 1.0, 0.875]",0.0,1,False,0.9981295878035008,,,,,0.11074049783202893,0.1108098699998666,6.937216783767242e-05,"['CPz', 'C3', 'Pz', 'C6', 'Cz']","['CPz', 'C3', 'Pz', 'C6', 'Cz']",,,,3,CTNet
PGD_LP,True,gaussian,3.0,Linf,0.5,0.058207656097344344,"[0.4724280536174774, 0.47296902537345886, 0.4897650182247162, 0.5002800226211548, 0.4886495769023895, 0.4777190089225769, 0.4248545169830322, 0.4997200071811676, 0.49862921237945557, 0.5097606182098389, 0.4988339841365814, 0.4923376441001892, 0.46897822618484497, 0.5105226635932922, 0.5158998370170593, 0.5287034511566162, 0.5242048501968384, 0.522930920124054, 0.5333839058876038, 0.5477856993675232, 0.5493788123130798, 0.5504816770553589]",40.0,0.007275957012168043,True,123,0.8159722089767456,0.65625,0.34375,8.763134956359863,8.745675086975098,0.05820775032043457,24.869855880737305,0.5341020226478577,"[0.5277777777777778, 0.8611111111111112, 0.9861111111111112, 0.8888888888888888]","[0.2361111111111111, 0.6111111111111112, 1.0, 0.7777777777777778]",0.0,1,False,0.9981295878035008,,,,,0.11074049783202893,0.1108098699998666,6.937216783767242e-05,"['CPz', 'C3', 'Pz', 'C6', 'Cz']","['CPz', 'C3', 'Pz', 'C6', 'Cz']",,,,3,CTNet
PGD_LP,True,gaussian,3.0,Linf,1.0,0.11641531219468869,"[0.9448561072349548, 0.9459380507469177, 0.9795300364494324, 1.0005600452423096, 0.977299153804779, 0.9554380178451538, 0.8497090339660645, 0.9994400143623352, 0.9972584247589111, 1.0195212364196777, 0.9976679682731628, 0.9846752882003784, 0.9379564523696899, 1.0210453271865845, 1.0317996740341187, 1.0574069023132324, 1.0484097003936768, 1.045861840248108, 1.0667678117752075, 1.0955713987350464, 1.0987576246261597, 1.1009633541107178]",40.0,0.014551914024336086,True,123,0.8159722089767456,0.3333333432674408,0.6666666567325592,16.87042808532715,16.856473922729492,0.11641539633274078,19.170501708984375,0.5202247500419617,"[0.5277777777777778, 0.8611111111111112, 0.9861111111111112, 0.8888888888888888]","[0.027777777777777776, 0.2361111111111111, 0.7222222222222222, 0.3472222222222222]",0.0,1,False,0.9981295878035008,,,,,0.11074049783202893,0.1108098699998666,6.937216783767242e-05,"['CPz', 'C3', 'Pz', 'C6', 'Cz']","['CPz', 'C3', 'Pz', 'C6', 'Cz']",,,,3,CTNet
PGD_LP,True,gaussian,3.0,Linf,2.0,0.23283062438937738,"[1.8897122144699097, 1.8918761014938354, 1.9590600728988647, 2.001120090484619, 1.954598307609558, 1.9108760356903076, 1.699418067932129, 1.9988800287246704, 1.9945168495178223, 2.0390424728393555, 1.9953359365463257, 1.9693505764007568, 1.8759129047393799, 2.042090654373169, 2.0635993480682373, 2.114813804626465, 2.0968194007873535, 2.091723680496216, 2.133535623550415, 2.1911427974700928, 2.1975152492523193, 2.2019267082214355]",40.0,0.029103828048672172,True,123,0.8159722089767456,0.010416666977107525,0.9895833330228925,31.594560623168945,31.588993072509766,0.23283062875270844,13.715365409851074,0.49577003717422485,"[0.5277777777777778, 0.8611111111111112, 0.9861111111111112, 0.8888888888888888]","[0.0, 0.0, 0.013888888888888888, 0.027777777777777776]",0.0,1,False,0.9981295878035008,,,,,0.11074049783202893,0.1108098699998666,6.937216783767242e-05,"['CPz', 'C3', 'Pz', 'C6', 'Cz']","['CPz', 'C3', 'Pz', 'C6', 'Cz']",,,,3,CTNet
DeepFool_L2,,,,L2,,,,50.0,,,123,0.8159722089767456,0.0729166641831398,0.9270833358168602,114.39588928222656,95.45420837402344,3.178299903869629,54.14168930053711,109.03297424316406,,,0.0,1,False,0.9077145680406551,,,,,0.11074049783202893,0.1445663090881503,0.03382581125612137,"['CPz', 'C3', 'Pz', 'C6', 'Cz']","['CPz', 'C3', 'Pz', 'C6', 'Cz']",,,,3,CTNet
FGSM,False,,,Linf,0.25,0.029103828048672172,"[0.2362140268087387, 0.23648451268672943, 0.2448825091123581, 0.2501400113105774, 0.24432478845119476, 0.23885950446128845, 0.2124272584915161, 0.2498600035905838, 0.24931460618972778, 0.25488030910491943, 0.2494169920682907, 0.2461688220500946, 0.23448911309242249, 0.2552613317966461, 0.25794991850852966, 0.2643517255783081, 0.2621024250984192, 0.261465460062027, 0.2666919529438019, 0.2738928496837616, 0.2746894061565399, 0.27524083852767944]",,,False,2024,0.7743055820465088,0.15625,0.84375,116.87545776367188,116.76274871826172,3.8786282539367676,2.3847804069519043,0.1308584362268448,"[0.4444444444444444, 0.8472222222222222, 0.9444444444444444, 0.8611111111111112]","[0.0, 0.0, 0.625, 0.0]",0.0,1,False,0.9383293337097687,,,,,0.033073687274282434,0.018043874430713917,-0.015029812843568517,"['Pz', 'Fz', 'POz', 'C3', 'CP4']","['Pz', 'Fz', 'POz', 'C3', 'CPz']",,,,3,CTNet
FGSM,False,,,Linf,0.5,0.058207656097344344,"[0.4724280536174774, 0.47296902537345886, 0.4897650182247162, 0.5002800226211548, 0.4886495769023895, 0.4777190089225769, 0.4248545169830322, 0.4997200071811676, 0.49862921237945557, 0.5097606182098389, 0.4988339841365814, 0.4923376441001892, 0.46897822618484497, 0.5105226635932922, 0.5158998370170593, 0.5287034511566162, 0.5242048501968384, 0.522930920124054, 0.5333839058876038, 0.5477856993675232, 0.5493788123130798, 0.5504816770553589]",,,False,2024,0.7743055820465088,0.02777777798473835,0.9722222220152617,116.37308502197266,116.85888671875,3.8786282539367676,2.377532482147217,0.12995266914367676,"[0.4444444444444444, 0.8472222222222222, 0.9444444444444444, 0.8611111111111112]","[0.0, 0.0, 0.1111111111111111, 0.0]",0.0,1,False,0.9383293337097687,,,,,0.033073687274282434,0.018043874430713917,-0.015029812843568517,"['Pz', 'Fz', 'POz', 'C3', 'CP4']","['Pz', 'Fz', 'POz', 'C3', 'CPz']",,,,3,CTNet
FGSM,False,,,Linf,1.0,0.11641531219468869,"[0.9448561072349548, 0.9459380507469177, 0.9795300364494324, 1.0005600452423096, 0.977299153804779, 0.9554380178451538, 0.8497090339660645, 0.9994400143623352, 0.9972584247589111, 1.0195212364196777, 0.9976679682731628, 0.9846752882003784, 0.9379564523696899, 1.0210453271865845, 1.0317996740341187, 1.0574069023132324, 1.0484097003936768, 1.045861840248108, 1.0667678117752075, 1.0955713987350464, 1.0987576246261597, 1.1009633541107178]",,,False,2024,0.7743055820465088,0.0034722222480922937,0.9965277777519077,116.78563690185547,117.2415771484375,3.8786282539367676,2.3487401008605957,0.12645266950130463,"[0.4444444444444444, 0.8472222222222222, 0.9444444444444444, 0.8611111111111112]","[0.0, 0.0, 0.013888888888888888, 0.0]",0.0,1,False,0.9383293337097687,,,,,0.033073687274282434,0.018043874430713917,-0.015029812843568517,"['Pz', 'Fz', 'POz', 'C3', 'CP4']","['Pz', 'Fz', 'POz', 'C3', 'CPz']",,,,3,CTNet
FGSM,False,,,Linf,2.0,0.23283062438937738,"[1.8897122144699097, 1.8918761014938354, 1.9590600728988647, 2.001120090484619, 1.954598307609558, 1.9108760356903076, 1.699418067932129, 1.9988800287246704, 1.9945168495178223, 2.0390424728393555, 1.9953359365463257, 1.9693505764007568, 1.8759129047393799, 2.042090654373169, 2.0635993480682373, 2.114813804626465, 2.0968194007873535, 2.091723680496216, 2.133535623550415, 2.1911427974700928, 2.1975152492523193, 2.2019267082214355]",,,False,2024,0.7743055820465088,0.0,1.0,118.29862976074219,118.74446868896484,3.8786282539367676,2.2366321086883545,0.11438348144292831,"[0.4444444444444444, 0.8472222222222222, 0.9444444444444444, 0.8611111111111112]","[0.0, 0.0, 0.0, 0.0]",0.0,1,False,0.9383293337097687,,,,,0.033073687274282434,0.018043874430713917,-0.015029812843568517,"['Pz', 'Fz', 'POz', 'C3', 'CP4']","['Pz', 'Fz', 'POz', 'C3', 'CPz']",,,,3,CTNet
PGD,False,,,Linf,0.25,0.029103828048672172,"[0.2362140268087387, 0.23648451268672943, 0.2448825091123581, 0.2501400113105774, 0.24432478845119476, 0.23885950446128845, 0.2124272584915161, 0.2498600035905838, 0.24931460618972778, 0.25488030910491943, 0.2494169920682907, 0.2461688220500946, 0.23448911309242249, 0.2552613317966461, 0.25794991850852966, 0.2643517255783081, 0.2621024250984192, 0.261465460062027, 0.2666919529438019, 0.2738928496837616, 0.2746894061565399, 0.27524083852767944]",40.0,0.0036379785060840215,True,2024,0.7743055820465088,0.0694444477558136,0.9305555522441864,116.65895080566406,116.76266479492188,3.8786282539367676,2.38478684425354,0.1308598518371582,"[0.4444444444444444, 0.8472222222222222, 0.9444444444444444, 0.8611111111111112]","[0.0, 0.0, 0.2777777777777778, 0.0]",0.0,1,False,0.9416907820440431,,,,,0.033073687274282434,0.017043520464316744,-0.01603016680996569,"['Pz', 'Fz', 'POz', 'C3', 'CP4']","['Pz', 'Fz', 'POz', 'CPz', 'C3']",,,,3,CTNet
PGD,False,,,Linf,0.5,0.058207656097344344,"[0.4724280536174774, 0.47296902537345886, 0.4897650182247162, 0.5002800226211548, 0.4886495769023895, 0.4777190089225769, 0.4248545169830322, 0.4997200071811676, 0.49862921237945557, 0.5097606182098389, 0.4988339841365814, 0.4923376441001892, 0.46897822618484497, 0.5105226635932922, 0.5158998370170593, 0.5287034511566162, 0.5242048501968384, 0.522930920124054, 0.5333839058876038, 0.5477856993675232, 0.5493788123130798, 0.5504816770553589]",40.0,0.007275957012168043,True,2024,0.7743055820465088,0.0,1.0,116.4562759399414,116.85826110839844,3.8786282539367676,2.377579927444458,0.12996140122413635,"[0.4444444444444444, 0.8472222222222222, 0.9444444444444444, 0.8611111111111112]","[0.0, 0.0, 0.0, 0.0]",0.0,1,False,0.9416907820440431,,,,,0.033073687274282434,0.017043520464316744,-0.01603016680996569,"['Pz', 'Fz', 'POz', 'C3', 'CP4']","['Pz', 'Fz', 'POz', 'CPz', 'C3']",,,,3,CTNet
PGD,False,,,Linf,1.0,0.11641531219468869,"[0.9448561072349548, 0.9459380507469177, 0.9795300364494324, 1.0005600452423096, 0.977299153804779, 0.9554380178451538, 0.8497090339660645, 0.9994400143623352, 0.9972584247589111, 1.0195212364196777, 0.9976679682731628, 0.9846752882003784, 0.9379564523696899, 1.0210453271865845, 1.0317996740341187, 1.0574069023132324, 1.0484097003936768, 1.045861840248108, 1.0667678117752075, 1.0955713987350464, 1.0987576246261597, 1.1009633541107178]",40.0,0.014551914024336086,True,2024,0.7743055820465088,0.0,1.0,116.82693481445312,117.23643493652344,3.8786282539367676,2.349127769470215,0.12652093172073364,"[0.4444444444444444, 0.8472222222222222, 0.9444444444444444, 0.8611111111111112]","[0.0, 0.0, 0.0, 0.0]",0.0,1,False,0.9416907820440431,,,,,0.033073687274282434,0.017043520464316744,-0.01603016680996569,"['Pz', 'Fz', 'POz', 'C3', 'CP4']","['Pz', 'Fz', 'POz', 'CPz', 'C3']",,,,3,CTNet
PGD,False,,,Linf,2.0,0.23283062438937738,"[1.8897122144699097, 1.8918761014938354, 1.9590600728988647, 2.001120090484619, 1.954598307609558, 1.9108760356903076, 1.699418067932129, 1.9988800287246704, 1.9945168495178223, 2.0390424728393555, 1.9953359365463257, 1.9693505764007568, 1.8759129047393799, 2.042090654373169, 2.0635993480682373, 2.114813804626465, 2.0968194007873535, 2.091723680496216, 2.133535623550415, 2.1911427974700928, 2.1975152492523193, 2.2019267082214355]",40.0,0.029103828048672172,True,2024,0.7743055820465088,0.0,1.0,118.27928161621094,118.70453643798828,3.8786282539367676,2.2396016120910645,0.114717498421669,"[0.4444444444444444, 0.8472222222222222, 0.9444444444444444, 0.8611111111111112]","[0.0, 0.0, 0.0, 0.0]",0.0,1,False,0.9416907820440431,,,,,0.033073687274282434,0.017043520464316744,-0.01603016680996569,"['Pz', 'Fz', 'POz', 'C3', 'CP4']","['Pz', 'Fz', 'POz', 'CPz', 'C3']",,,,3,CTNet
FGSM_LP,True,gaussian,3.0,Linf,0.25,0.029103828048672172,"[0.2362140268087387, 0.23648451268672943, 0.2448825091123581, 0.2501400113105774, 0.24432478845119476, 0.23885950446128845, 0.2124272584915161, 0.2498600035905838, 0.24931460618972778, 0.25488030910491943, 0.2494169920682907, 0.2461688220500946, 0.23448911309242249, 0.2552613317966461, 0.25794991850852966, 0.2643517255783081, 0.2621024250984192, 0.261465460062027, 0.2666919529438019, 0.2738928496837616, 0.2746894061565399, 0.27524083852767944]",,,False,2024,0.7743055820465088,0.7256944179534912,0.2743055820465088,4.467710018157959,4.463327884674072,0.029103882610797882,30.712486267089844,0.542195200920105,"[0.4444444444444444, 0.8472222222222222, 0.9444444444444444, 0.8611111111111112]","[0.4305555555555556, 0.7638888888888888, 0.9166666666666666, 0.7916666666666666]",0.0,1,False,0.9985266092603049,,,,,0.033073687274282434,0.03364351341116172,0.0005698261368792881,"['Pz', 'Fz', 'POz', 'C3', 'CP4']","['Pz', 'Fz', 'POz', 'C3', 'CP4']",,,,3,CTNet
FGSM_LP,True,gaussian,3.0,Linf,0.5,0.058207656097344344,"[0.4724280536174774, 0.47296902537345886, 0.4897650182247162, 0.5002800226211548, 0.4886495769023895, 0.4777190089225769, 0.4248545169830322, 0.4997200071811676, 0.49862921237945557, 0.5097606182098389, 0.4988339841365814, 0.4923376441001892, 0.46897822618484497, 0.5105226635932922, 0.5158998370170593, 0.5287034511566162, 0.5242048501968384, 0.522930920124054, 0.5333839058876038, 0.5477856993675232, 0.5493788123130798, 0.5504816770553589]",,,False,2024,0.7743055820465088,0.5763888955116272,0.4236111044883728,8.749673843383789,8.74029541015625,0.05820775032043457,24.875213623046875,0.5336086750030518,"[0.4444444444444444, 0.8472222222222222, 0.9444444444444444, 0.8611111111111112]","[0.2777777777777778, 0.5833333333333334, 0.8888888888888888, 0.5555555555555556]",0.0,1,False,0.9985266092603049,,,,,0.033073687274282434,0.03364351341116172,0.0005698261368792881,"['Pz', 'Fz', 'POz', 'C3', 'CP4']","['Pz', 'Fz', 'POz', 'C3', 'CP4']",,,,3,CTNet
FGSM_LP,True,gaussian,3.0,Linf,1.0,0.11641531219468869,"[0.9448561072349548, 0.9459380507469177, 0.9795300364494324, 1.0005600452423096, 0.977299153804779, 0.9554380178451538, 0.8497090339660645, 0.9994400143623352, 0.9972584247589111, 1.0195212364196777, 0.9976679682731628, 0.9846752882003784, 0.9379564523696899, 1.0210453271865845, 1.0317996740341187, 1.0574069023132324, 1.0484097003936768, 1.045861840248108, 1.0667678117752075, 1.0955713987350464, 1.0987576246261597, 1.1009633541107178]",,,False,2024,0.7743055820465088,0.15625,0.84375,16.856510162353516,16.83696937561035,0.11641539633274078,19.180570602416992,0.5196190476417542,"[0.4444444444444444, 0.8472222222222222, 0.9444444444444444, 0.8611111111111112]","[0.013888888888888888, 0.06944444444444445, 0.4305555555555556, 0.1111111111111111]",0.0,1,False,0.9985266092603049,,,,,0.033073687274282434,0.03364351341116172,0.0005698261368792881,"['Pz', 'Fz', 'POz', 'C3', 'CP4']","['Pz', 'Fz', 'POz', 'C3', 'CP4']",,,,3,CTNet
FGSM_LP,True,gaussian,3.0,Linf,2.0,0.23283062438937738,"[1.8897122144699097, 1.8918761014938354, 1.9590600728988647, 2.001120090484619, 1.954598307609558, 1.9108760356903076, 1.699418067932129, 1.9988800287246704, 1.9945168495178223, 2.0390424728393555, 1.9953359365463257, 1.9693505764007568, 1.8759129047393799, 2.042090654373169, 2.0635993480682373, 2.114813804626465, 2.0968194007873535, 2.091723680496216, 2.133535623550415, 2.1911427974700928, 2.1975152492523193, 2.2019267082214355]",,,False,2024,0.7743055820465088,0.0069444444961845875,0.9930555555038154,31.54586410522461,31.54855728149414,0.23283062875270844,13.726455688476562,0.49850961565971375,"[0.4444444444444444, 0.8472222222222222, 0.9444444444444444, 0.8611111111111112]","[0.0, 0.0, 0.027777777777777776, 0.0]",0.0,1,False,0.9985266092603049,,,,,0.033073687274282434,0.03364351341116172,0.0005698261368792881,"['Pz', 'Fz', 'POz', 'C3', 'CP4']","['Pz', 'Fz', 'POz', 'C3', 'CP4']",,,,3,CTNet
PGD_LP,True,gaussian,3.0,Linf,0.25,0.029103828048672172,"[0.2362140268087387, 0.23648451268672943, 0.2448825091123581, 0.2501400113105774, 0.24432478845119476, 0.23885950446128845, 0.2124272584915161, 0.2498600035905838, 0.24931460618972778, 0.25488030910491943, 0.2494169920682907, 0.2461688220500946, 0.23448911309242249, 0.2552613317966461, 0.25794991850852966, 0.2643517255783081, 0.2621024250984192, 0.261465460062027, 0.2666919529438019, 0.2738928496837616, 0.2746894061565399, 0.27524083852767944]",40.0,0.0036379785060840215,True,2024,0.7743055820465088,0.7465277910232544,0.2534722089767456,4.468783378601074,4.463959217071533,0.029103882610797882,30.71125602722168,0.542757511138916,"[0.4444444444444444, 0.8472222222222222, 0.9444444444444444, 0.8611111111111112]","[0.4583333333333333, 0.7638888888888888, 0.9166666666666666, 0.8472222222222222]",0.0,1,False,0.998729531338227,,,,,0.033073687274282434,0.033577445540597856,0.0005037582663154211,"['Pz', 'Fz', 'POz', 'C3', 'CP4']","['Pz', 'Fz', 'POz', 'C3', 'CP4']",,,,3,CTNet
PGD_LP,True,gaussian,3.0,Linf,0.5,0.058207656097344344,"[0.4724280536174774, 0.47296902537345886, 0.4897650182247162, 0.5002800226211548, 0.4886495769023895, 0.4777190089225769, 0.4248545169830322, 0.4997200071811676, 0.49862921237945557, 0.5097606182098389, 0.4988339841365814, 0.4923376441001892, 0.46897822618484497, 0.5105226635932922, 0.5158998370170593, 0.5287034511566162, 0.5242048501968384, 0.522930920124054, 0.5333839058876038, 0.5477856993675232, 0.5493788123130798, 0.5504816770553589]",40.0,0.007275957012168043,True,2024,0.7743055820465088,0.6180555820465088,0.3819444179534912,8.750923156738281,8.742605209350586,0.05820775032043457,24.87290382385254,0.5351080298423767,"[0.4444444444444444, 0.8472222222222222, 0.9444444444444444, 0.8611111111111112]","[0.3055555555555556, 0.625, 0.875, 0.6666666666666666]",0.0,1,False,0.998729531338227,,,,,0.033073687274282434,0.033577445540597856,0.0005037582663154211,"['Pz', 'Fz', 'POz', 'C3', 'CP4']","['Pz', 'Fz', 'POz', 'C3', 'CP4']",,,,3,CTNet
PGD_LP,True,gaussian,3.0,Linf,1.0,0.11641531219468869,"[0.9448561072349548, 0.9459380507469177, 0.9795300364494324, 1.0005600452423096, 0.977299153804779, 0.9554380178451538, 0.8497090339660645, 0.9994400143623352, 0.9972584247589111, 1.0195212364196777, 0.9976679682731628, 0.9846752882003784, 0.9379564523696899, 1.0210453271865845, 1.0317996740341187, 1.0574069023132324, 1.0484097003936768, 1.045861840248108, 1.0667678117752075, 1.0955713987350464, 1.0987576246261597, 1.1009633541107178]",40.0,0.014551914024336086,True,2024,0.7743055820465088,0.2777777910232544,0.7222222089767456,16.8388614654541,16.844017028808594,0.11641539633274078,19.17690658569336,0.522442102432251,"[0.4444444444444444, 0.8472222222222222, 0.9444444444444444, 0.8611111111111112]","[0.027777777777777776, 0.25, 0.4305555555555556, 0.4027777777777778]",0.0,1,False,0.998729531338227,,,,,0.033073687274282434,0.033577445540597856,0.0005037582663154211,"['Pz', 'Fz', 'POz', 'C3', 'CP4']","['Pz', 'Fz', 'POz', 'C3', 'CP4']",,,,3,CTNet
PGD_LP,True,gaussian,3.0,Linf,2.0,0.23283062438937738,"[1.8897122144699097, 1.8918761014938354, 1.9590600728988647, 2.001120090484619, 1.954598307609558, 1.9108760356903076, 1.699418067932129, 1.9988800287246704, 1.9945168495178223, 2.0390424728393555, 1.9953359365463257, 1.9693505764007568, 1.8759129047393799, 2.042090654373169, 2.0635993480682373, 2.114813804626465, 2.0968194007873535, 2.091723680496216, 2.133535623550415, 2.1911427974700928, 2.1975152492523193, 2.2019267082214355]",40.0,0.029103828048672172,True,2024,0.7743055820465088,0.0069444444961845875,0.9930555555038154,31.515573501586914,31.52141571044922,0.23283062875270844,13.733916282653809,0.5011574029922485,"[0.4444444444444444, 0.8472222222222222, 0.9444444444444444, 0.8611111111111112]","[0.0, 0.0, 0.0, 0.027777777777777776]",0.0,1,False,0.998729531338227,,,,,0.033073687274282434,0.033577445540597856,0.0005037582663154211,"['Pz', 'Fz', 'POz', 'C3', 'CP4']","['Pz', 'Fz', 'POz', 'C3', 'CP4']",,,,3,CTNet
DeepFool_L2,,,,L2,,,,50.0,,,2024,0.7743055820465088,0.2291666716337204,0.7708333283662796,112.44754028320312,90.19908142089844,3.0198724269866943,65.89397430419922,117.63960266113281,,,0.0,1,False,0.949595920383964,,,,,0.033073687274282434,0.006023637960605853,-0.02705004931367658,"['Pz', 'Fz', 'POz', 'C3', 'CP4']","['Pz', 'Fz', 'POz', 'CP4', 'CPz']",,,,3,CTNet
FGSM,False,,,Linf,0.25,0.029103828048672172,"[0.2362140268087387, 0.23648451268672943, 0.2448825091123581, 0.2501400113105774, 0.24432478845119476, 0.23885950446128845, 0.2124272584915161, 0.2498600035905838, 0.24931460618972778, 0.25488030910491943, 0.2494169920682907, 0.2461688220500946, 0.23448911309242249, 0.2552613317966461, 0.25794991850852966, 0.2643517255783081, 0.2621024250984192, 0.261465460062027, 0.2666919529438019, 0.2738928496837616, 0.2746894061565399, 0.27524083852767944]",,,False,31415,0.8229166865348816,0.1458333283662796,0.8541666716337204,116.7842788696289,116.76274871826172,3.8786282539367676,2.3847804069519043,0.1308583915233612,"[0.6388888888888888, 0.8055555555555556, 0.9722222222222222, 0.875]","[0.0, 0.25, 0.3333333333333333, 0.0]",0.0,1,False,0.8881899350649352,,,,,-0.07848385495266941,-0.1322728259734595,-0.05378897102079008,"['C1', 'FC3', 'CPz', 'P1', 'FC4']","['C1', 'FC3', 'P1', 'C4', 'CPz']",,,,3,CTNet
FGSM,False,,,Linf,0.5,0.058207656097344344,"[0.4724280536174774, 0.47296902537345886, 0.4897650182247162, 0.5002800226211548, 0.4886495769023895, 0.4777190089225769, 0.4248545169830322, 0.4997200071811676, 0.49862921237945557, 0.5097606182098389, 0.4988339841365814, 0.4923376441001892, 0.46897822618484497, 0.5105226635932922, 0.5158998370170593, 0.5287034511566162, 0.5242048501968384, 0.522930920124054, 0.5333839058876038, 0.5477856993675232, 0.5493788123130798, 0.5504816770553589]",,,False,31415,0.8229166865348816,0.0659722238779068,0.9340277761220932,116.5432357788086,116.85890197753906,3.8786282539367676,2.377530336380005,0.12995250523090363,"[0.6388888888888888, 0.8055555555555556, 0.9722222222222222, 0.875]","[0.0, 0.08333333333333333, 0.18055555555555555, 0.0]",0.0,1,False,0.8881899350649352,,,,,-0.07848385495266941,-0.1322728259734595,-0.05378897102079008,"['C1', 'FC3', 'CPz', 'P1', 'FC4']","['C1', 'FC3', 'P1', 'C4', 'CPz']",,,,3,CTNet
FGSM,False,,,Linf,1.0,0.11641531219468869,"[0.9448561072349548, 0.9459380507469177, 0.9795300364494324, 1.0005600452423096, 0.977299153804779, 0.9554380178451538, 0.8497090339660645, 0.9994400143623352, 0.9972584247589111, 1.0195212364196777, 0.9976679682731628, 0.9846752882003784, 0.9379564523696899, 1.0210453271865845, 1.0317996740341187, 1.0574069023132324, 1.0484097003936768, 1.045861840248108, 1.0667678117752075, 1.0955713987350464, 1.0987576246261597, 1.1009633541107178]",,,False,31415,0.8229166865348816,0.010416666977107525,0.9895833330228925,116.78836059570312,117.24173736572266,3.8786282539367676,2.3487284183502197,0.1264585256576538,"[0.6388888888888888, 0.8055555555555556, 0.9722222222222222, 0.875]","[0.0, 0.013888888888888888, 0.027777777777777776, 0.0]",0.0,1,False,0.8881899350649352,,,,,-0.07848385495266941,-0.1322728259734595,-0.05378897102079008,"['C1', 'FC3', 'CPz', 'P1', 'FC4']","['C1', 'FC3', 'P1', 'C4', 'CPz']",,,,3,CTNet
FGSM,False,,,Linf,2.0,0.23283062438937738,"[1.8897122144699097, 1.8918761014938354, 1.9590600728988647, 2.001120090484619, 1.954598307609558, 1.9108760356903076, 1.699418067932129, 1.9988800287246704, 1.9945168495178223, 2.0390424728393555, 1.9953359365463257, 1.9693505764007568, 1.8759129047393799, 2.042090654373169, 2.0635993480682373, 2.114813804626465, 2.0968194007873535, 2.091723680496216, 2.133535623550415, 2.1911427974700928, 2.1975152492523193, 2.2019267082214355]",,,False,31415,0.8229166865348816,0.0,1.0,118.30549621582031,118.7452392578125,3.8786282539367676,2.2365782260894775,0.1144217774271965,"[0.6388888888888888, 0.8055555555555556, 0.9722222222222222, 0.875]","[0.0, 0.0, 0.0, 0.0]",0.0,1,False,0.8881899350649352,,,,,-0.07848385495266941,-0.1322728259734595,-0.05378897102079008,"['C1', 'FC3', 'CPz', 'P1', 'FC4']","['C1', 'FC3', 'P1', 'C4', 'CPz']",,,,3,CTNet
PGD,False,,,Linf,0.25,0.029103828048672172,"[0.2362140268087387, 0.23648451268672943, 0.2448825091123581, 0.2501400113105774, 0.24432478845119476, 0.23885950446128845, 0.2124272584915161, 0.2498600035905838, 0.24931460618972778, 0.25488030910491943, 0.2494169920682907, 0.2461688220500946, 0.23448911309242249, 0.2552613317966461, 0.25794991850852966, 0.2643517255783081, 0.2621024250984192, 0.261465460062027, 0.2666919529438019, 0.2738928496837616, 0.2746894061565399, 0.27524083852767944]",40.0,0.0036379785060840215,True,31415,0.8229166865348816,0.013888888992369175,0.9861111110076308,116.27525329589844,116.76265716552734,3.8786282539367676,2.3847877979278564,0.13085946440696716,"[0.6388888888888888, 0.8055555555555556, 0.9722222222222222, 0.875]","[0.0, 0.041666666666666664, 0.013888888888888888, 0.0]",0.0,1,False,0.8911631846414456,,,,,-0.07848385495266941,-0.13461556425220156,-0.05613170929953215,"['C1', 'FC3', 'CPz', 'P1', 'FC4']","['C1', 'FC3', 'P1', 'C4', 'CPz']",,,,3,CTNet
PGD,False,,,Linf,0.5,0.058207656097344344,"[0.4724280536174774, 0.47296902537345886, 0.4897650182247162, 0.5002800226211548, 0.4886495769023895, 0.4777190089225769, 0.4248545169830322, 0.4997200071811676, 0.49862921237945557, 0.5097606182098389, 0.4988339841365814, 0.4923376441001892, 0.46897822618484497, 0.5105226635932922, 0.5158998370170593, 0.5287034511566162, 0.5242048501968384, 0.522930920124054, 0.5333839058876038, 0.5477856993675232, 0.5493788123130798, 0.5504816770553589]",40.0,0.007275957012168043,True,31415,0.8229166865348816,0.0,1.0,116.45575714111328,116.85816955566406,3.8786282539367676,2.3775863647460938,0.1299598217010498,"[0.6388888888888888, 0.8055555555555556, 0.9722222222222222, 0.875]","[0.0, 0.0, 0.0, 0.0]",0.0,1,False,0.8911631846414456,,,,,-0.07848385495266941,-0.13461556425220156,-0.05613170929953215,"['C1', 'FC3', 'CPz', 'P1', 'FC4']","['C1', 'FC3', 'P1', 'C4', 'CPz']",,,,3,CTNet
PGD,False,,,Linf,1.0,0.11641531219468869,"[0.9448561072349548, 0.9459380507469177, 0.9795300364494324, 1.0005600452423096, 0.977299153804779, 0.9554380178451538, 0.8497090339660645, 0.9994400143623352, 0.9972584247589111, 1.0195212364196777, 0.9976679682731628, 0.9846752882003784, 0.9379564523696899, 1.0210453271865845, 1.0317996740341187, 1.0574069023132324, 1.0484097003936768, 1.045861840248108, 1.0667678117752075, 1.0955713987350464, 1.0987576246261597, 1.1009633541107178]",40.0,0.014551914024336086,True,31415,0.8229166865348816,0.0,1.0,116.82349395751953,117.23538208007812,3.8786282539367676,2.349205732345581,0.1265123337507248,"[0.6388888888888888, 0.8055555555555556, 0.9722222222222222, 0.875]","[0.0, 0.0, 0.0, 0.0]",0.0,1,False,0.8911631846414456,,,,,-0.07848385495266941,-0.13461556425220156,-0.05613170929953215,"['C1', 'FC3', 'CPz', 'P1', 'FC4']","['C1', 'FC3', 'P1', 'C4', 'CPz']",,,,3,CTNet
PGD,False,,,Linf,2.0,0.23283062438937738,"[1.8897122144699097, 1.8918761014938354, 1.9590600728988647, 2.001120090484619, 1.954598307609558, 1.9108760356903076, 1.699418067932129, 1.9988800287246704, 1.9945168495178223, 2.0390424728393555, 1.9953359365463257, 1.9693505764007568, 1.8759129047393799, 2.042090654373169, 2.0635993480682373, 2.114813804626465, 2.0968194007873535, 2.091723680496216, 2.133535623550415, 2.1911427974700928, 2.1975152492523193, 2.2019267082214355]",40.0,0.029103828048672172,True,31415,0.8229166865348816,0.0,1.0,118.2537841796875,118.69371032714844,3.8786282539367676,2.2403881549835205,0.11466190218925476,"[0.6388888888888888, 0.8055555555555556, 0.9722222222222222, 0.875]","[0.0, 0.0, 0.0, 0.0]",0.0,1,False,0.8911631846414456,,,,,-0.07848385495266941,-0.13461556425220156,-0.05613170929953215,"['C1', 'FC3', 'CPz', 'P1', 'FC4']","['C1', 'FC3', 'P1', 'C4', 'CPz']",,,,3,CTNet
FGSM_LP,True,gaussian,3.0,Linf,0.25,0.029103828048672172,"[0.2362140268087387, 0.23648451268672943, 0.2448825091123581, 0.2501400113105774, 0.24432478845119476, 0.23885950446128845, 0.2124272584915161, 0.2498600035905838, 0.24931460618972778, 0.25488030910491943, 0.2494169920682907, 0.2461688220500946, 0.23448911309242249, 0.2552613317966461, 0.25794991850852966, 0.2643517255783081, 0.2621024250984192, 0.261465460062027, 0.2666919529438019, 0.2738928496837616, 0.2746894061565399, 0.27524083852767944]",,,False,31415,0.8229166865348816,0.7777777910232544,0.2222222089767456,4.466559410095215,4.462711811065674,0.029103882610797882,30.71369171142578,0.5424461960792542,"[0.6388888888888888, 0.8055555555555556, 0.9722222222222222, 0.875]","[0.5694444444444444, 0.7638888888888888, 0.9444444444444444, 0.8333333333333334]",0.0,1,False,0.998147233201581,,,,,-0.07848385495266941,-0.08105462354704092,-0.0025707685943715114,"['C1', 'FC3', 'CPz', 'P1', 'FC4']","['C1', 'FC3', 'CPz', 'P1', 'C4']",,,,3,CTNet
FGSM_LP,True,gaussian,3.0,Linf,0.5,0.058207656097344344,"[0.4724280536174774, 0.47296902537345886, 0.4897650182247162, 0.5002800226211548, 0.4886495769023895, 0.4777190089225769, 0.4248545169830322, 0.4997200071811676, 0.49862921237945557, 0.5097606182098389, 0.4988339841365814, 0.4923376441001892, 0.46897822618484497, 0.5105226635932922, 0.5158998370170593, 0.5287034511566162, 0.5242048501968384, 0.522930920124054, 0.5333839058876038, 0.5477856993675232, 0.5493788123130798, 0.5504816770553589]",,,False,31415,0.8229166865348816,0.6388888955116272,0.3611111044883728,8.743024826049805,8.737733840942383,0.05820775032043457,24.877761840820312,0.5341783761978149,"[0.6388888888888888, 0.8055555555555556, 0.9722222222222222, 0.875]","[0.3194444444444444, 0.6111111111111112, 0.9305555555555556, 0.6944444444444444]",0.0,1,False,0.998147233201581,,,,,-0.07848385495266941,-0.08105462354704092,-0.0025707685943715114,"['C1', 'FC3', 'CPz', 'P1', 'FC4']","['C1', 'FC3', 'CPz', 'P1', 'C4']",,,,3,CTNet
FGSM_LP,True,gaussian,3.0,Linf,1.0,0.11641531219468869,"[0.9448561072349548, 0.9459380507469177, 0.9795300364494324, 1.0005600452423096, 0.977299153804779, 0.9554380178451538, 0.8497090339660645, 0.9994400143623352, 0.9972584247589111, 1.0195212364196777, 0.9976679682731628, 0.9846752882003784, 0.9379564523696899, 1.0210453271865845, 1.0317996740341187, 1.0574069023132324, 1.0484097003936768, 1.045861840248108, 1.0667678117752075, 1.0955713987350464, 1.0987576246261597, 1.1009633541107178]",,,False,31415,0.8229166865348816,0.2534722089767456,0.7465277910232544,16.834232330322266,16.82663917541504,0.11641539633274078,19.18589210510254,0.5214022994041443,"[0.6388888888888888, 0.8055555555555556, 0.9722222222222222, 0.875]","[0.05555555555555555, 0.2361111111111111, 0.5694444444444444, 0.1527777777777778]",0.0,1,False,0.998147233201581,,,,,-0.07848385495266941,-0.08105462354704092,-0.0025707685943715114,"['C1', 'FC3', 'CPz', 'P1', 'FC4']","['C1', 'FC3', 'CPz', 'P1', 'C4']",,,,3,CTNet
FGSM_LP,True,gaussian,3.0,Linf,2.0,0.23283062438937738,"[1.8897122144699097, 1.8918761014938354, 1.9590600728988647, 2.001120090484619, 1.954598307609558, 1.9108760356903076, 1.699418067932129, 1.9988800287246704, 1.9945168495178223, 2.0390424728393555, 1.9953359365463257, 1.9693505764007568, 1.8759129047393799, 2.042090654373169, 2.0635993480682373, 2.114813804626465, 2.0968194007873535, 2.091723680496216, 2.133535623550415, 2.1911427974700928, 2.1975152492523193, 2.2019267082214355]",,,False,31415,0.8229166865348816,0.0069444444961845875,0.9930555555038154,31.5023136138916,31.507606506347656,0.23283062875270844,13.737688064575195,0.5021255612373352,"[0.6388888888888888, 0.8055555555555556, 0.9722222222222222, 0.875]","[0.0, 0.0, 0.013888888888888888, 0.013888888888888888]",0.0,1,False,0.998147233201581,,,,,-0.07848385495266941,-0.08105462354704092,-0.0025707685943715114,"['C1', 'FC3', 'CPz', 'P1', 'FC4']","['C1', 'FC3', 'CPz', 'P1', 'C4']",,,,3,CTNet
PGD_LP,True,gaussian,3.0,Linf,0.25,0.029103828048672172,"[0.2362140268087387, 0.23648451268672943, 0.2448825091123581, 0.2501400113105774, 0.24432478845119476, 0.23885950446128845, 0.2124272584915161, 0.2498600035905838, 0.24931460618972778, 0.25488030910491943, 0.2494169920682907, 0.2461688220500946, 0.23448911309242249, 0.2552613317966461, 0.25794991850852966, 0.2643517255783081, 0.2621024250984192, 0.261465460062027, 0.2666919529438019, 0.2738928496837616, 0.2746894061565399, 0.27524083852767944]",40.0,0.0036379785060840215,True,31415,0.8229166865348816,0.7916666865348816,0.2083333134651184,4.467028617858887,4.463298320770264,0.029103882610797882,30.71254539489746,0.5420123934745789,"[0.6388888888888888, 0.8055555555555556, 0.9722222222222222, 0.875]","[0.6111111111111112, 0.7638888888888888, 0.9444444444444444, 0.8472222222222222]",0.0,1,False,0.9983060417843027,,,,,-0.07848385495266941,-0.0813554263337483,-0.002871571381078894,"['C1', 'FC3', 'CPz', 'P1', 'FC4']","['C1', 'FC3', 'CPz', 'P1', 'C4']",,,,3,CTNet
PGD_LP,True,gaussian,3.0,Linf,0.5,0.058207656097344344,"[0.4724280536174774, 0.47296902537345886, 0.4897650182247162, 0.5002800226211548, 0.4886495769023895, 0.4777190089225769, 0.4248545169830322, 0.4997200071811676, 0.49862921237945557, 0.5097606182098389, 0.4988339841365814, 0.4923376441001892, 0.46897822618484497, 0.5105226635932922, 0.5158998370170593, 0.5287034511566162, 0.5242048501968384, 0.522930920124054, 0.5333839058876038, 0.5477856993675232, 0.5493788123130798, 0.5504816770553589]",40.0,0.007275957012168043,True,31415,0.8229166865348816,0.6909722089767456,0.3090277910232544,8.748542785644531,8.740093231201172,0.05820775032043457,24.875410079956055,0.5338573455810547,"[0.6388888888888888, 0.8055555555555556, 0.9722222222222222, 0.875]","[0.3888888888888889, 0.6527777777777778, 0.9444444444444444, 0.7777777777777778]",0.0,1,False,0.9983060417843027,,,,,-0.07848385495266941,-0.0813554263337483,-0.002871571381078894,"['C1', 'FC3', 'CPz', 'P1', 'FC4']","['C1', 'FC3', 'CPz', 'P1', 'C4']",,,,3,CTNet
PGD_LP,True,gaussian,3.0,Linf,1.0,0.11641531219468869,"[0.9448561072349548, 0.9459380507469177, 0.9795300364494324, 1.0005600452423096, 0.977299153804779, 0.9554380178451538, 0.8497090339660645, 0.9994400143623352, 0.9972584247589111, 1.0195212364196777, 0.9976679682731628, 0.9846752882003784, 0.9379564523696899, 1.0210453271865845, 1.0317996740341187, 1.0574069023132324, 1.0484097003936768, 1.045861840248108, 1.0667678117752075, 1.0955713987350464, 1.0987576246261597, 1.1009633541107178]",40.0,0.014551914024336086,True,31415,0.8229166865348816,0.3645833432674408,0.6354166567325592,16.838098526000977,16.83545684814453,0.11641539633274078,19.181339263916016,0.5206770300865173,"[0.6388888888888888, 0.8055555555555556, 0.9722222222222222, 0.875]","[0.06944444444444445, 0.375, 0.6666666666666666, 0.3472222222222222]",0.0,1,False,0.9983060417843027,,,,,-0.07848385495266941,-0.0813554263337483,-0.002871571381078894,"['C1', 'FC3', 'CPz', 'P1', 'FC4']","['C1', 'FC3', 'CPz', 'P1', 'C4']",,,,3,CTNet
PGD_LP,True,gaussian,3.0,Linf,2.0,0.23283062438937738,"[1.8897122144699097, 1.8918761014938354, 1.9590600728988647, 2.001120090484619, 1.954598307609558, 1.9108760356903076, 1.699418067932129, 1.9988800287246704, 1.9945168495178223, 2.0390424728393555, 1.9953359365463257, 1.9693505764007568, 1.8759129047393799, 2.042090654373169, 2.0635993480682373, 2.114813804626465, 2.0968194007873535, 2.091723680496216, 2.133535623550415, 2.1911427974700928, 2.1975152492523193, 2.2019267082214355]",40.0,0.029103828048672172,True,31415,0.8229166865348816,0.0069444444961845875,0.9930555555038154,31.527034759521484,31.51506233215332,0.23283062875270844,13.735650062561035,0.49885720014572144,"[0.6388888888888888, 0.8055555555555556, 0.9722222222222222, 0.875]","[0.0, 0.0, 0.0, 0.027777777777777776]",0.0,1,False,0.9983060417843027,,,,,-0.07848385495266941,-0.0813554263337483,-0.002871571381078894,"['C1', 'FC3', 'CPz', 'P1', 'FC4']","['C1', 'FC3', 'CPz', 'P1', 'C4']",,,,3,CTNet
DeepFool_L2,,,,L2,,,,50.0,,,31415,0.8229166865348816,0.1631944477558136,0.8368055522441864,114.43637084960938,96.16753387451172,3.210587978363037,52.196781158447266,107.389892578125,,,0.0,1,False,0.8976831592320724,,,,,-0.07848385495266941,-0.1367972122280221,-0.058313357275352695,"['C1', 'FC3', 'CPz', 'P1', 'FC4']","['C1', 'FC3', 'P1', 'CPz', 'C4']",,,,3,CTNet
FGSM,False,,,Linf,0.25,0.029103828048672172,"[0.2362140268087387, 0.23648451268672943, 0.2448825091123581, 0.2501400113105774, 0.24432478845119476, 0.23885950446128845, 0.2124272584915161, 0.2498600035905838, 0.24931460618972778, 0.25488030910491943, 0.2494169920682907, 0.2461688220500946, 0.23448911309242249, 0.2552613317966461, 0.25794991850852966, 0.2643517255783081, 0.2621024250984192, 0.261465460062027, 0.2666919529438019, 0.2738928496837616, 0.2746894061565399, 0.27524083852767944]",,,False,999,0.7916666865348816,0.25,0.75,117.2132568359375,116.76276397705078,3.8786282539367676,2.3847806453704834,0.13085900247097015,"[0.4305555555555556, 0.9027777777777778, 0.875, 0.9583333333333334]","[0.0, 0.0, 1.0, 0.0]",0.0,1,False,0.8456468802936196,,,,,0.11786028703711539,0.14394707809120807,0.026086791054092687,"['Pz', 'CPz', 'C3', 'CP4', 'P1']","['C3', 'CPz', 'P1', 'Pz', 'CP4']",,,,3,CTNet
FGSM,False,,,Linf,0.5,0.058207656097344344,"[0.4724280536174774, 0.47296902537345886, 0.4897650182247162, 0.5002800226211548, 0.4886495769023895, 0.4777190089225769, 0.4248545169830322, 0.4997200071811676, 0.49862921237945557, 0.5097606182098389, 0.4988339841365814, 0.4923376441001892, 0.46897822618484497, 0.5105226635932922, 0.5158998370170593, 0.5287034511566162, 0.5242048501968384, 0.522930920124054, 0.5333839058876038, 0.5477856993675232, 0.5493788123130798, 0.5504816770553589]",,,False,999,0.7916666865348816,0.25,0.75,117.30829620361328,116.85885620117188,3.8786282539367676,2.3775339126586914,0.12995633482933044,"[0.4305555555555556, 0.9027777777777778, 0.875, 0.9583333333333334]","[0.0, 0.0, 1.0, 0.0]",0.0,1,False,0.8456468802936196,,,,,0.11786028703711539,0.14394707809120807,0.026086791054092687,"['Pz', 'CPz', 'C3', 'CP4', 'P1']","['C3', 'CPz', 'P1', 'Pz', 'CP4']",,,,3,CTNet
FGSM,False,,,Linf,1.0,0.11641531219468869,"[0.9448561072349548, 0.9459380507469177, 0.9795300364494324, 1.0005600452423096, 0.977299153804779, 0.9554380178451538, 0.8497090339660645, 0.9994400143623352, 0.9972584247589111, 1.0195212364196777, 0.9976679682731628, 0.9846752882003784, 0.9379564523696899, 1.0210453271865845, 1.0317996740341187, 1.0574069023132324, 1.0484097003936768, 1.045861840248108, 1.0667678117752075, 1.0955713987350464, 1.0987576246261597, 1.1009633541107178]",,,False,999,0.7916666865348816,0.2465277761220932,0.7534722238779068,117.67842864990234,117.24148559570312,3.8786282539367676,2.348747730255127,0.12647771835327148,"[0.4305555555555556, 0.9027777777777778, 0.875, 0.9583333333333334]","[0.0, 0.0, 0.9861111111111112, 0.0]",0.0,1,False,0.8456468802936196,,,,,0.11786028703711539,0.14394707809120807,0.026086791054092687,"['Pz', 'CPz', 'C3', 'CP4', 'P1']","['C3', 'CPz', 'P1', 'Pz', 'CP4']",,,,3,CTNet
FGSM,False,,,Linf,2.0,0.23283062438937738,"[1.8897122144699097, 1.8918761014938354, 1.9590600728988647, 2.001120090484619, 1.954598307609558, 1.9108760356903076, 1.699418067932129, 1.9988800287246704, 1.9945168495178223, 2.0390424728393555, 1.9953359365463257, 1.9693505764007568, 1.8759129047393799, 2.042090654373169, 2.0635993480682373, 2.114813804626465, 2.0968194007873535, 2.091723680496216, 2.133535623550415, 2.1911427974700928, 2.1975152492523193, 2.2019267082214355]",,,False,999,0.7916666865348816,0.03125,0.96875,118.3330078125,118.74384307861328,3.8786282539367676,2.236685037612915,0.11455428600311279,"[0.4305555555555556, 0.9027777777777778, 0.875, 0.9583333333333334]","[0.0, 0.0, 0.125, 0.0]",0.0,1,False,0.8456468802936196,,,,,0.11786028703711539,0.14394707809120807,0.026086791054092687,"['Pz', 'CPz', 'C3', 'CP4', 'P1']","['C3', 'CPz', 'P1', 'Pz', 'CP4']",,,,3,CTNet
PGD,False,,,Linf,0.25,0.029103828048672172,"[0.2362140268087387, 0.23648451268672943, 0.2448825091123581, 0.2501400113105774, 0.24432478845119476, 0.23885950446128845, 0.2124272584915161, 0.2498600035905838, 0.24931460618972778, 0.25488030910491943, 0.2494169920682907, 0.2461688220500946, 0.23448911309242249, 0.2552613317966461, 0.25794991850852966, 0.2643517255783081, 0.2621024250984192, 0.261465460062027, 0.2666919529438019, 0.2738928496837616, 0.2746894061565399, 0.27524083852767944]",40.0,0.0036379785060840215,True,999,0.7916666865348816,0.25,0.75,117.213134765625,116.7626953125,3.8786282539367676,2.3847851753234863,0.13085931539535522,"[0.4305555555555556, 0.9027777777777778, 0.875, 0.9583333333333334]","[0.0, 0.0, 1.0, 0.0]",0.0,1,False,0.8437676453980802,,,,,0.11786028703711539,0.1416874588222585,0.02382717178514311,"['Pz', 'CPz', 'C3', 'CP4', 'P1']","['C3', 'CPz', 'P1', 'Pz', 'CP4']",,,,3,CTNet
PGD,False,,,Linf,0.5,0.058207656097344344,"[0.4724280536174774, 0.47296902537345886, 0.4897650182247162, 0.5002800226211548, 0.4886495769023895, 0.4777190089225769, 0.4248545169830322, 0.4997200071811676, 0.49862921237945557, 0.5097606182098389, 0.4988339841365814, 0.4923376441001892, 0.46897822618484497, 0.5105226635932922, 0.5158998370170593, 0.5287034511566162, 0.5242048501968384, 0.522930920124054, 0.5333839058876038, 0.5477856993675232, 0.5493788123130798, 0.5504816770553589]",40.0,0.007275957012168043,True,999,0.7916666865348816,0.25,0.75,117.30738830566406,116.85829162597656,3.8786282539367676,2.377577066421509,0.1299619972705841,"[0.4305555555555556, 0.9027777777777778, 0.875, 0.9583333333333334]","[0.0, 0.0, 1.0, 0.0]",0.0,1,False,0.8437676453980802,,,,,0.11786028703711539,0.1416874588222585,0.02382717178514311,"['Pz', 'CPz', 'C3', 'CP4', 'P1']","['C3', 'CPz', 'P1', 'Pz', 'CP4']",,,,3,CTNet
PGD,False,,,Linf,1.0,0.11641531219468869,"[0.9448561072349548, 0.9459380507469177, 0.9795300364494324, 1.0005600452423096, 0.977299153804779, 0.9554380178451538, 0.8497090339660645, 0.9994400143623352, 0.9972584247589111, 1.0195212364196777, 0.9976679682731628, 0.9846752882003784, 0.9379564523696899, 1.0210453271865845, 1.0317996740341187, 1.0574069023132324, 1.0484097003936768, 1.045861840248108, 1.0667678117752075, 1.0955713987350464, 1.0987576246261597, 1.1009633541107178]",40.0,0.014551914024336086,True,999,0.7916666865348816,0.2083333283662796,0.7916666716337204,117.42578125,117.23653411865234,3.8786282539367676,2.34912109375,0.12650983035564423,"[0.4305555555555556, 0.9027777777777778, 0.875, 0.9583333333333334]","[0.0, 0.0, 0.8333333333333334, 0.0]",0.0,1,False,0.8437676453980802,,,,,0.11786028703711539,0.1416874588222585,0.02382717178514311,"['Pz', 'CPz', 'C3', 'CP4', 'P1']","['C3', 'CPz', 'P1', 'Pz', 'CP4']",,,,3,CTNet
PGD,False,,,Linf,2.0,0.23283062438937738,"[1.8897122144699097, 1.8918761014938354, 1.9590600728988647, 2.001120090484619, 1.954598307609558, 1.9108760356903076, 1.699418067932129, 1.9988800287246704, 1.9945168495178223, 2.0390424728393555, 1.9953359365463257, 1.9693505764007568, 1.8759129047393799, 2.042090654373169, 2.0635993480682373, 2.114813804626465, 2.0968194007873535, 2.091723680496216, 2.133535623550415, 2.1911427974700928, 2.1975152492523193, 2.2019267082214355]",40.0,0.029103828048672172,True,999,0.7916666865348816,0.0,1.0,118.274169921875,118.70087432861328,3.8786282539367676,2.239879608154297,0.11475212126970291,"[0.4305555555555556, 0.9027777777777778, 0.875, 0.9583333333333334]","[0.0, 0.0, 0.0, 0.0]",0.0,1,False,0.8437676453980802,,,,,0.11786028703711539,0.1416874588222585,0.02382717178514311,"['Pz', 'CPz', 'C3', 'CP4', 'P1']","['C3', 'CPz', 'P1', 'Pz', 'CP4']",,,,3,CTNet
FGSM_LP,True,gaussian,3.0,Linf,0.25,0.029103828048672172,"[0.2362140268087387, 0.23648451268672943, 0.2448825091123581, 0.2501400113105774, 0.24432478845119476, 0.23885950446128845, 0.2124272584915161, 0.2498600035905838, 0.24931460618972778, 0.25488030910491943, 0.2494169920682907, 0.2461688220500946, 0.23448911309242249, 0.2552613317966461, 0.25794991850852966, 0.2643517255783081, 0.2621024250984192, 0.261465460062027, 0.2666919529438019, 0.2738928496837616, 0.2746894061565399, 0.27524083852767944]",,,False,999,0.7916666865348816,0.7361111044883728,0.2638888955116272,4.468721866607666,4.463106632232666,0.029103882610797882,30.71291732788086,0.5414132475852966,"[0.4305555555555556, 0.9027777777777778, 0.875, 0.9583333333333334]","[0.3472222222222222, 0.7916666666666666, 0.9027777777777778, 0.9027777777777778]",0.0,1,False,0.9977149209486166,,,,,0.11786028703711539,0.11725348965254981,-0.00060679738456558,"['Pz', 'CPz', 'C3', 'CP4', 'P1']","['Pz', 'CPz', 'C3', 'CP4', 'P1']",,,,3,CTNet
FGSM_LP,True,gaussian,3.0,Linf,0.5,0.058207656097344344,"[0.4724280536174774, 0.47296902537345886, 0.4897650182247162, 0.5002800226211548, 0.4886495769023895, 0.4777190089225769, 0.4248545169830322, 0.4997200071811676, 0.49862921237945557, 0.5097606182098389, 0.4988339841365814, 0.4923376441001892, 0.46897822618484497, 0.5105226635932922, 0.5158998370170593, 0.5287034511566162, 0.5242048501968384, 0.522930920124054, 0.5333839058876038, 0.5477856993675232, 0.5493788123130798, 0.5504816770553589]",,,False,999,0.7916666865348816,0.625,0.375,8.748571395874023,8.73975658416748,0.05820775032043457,24.875751495361328,0.5329318642616272,"[0.4305555555555556, 0.9027777777777778, 0.875, 0.9583333333333334]","[0.2222222222222222, 0.6388888888888888, 0.875, 0.7638888888888888]",0.0,1,False,0.9977149209486166,,,,,0.11786028703711539,0.11725348965254981,-0.00060679738456558,"['Pz', 'CPz', 'C3', 'CP4', 'P1']","['Pz', 'CPz', 'C3', 'CP4', 'P1']",,,,3,CTNet
FGSM_LP,True,gaussian,3.0,Linf,1.0,0.11641531219468869,"[0.9448561072349548, 0.9459380507469177, 0.9795300364494324, 1.0005600452423096, 0.977299153804779, 0.9554380178451538, 0.8497090339660645, 0.9994400143623352, 0.9972584247589111, 1.0195212364196777, 0.9976679682731628, 0.9846752882003784, 0.9379564523696899, 1.0210453271865845, 1.0317996740341187, 1.0574069023132324, 1.0484097003936768, 1.045861840248108, 1.0667678117752075, 1.0955713987350464, 1.0987576246261597, 1.1009633541107178]",,,False,999,0.7916666865348816,0.2673611044883728,0.7326388955116272,16.85041618347168,16.835922241210938,0.11641539633274078,19.181108474731445,0.519788920879364,"[0.4305555555555556, 0.9027777777777778, 0.875, 0.9583333333333334]","[0.041666666666666664, 0.16666666666666666, 0.625, 0.2361111111111111]",0.0,1,False,0.9977149209486166,,,,,0.11786028703711539,0.11725348965254981,-0.00060679738456558,"['Pz', 'CPz', 'C3', 'CP4', 'P1']","['Pz', 'CPz', 'C3', 'CP4', 'P1']",,,,3,CTNet
FGSM_LP,True,gaussian,3.0,Linf,2.0,0.23283062438937738,"[1.8897122144699097, 1.8918761014938354, 1.9590600728988647, 2.001120090484619, 1.954598307609558, 1.9108760356903076, 1.699418067932129, 1.9988800287246704, 1.9945168495178223, 2.0390424728393555, 1.9953359365463257, 1.9693505764007568, 1.8759129047393799, 2.042090654373169, 2.0635993480682373, 2.114813804626465, 2.0968194007873535, 2.091723680496216, 2.133535623550415, 2.1911427974700928, 2.1975152492523193, 2.2019267082214355]",,,False,999,0.7916666865348816,0.0069444444961845875,0.9930555555038154,31.5417537689209,31.54489517211914,0.23283062875270844,13.72743034362793,0.5004855394363403,"[0.4305555555555556, 0.9027777777777778, 0.875, 0.9583333333333334]","[0.0, 0.0, 0.013888888888888888, 0.013888888888888888]",0.0,1,False,0.9977149209486166,,,,,0.11786028703711539,0.11725348965254981,-0.00060679738456558,"['Pz', 'CPz', 'C3', 'CP4', 'P1']","['Pz', 'CPz', 'C3', 'CP4', 'P1']",,,,3,CTNet
PGD_LP,True,gaussian,3.0,Linf,0.25,0.029103828048672172,"[0.2362140268087387, 0.23648451268672943, 0.2448825091123581, 0.2501400113105774, 0.24432478845119476, 0.23885950446128845, 0.2124272584915161, 0.2498600035905838, 0.24931460618972778, 0.25488030910491943, 0.2494169920682907, 0.2461688220500946, 0.23448911309242249, 0.2552613317966461, 0.25794991850852966, 0.2643517255783081, 0.2621024250984192, 0.261465460062027, 0.2666919529438019, 0.2738928496837616, 0.2746894061565399, 0.27524083852767944]",40.0,0.0036379785060840215,True,999,0.7916666865348816,0.7534722089767456,0.2465277910232544,4.470332622528076,4.463407039642334,0.029103882610797882,30.71233367919922,0.5415186285972595,"[0.4305555555555556, 0.9027777777777778, 0.875, 0.9583333333333334]","[0.3611111111111111, 0.8055555555555556, 0.9166666666666666, 0.9305555555555556]",0.0,1,False,0.9976355166572558,,,,,0.11786028703711539,0.11725645227184439,-0.0006038347652709969,"['Pz', 'CPz', 'C3', 'CP4', 'P1']","['Pz', 'CPz', 'C3', 'CP4', 'P1']",,,,3,CTNet
PGD_LP,True,gaussian,3.0,Linf,0.5,0.058207656097344344,"[0.4724280536174774, 0.47296902537345886, 0.4897650182247162, 0.5002800226211548, 0.4886495769023895, 0.4777190089225769, 0.4248545169830322, 0.4997200071811676, 0.49862921237945557, 0.5097606182098389, 0.4988339841365814, 0.4923376441001892, 0.46897822618484497, 0.5105226635932922, 0.5158998370170593, 0.5287034511566162, 0.5242048501968384, 0.522930920124054, 0.5333839058876038, 0.5477856993675232, 0.5493788123130798, 0.5504816770553589]",40.0,0.007275957012168043,True,999,0.7916666865348816,0.6493055820465088,0.3506944179534912,8.750126838684082,8.741219520568848,0.05820775032043457,24.874296188354492,0.53326016664505,"[0.4305555555555556, 0.9027777777777778, 0.875, 0.9583333333333334]","[0.25, 0.6388888888888888, 0.8888888888888888, 0.8194444444444444]",0.0,1,False,0.9976355166572558,,,,,0.11786028703711539,0.11725645227184439,-0.0006038347652709969,"['Pz', 'CPz', 'C3', 'CP4', 'P1']","['Pz', 'CPz', 'C3', 'CP4', 'P1']",,,,3,CTNet
PGD_LP,True,gaussian,3.0,Linf,1.0,0.11641531219468869,"[0.9448561072349548, 0.9459380507469177, 0.9795300364494324, 1.0005600452423096, 0.977299153804779, 0.9554380178451538, 0.8497090339660645, 0.9994400143623352, 0.9972584247589111, 1.0195212364196777, 0.9976679682731628, 0.9846752882003784, 0.9379564523696899, 1.0210453271865845, 1.0317996740341187, 1.0574069023132324, 1.0484097003936768, 1.045861840248108, 1.0667678117752075, 1.0955713987350464, 1.0987576246261597, 1.1009633541107178]",40.0,0.014551914024336086,True,999,0.7916666865348816,0.3402777910232544,0.6597222089767456,16.85275650024414,16.84184455871582,0.11641539633274078,19.17804718017578,0.521142840385437,"[0.4305555555555556, 0.9027777777777778, 0.875, 0.9583333333333334]","[0.08333333333333333, 0.19444444444444445, 0.6805555555555556, 0.4027777777777778]",0.0,1,False,0.9976355166572558,,,,,0.11786028703711539,0.11725645227184439,-0.0006038347652709969,"['Pz', 'CPz', 'C3', 'CP4', 'P1']","['Pz', 'CPz', 'C3', 'CP4', 'P1']",,,,3,CTNet
PGD_LP,True,gaussian,3.0,Linf,2.0,0.23283062438937738,"[1.8897122144699097, 1.8918761014938354, 1.9590600728988647, 2.001120090484619, 1.954598307609558, 1.9108760356903076, 1.699418067932129, 1.9988800287246704, 1.9945168495178223, 2.0390424728393555, 1.9953359365463257, 1.9693505764007568, 1.8759129047393799, 2.042090654373169, 2.0635993480682373, 2.114813804626465, 2.0968194007873535, 2.091723680496216, 2.133535623550415, 2.1911427974700928, 2.1975152492523193, 2.2019267082214355]",40.0,0.029103828048672172,True,999,0.7916666865348816,0.0069444444961845875,0.9930555555038154,31.54489517211914,31.5369873046875,0.23283062875270844,13.729636192321777,0.4981659948825836,"[0.4305555555555556, 0.9027777777777778, 0.875, 0.9583333333333334]","[0.0, 0.0, 0.013888888888888888, 0.013888888888888888]",0.0,1,False,0.9976355166572558,,,,,0.11786028703711539,0.11725645227184439,-0.0006038347652709969,"['Pz', 'CPz', 'C3', 'CP4', 'P1']","['Pz', 'CPz', 'C3', 'CP4', 'P1']",,,,3,CTNet
DeepFool_L2,,,,L2,,,,50.0,,,999,0.7916666865348816,0.0,1.0,113.8729248046875,92.59153747558594,3.0845673084259033,60.98208236694336,114.30937194824219,,,0.0,1,False,0.8787849378881989,,,,,0.11786028703711539,0.14453017690804862,0.02666988987093323,"['Pz', 'CPz', 'C3', 'CP4', 'P1']","['C3', 'Pz', 'CPz', 'CP4', 'P1']",,,,3,CTNet
FGSM,False,,,Linf,0.25,0.029103828048672172,"[0.2362140268087387, 0.23648451268672943, 0.2448825091123581, 0.2501400113105774, 0.24432478845119476, 0.23885950446128845, 0.2124272584915161, 0.2498600035905838, 0.24931460618972778, 0.25488030910491943, 0.2494169920682907, 0.2461688220500946, 0.23448911309242249, 0.2552613317966461, 0.25794991850852966, 0.2643517255783081, 0.2621024250984192, 0.261465460062027, 0.2666919529438019, 0.2738928496837616, 0.2746894061565399, 0.27524083852767944]",,,False,42,0.7326388955116272,0.2361111044883728,0.7638888955116272,116.96542358398438,116.76274871826172,3.8786282539367676,2.3847804069519043,0.1308586597442627,"[0.2638888888888889, 0.7361111111111112, 0.9722222222222222, 0.9583333333333334]","[0.0, 0.5, 0.4305555555555556, 0.013888888888888888]",0.0,1,False,0.7047748447204969,,,,,0.15258419471248308,0.1849291057352292,0.032344911022746115,"['C3', 'CPz', 'C1', 'C5', 'Cz']","['C3', 'CP3', 'C1', 'C5', 'CPz']",,,,3,Mamba
FGSM,False,,,Linf,0.5,0.058207656097344344,"[0.4724280536174774, 0.47296902537345886, 0.4897650182247162, 0.5002800226211548, 0.4886495769023895, 0.4777190089225769, 0.4248545169830322, 0.4997200071811676, 0.49862921237945557, 0.5097606182098389, 0.4988339841365814, 0.4923376441001892, 0.46897822618484497, 0.5105226635932922, 0.5158998370170593, 0.5287034511566162, 0.5242048501968384, 0.522930920124054, 0.5333839058876038, 0.5477856993675232, 0.5493788123130798, 0.5504816770553589]",,,False,42,0.7326388955116272,0.02083333395421505,0.979166666045785,116.51053619384766,116.85888671875,3.8786282539367676,2.3775320053100586,0.1299535632133484,"[0.2638888888888889, 0.7361111111111112, 0.9722222222222222, 0.9583333333333334]","[0.0, 0.05555555555555555, 0.027777777777777776, 0.0]",0.0,1,False,0.7047748447204969,,,,,0.15258419471248308,0.1849291057352292,0.032344911022746115,"['C3', 'CPz', 'C1', 'C5', 'Cz']","['C3', 'CP3', 'C1', 'C5', 'CPz']",,,,3,Mamba
FGSM,False,,,Linf,1.0,0.11641531219468869,"[0.9448561072349548, 0.9459380507469177, 0.9795300364494324, 1.0005600452423096, 0.977299153804779, 0.9554380178451538, 0.8497090339660645, 0.9994400143623352, 0.9972584247589111, 1.0195212364196777, 0.9976679682731628, 0.9846752882003784, 0.9379564523696899, 1.0210453271865845, 1.0317996740341187, 1.0574069023132324, 1.0484097003936768, 1.045861840248108, 1.0667678117752075, 1.0955713987350464, 1.0987576246261597, 1.1009633541107178]",,,False,42,0.7326388955116272,0.0,1.0,116.83130645751953,117.24164581298828,3.8786282539367676,2.348735809326172,0.12645569443702698,"[0.2638888888888889, 0.7361111111111112, 0.9722222222222222, 0.9583333333333334]","[0.0, 0.0, 0.0, 0.0]",0.0,1,False,0.7047748447204969,,,,,0.15258419471248308,0.1849291057352292,0.032344911022746115,"['C3', 'CPz', 'C1', 'C5', 'Cz']","['C3', 'CP3', 'C1', 'C5', 'CPz']",,,,3,Mamba
FGSM,False,,,Linf,2.0,0.23283062438937738,"[1.8897122144699097, 1.8918761014938354, 1.9590600728988647, 2.001120090484619, 1.954598307609558, 1.9108760356903076, 1.699418067932129, 1.9988800287246704, 1.9945168495178223, 2.0390424728393555, 1.9953359365463257, 1.9693505764007568, 1.8759129047393799, 2.042090654373169, 2.0635993480682373, 2.114813804626465, 2.0968194007873535, 2.091723680496216, 2.133535623550415, 2.1911427974700928, 2.1975152492523193, 2.2019267082214355]",,,False,42,0.7326388955116272,0.0,1.0,118.30708312988281,118.74446868896484,3.8786282539367676,2.236636161804199,0.11442910134792328,"[0.2638888888888889, 0.7361111111111112, 0.9722222222222222, 0.9583333333333334]","[0.0, 0.0, 0.0, 0.0]",0.0,1,False,0.7047748447204969,,,,,0.15258419471248308,0.1849291057352292,0.032344911022746115,"['C3', 'CPz', 'C1', 'C5', 'Cz']","['C3', 'CP3', 'C1', 'C5', 'CPz']",,,,3,Mamba
PGD,False,,,Linf,0.25,0.029103828048672172,"[0.2362140268087387, 0.23648451268672943, 0.2448825091123581, 0.2501400113105774, 0.24432478845119476, 0.23885950446128845, 0.2124272584915161, 0.2498600035905838, 0.24931460618972778, 0.25488030910491943, 0.2494169920682907, 0.2461688220500946, 0.23448911309242249, 0.2552613317966461, 0.25794991850852966, 0.2643517255783081, 0.2621024250984192, 0.261465460062027, 0.2666919529438019, 0.2738928496837616, 0.2746894061565399, 0.27524083852767944]",40.0,0.0036379785060840215,True,42,0.7326388955116272,0.02083333395421505,0.979166666045785,116.23439025878906,116.76266479492188,3.8786282539367676,2.384787082672119,0.13085970282554626,"[0.2638888888888889, 0.7361111111111112, 0.9722222222222222, 0.9583333333333334]","[0.0, 0.06944444444444445, 0.013888888888888888, 0.0]",0.0,1,False,0.7043072416713722,,,,,0.15258419471248308,0.17699863700349594,0.02441444229101286,"['C3', 'CPz', 'C1', 'C5', 'Cz']","['C3', 'CP3', 'C1', 'C5', 'FC4']",,,,3,Mamba
PGD,False,,,Linf,0.5,0.058207656097344344,"[0.4724280536174774, 0.47296902537345886, 0.4897650182247162, 0.5002800226211548, 0.4886495769023895, 0.4777190089225769, 0.4248545169830322, 0.4997200071811676, 0.49862921237945557, 0.5097606182098389, 0.4988339841365814, 0.4923376441001892, 0.46897822618484497, 0.5105226635932922, 0.5158998370170593, 0.5287034511566162, 0.5242048501968384, 0.522930920124054, 0.5333839058876038, 0.5477856993675232, 0.5493788123130798, 0.5504816770553589]",40.0,0.007275957012168043,True,42,0.7326388955116272,0.0,1.0,116.45590209960938,116.85771942138672,3.8786282539367676,2.377621650695801,0.12997327744960785,"[0.2638888888888889, 0.7361111111111112, 0.9722222222222222, 0.9583333333333334]","[0.0, 0.0, 0.0, 0.0]",0.0,1,False,0.7043072416713722,,,,,0.15258419471248308,0.17699863700349594,0.02441444229101286,"['C3', 'CPz', 'C1', 'C5', 'Cz']","['C3', 'CP3', 'C1', 'C5', 'FC4']",,,,3,Mamba
PGD,False,,,Linf,1.0,0.11641531219468869,"[0.9448561072349548, 0.9459380507469177, 0.9795300364494324, 1.0005600452423096, 0.977299153804779, 0.9554380178451538, 0.8497090339660645, 0.9994400143623352, 0.9972584247589111, 1.0195212364196777, 0.9976679682731628, 0.9846752882003784, 0.9379564523696899, 1.0210453271865845, 1.0317996740341187, 1.0574069023132324, 1.0484097003936768, 1.045861840248108, 1.0667678117752075, 1.0955713987350464, 1.0987576246261597, 1.1009633541107178]",40.0,0.014551914024336086,True,42,0.7326388955116272,0.0,1.0,116.76815795898438,117.17581176757812,3.8786282539367676,2.35372257232666,0.12740729749202728,"[0.2638888888888889, 0.7361111111111112, 0.9722222222222222, 0.9583333333333334]","[0.0, 0.0, 0.0, 0.0]",0.0,1,False,0.7043072416713722,,,,,0.15258419471248308,0.17699863700349594,0.02441444229101286,"['C3', 'CPz', 'C1', 'C5', 'Cz']","['C3', 'CP3', 'C1', 'C5', 'FC4']",,,,3,Mamba
PGD,False,,,Linf,2.0,0.23283062438937738,"[1.8897122144699097, 1.8918761014938354, 1.9590600728988647, 2.001120090484619, 1.954598307609558, 1.9108760356903076, 1.699418067932129, 1.9988800287246704, 1.9945168495178223, 2.0390424728393555, 1.9953359365463257, 1.9693505764007568, 1.8759129047393799, 2.042090654373169, 2.0635993480682373, 2.114813804626465, 2.0968194007873535, 2.091723680496216, 2.133535623550415, 2.1911427974700928, 2.1975152492523193, 2.2019267082214355]",40.0,0.029103828048672172,True,42,0.7326388955116272,0.0,1.0,117.54597473144531,117.97531127929688,3.8786282539367676,2.2939348220825195,0.12114658951759338,"[0.2638888888888889, 0.7361111111111112, 0.9722222222222222, 0.9583333333333334]","[0.0, 0.0, 0.0, 0.0]",0.0,1,False,0.7043072416713722,,,,,0.15258419471248308,0.17699863700349594,0.02441444229101286,"['C3', 'CPz', 'C1', 'C5', 'Cz']","['C3', 'CP3', 'C1', 'C5', 'FC4']",,,,3,Mamba
FGSM_LP,True,gaussian,3.0,Linf,0.25,0.029103828048672172,"[0.2362140268087387, 0.23648451268672943, 0.2448825091123581, 0.2501400113105774, 0.24432478845119476, 0.23885950446128845, 0.2124272584915161, 0.2498600035905838, 0.24931460618972778, 0.25488030910491943, 0.2494169920682907, 0.2461688220500946, 0.23448911309242249, 0.2552613317966461, 0.25794991850852966, 0.2643517255783081, 0.2621024250984192, 0.261465460062027, 0.2666919529438019, 0.2738928496837616, 0.2746894061565399, 0.27524083852767944]",,,False,42,0.7326388955116272,0.6875,0.3125,4.467780113220215,4.461946964263916,0.029103882610797882,30.71518325805664,0.5408099889755249,"[0.2638888888888889, 0.7361111111111112, 0.9722222222222222, 0.9583333333333334]","[0.16666666666666666, 0.6805555555555556, 0.9583333333333334, 0.9444444444444444]",0.0,1,False,0.99707086391869,,,,,0.15258419471248308,0.15113029208720344,-0.0014539026252796405,"['C3', 'CPz', 'C1', 'C5', 'Cz']","['C3', 'CPz', 'C1', 'C5', 'CP3']",,,,3,Mamba
FGSM_LP,True,gaussian,3.0,Linf,0.5,0.058207656097344344,"[0.4724280536174774, 0.47296902537345886, 0.4897650182247162, 0.5002800226211548, 0.4886495769023895, 0.4777190089225769, 0.4248545169830322, 0.4997200071811676, 0.49862921237945557, 0.5097606182098389, 0.4988339841365814, 0.4923376441001892, 0.46897822618484497, 0.5105226635932922, 0.5158998370170593, 0.5287034511566162, 0.5242048501968384, 0.522930920124054, 0.5333839058876038, 0.5477856993675232, 0.5493788123130798, 0.5504816770553589]",,,False,42,0.7326388955116272,0.5729166865348816,0.4270833134651184,8.747519493103027,8.734424591064453,0.05820775032043457,24.88106346130371,0.5315688848495483,"[0.2638888888888889, 0.7361111111111112, 0.9722222222222222, 0.9583333333333334]","[0.06944444444444445, 0.5277777777777778, 0.8055555555555556, 0.8888888888888888]",0.0,1,False,0.99707086391869,,,,,0.15258419471248308,0.15113029208720344,-0.0014539026252796405,"['C3', 'CPz', 'C1', 'C5', 'Cz']","['C3', 'CPz', 'C1', 'C5', 'CP3']",,,,3,Mamba
FGSM_LP,True,gaussian,3.0,Linf,1.0,0.11641531219468869,"[0.9448561072349548, 0.9459380507469177, 0.9795300364494324, 1.0005600452423096, 0.977299153804779, 0.9554380178451538, 0.8497090339660645, 0.9994400143623352, 0.9972584247589111, 1.0195212364196777, 0.9976679682731628, 0.9846752882003784, 0.9379564523696899, 1.0210453271865845, 1.0317996740341187, 1.0574069023132324, 1.0484097003936768, 1.045861840248108, 1.0667678117752075, 1.0955713987350464, 1.0987576246261597, 1.1009633541107178]",,,False,42,0.7326388955116272,0.2291666716337204,0.7708333283662796,16.830894470214844,16.813459396362305,0.11641539633274078,19.192731857299805,0.5176541209220886,"[0.2638888888888889, 0.7361111111111112, 0.9722222222222222, 0.9583333333333334]","[0.0, 0.1388888888888889, 0.3333333333333333, 0.4444444444444444]",0.0,1,False,0.99707086391869,,,,,0.15258419471248308,0.15113029208720344,-0.0014539026252796405,"['C3', 'CPz', 'C1', 'C5', 'Cz']","['C3', 'CPz', 'C1', 'C5', 'CP3']",,,,3,Mamba
FGSM_LP,True,gaussian,3.0,Linf,2.0,0.23283062438937738,"[1.8897122144699097, 1.8918761014938354, 1.9590600728988647, 2.001120090484619, 1.954598307609558, 1.9108760356903076, 1.699418067932129, 1.9988800287246704, 1.9945168495178223, 2.0390424728393555, 1.9953359365463257, 1.9693505764007568, 1.8759129047393799, 2.042090654373169, 2.0635993480682373, 2.114813804626465, 2.0968194007873535, 2.091723680496216, 2.133535623550415, 2.1911427974700928, 2.1975152492523193, 2.2019267082214355]",,,False,42,0.7326388955116272,0.0034722222480922937,0.9965277777519077,31.456144332885742,31.456953048706055,0.23283062875270844,13.751757621765137,0.4950166940689087,"[0.2638888888888889, 0.7361111111111112, 0.9722222222222222, 0.9583333333333334]","[0.0, 0.0, 0.0, 0.013888888888888888]",0.0,1,False,0.99707086391869,,,,,0.15258419471248308,0.15113029208720344,-0.0014539026252796405,"['C3', 'CPz', 'C1', 'C5', 'Cz']","['C3', 'CPz', 'C1', 'C5', 'CP3']",,,,3,Mamba
PGD_LP,True,gaussian,3.0,Linf,0.25,0.029103828048672172,"[0.2362140268087387, 0.23648451268672943, 0.2448825091123581, 0.2501400113105774, 0.24432478845119476, 0.23885950446128845, 0.2124272584915161, 0.2498600035905838, 0.24931460618972778, 0.25488030910491943, 0.2494169920682907, 0.2461688220500946, 0.23448911309242249, 0.2552613317966461, 0.25794991850852966, 0.2643517255783081, 0.2621024250984192, 0.261465460062027, 0.2666919529438019, 0.2738928496837616, 0.2746894061565399, 0.27524083852767944]",40.0,0.0036379785060840215,True,42,0.7326388955116272,0.7013888955116272,0.2986111044883728,4.465848922729492,4.461675643920898,0.029103882610797882,30.71571159362793,0.5406404137611389,"[0.2638888888888889, 0.7361111111111112, 0.9722222222222222, 0.9583333333333334]","[0.19444444444444445, 0.6944444444444444, 0.9583333333333334, 0.9583333333333334]",0.0,1,False,0.9971855590062112,,,,,0.15258419471248308,0.1508422388368873,-0.0017419558755957798,"['C3', 'CPz', 'C1', 'C5', 'Cz']","['C3', 'CPz', 'C1', 'C5', 'CP3']",,,,3,Mamba
PGD_LP,True,gaussian,3.0,Linf,0.5,0.058207656097344344,"[0.4724280536174774, 0.47296902537345886, 0.4897650182247162, 0.5002800226211548, 0.4886495769023895, 0.4777190089225769, 0.4248545169830322, 0.4997200071811676, 0.49862921237945557, 0.5097606182098389, 0.4988339841365814, 0.4923376441001892, 0.46897822618484497, 0.5105226635932922, 0.5158998370170593, 0.5287034511566162, 0.5242048501968384, 0.522930920124054, 0.5333839058876038, 0.5477856993675232, 0.5493788123130798, 0.5504816770553589]",40.0,0.007275957012168043,True,42,0.7326388955116272,0.6423611044883728,0.3576388955116272,8.734662055969238,8.730340957641602,0.05820775032043457,24.885135650634766,0.5311466455459595,"[0.2638888888888889, 0.7361111111111112, 0.9722222222222222, 0.9583333333333334]","[0.09722222222222222, 0.6111111111111112, 0.9166666666666666, 0.9444444444444444]",0.0,1,False,0.9971855590062112,,,,,0.15258419471248308,0.1508422388368873,-0.0017419558755957798,"['C3', 'CPz', 'C1', 'C5', 'Cz']","['C3', 'CPz', 'C1', 'C5', 'CP3']",,,,3,Mamba
PGD_LP,True,gaussian,3.0,Linf,1.0,0.11641531219468869,"[0.9448561072349548, 0.9459380507469177, 0.9795300364494324, 1.0005600452423096, 0.977299153804779, 0.9554380178451538, 0.8497090339660645, 0.9994400143623352, 0.9972584247589111, 1.0195212364196777, 0.9976679682731628, 0.9846752882003784, 0.9379564523696899, 1.0210453271865845, 1.0317996740341187, 1.0574069023132324, 1.0484097003936768, 1.045861840248108, 1.0667678117752075, 1.0955713987350464, 1.0987576246261597, 1.1009633541107178]",40.0,0.014551914024336086,True,42,0.7326388955116272,0.4756944477558136,0.5243055522441864,16.775236129760742,16.76791763305664,0.11641539633274078,19.216352462768555,0.5150734186172485,"[0.2638888888888889, 0.7361111111111112, 0.9722222222222222, 0.9583333333333334]","[0.05555555555555555, 0.2916666666666667, 0.7222222222222222, 0.8333333333333334]",0.0,1,False,0.9971855590062112,,,,,0.15258419471248308,0.1508422388368873,-0.0017419558755957798,"['C3', 'CPz', 'C1', 'C5', 'Cz']","['C3', 'CPz', 'C1', 'C5', 'CP3']",,,,3,Mamba
PGD_LP,True,gaussian,3.0,Linf,2.0,0.23283062438937738,"[1.8897122144699097, 1.8918761014938354, 1.9590600728988647, 2.001120090484619, 1.954598307609558, 1.9108760356903076, 1.699418067932129, 1.9988800287246704, 1.9945168495178223, 2.0390424728393555, 1.9953359365463257, 1.9693505764007568, 1.8759129047393799, 2.042090654373169, 2.0635993480682373, 2.114813804626465, 2.0968194007873535, 2.091723680496216, 2.133535623550415, 2.1911427974700928, 2.1975152492523193, 2.2019267082214355]",40.0,0.029103828048672172,True,42,0.7326388955116272,0.1423611044883728,0.8576388955116272,31.001399993896484,30.97613525390625,0.23283062875270844,13.885871887207031,0.4827702045440674,"[0.2638888888888889, 0.7361111111111112, 0.9722222222222222, 0.9583333333333334]","[0.0, 0.027777777777777776, 0.2638888888888889, 0.2777777777777778]",0.0,1,False,0.9971855590062112,,,,,0.15258419471248308,0.1508422388368873,-0.0017419558755957798,"['C3', 'CPz', 'C1', 'C5', 'Cz']","['C3', 'CPz', 'C1', 'C5', 'CP3']",,,,3,Mamba
DeepFool_L2,,,,L2,,,,50.0,,,42,0.7326388955116272,0.2256944477558136,0.7743055522441864,111.12602996826172,85.29033660888672,2.8890838623046875,77.62014770507812,124.55028533935547,,,0.0,1,False,0.7748800112930548,,,,,0.15258419471248308,0.15951496162691944,0.006930766914436365,"['C3', 'CPz', 'C1', 'C5', 'Cz']","['C3', 'CP3', 'C1', 'CPz', 'C5']",,,,3,Mamba
FGSM,False,,,Linf,0.25,0.029103828048672172,"[0.2362140268087387, 0.23648451268672943, 0.2448825091123581, 0.2501400113105774, 0.24432478845119476, 0.23885950446128845, 0.2124272584915161, 0.2498600035905838, 0.24931460618972778, 0.25488030910491943, 0.2494169920682907, 0.2461688220500946, 0.23448911309242249, 0.2552613317966461, 0.25794991850852966, 0.2643517255783081, 0.2621024250984192, 0.261465460062027, 0.2666919529438019, 0.2738928496837616, 0.2746894061565399, 0.27524083852767944]",,,False,123,0.7395833134651184,0.2222222238779068,0.7777777761220932,116.82211303710938,116.76274871826172,3.8786282539367676,2.3847806453704834,0.1308586150407791,"[0.3333333333333333, 0.6805555555555556, 1.0, 0.9444444444444444]","[0.0, 0.8611111111111112, 0.013888888888888888, 0.013888888888888888]",0.0,1,False,0.7183882693393564,,,,,-0.030590957714424924,0.05141834247200264,0.08200930018642756,"['CP1', 'C4', 'CPz', 'C3', 'POz']","['CP1', 'POz', 'C3', 'CP4', 'CP3']",,,,3,Mamba
FGSM,False,,,Linf,0.5,0.058207656097344344,"[0.4724280536174774, 0.47296902537345886, 0.4897650182247162, 0.5002800226211548, 0.4886495769023895, 0.4777190089225769, 0.4248545169830322, 0.4997200071811676, 0.49862921237945557, 0.5097606182098389, 0.4988339841365814, 0.4923376441001892, 0.46897822618484497, 0.5105226635932922, 0.5158998370170593, 0.5287034511566162, 0.5242048501968384, 0.522930920124054, 0.5333839058876038, 0.5477856993675232, 0.5493788123130798, 0.5504816770553589]",,,False,123,0.7395833134651184,0.0625,0.9375,116.51058959960938,116.85888671875,3.8786282539367676,2.377532482147217,0.12995389103889465,"[0.3333333333333333, 0.6805555555555556, 1.0, 0.9444444444444444]","[0.0, 0.25, 0.0, 0.0]",0.0,1,False,0.7183882693393564,,,,,-0.030590957714424924,0.05141834247200264,0.08200930018642756,"['CP1', 'C4', 'CPz', 'C3', 'POz']","['CP1', 'POz', 'C3', 'CP4', 'CP3']",,,,3,Mamba
FGSM,False,,,Linf,1.0,0.11641531219468869,"[0.9448561072349548, 0.9459380507469177, 0.9795300364494324, 1.0005600452423096, 0.977299153804779, 0.9554380178451538, 0.8497090339660645, 0.9994400143623352, 0.9972584247589111, 1.0195212364196777, 0.9976679682731628, 0.9846752882003784, 0.9379564523696899, 1.0210453271865845, 1.0317996740341187, 1.0574069023132324, 1.0484097003936768, 1.045861840248108, 1.0667678117752075, 1.0955713987350464, 1.0987576246261597, 1.1009633541107178]",,,False,123,0.7395833134651184,0.0,1.0,116.83291625976562,117.24160766601562,3.8786282539367676,2.3487391471862793,0.12646517157554626,"[0.3333333333333333, 0.6805555555555556, 1.0, 0.9444444444444444]","[0.0, 0.0, 0.0, 0.0]",0.0,1,False,0.7183882693393564,,,,,-0.030590957714424924,0.05141834247200264,0.08200930018642756,"['CP1', 'C4', 'CPz', 'C3', 'POz']","['CP1', 'POz', 'C3', 'CP4', 'CP3']",,,,3,Mamba
FGSM,False,,,Linf,2.0,0.23283062438937738,"[1.8897122144699097, 1.8918761014938354, 1.9590600728988647, 2.001120090484619, 1.954598307609558, 1.9108760356903076, 1.699418067932129, 1.9988800287246704, 1.9945168495178223, 2.0390424728393555, 1.9953359365463257, 1.9693505764007568, 1.8759129047393799, 2.042090654373169, 2.0635993480682373, 2.114813804626465, 2.0968194007873535, 2.091723680496216, 2.133535623550415, 2.1911427974700928, 2.1975152492523193, 2.2019267082214355]",,,False,123,0.7395833134651184,0.0,1.0,118.31596374511719,118.74443817138672,3.8786282539367676,2.236639976501465,0.11448345333337784,"[0.3333333333333333, 0.6805555555555556, 1.0, 0.9444444444444444]","[0.0, 0.0, 0.0, 0.0]",0.0,1,False,0.7183882693393564,,,,,-0.030590957714424924,0.05141834247200264,0.08200930018642756,"['CP1', 'C4', 'CPz', 'C3', 'POz']","['CP1', 'POz', 'C3', 'CP4', 'CP3']",,,,3,Mamba
PGD,False,,,Linf,0.25,0.029103828048672172,"[0.2362140268087387, 0.23648451268672943, 0.2448825091123581, 0.2501400113105774, 0.24432478845119476, 0.23885950446128845, 0.2124272584915161, 0.2498600035905838, 0.24931460618972778, 0.25488030910491943, 0.2494169920682907, 0.2461688220500946, 0.23448911309242249, 0.2552613317966461, 0.25794991850852966, 0.2643517255783081, 0.2621024250984192, 0.261465460062027, 0.2666919529438019, 0.2738928496837616, 0.2746894061565399, 0.27524083852767944]",40.0,0.0036379785060840215,True,123,0.7395833134651184,0.1493055522441864,0.8506944477558136,116.73910522460938,116.76266479492188,3.8786282539367676,2.3847873210906982,0.1308603435754776,"[0.3333333333333333, 0.6805555555555556, 1.0, 0.9444444444444444]","[0.0, 0.5972222222222222, 0.0, 0.0]",0.0,1,False,0.7127329192546584,,,,,-0.030590957714424924,0.04801925858405113,0.07861021629847606,"['CP1', 'C4', 'CPz', 'C3', 'POz']","['CP1', 'POz', 'C3', 'CP3', 'CP4']",,,,3,Mamba
PGD,False,,,Linf,0.5,0.058207656097344344,"[0.4724280536174774, 0.47296902537345886, 0.4897650182247162, 0.5002800226211548, 0.4886495769023895, 0.4777190089225769, 0.4248545169830322, 0.4997200071811676, 0.49862921237945557, 0.5097606182098389, 0.4988339841365814, 0.4923376441001892, 0.46897822618484497, 0.5105226635932922, 0.5158998370170593, 0.5287034511566162, 0.5242048501968384, 0.522930920124054, 0.5333839058876038, 0.5477856993675232, 0.5493788123130798, 0.5504816770553589]",40.0,0.007275957012168043,True,123,0.7395833134651184,0.0,1.0,116.45562744140625,116.85769653320312,3.8786282539367676,2.3776228427886963,0.1299794763326645,"[0.3333333333333333, 0.6805555555555556, 1.0, 0.9444444444444444]","[0.0, 0.0, 0.0, 0.0]",0.0,1,False,0.7127329192546584,,,,,-0.030590957714424924,0.04801925858405113,0.07861021629847606,"['CP1', 'C4', 'CPz', 'C3', 'POz']","['CP1', 'POz', 'C3', 'CP3', 'CP4']",,,,3,Mamba
PGD,False,,,Linf,1.0,0.11641531219468869,"[0.9448561072349548, 0.9459380507469177, 0.9795300364494324, 1.0005600452423096, 0.977299153804779, 0.9554380178451538, 0.8497090339660645, 0.9994400143623352, 0.9972584247589111, 1.0195212364196777, 0.9976679682731628, 0.9846752882003784, 0.9379564523696899, 1.0210453271865845, 1.0317996740341187, 1.0574069023132324, 1.0484097003936768, 1.045861840248108, 1.0667678117752075, 1.0955713987350464, 1.0987576246261597, 1.1009633541107178]",40.0,0.014551914024336086,True,123,0.7395833134651184,0.0,1.0,116.78584289550781,117.18193817138672,3.8786282539367676,2.353276252746582,0.1275130808353424,"[0.3333333333333333, 0.6805555555555556, 1.0, 0.9444444444444444]","[0.0, 0.0, 0.0, 0.0]",0.0,1,False,0.7127329192546584,,,,,-0.030590957714424924,0.04801925858405113,0.07861021629847606,"['CP1', 'C4', 'CPz', 'C3', 'POz']","['CP1', 'POz', 'C3', 'CP3', 'CP4']",,,,3,Mamba
PGD,False,,,Linf,2.0,0.23283062438937738,"[1.8897122144699097, 1.8918761014938354, 1.9590600728988647, 2.001120090484619, 1.954598307609558, 1.9108760356903076, 1.699418067932129, 1.9988800287246704, 1.9945168495178223, 2.0390424728393555, 1.9953359365463257, 1.9693505764007568, 1.8759129047393799, 2.042090654373169, 2.0635993480682373, 2.114813804626465, 2.0968194007873535, 2.091723680496216, 2.133535623550415, 2.1911427974700928, 2.1975152492523193, 2.2019267082214355]",40.0,0.029103828048672172,True,123,0.7395833134651184,0.0,1.0,117.60725402832031,118.000244140625,3.8786282539367676,2.2920925617218018,0.12110093981027603,"[0.3333333333333333, 0.6805555555555556, 1.0, 0.9444444444444444]","[0.0, 0.0, 0.0, 0.0]",0.0,1,False,0.7127329192546584,,,,,-0.030590957714424924,0.04801925858405113,0.07861021629847606,"['CP1', 'C4', 'CPz', 'C3', 'POz']","['CP1', 'POz', 'C3', 'CP3', 'CP4']",,,,3,Mamba
FGSM_LP,True,gaussian,3.0,Linf,0.25,0.029103828048672172,"[0.2362140268087387, 0.23648451268672943, 0.2448825091123581, 0.2501400113105774, 0.24432478845119476, 0.23885950446128845, 0.2124272584915161, 0.2498600035905838, 0.24931460618972778, 0.25488030910491943, 0.2494169920682907, 0.2461688220500946, 0.23448911309242249, 0.2552613317966461, 0.25794991850852966, 0.2643517255783081, 0.2621024250984192, 0.261465460062027, 0.2666919529438019, 0.2738928496837616, 0.2746894061565399, 0.27524083852767944]",,,False,123,0.7395833134651184,0.7013888955116272,0.2986111044883728,4.467203617095947,4.462246894836426,0.029103882610797882,30.71459197998047,0.5405941009521484,"[0.3333333333333333, 0.6805555555555556, 1.0, 0.9444444444444444]","[0.25, 0.625, 0.9861111111111112, 0.9444444444444444]",0.0,1,False,0.9970091050254093,,,,,-0.030590957714424924,-0.03081267583995,-0.00022171812552507567,"['CP1', 'C4', 'CPz', 'C3', 'POz']","['CP1', 'C4', 'CPz', 'C3', 'POz']",,,,3,Mamba
FGSM_LP,True,gaussian,3.0,Linf,0.5,0.058207656097344344,"[0.4724280536174774, 0.47296902537345886, 0.4897650182247162, 0.5002800226211548, 0.4886495769023895, 0.4777190089225769, 0.4248545169830322, 0.4997200071811676, 0.49862921237945557, 0.5097606182098389, 0.4988339841365814, 0.4923376441001892, 0.46897822618484497, 0.5105226635932922, 0.5158998370170593, 0.5287034511566162, 0.5242048501968384, 0.522930920124054, 0.5333839058876038, 0.5477856993675232, 0.5493788123130798, 0.5504816770553589]",,,False,123,0.7395833134651184,0.5451388955116272,0.4548611044883728,8.7483549118042,8.735430717468262,0.05820775032043457,24.880062103271484,0.5315638184547424,"[0.3333333333333333, 0.6805555555555556, 1.0, 0.9444444444444444]","[0.09722222222222222, 0.4027777777777778, 0.8611111111111112, 0.8194444444444444]",0.0,1,False,0.9970091050254093,,,,,-0.030590957714424924,-0.03081267583995,-0.00022171812552507567,"['CP1', 'C4', 'CPz', 'C3', 'POz']","['CP1', 'C4', 'CPz', 'C3', 'POz']",,,,3,Mamba
FGSM_LP,True,gaussian,3.0,Linf,1.0,0.11641531219468869,"[0.9448561072349548, 0.9459380507469177, 0.9795300364494324, 1.0005600452423096, 0.977299153804779, 0.9554380178451538, 0.8497090339660645, 0.9994400143623352, 0.9972584247589111, 1.0195212364196777, 0.9976679682731628, 0.9846752882003784, 0.9379564523696899, 1.0210453271865845, 1.0317996740341187, 1.0574069023132324, 1.0484097003936768, 1.045861840248108, 1.0667678117752075, 1.0955713987350464, 1.0987576246261597, 1.1009633541107178]",,,False,123,0.7395833134651184,0.2048611044883728,0.7951388955116272,16.82673454284668,16.815725326538086,0.11641539633274078,19.191556930541992,0.5177854895591736,"[0.3333333333333333, 0.6805555555555556, 1.0, 0.9444444444444444]","[0.0, 0.041666666666666664, 0.4305555555555556, 0.3472222222222222]",0.0,1,False,0.9970091050254093,,,,,-0.030590957714424924,-0.03081267583995,-0.00022171812552507567,"['CP1', 'C4', 'CPz', 'C3', 'POz']","['CP1', 'C4', 'CPz', 'C3', 'POz']",,,,3,Mamba
FGSM_LP,True,gaussian,3.0,Linf,2.0,0.23283062438937738,"[1.8897122144699097, 1.8918761014938354, 1.9590600728988647, 2.001120090484619, 1.954598307609558, 1.9108760356903076, 1.699418067932129, 1.9988800287246704, 1.9945168495178223, 2.0390424728393555, 1.9953359365463257, 1.9693505764007568, 1.8759129047393799, 2.042090654373169, 2.0635993480682373, 2.114813804626465, 2.0968194007873535, 2.091723680496216, 2.133535623550415, 2.1911427974700928, 2.1975152492523193, 2.2019267082214355]",,,False,123,0.7395833134651184,0.0,1.0,31.459590911865234,31.461669921875,0.23283062875270844,13.750431060791016,0.49608856439590454,"[0.3333333333333333, 0.6805555555555556, 1.0, 0.9444444444444444]","[0.0, 0.0, 0.0, 0.0]",0.0,1,False,0.9970091050254093,,,,,-0.030590957714424924,-0.03081267583995,-0.00022171812552507567,"['CP1', 'C4', 'CPz', 'C3', 'POz']","['CP1', 'C4', 'CPz', 'C3', 'POz']",,,,3,Mamba
PGD_LP,True,gaussian,3.0,Linf,0.25,0.029103828048672172,"[0.2362140268087387, 0.23648451268672943, 0.2448825091123581, 0.2501400113105774, 0.24432478845119476, 0.23885950446128845, 0.2124272584915161, 0.2498600035905838, 0.24931460618972778, 0.25488030910491943, 0.2494169920682907, 0.2461688220500946, 0.23448911309242249, 0.2552613317966461, 0.25794991850852966, 0.2643517255783081, 0.2621024250984192, 0.261465460062027, 0.2666919529438019, 0.2738928496837616, 0.2746894061565399, 0.27524083852767944]",40.0,0.0036379785060840215,True,123,0.7395833134651184,0.7118055820465088,0.2881944179534912,4.46555233001709,4.462376117706299,0.029103882610797882,30.71434211730957,0.5409218668937683,"[0.3333333333333333, 0.6805555555555556, 1.0, 0.9444444444444444]","[0.2777777777777778, 0.625, 1.0, 0.9444444444444444]",0.0,1,False,0.9970091050254094,,,,,-0.030590957714424924,-0.030431780820020293,0.00015917689440463068,"['CP1', 'C4', 'CPz', 'C3', 'POz']","['CP1', 'C4', 'CPz', 'C3', 'POz']",,,,3,Mamba
PGD_LP,True,gaussian,3.0,Linf,0.5,0.058207656097344344,"[0.4724280536174774, 0.47296902537345886, 0.4897650182247162, 0.5002800226211548, 0.4886495769023895, 0.4777190089225769, 0.4248545169830322, 0.4997200071811676, 0.49862921237945557, 0.5097606182098389, 0.4988339841365814, 0.4923376441001892, 0.46897822618484497, 0.5105226635932922, 0.5158998370170593, 0.5287034511566162, 0.5242048501968384, 0.522930920124054, 0.5333839058876038, 0.5477856993675232, 0.5493788123130798, 0.5504816770553589]",40.0,0.007275957012168043,True,123,0.7395833134651184,0.6423611044883728,0.3576388955116272,8.743124961853027,8.734343528747559,0.05820775032043457,24.881155014038086,0.5311722159385681,"[0.3333333333333333, 0.6805555555555556, 1.0, 0.9444444444444444]","[0.18055555555555555, 0.5138888888888888, 0.9583333333333334, 0.9166666666666666]",0.0,1,False,0.9970091050254094,,,,,-0.030590957714424924,-0.030431780820020293,0.00015917689440463068,"['CP1', 'C4', 'CPz', 'C3', 'POz']","['CP1', 'C4', 'CPz', 'C3', 'POz']",,,,3,Mamba
PGD_LP,True,gaussian,3.0,Linf,1.0,0.11641531219468869,"[0.9448561072349548, 0.9459380507469177, 0.9795300364494324, 1.0005600452423096, 0.977299153804779, 0.9554380178451538, 0.8497090339660645, 0.9994400143623352, 0.9972584247589111, 1.0195212364196777, 0.9976679682731628, 0.9846752882003784, 0.9379564523696899, 1.0210453271865845, 1.0317996740341187, 1.0574069023132324, 1.0484097003936768, 1.045861840248108, 1.0667678117752075, 1.0955713987350464, 1.0987576246261597, 1.1009633541107178]",40.0,0.014551914024336086,True,123,0.7395833134651184,0.4409722089767456,0.5590277910232544,16.796049118041992,16.78388214111328,0.11641539633274078,19.20808982849121,0.5141815543174744,"[0.3333333333333333, 0.6805555555555556, 1.0, 0.9444444444444444]","[0.041666666666666664, 0.18055555555555555, 0.8472222222222222, 0.6944444444444444]",0.0,1,False,0.9970091050254094,,,,,-0.030590957714424924,-0.030431780820020293,0.00015917689440463068,"['CP1', 'C4', 'CPz', 'C3', 'POz']","['CP1', 'C4', 'CPz', 'C3', 'POz']",,,,3,Mamba
PGD_LP,True,gaussian,3.0,Linf,2.0,0.23283062438937738,"[1.8897122144699097, 1.8918761014938354, 1.9590600728988647, 2.001120090484619, 1.954598307609558, 1.9108760356903076, 1.699418067932129, 1.9988800287246704, 1.9945168495178223, 2.0390424728393555, 1.9953359365463257, 1.9693505764007568, 1.8759129047393799, 2.042090654373169, 2.0635993480682373, 2.114813804626465, 2.0968194007873535, 2.091723680496216, 2.133535623550415, 2.1911427974700928, 2.1975152492523193, 2.2019267082214355]",40.0,0.029103828048672172,True,123,0.7395833134651184,0.1354166716337204,0.8645833283662796,31.066335678100586,31.03533935546875,0.23283062875270844,13.869277954101562,0.4822354018688202,"[0.3333333333333333, 0.6805555555555556, 1.0, 0.9444444444444444]","[0.0, 0.0, 0.3194444444444444, 0.2222222222222222]",0.0,1,False,0.9970091050254094,,,,,-0.030590957714424924,-0.030431780820020293,0.00015917689440463068,"['CP1', 'C4', 'CPz', 'C3', 'POz']","['CP1', 'C4', 'CPz', 'C3', 'POz']",,,,3,Mamba
DeepFool_L2,,,,L2,,,,50.0,,,123,0.7395833134651184,0.02777777798473835,0.9722222220152617,111.81810760498047,86.1462631225586,2.9103617668151855,75.66304779052734,123.50178527832031,,,0.0,1,False,0.7632869847543761,,,,,-0.030590957714424924,-0.0008278597130348832,0.02976309800139004,"['CP1', 'C4', 'CPz', 'C3', 'POz']","['CP1', 'POz', 'C4', 'C3', 'CP3']",,,,3,Mamba
FGSM,False,,,Linf,0.25,0.029103828048672172,"[0.2362140268087387, 0.23648451268672943, 0.2448825091123581, 0.2501400113105774, 0.24432478845119476, 0.23885950446128845, 0.2124272584915161, 0.2498600035905838, 0.24931460618972778, 0.25488030910491943, 0.2494169920682907, 0.2461688220500946, 0.23448911309242249, 0.2552613317966461, 0.25794991850852966, 0.2643517255783081, 0.2621024250984192, 0.261465460062027, 0.2666919529438019, 0.2738928496837616, 0.2746894061565399, 0.27524083852767944]",,,False,2024,0.6979166865348816,0.2291666716337204,0.7708333283662796,116.75723266601562,116.76276397705078,3.8786282539367676,2.3847804069519043,0.13085857033729553,"[0.2916666666666667, 0.6111111111111112, 0.9722222222222222, 0.9166666666666666]","[0.08333333333333333, 0.8194444444444444, 0.013888888888888888, 0.0]",0.0,1,False,0.6809094438170527,,,,,0.08692937906042623,0.1062803792481197,0.019351000187693465,"['CPz', 'C3', 'FCz', 'CP3', 'C4']","['C3', 'CP4', 'FCz', 'CPz', 'C4']",,,,3,Mamba
FGSM,False,,,Linf,0.5,0.058207656097344344,"[0.4724280536174774, 0.47296902537345886, 0.4897650182247162, 0.5002800226211548, 0.4886495769023895, 0.4777190089225769, 0.4248545169830322, 0.4997200071811676, 0.49862921237945557, 0.5097606182098389, 0.4988339841365814, 0.4923376441001892, 0.46897822618484497, 0.5105226635932922, 0.5158998370170593, 0.5287034511566162, 0.5242048501968384, 0.522930920124054, 0.5333839058876038, 0.5477856993675232, 0.5493788123130798, 0.5504816770553589]",,,False,2024,0.6979166865348816,0.0416666679084301,0.9583333320915699,116.32951354980469,116.85890197753906,3.8786282539367676,2.377531051635742,0.12995357811450958,"[0.2916666666666667, 0.6111111111111112, 0.9722222222222222, 0.9166666666666666]","[0.0, 0.16666666666666666, 0.0, 0.0]",0.0,1,False,0.6809094438170527,,,,,0.08692937906042623,0.1062803792481197,0.019351000187693465,"['CPz', 'C3', 'FCz', 'CP3', 'C4']","['C3', 'CP4', 'FCz', 'CPz', 'C4']",,,,3,Mamba
FGSM,False,,,Linf,1.0,0.11641531219468869,"[0.9448561072349548, 0.9459380507469177, 0.9795300364494324, 1.0005600452423096, 0.977299153804779, 0.9554380178451538, 0.8497090339660645, 0.9994400143623352, 0.9972584247589111, 1.0195212364196777, 0.9976679682731628, 0.9846752882003784, 0.9379564523696899, 1.0210453271865845, 1.0317996740341187, 1.0574069023132324, 1.0484097003936768, 1.045861840248108, 1.0667678117752075, 1.0955713987350464, 1.0987576246261597, 1.1009633541107178]",,,False,2024,0.6979166865348816,0.0,1.0,116.83140563964844,117.24179077148438,3.8786282539367676,2.348723888397217,0.12645521759986877,"[0.2916666666666667, 0.6111111111111112, 0.9722222222222222, 0.9166666666666666]","[0.0, 0.0, 0.0, 0.0]",0.0,1,False,0.6809094438170527,,,,,0.08692937906042623,0.1062803792481197,0.019351000187693465,"['CPz', 'C3', 'FCz', 'CP3', 'C4']","['C3', 'CP4', 'FCz', 'CPz', 'C4']",,,,3,Mamba
FGSM,False,,,Linf,2.0,0.23283062438937738,"[1.8897122144699097, 1.8918761014938354, 1.9590600728988647, 2.001120090484619, 1.954598307609558, 1.9108760356903076, 1.699418067932129, 1.9988800287246704, 1.9945168495178223, 2.0390424728393555, 1.9953359365463257, 1.9693505764007568, 1.8759129047393799, 2.042090654373169, 2.0635993480682373, 2.114813804626465, 2.0968194007873535, 2.091723680496216, 2.133535623550415, 2.1911427974700928, 2.1975152492523193, 2.2019267082214355]",,,False,2024,0.6979166865348816,0.0,1.0,118.31040954589844,118.745849609375,3.8786282539367676,2.23652982711792,0.11438535153865814,"[0.2916666666666667, 0.6111111111111112, 0.9722222222222222, 0.9166666666666666]","[0.0, 0.0, 0.0, 0.0]",0.0,1,False,0.6809094438170527,,,,,0.08692937906042623,0.1062803792481197,0.019351000187693465,"['CPz', 'C3', 'FCz', 'CP3', 'C4']","['C3', 'CP4', 'FCz', 'CPz', 'C4']",,,,3,Mamba
PGD,False,,,Linf,0.25,0.029103828048672172,"[0.2362140268087387, 0.23648451268672943, 0.2448825091123581, 0.2501400113105774, 0.24432478845119476, 0.23885950446128845, 0.2124272584915161, 0.2498600035905838, 0.24931460618972778, 0.25488030910491943, 0.2494169920682907, 0.2461688220500946, 0.23448911309242249, 0.2552613317966461, 0.25794991850852966, 0.2643517255783081, 0.2621024250984192, 0.261465460062027, 0.2666919529438019, 0.2738928496837616, 0.2746894061565399, 0.27524083852767944]",40.0,0.0036379785060840215,True,2024,0.6979166865348816,0.1180555522441864,0.8819444477558136,116.52958679199219,116.76266479492188,3.8786282539367676,2.3847873210906982,0.13085943460464478,"[0.2916666666666667, 0.6111111111111112, 0.9722222222222222, 0.9166666666666666]","[0.0, 0.4722222222222222, 0.0, 0.0]",0.0,1,False,0.6760040231507625,,,,,0.08692937906042623,0.10951368023628023,0.022584301175854,"['CPz', 'C3', 'FCz', 'CP3', 'C4']","['C3', 'CP4', 'FCz', 'CPz', 'C4']",,,,3,Mamba
PGD,False,,,Linf,0.5,0.058207656097344344,"[0.4724280536174774, 0.47296902537345886, 0.4897650182247162, 0.5002800226211548, 0.4886495769023895, 0.4777190089225769, 0.4248545169830322, 0.4997200071811676, 0.49862921237945557, 0.5097606182098389, 0.4988339841365814, 0.4923376441001892, 0.46897822618484497, 0.5105226635932922, 0.5158998370170593, 0.5287034511566162, 0.5242048501968384, 0.522930920124054, 0.5333839058876038, 0.5477856993675232, 0.5493788123130798, 0.5504816770553589]",40.0,0.007275957012168043,True,2024,0.6979166865348816,0.0,1.0,116.45559692382812,116.85774993896484,3.8786282539367676,2.3776185512542725,0.1299675703048706,"[0.2916666666666667, 0.6111111111111112, 0.9722222222222222, 0.9166666666666666]","[0.0, 0.0, 0.0, 0.0]",0.0,1,False,0.6760040231507625,,,,,0.08692937906042623,0.10951368023628023,0.022584301175854,"['CPz', 'C3', 'FCz', 'CP3', 'C4']","['C3', 'CP4', 'FCz', 'CPz', 'C4']",,,,3,Mamba
PGD,False,,,Linf,1.0,0.11641531219468869,"[0.9448561072349548, 0.9459380507469177, 0.9795300364494324, 1.0005600452423096, 0.977299153804779, 0.9554380178451538, 0.8497090339660645, 0.9994400143623352, 0.9972584247589111, 1.0195212364196777, 0.9976679682731628, 0.9846752882003784, 0.9379564523696899, 1.0210453271865845, 1.0317996740341187, 1.0574069023132324, 1.0484097003936768, 1.045861840248108, 1.0667678117752075, 1.0955713987350464, 1.0987576246261597, 1.1009633541107178]",40.0,0.014551914024336086,True,2024,0.6979166865348816,0.0,1.0,116.76460266113281,117.17070770263672,3.8786282539367676,2.3540971279144287,0.12726208567619324,"[0.2916666666666667, 0.6111111111111112, 0.9722222222222222, 0.9166666666666666]","[0.0, 0.0, 0.0, 0.0]",0.0,1,False,0.6760040231507625,,,,,0.08692937906042623,0.10951368023628023,0.022584301175854,"['CPz', 'C3', 'FCz', 'CP3', 'C4']","['C3', 'CP4', 'FCz', 'CPz', 'C4']",,,,3,Mamba
PGD,False,,,Linf,2.0,0.23283062438937738,"[1.8897122144699097, 1.8918761014938354, 1.9590600728988647, 2.001120090484619, 1.954598307609558, 1.9108760356903076, 1.699418067932129, 1.9988800287246704, 1.9945168495178223, 2.0390424728393555, 1.9953359365463257, 1.9693505764007568, 1.8759129047393799, 2.042090654373169, 2.0635993480682373, 2.114813804626465, 2.0968194007873535, 2.091723680496216, 2.133535623550415, 2.1911427974700928, 2.1975152492523193, 2.2019267082214355]",40.0,0.029103828048672172,True,2024,0.6979166865348816,0.0,1.0,117.5017318725586,117.94170379638672,3.8786282539367676,2.2964184284210205,0.12100441753864288,"[0.2916666666666667, 0.6111111111111112, 0.9722222222222222, 0.9166666666666666]","[0.0, 0.0, 0.0, 0.0]",0.0,1,False,0.6760040231507625,,,,,0.08692937906042623,0.10951368023628023,0.022584301175854,"['CPz', 'C3', 'FCz', 'CP3', 'C4']","['C3', 'CP4', 'FCz', 'CPz', 'C4']",,,,3,Mamba
FGSM_LP,True,gaussian,3.0,Linf,0.25,0.029103828048672172,"[0.2362140268087387, 0.23648451268672943, 0.2448825091123581, 0.2501400113105774, 0.24432478845119476, 0.23885950446128845, 0.2124272584915161, 0.2498600035905838, 0.24931460618972778, 0.25488030910491943, 0.2494169920682907, 0.2461688220500946, 0.23448911309242249, 0.2552613317966461, 0.25794991850852966, 0.2643517255783081, 0.2621024250984192, 0.261465460062027, 0.2666919529438019, 0.2738928496837616, 0.2746894061565399, 0.27524083852767944]",,,False,2024,0.6979166865348816,0.6597222089767456,0.3402777910232544,4.466592311859131,4.462291717529297,0.029103882610797882,30.71451187133789,0.542445957660675,"[0.2916666666666667, 0.6111111111111112, 0.9722222222222222, 0.9166666666666666]","[0.2222222222222222, 0.5694444444444444, 0.9444444444444444, 0.9027777777777778]",0.0,1,False,0.9963562252964427,,,,,0.08692937906042623,0.08516151718136966,-0.001767861879056573,"['CPz', 'C3', 'FCz', 'CP3', 'C4']","['CPz', 'C3', 'FCz', 'CP3', 'C4']",,,,3,Mamba
FGSM_LP,True,gaussian,3.0,Linf,0.5,0.058207656097344344,"[0.4724280536174774, 0.47296902537345886, 0.4897650182247162, 0.5002800226211548, 0.4886495769023895, 0.4777190089225769, 0.4248545169830322, 0.4997200071811676, 0.49862921237945557, 0.5097606182098389, 0.4988339841365814, 0.4923376441001892, 0.46897822618484497, 0.5105226635932922, 0.5158998370170593, 0.5287034511566162, 0.5242048501968384, 0.522930920124054, 0.5333839058876038, 0.5477856993675232, 0.5493788123130798, 0.5504816770553589]",,,False,2024,0.6979166865348816,0.5416666865348816,0.4583333134651184,8.73849868774414,8.735233306884766,0.05820775032043457,24.880252838134766,0.5340816974639893,"[0.2916666666666667, 0.6111111111111112, 0.9722222222222222, 0.9166666666666666]","[0.1111111111111111, 0.3472222222222222, 0.8194444444444444, 0.8888888888888888]",0.0,1,False,0.9963562252964427,,,,,0.08692937906042623,0.08516151718136966,-0.001767861879056573,"['CPz', 'C3', 'FCz', 'CP3', 'C4']","['CPz', 'C3', 'FCz', 'CP3', 'C4']",,,,3,Mamba
FGSM_LP,True,gaussian,3.0,Linf,1.0,0.11641531219468869,"[0.9448561072349548, 0.9459380507469177, 0.9795300364494324, 1.0005600452423096, 0.977299153804779, 0.9554380178451538, 0.8497090339660645, 0.9994400143623352, 0.9972584247589111, 1.0195212364196777, 0.9976679682731628, 0.9846752882003784, 0.9379564523696899, 1.0210453271865845, 1.0317996740341187, 1.0574069023132324, 1.0484097003936768, 1.045861840248108, 1.0667678117752075, 1.0955713987350464, 1.0987576246261597, 1.1009633541107178]",,,False,2024,0.6979166865348816,0.25,0.75,16.819595336914062,16.814815521240234,0.11641539633274078,19.1920108795166,0.5211792588233948,"[0.2916666666666667, 0.6111111111111112, 0.9722222222222222, 0.9166666666666666]","[0.0, 0.09722222222222222, 0.4027777777777778, 0.5]",0.0,1,False,0.9963562252964427,,,,,0.08692937906042623,0.08516151718136966,-0.001767861879056573,"['CPz', 'C3', 'FCz', 'CP3', 'C4']","['CPz', 'C3', 'FCz', 'CP3', 'C4']",,,,3,Mamba
FGSM_LP,True,gaussian,3.0,Linf,2.0,0.23283062438937738,"[1.8897122144699097, 1.8918761014938354, 1.9590600728988647, 2.001120090484619, 1.954598307609558, 1.9108760356903076, 1.699418067932129, 1.9988800287246704, 1.9945168495178223, 2.0390424728393555, 1.9953359365463257, 1.9693505764007568, 1.8759129047393799, 2.042090654373169, 2.0635993480682373, 2.114813804626465, 2.0968194007873535, 2.091723680496216, 2.133535623550415, 2.1911427974700928, 2.1975152492523193, 2.2019267082214355]",,,False,2024,0.6979166865348816,0.0069444444961845875,0.9930555555038154,31.449848175048828,31.45981788635254,0.23283062875270844,13.750908851623535,0.5013253092765808,"[0.2916666666666667, 0.6111111111111112, 0.9722222222222222, 0.9166666666666666]","[0.0, 0.0, 0.0, 0.027777777777777776]",0.0,1,False,0.9963562252964427,,,,,0.08692937906042623,0.08516151718136966,-0.001767861879056573,"['CPz', 'C3', 'FCz', 'CP3', 'C4']","['CPz', 'C3', 'FCz', 'CP3', 'C4']",,,,3,Mamba
PGD_LP,True,gaussian,3.0,Linf,0.25,0.029103828048672172,"[0.2362140268087387, 0.23648451268672943, 0.2448825091123581, 0.2501400113105774, 0.24432478845119476, 0.23885950446128845, 0.2124272584915161, 0.2498600035905838, 0.24931460618972778, 0.25488030910491943, 0.2494169920682907, 0.2461688220500946, 0.23448911309242249, 0.2552613317966461, 0.25794991850852966, 0.2643517255783081, 0.2621024250984192, 0.261465460062027, 0.2666919529438019, 0.2738928496837616, 0.2746894061565399, 0.27524083852767944]",40.0,0.0036379785060840215,True,2024,0.6979166865348816,0.6770833134651184,0.3229166865348816,4.466633319854736,4.4617533683776855,0.029103882610797882,30.71556282043457,0.5417381525039673,"[0.2916666666666667, 0.6111111111111112, 0.9722222222222222, 0.9166666666666666]","[0.25, 0.5833333333333334, 0.9583333333333334, 0.9166666666666666]",0.0,1,False,0.9962944664031621,,,,,0.08692937906042623,0.0856185072076628,-0.0013108718527634344,"['CPz', 'C3', 'FCz', 'CP3', 'C4']","['CPz', 'C3', 'FCz', 'CP3', 'C4']",,,,3,Mamba
PGD_LP,True,gaussian,3.0,Linf,0.5,0.058207656097344344,"[0.4724280536174774, 0.47296902537345886, 0.4897650182247162, 0.5002800226211548, 0.4886495769023895, 0.4777190089225769, 0.4248545169830322, 0.4997200071811676, 0.49862921237945557, 0.5097606182098389, 0.4988339841365814, 0.4923376441001892, 0.46897822618484497, 0.5105226635932922, 0.5158998370170593, 0.5287034511566162, 0.5242048501968384, 0.522930920124054, 0.5333839058876038, 0.5477856993675232, 0.5493788123130798, 0.5504816770553589]",40.0,0.007275957012168043,True,2024,0.6979166865348816,0.6284722089767456,0.3715277910232544,8.74178409576416,8.731825828552246,0.05820775032043457,24.883657455444336,0.5327060222625732,"[0.2916666666666667, 0.6111111111111112, 0.9722222222222222, 0.9166666666666666]","[0.19444444444444445, 0.4722222222222222, 0.9305555555555556, 0.9166666666666666]",0.0,1,False,0.9962944664031621,,,,,0.08692937906042623,0.0856185072076628,-0.0013108718527634344,"['CPz', 'C3', 'FCz', 'CP3', 'C4']","['CPz', 'C3', 'FCz', 'CP3', 'C4']",,,,3,Mamba
PGD_LP,True,gaussian,3.0,Linf,1.0,0.11641531219468869,"[0.9448561072349548, 0.9459380507469177, 0.9795300364494324, 1.0005600452423096, 0.977299153804779, 0.9554380178451538, 0.8497090339660645, 0.9994400143623352, 0.9972584247589111, 1.0195212364196777, 0.9976679682731628, 0.9846752882003784, 0.9379564523696899, 1.0210453271865845, 1.0317996740341187, 1.0574069023132324, 1.0484097003936768, 1.045861840248108, 1.0667678117752075, 1.0955713987350464, 1.0987576246261597, 1.1009633541107178]",40.0,0.014551914024336086,True,2024,0.6979166865348816,0.4652777910232544,0.5347222089767456,16.78312110900879,16.770347595214844,0.11641539633274078,19.215091705322266,0.5166622400283813,"[0.2916666666666667, 0.6111111111111112, 0.9722222222222222, 0.9166666666666666]","[0.05555555555555555, 0.19444444444444445, 0.7777777777777778, 0.8333333333333334]",0.0,1,False,0.9962944664031621,,,,,0.08692937906042623,0.0856185072076628,-0.0013108718527634344,"['CPz', 'C3', 'FCz', 'CP3', 'C4']","['CPz', 'C3', 'FCz', 'CP3', 'C4']",,,,3,Mamba
PGD_LP,True,gaussian,3.0,Linf,2.0,0.23283062438937738,"[1.8897122144699097, 1.8918761014938354, 1.9590600728988647, 2.001120090484619, 1.954598307609558, 1.9108760356903076, 1.699418067932129, 1.9988800287246704, 1.9945168495178223, 2.0390424728393555, 1.9953359365463257, 1.9693505764007568, 1.8759129047393799, 2.042090654373169, 2.0635993480682373, 2.114813804626465, 2.0968194007873535, 2.091723680496216, 2.133535623550415, 2.1911427974700928, 2.1975152492523193, 2.2019267082214355]",40.0,0.029103828048672172,True,2024,0.6979166865348816,0.1701388955116272,0.8298611044883728,30.997892379760742,30.97069549560547,0.23283062875270844,13.887410163879395,0.4837469458580017,"[0.2916666666666667, 0.6111111111111112, 0.9722222222222222, 0.9166666666666666]","[0.0, 0.013888888888888888, 0.2638888888888889, 0.4027777777777778]",0.0,1,False,0.9962944664031621,,,,,0.08692937906042623,0.0856185072076628,-0.0013108718527634344,"['CPz', 'C3', 'FCz', 'CP3', 'C4']","['CPz', 'C3', 'FCz', 'CP3', 'C4']",,,,3,Mamba
DeepFool_L2,,,,L2,,,,50.0,,,2024,0.6979166865348816,0.0451388880610466,0.9548611119389534,111.00190734863281,81.36579132080078,2.74893856048584,87.37893676757812,129.2003936767578,,,0.0,1,False,0.7691805477131566,,,,,0.08692937906042623,0.0818512723387153,-0.00507810672171094,"['CPz', 'C3', 'FCz', 'CP3', 'C4']","['C3', 'CPz', 'FCz', 'CP4', 'C4']",,,,3,Mamba
FGSM,False,,,Linf,0.25,0.029103828048672172,"[0.2362140268087387, 0.23648451268672943, 0.2448825091123581, 0.2501400113105774, 0.24432478845119476, 0.23885950446128845, 0.2124272584915161, 0.2498600035905838, 0.24931460618972778, 0.25488030910491943, 0.2494169920682907, 0.2461688220500946, 0.23448911309242249, 0.2552613317966461, 0.25794991850852966, 0.2643517255783081, 0.2621024250984192, 0.261465460062027, 0.2666919529438019, 0.2738928496837616, 0.2746894061565399, 0.27524083852767944]",,,False,31415,0.6875,0.2604166567325592,0.7395833432674408,115.55225372314453,116.76274871826172,3.8786282539367676,2.3847804069519043,0.13085833191871643,"[0.16666666666666666, 0.6805555555555556, 0.9722222222222222, 0.9305555555555556]","[0.0, 0.3611111111111111, 0.0, 0.6805555555555556]",0.0,1,False,0.8013922219085263,,,,,-0.03896805772058697,-0.019859235157616582,0.01910882256297039,"['POz', 'CPz', 'C4', 'CP3', 'FC1']","['CP3', 'POz', 'CPz', 'FC4', 'C4']",,,,3,Mamba
FGSM,False,,,Linf,0.5,0.058207656097344344,"[0.4724280536174774, 0.47296902537345886, 0.4897650182247162, 0.5002800226211548, 0.4886495769023895, 0.4777190089225769, 0.4248545169830322, 0.4997200071811676, 0.49862921237945557, 0.5097606182098389, 0.4988339841365814, 0.4923376441001892, 0.46897822618484497, 0.5105226635932922, 0.5158998370170593, 0.5287034511566162, 0.5242048501968384, 0.522930920124054, 0.5333839058876038, 0.5477856993675232, 0.5493788123130798, 0.5504816770553589]",,,False,31415,0.6875,0.1041666641831398,0.8958333358168602,116.00733947753906,116.85890197753906,3.8786282539367676,2.377531051635742,0.12995301187038422,"[0.16666666666666666, 0.6805555555555556, 0.9722222222222222, 0.9305555555555556]","[0.0, 0.08333333333333333, 0.0, 0.3333333333333333]",0.0,1,False,0.8013922219085263,,,,,-0.03896805772058697,-0.019859235157616582,0.01910882256297039,"['POz', 'CPz', 'C4', 'CP3', 'FC1']","['CP3', 'POz', 'CPz', 'FC4', 'C4']",,,,3,Mamba
FGSM,False,,,Linf,1.0,0.11641531219468869,"[0.9448561072349548, 0.9459380507469177, 0.9795300364494324, 1.0005600452423096, 0.977299153804779, 0.9554380178451538, 0.8497090339660645, 0.9994400143623352, 0.9972584247589111, 1.0195212364196777, 0.9976679682731628, 0.9846752882003784, 0.9379564523696899, 1.0210453271865845, 1.0317996740341187, 1.0574069023132324, 1.0484097003936768, 1.045861840248108, 1.0667678117752075, 1.0955713987350464, 1.0987576246261597, 1.1009633541107178]",,,False,31415,0.6875,0.0034722222480922937,0.9965277777519077,116.79122161865234,117.24175262451172,3.8786282539367676,2.3487260341644287,0.12645281851291656,"[0.16666666666666666, 0.6805555555555556, 0.9722222222222222, 0.9305555555555556]","[0.0, 0.0, 0.0, 0.013888888888888888]",0.0,1,False,0.8013922219085263,,,,,-0.03896805772058697,-0.019859235157616582,0.01910882256297039,"['POz', 'CPz', 'C4', 'CP3', 'FC1']","['CP3', 'POz', 'CPz', 'FC4', 'C4']",,,,3,Mamba
FGSM,False,,,Linf,2.0,0.23283062438937738,"[1.8897122144699097, 1.8918761014938354, 1.9590600728988647, 2.001120090484619, 1.954598307609558, 1.9108760356903076, 1.699418067932129, 1.9988800287246704, 1.9945168495178223, 2.0390424728393555, 1.9953359365463257, 1.9693505764007568, 1.8759129047393799, 2.042090654373169, 2.0635993480682373, 2.114813804626465, 2.0968194007873535, 2.091723680496216, 2.133535623550415, 2.1911427974700928, 2.1975152492523193, 2.2019267082214355]",,,False,31415,0.6875,0.0,1.0,118.30931091308594,118.74527740478516,3.8786282539367676,2.236569404602051,0.11439424753189087,"[0.16666666666666666, 0.6805555555555556, 0.9722222222222222, 0.9305555555555556]","[0.0, 0.0, 0.0, 0.0]",0.0,1,False,0.8013922219085263,,,,,-0.03896805772058697,-0.019859235157616582,0.01910882256297039,"['POz', 'CPz', 'C4', 'CP3', 'FC1']","['CP3', 'POz', 'CPz', 'FC4', 'C4']",,,,3,Mamba
PGD,False,,,Linf,0.25,0.029103828048672172,"[0.2362140268087387, 0.23648451268672943, 0.2448825091123581, 0.2501400113105774, 0.24432478845119476, 0.23885950446128845, 0.2124272584915161, 0.2498600035905838, 0.24931460618972778, 0.25488030910491943, 0.2494169920682907, 0.2461688220500946, 0.23448911309242249, 0.2552613317966461, 0.25794991850852966, 0.2643517255783081, 0.2621024250984192, 0.261465460062027, 0.2666919529438019, 0.2738928496837616, 0.2746894061565399, 0.27524083852767944]",40.0,0.0036379785060840215,True,31415,0.6875,0.0833333358168602,0.9166666641831398,115.91078186035156,116.76266479492188,3.8786282539367676,2.38478684425354,0.13085953891277313,"[0.16666666666666666, 0.6805555555555556, 0.9722222222222222, 0.9305555555555556]","[0.0, 0.0, 0.0, 0.3333333333333333]",0.0,1,False,0.7998658949745907,,,,,-0.03896805772058697,-0.022810309850760845,0.016157747869826128,"['POz', 'CPz', 'C4', 'CP3', 'FC1']","['CP3', 'POz', 'CPz', 'FC4', 'C4']",,,,3,Mamba
PGD,False,,,Linf,0.5,0.058207656097344344,"[0.4724280536174774, 0.47296902537345886, 0.4897650182247162, 0.5002800226211548, 0.4886495769023895, 0.4777190089225769, 0.4248545169830322, 0.4997200071811676, 0.49862921237945557, 0.5097606182098389, 0.4988339841365814, 0.4923376441001892, 0.46897822618484497, 0.5105226635932922, 0.5158998370170593, 0.5287034511566162, 0.5242048501968384, 0.522930920124054, 0.5333839058876038, 0.5477856993675232, 0.5493788123130798, 0.5504816770553589]",40.0,0.007275957012168043,True,31415,0.6875,0.0034722222480922937,0.9965277777519077,116.40826416015625,116.85735321044922,3.8786282539367676,2.3776495456695557,0.1299924999475479,"[0.16666666666666666, 0.6805555555555556, 0.9722222222222222, 0.9305555555555556]","[0.0, 0.0, 0.0, 0.013888888888888888]",0.0,1,False,0.7998658949745907,,,,,-0.03896805772058697,-0.022810309850760845,0.016157747869826128,"['POz', 'CPz', 'C4', 'CP3', 'FC1']","['CP3', 'POz', 'CPz', 'FC4', 'C4']",,,,3,Mamba
PGD,False,,,Linf,1.0,0.11641531219468869,"[0.9448561072349548, 0.9459380507469177, 0.9795300364494324, 1.0005600452423096, 0.977299153804779, 0.9554380178451538, 0.8497090339660645, 0.9994400143623352, 0.9972584247589111, 1.0195212364196777, 0.9976679682731628, 0.9846752882003784, 0.9379564523696899, 1.0210453271865845, 1.0317996740341187, 1.0574069023132324, 1.0484097003936768, 1.045861840248108, 1.0667678117752075, 1.0955713987350464, 1.0987576246261597, 1.1009633541107178]",40.0,0.014551914024336086,True,31415,0.6875,0.0,1.0,116.74461364746094,117.16665649414062,3.8786282539367676,2.3544464111328125,0.12783969938755035,"[0.16666666666666666, 0.6805555555555556, 0.9722222222222222, 0.9305555555555556]","[0.0, 0.0, 0.0, 0.0]",0.0,1,False,0.7998658949745907,,,,,-0.03896805772058697,-0.022810309850760845,0.016157747869826128,"['POz', 'CPz', 'C4', 'CP3', 'FC1']","['CP3', 'POz', 'CPz', 'FC4', 'C4']",,,,3,Mamba
PGD,False,,,Linf,2.0,0.23283062438937738,"[1.8897122144699097, 1.8918761014938354, 1.9590600728988647, 2.001120090484619, 1.954598307609558, 1.9108760356903076, 1.699418067932129, 1.9988800287246704, 1.9945168495178223, 2.0390424728393555, 1.9953359365463257, 1.9693505764007568, 1.8759129047393799, 2.042090654373169, 2.0635993480682373, 2.114813804626465, 2.0968194007873535, 2.091723680496216, 2.133535623550415, 2.1911427974700928, 2.1975152492523193, 2.2019267082214355]",40.0,0.029103828048672172,True,31415,0.6875,0.0,1.0,117.51499938964844,117.94546508789062,3.8786282539367676,2.2962770462036133,0.12230664491653442,"[0.16666666666666666, 0.6805555555555556, 0.9722222222222222, 0.9305555555555556]","[0.0, 0.0, 0.0, 0.0]",0.0,1,False,0.7998658949745907,,,,,-0.03896805772058697,-0.022810309850760845,0.016157747869826128,"['POz', 'CPz', 'C4', 'CP3', 'FC1']","['CP3', 'POz', 'CPz', 'FC4', 'C4']",,,,3,Mamba
FGSM_LP,True,gaussian,3.0,Linf,0.25,0.029103828048672172,"[0.2362140268087387, 0.23648451268672943, 0.2448825091123581, 0.2501400113105774, 0.24432478845119476, 0.23885950446128845, 0.2124272584915161, 0.2498600035905838, 0.24931460618972778, 0.25488030910491943, 0.2494169920682907, 0.2461688220500946, 0.23448911309242249, 0.2552613317966461, 0.25794991850852966, 0.2643517255783081, 0.2621024250984192, 0.261465460062027, 0.2666919529438019, 0.2738928496837616, 0.2746894061565399, 0.27524083852767944]",,,False,31415,0.6875,0.6631944179534912,0.3368055820465088,4.466970443725586,4.461206436157227,0.029103882610797882,30.71662712097168,0.5419977903366089,"[0.16666666666666666, 0.6805555555555556, 0.9722222222222222, 0.9305555555555556]","[0.1111111111111111, 0.6527777777777778, 0.9583333333333334, 0.9305555555555556]",0.0,1,False,0.9977149209486166,,,,,-0.03896805772058697,-0.03791627569894199,0.0010517820216449855,"['POz', 'CPz', 'C4', 'CP3', 'FC1']","['POz', 'CPz', 'C4', 'CP3', 'FC1']",,,,3,Mamba
FGSM_LP,True,gaussian,3.0,Linf,0.5,0.058207656097344344,"[0.4724280536174774, 0.47296902537345886, 0.4897650182247162, 0.5002800226211548, 0.4886495769023895, 0.4777190089225769, 0.4248545169830322, 0.4997200071811676, 0.49862921237945557, 0.5097606182098389, 0.4988339841365814, 0.4923376441001892, 0.46897822618484497, 0.5105226635932922, 0.5158998370170593, 0.5287034511566162, 0.5242048501968384, 0.522930920124054, 0.5333839058876038, 0.5477856993675232, 0.5493788123130798, 0.5504816770553589]",,,False,31415,0.6875,0.5694444179534912,0.4305555820465088,8.74893856048584,8.731684684753418,0.05820775032043457,24.883792877197266,0.534199059009552,"[0.16666666666666666, 0.6805555555555556, 0.9722222222222222, 0.9305555555555556]","[0.027777777777777776, 0.5, 0.8472222222222222, 0.9027777777777778]",0.0,1,False,0.9977149209486166,,,,,-0.03896805772058697,-0.03791627569894199,0.0010517820216449855,"['POz', 'CPz', 'C4', 'CP3', 'FC1']","['POz', 'CPz', 'C4', 'CP3', 'FC1']",,,,3,Mamba
FGSM_LP,True,gaussian,3.0,Linf,1.0,0.11641531219468869,"[0.9448561072349548, 0.9459380507469177, 0.9795300364494324, 1.0005600452423096, 0.977299153804779, 0.9554380178451538, 0.8497090339660645, 0.9994400143623352, 0.9972584247589111, 1.0195212364196777, 0.9976679682731628, 0.9846752882003784, 0.9379564523696899, 1.0210453271865845, 1.0317996740341187, 1.0574069023132324, 1.0484097003936768, 1.045861840248108, 1.0667678117752075, 1.0955713987350464, 1.0987576246261597, 1.1009633541107178]",,,False,31415,0.6875,0.2777777910232544,0.7222222089767456,16.820491790771484,16.803062438964844,0.11641539633274078,19.198102951049805,0.5221648216247559,"[0.16666666666666666, 0.6805555555555556, 0.9722222222222222, 0.9305555555555556]","[0.0, 0.1111111111111111, 0.3472222222222222, 0.6527777777777778]",0.0,1,False,0.9977149209486166,,,,,-0.03896805772058697,-0.03791627569894199,0.0010517820216449855,"['POz', 'CPz', 'C4', 'CP3', 'FC1']","['POz', 'CPz', 'C4', 'CP3', 'FC1']",,,,3,Mamba
FGSM_LP,True,gaussian,3.0,Linf,2.0,0.23283062438937738,"[1.8897122144699097, 1.8918761014938354, 1.9590600728988647, 2.001120090484619, 1.954598307609558, 1.9108760356903076, 1.699418067932129, 1.9988800287246704, 1.9945168495178223, 2.0390424728393555, 1.9953359365463257, 1.9693505764007568, 1.8759129047393799, 2.042090654373169, 2.0635993480682373, 2.114813804626465, 2.0968194007873535, 2.091723680496216, 2.133535623550415, 2.1911427974700928, 2.1975152492523193, 2.2019267082214355]",,,False,31415,0.6875,0.0034722222480922937,0.9965277777519077,31.422195434570312,31.416751861572266,0.23283062875270844,13.762832641601562,0.5022072792053223,"[0.16666666666666666, 0.6805555555555556, 0.9722222222222222, 0.9305555555555556]","[0.0, 0.0, 0.0, 0.013888888888888888]",0.0,1,False,0.9977149209486166,,,,,-0.03896805772058697,-0.03791627569894199,0.0010517820216449855,"['POz', 'CPz', 'C4', 'CP3', 'FC1']","['POz', 'CPz', 'C4', 'CP3', 'FC1']",,,,3,Mamba
PGD_LP,True,gaussian,3.0,Linf,0.25,0.029103828048672172,"[0.2362140268087387, 0.23648451268672943, 0.2448825091123581, 0.2501400113105774, 0.24432478845119476, 0.23885950446128845, 0.2124272584915161, 0.2498600035905838, 0.24931460618972778, 0.25488030910491943, 0.2494169920682907, 0.2461688220500946, 0.23448911309242249, 0.2552613317966461, 0.25794991850852966, 0.2643517255783081, 0.2621024250984192, 0.261465460062027, 0.2666919529438019, 0.2738928496837616, 0.2746894061565399, 0.27524083852767944]",40.0,0.0036379785060840215,True,31415,0.6875,0.6736111044883728,0.3263888955116272,4.464503288269043,4.461453914642334,0.029103882610797882,30.716142654418945,0.5426396131515503,"[0.16666666666666666, 0.6805555555555556, 0.9722222222222222, 0.9305555555555556]","[0.125, 0.6666666666666666, 0.9583333333333334, 0.9444444444444444]",0.0,1,False,0.9977413890457368,,,,,-0.03896805772058697,-0.03801293471836646,0.0009551230022205107,"['POz', 'CPz', 'C4', 'CP3', 'FC1']","['POz', 'CPz', 'C4', 'CP3', 'FC1']",,,,3,Mamba
PGD_LP,True,gaussian,3.0,Linf,0.5,0.058207656097344344,"[0.4724280536174774, 0.47296902537345886, 0.4897650182247162, 0.5002800226211548, 0.4886495769023895, 0.4777190089225769, 0.4248545169830322, 0.4997200071811676, 0.49862921237945557, 0.5097606182098389, 0.4988339841365814, 0.4923376441001892, 0.46897822618484497, 0.5105226635932922, 0.5158998370170593, 0.5287034511566162, 0.5242048501968384, 0.522930920124054, 0.5333839058876038, 0.5477856993675232, 0.5493788123130798, 0.5504816770553589]",40.0,0.007275957012168043,True,31415,0.6875,0.6284722089767456,0.3715277910232544,8.737019538879395,8.73106861114502,0.05820775032043457,24.88440704345703,0.5345019698143005,"[0.16666666666666666, 0.6805555555555556, 0.9722222222222222, 0.9305555555555556]","[0.08333333333333333, 0.5972222222222222, 0.9166666666666666, 0.9166666666666666]",0.0,1,False,0.9977413890457368,,,,,-0.03896805772058697,-0.03801293471836646,0.0009551230022205107,"['POz', 'CPz', 'C4', 'CP3', 'FC1']","['POz', 'CPz', 'C4', 'CP3', 'FC1']",,,,3,Mamba
PGD_LP,True,gaussian,3.0,Linf,1.0,0.11641531219468869,"[0.9448561072349548, 0.9459380507469177, 0.9795300364494324, 1.0005600452423096, 0.977299153804779, 0.9554380178451538, 0.8497090339660645, 0.9994400143623352, 0.9972584247589111, 1.0195212364196777, 0.9976679682731628, 0.9846752882003784, 0.9379564523696899, 1.0210453271865845, 1.0317996740341187, 1.0574069023132324, 1.0484097003936768, 1.045861840248108, 1.0667678117752075, 1.0955713987350464, 1.0987576246261597, 1.1009633541107178]",40.0,0.014551914024336086,True,31415,0.6875,0.4791666567325592,0.5208333432674408,16.780317306518555,16.76759147644043,0.11641539633274078,19.216522216796875,0.5171422958374023,"[0.16666666666666666, 0.6805555555555556, 0.9722222222222222, 0.9305555555555556]","[0.013888888888888888, 0.3194444444444444, 0.7361111111111112, 0.8472222222222222]",0.0,1,False,0.9977413890457368,,,,,-0.03896805772058697,-0.03801293471836646,0.0009551230022205107,"['POz', 'CPz', 'C4', 'CP3', 'FC1']","['POz', 'CPz', 'C4', 'CP3', 'FC1']",,,,3,Mamba
PGD_LP,True,gaussian,3.0,Linf,2.0,0.23283062438937738,"[1.8897122144699097, 1.8918761014938354, 1.9590600728988647, 2.001120090484619, 1.954598307609558, 1.9108760356903076, 1.699418067932129, 1.9988800287246704, 1.9945168495178223, 2.0390424728393555, 1.9953359365463257, 1.9693505764007568, 1.8759129047393799, 2.042090654373169, 2.0635993480682373, 2.114813804626465, 2.0968194007873535, 2.091723680496216, 2.133535623550415, 2.1911427974700928, 2.1975152492523193, 2.2019267082214355]",40.0,0.029103828048672172,True,31415,0.6875,0.125,0.875,30.96764373779297,30.976131439208984,0.23283062875270844,13.885879516601562,0.48401227593421936,"[0.16666666666666666, 0.6805555555555556, 0.9722222222222222, 0.9305555555555556]","[0.0, 0.0, 0.1388888888888889, 0.3611111111111111]",0.0,1,False,0.9977413890457368,,,,,-0.03896805772058697,-0.03801293471836646,0.0009551230022205107,"['POz', 'CPz', 'C4', 'CP3', 'FC1']","['POz', 'CPz', 'C4', 'CP3', 'FC1']",,,,3,Mamba
DeepFool_L2,,,,L2,,,,50.0,,,31415,0.6875,0.2256944477558136,0.7743055522441864,107.400634765625,80.06734466552734,2.711801528930664,90.31537628173828,130.4314727783203,,,0.0,1,False,0.8365065640880859,,,,,-0.03896805772058697,-0.01727834970010952,0.02168970802047745,"['POz', 'CPz', 'C4', 'CP3', 'FC1']","['CP3', 'POz', 'CPz', 'FC4', 'Pz']",,,,3,Mamba
FGSM,False,,,Linf,0.25,0.029103828048672172,"[0.2362140268087387, 0.23648451268672943, 0.2448825091123581, 0.2501400113105774, 0.24432478845119476, 0.23885950446128845, 0.2124272584915161, 0.2498600035905838, 0.24931460618972778, 0.25488030910491943, 0.2494169920682907, 0.2461688220500946, 0.23448911309242249, 0.2552613317966461, 0.25794991850852966, 0.2643517255783081, 0.2621024250984192, 0.261465460062027, 0.2666919529438019, 0.2738928496837616, 0.2746894061565399, 0.27524083852767944]",,,False,999,0.7326388955116272,0.2152777761220932,0.7847222238779068,115.28750610351562,116.76276397705078,3.8786282539367676,2.3847804069519043,0.13085846602916718,"[0.3055555555555556, 0.7361111111111112, 0.9583333333333334, 0.9305555555555556]","[0.0, 0.05555555555555555, 0.0, 0.8055555555555556]",0.0,1,False,0.7555318322981368,,,,,0.21259021436725584,0.15842407123814137,-0.05416614312911447,"['CPz', 'C6', 'C3', 'CP4', 'POz']","['C6', 'CPz', 'P2', 'CP1', 'Fz']",,,,3,Mamba
FGSM,False,,,Linf,0.5,0.058207656097344344,"[0.4724280536174774, 0.47296902537345886, 0.4897650182247162, 0.5002800226211548, 0.4886495769023895, 0.4777190089225769, 0.4248545169830322, 0.4997200071811676, 0.49862921237945557, 0.5097606182098389, 0.4988339841365814, 0.4923376441001892, 0.46897822618484497, 0.5105226635932922, 0.5158998370170593, 0.5287034511566162, 0.5242048501968384, 0.522930920124054, 0.5333839058876038, 0.5477856993675232, 0.5493788123130798, 0.5504816770553589]",,,False,999,0.7326388955116272,0.1319444477558136,0.8680555522441864,115.83650207519531,116.85891723632812,3.8786282539367676,2.377530097961426,0.12995265424251556,"[0.3055555555555556, 0.7361111111111112, 0.9583333333333334, 0.9305555555555556]","[0.0, 0.027777777777777776, 0.0, 0.5]",0.0,1,False,0.7555318322981368,,,,,0.21259021436725584,0.15842407123814137,-0.05416614312911447,"['CPz', 'C6', 'C3', 'CP4', 'POz']","['C6', 'CPz', 'P2', 'CP1', 'Fz']",,,,3,Mamba
FGSM,False,,,Linf,1.0,0.11641531219468869,"[0.9448561072349548, 0.9459380507469177, 0.9795300364494324, 1.0005600452423096, 0.977299153804779, 0.9554380178451538, 0.8497090339660645, 0.9994400143623352, 0.9972584247589111, 1.0195212364196777, 0.9976679682731628, 0.9846752882003784, 0.9379564523696899, 1.0210453271865845, 1.0317996740341187, 1.0574069023132324, 1.0484097003936768, 1.045861840248108, 1.0667678117752075, 1.0955713987350464, 1.0987576246261597, 1.1009633541107178]",,,False,999,0.7326388955116272,0.0347222238779068,0.9652777761220932,116.5849380493164,117.24185943603516,3.8786282539367676,2.3487181663513184,0.12645159661769867,"[0.3055555555555556, 0.7361111111111112, 0.9583333333333334, 0.9305555555555556]","[0.0, 0.0, 0.0, 0.1388888888888889]",0.0,1,False,0.7555318322981368,,,,,0.21259021436725584,0.15842407123814137,-0.05416614312911447,"['CPz', 'C6', 'C3', 'CP4', 'POz']","['C6', 'CPz', 'P2', 'CP1', 'Fz']",,,,3,Mamba
FGSM,False,,,Linf,2.0,0.23283062438937738,"[1.8897122144699097, 1.8918761014938354, 1.9590600728988647, 2.001120090484619, 1.954598307609558, 1.9108760356903076, 1.699418067932129, 1.9988800287246704, 1.9945168495178223, 2.0390424728393555, 1.9953359365463257, 1.9693505764007568, 1.8759129047393799, 2.042090654373169, 2.0635993480682373, 2.114813804626465, 2.0968194007873535, 2.091723680496216, 2.133535623550415, 2.1911427974700928, 2.1975152492523193, 2.2019267082214355]",,,False,999,0.7326388955116272,0.0,1.0,118.30745697021484,118.74623107910156,3.8786282539367676,2.2364981174468994,0.11437787115573883,"[0.3055555555555556, 0.7361111111111112, 0.9583333333333334, 0.9305555555555556]","[0.0, 0.0, 0.0, 0.0]",0.0,1,False,0.7555318322981368,,,,,0.21259021436725584,0.15842407123814137,-0.05416614312911447,"['CPz', 'C6', 'C3', 'CP4', 'POz']","['C6', 'CPz', 'P2', 'CP1', 'Fz']",,,,3,Mamba
PGD,False,,,Linf,0.25,0.029103828048672172,"[0.2362140268087387, 0.23648451268672943, 0.2448825091123581, 0.2501400113105774, 0.24432478845119476, 0.23885950446128845, 0.2124272584915161, 0.2498600035905838, 0.24931460618972778, 0.25488030910491943, 0.2494169920682907, 0.2461688220500946, 0.23448911309242249, 0.2552613317966461, 0.25794991850852966, 0.2643517255783081, 0.2621024250984192, 0.261465460062027, 0.2666919529438019, 0.2738928496837616, 0.2746894061565399, 0.27524083852767944]",40.0,0.0036379785060840215,True,999,0.7326388955116272,0.1145833358168602,0.8854166641831398,115.62804412841797,116.76268005371094,3.8786282539367676,2.384786367416382,0.1308588981628418,"[0.3055555555555556, 0.7361111111111112, 0.9583333333333334, 0.9305555555555556]","[0.0, 0.0, 0.0, 0.4583333333333333]",0.0,1,False,0.7488971626199887,,,,,0.21259021436725584,0.1538491316687335,-0.05874108269852232,"['CPz', 'C6', 'C3', 'CP4', 'POz']","['C6', 'CPz', 'P2', 'CP1', 'Fz']",,,,3,Mamba
PGD,False,,,Linf,0.5,0.058207656097344344,"[0.4724280536174774, 0.47296902537345886, 0.4897650182247162, 0.5002800226211548, 0.4886495769023895, 0.4777190089225769, 0.4248545169830322, 0.4997200071811676, 0.49862921237945557, 0.5097606182098389, 0.4988339841365814, 0.4923376441001892, 0.46897822618484497, 0.5105226635932922, 0.5158998370170593, 0.5287034511566162, 0.5242048501968384, 0.522930920124054, 0.5333839058876038, 0.5477856993675232, 0.5493788123130798, 0.5504816770553589]",40.0,0.007275957012168043,True,999,0.7326388955116272,0.0069444444961845875,0.9930555555038154,116.37269592285156,116.85758209228516,3.8786282539367676,2.3776304721832275,0.12996627390384674,"[0.3055555555555556, 0.7361111111111112, 0.9583333333333334, 0.9305555555555556]","[0.0, 0.0, 0.0, 0.027777777777777776]",0.0,1,False,0.7488971626199887,,,,,0.21259021436725584,0.1538491316687335,-0.05874108269852232,"['CPz', 'C6', 'C3', 'CP4', 'POz']","['C6', 'CPz', 'P2', 'CP1', 'Fz']",,,,3,Mamba
PGD,False,,,Linf,1.0,0.11641531219468869,"[0.9448561072349548, 0.9459380507469177, 0.9795300364494324, 1.0005600452423096, 0.977299153804779, 0.9554380178451538, 0.8497090339660645, 0.9994400143623352, 0.9972584247589111, 1.0195212364196777, 0.9976679682731628, 0.9846752882003784, 0.9379564523696899, 1.0210453271865845, 1.0317996740341187, 1.0574069023132324, 1.0484097003936768, 1.045861840248108, 1.0667678117752075, 1.0955713987350464, 1.0987576246261597, 1.1009633541107178]",40.0,0.014551914024336086,True,999,0.7326388955116272,0.0,1.0,116.74669647216797,117.183837890625,3.8786282539367676,2.353116035461426,0.12747223675251007,"[0.3055555555555556, 0.7361111111111112, 0.9583333333333334, 0.9305555555555556]","[0.0, 0.0, 0.0, 0.0]",0.0,1,False,0.7488971626199887,,,,,0.21259021436725584,0.1538491316687335,-0.05874108269852232,"['CPz', 'C6', 'C3', 'CP4', 'POz']","['C6', 'CPz', 'P2', 'CP1', 'Fz']",,,,3,Mamba
PGD,False,,,Linf,2.0,0.23283062438937738,"[1.8897122144699097, 1.8918761014938354, 1.9590600728988647, 2.001120090484619, 1.954598307609558, 1.9108760356903076, 1.699418067932129, 1.9988800287246704, 1.9945168495178223, 2.0390424728393555, 1.9953359365463257, 1.9693505764007568, 1.8759129047393799, 2.042090654373169, 2.0635993480682373, 2.114813804626465, 2.0968194007873535, 2.091723680496216, 2.133535623550415, 2.1911427974700928, 2.1975152492523193, 2.2019267082214355]",40.0,0.029103828048672172,True,999,0.7326388955116272,0.0,1.0,117.59693145751953,118.02399444580078,3.8786282539367676,2.2903850078582764,0.12208683043718338,"[0.3055555555555556, 0.7361111111111112, 0.9583333333333334, 0.9305555555555556]","[0.0, 0.0, 0.0, 0.0]",0.0,1,False,0.7488971626199887,,,,,0.21259021436725584,0.1538491316687335,-0.05874108269852232,"['CPz', 'C6', 'C3', 'CP4', 'POz']","['C6', 'CPz', 'P2', 'CP1', 'Fz']",,,,3,Mamba
FGSM_LP,True,gaussian,3.0,Linf,0.25,0.029103828048672172,"[0.2362140268087387, 0.23648451268672943, 0.2448825091123581, 0.2501400113105774, 0.24432478845119476, 0.23885950446128845, 0.2124272584915161, 0.2498600035905838, 0.24931460618972778, 0.25488030910491943, 0.2494169920682907, 0.2461688220500946, 0.23448911309242249, 0.2552613317966461, 0.25794991850852966, 0.2643517255783081, 0.2621024250984192, 0.261465460062027, 0.2666919529438019, 0.2738928496837616, 0.2746894061565399, 0.27524083852767944]",,,False,999,0.7326388955116272,0.6701388955116272,0.3298611044883728,4.467470169067383,4.461639404296875,0.029103882610797882,30.71578025817871,0.5418056845664978,"[0.3055555555555556, 0.7361111111111112, 0.9583333333333334, 0.9305555555555556]","[0.1388888888888889, 0.6666666666666666, 0.9305555555555556, 0.9444444444444444]",0.0,1,False,0.9972737859966121,,,,,0.21259021436725584,0.2116907891612413,-0.000899425206014548,"['CPz', 'C6', 'C3', 'CP4', 'POz']","['CPz', 'C6', 'C3', 'CP4', 'POz']",,,,3,Mamba
FGSM_LP,True,gaussian,3.0,Linf,0.5,0.058207656097344344,"[0.4724280536174774, 0.47296902537345886, 0.4897650182247162, 0.5002800226211548, 0.4886495769023895, 0.4777190089225769, 0.4248545169830322, 0.4997200071811676, 0.49862921237945557, 0.5097606182098389, 0.4988339841365814, 0.4923376441001892, 0.46897822618484497, 0.5105226635932922, 0.5158998370170593, 0.5287034511566162, 0.5242048501968384, 0.522930920124054, 0.5333839058876038, 0.5477856993675232, 0.5493788123130798, 0.5504816770553589]",,,False,999,0.7326388955116272,0.5798611044883728,0.4201388955116272,8.744111061096191,8.733602523803711,0.05820775032043457,24.881881713867188,0.5339025855064392,"[0.3055555555555556, 0.7361111111111112, 0.9583333333333334, 0.9305555555555556]","[0.05555555555555555, 0.5138888888888888, 0.8194444444444444, 0.9305555555555556]",0.0,1,False,0.9972737859966121,,,,,0.21259021436725584,0.2116907891612413,-0.000899425206014548,"['CPz', 'C6', 'C3', 'CP4', 'POz']","['CPz', 'C6', 'C3', 'CP4', 'POz']",,,,3,Mamba
FGSM_LP,True,gaussian,3.0,Linf,1.0,0.11641531219468869,"[0.9448561072349548, 0.9459380507469177, 0.9795300364494324, 1.0005600452423096, 0.977299153804779, 0.9554380178451538, 0.8497090339660645, 0.9994400143623352, 0.9972584247589111, 1.0195212364196777, 0.9976679682731628, 0.9846752882003784, 0.9379564523696899, 1.0210453271865845, 1.0317996740341187, 1.0574069023132324, 1.0484097003936768, 1.045861840248108, 1.0667678117752075, 1.0955713987350464, 1.0987576246261597, 1.1009633541107178]",,,False,999,0.7326388955116272,0.2708333432674408,0.7291666567325592,16.82703399658203,16.80976104736328,0.11641539633274078,19.194637298583984,0.5212813019752502,"[0.3055555555555556, 0.7361111111111112, 0.9583333333333334, 0.9305555555555556]","[0.0, 0.1111111111111111, 0.3055555555555556, 0.6666666666666666]",0.0,1,False,0.9972737859966121,,,,,0.21259021436725584,0.2116907891612413,-0.000899425206014548,"['CPz', 'C6', 'C3', 'CP4', 'POz']","['CPz', 'C6', 'C3', 'CP4', 'POz']",,,,3,Mamba
FGSM_LP,True,gaussian,3.0,Linf,2.0,0.23283062438937738,"[1.8897122144699097, 1.8918761014938354, 1.9590600728988647, 2.001120090484619, 1.954598307609558, 1.9108760356903076, 1.699418067932129, 1.9988800287246704, 1.9945168495178223, 2.0390424728393555, 1.9953359365463257, 1.9693505764007568, 1.8759129047393799, 2.042090654373169, 2.0635993480682373, 2.114813804626465, 2.0968194007873535, 2.091723680496216, 2.133535623550415, 2.1911427974700928, 2.1975152492523193, 2.2019267082214355]",,,False,999,0.7326388955116272,0.02777777798473835,0.9722222220152617,31.45185089111328,31.441917419433594,0.23283062875270844,13.755884170532227,0.5018100738525391,"[0.3055555555555556, 0.7361111111111112, 0.9583333333333334, 0.9305555555555556]","[0.0, 0.0, 0.0, 0.1111111111111111]",0.0,1,False,0.9972737859966121,,,,,0.21259021436725584,0.2116907891612413,-0.000899425206014548,"['CPz', 'C6', 'C3', 'CP4', 'POz']","['CPz', 'C6', 'C3', 'CP4', 'POz']",,,,3,Mamba
PGD_LP,True,gaussian,3.0,Linf,0.25,0.029103828048672172,"[0.2362140268087387, 0.23648451268672943, 0.2448825091123581, 0.2501400113105774, 0.24432478845119476, 0.23885950446128845, 0.2124272584915161, 0.2498600035905838, 0.24931460618972778, 0.25488030910491943, 0.2494169920682907, 0.2461688220500946, 0.23448911309242249, 0.2552613317966461, 0.25794991850852966, 0.2643517255783081, 0.2621024250984192, 0.261465460062027, 0.2666919529438019, 0.2738928496837616, 0.2746894061565399, 0.27524083852767944]",40.0,0.0036379785060840215,True,999,0.7326388955116272,0.6805555820465088,0.3194444179534912,4.465333938598633,4.461846351623535,0.029103882610797882,30.71537971496582,0.5421306490898132,"[0.3055555555555556, 0.7361111111111112, 0.9583333333333334, 0.9305555555555556]","[0.16666666666666666, 0.6666666666666666, 0.9305555555555556, 0.9583333333333334]",0.0,1,False,0.9973531902879729,,,,,0.21259021436725584,0.2119363250174539,-0.0006538893498019283,"['CPz', 'C6', 'C3', 'CP4', 'POz']","['CPz', 'C6', 'C3', 'CP4', 'POz']",,,,3,Mamba
PGD_LP,True,gaussian,3.0,Linf,0.5,0.058207656097344344,"[0.4724280536174774, 0.47296902537345886, 0.4897650182247162, 0.5002800226211548, 0.4886495769023895, 0.4777190089225769, 0.4248545169830322, 0.4997200071811676, 0.49862921237945557, 0.5097606182098389, 0.4988339841365814, 0.4923376441001892, 0.46897822618484497, 0.5105226635932922, 0.5158998370170593, 0.5287034511566162, 0.5242048501968384, 0.522930920124054, 0.5333839058876038, 0.5477856993675232, 0.5493788123130798, 0.5504816770553589]",40.0,0.007275957012168043,True,999,0.7326388955116272,0.6145833134651184,0.3854166865348816,8.742271423339844,8.73305606842041,0.05820775032043457,24.88242530822754,0.5340931415557861,"[0.3055555555555556, 0.7361111111111112, 0.9583333333333334, 0.9305555555555556]","[0.1111111111111111, 0.5694444444444444, 0.8472222222222222, 0.9305555555555556]",0.0,1,False,0.9973531902879729,,,,,0.21259021436725584,0.2119363250174539,-0.0006538893498019283,"['CPz', 'C6', 'C3', 'CP4', 'POz']","['CPz', 'C6', 'C3', 'CP4', 'POz']",,,,3,Mamba
PGD_LP,True,gaussian,3.0,Linf,1.0,0.11641531219468869,"[0.9448561072349548, 0.9459380507469177, 0.9795300364494324, 1.0005600452423096, 0.977299153804779, 0.9554380178451538, 0.8497090339660645, 0.9994400143623352, 0.9972584247589111, 1.0195212364196777, 0.9976679682731628, 0.9846752882003784, 0.9379564523696899, 1.0210453271865845, 1.0317996740341187, 1.0574069023132324, 1.0484097003936768, 1.045861840248108, 1.0667678117752075, 1.0955713987350464, 1.0987576246261597, 1.1009633541107178]",40.0,0.014551914024336086,True,999,0.7326388955116272,0.4756944477558136,0.5243055522441864,16.79084587097168,16.781742095947266,0.11641539633274078,19.20917510986328,0.5179468393325806,"[0.3055555555555556, 0.7361111111111112, 0.9583333333333334, 0.9305555555555556]","[0.041666666666666664, 0.2916666666666667, 0.6666666666666666, 0.9027777777777778]",0.0,1,False,0.9973531902879729,,,,,0.21259021436725584,0.2119363250174539,-0.0006538893498019283,"['CPz', 'C6', 'C3', 'CP4', 'POz']","['CPz', 'C6', 'C3', 'CP4', 'POz']",,,,3,Mamba
PGD_LP,True,gaussian,3.0,Linf,2.0,0.23283062438937738,"[1.8897122144699097, 1.8918761014938354, 1.9590600728988647, 2.001120090484619, 1.954598307609558, 1.9108760356903076, 1.699418067932129, 1.9988800287246704, 1.9945168495178223, 2.0390424728393555, 1.9953359365463257, 1.9693505764007568, 1.8759129047393799, 2.042090654373169, 2.0635993480682373, 2.114813804626465, 2.0968194007873535, 2.091723680496216, 2.133535623550415, 2.1911427974700928, 2.1975152492523193, 2.2019267082214355]",40.0,0.029103828048672172,True,999,0.7326388955116272,0.1076388880610466,0.8923611119389534,31.058889389038086,31.03963851928711,0.23283062875270844,13.86805534362793,0.48471522331237793,"[0.3055555555555556, 0.7361111111111112, 0.9583333333333334, 0.9305555555555556]","[0.0, 0.0, 0.0, 0.4305555555555556]",0.0,1,False,0.9973531902879729,,,,,0.21259021436725584,0.2119363250174539,-0.0006538893498019283,"['CPz', 'C6', 'C3', 'CP4', 'POz']","['CPz', 'C6', 'C3', 'CP4', 'POz']",,,,3,Mamba
DeepFool_L2,,,,L2,,,,50.0,,,999,0.7326388955116272,0.21875,0.78125,108.51533508300781,85.20342254638672,2.8791050910949707,77.62648010253906,124.5555191040039,,,0.0,1,False,0.8048948334274422,,,,,0.21259021436725584,0.21572468492677235,0.0031344705595165168,"['CPz', 'C6', 'C3', 'CP4', 'POz']","['CPz', 'C6', 'CP1', 'C3', 'P2']",,,,3,Mamba
