attack,smooth,smooth_type,smooth_sigma_t,norm,muV_budget,eps_z,eps_uV_per_channel,steps,alpha,random_start,seed,clean_acc,adv_acc,ASR,median_L2_success,mean_L2_all,mean_Linf_delta,snr_db_mean,snr_db_std,clean_acc_per_class,adv_acc_per_class,frac_at_boundary,restarts,targeted,spearman_IG,roi_share_clean_IG,roi_share_adv_IG,roi_delta_share_IG,roi_spearman_IG,laterality_clean_IG,laterality_adv_IG,laterality_delta_IG,top5_clean_IG,top5_adv_IG,top5_roi_share_clean_IG,top5_roi_share_adv_IG,top5_roi_share_delta_IG,subject_id,model_name
FGSM,False,,,Linf,0.25,0.022179658414443446,"[0.2291647493839264, 0.2143833041191101, 0.2309233397245407, 0.24241867661476135, 0.23662105202674866, 0.23321464657783508, 0.18379081785678864, 0.24725432693958282, 0.2402178794145584, 0.2527456283569336, 0.2457503080368042, 0.26630839705467224, 0.23572051525115967, 0.2663578391075134, 0.2547707259654999, 0.26532769203186035, 0.26493269205093384, 0.2896943986415863, 0.27747711539268494, 0.2905137240886688, 0.2888440191745758, 0.3186075687408447]",,,False,42,0.7534722089767456,0.0625,0.9375,112.49739074707031,113.12379455566406,3.805781841278076,2.3992724418640137,0.11915401369333267,"[0.6944444444444444, 0.8472222222222222, 0.5972222222222222, 0.875]","[0.1111111111111111, 0.125, 0.013888888888888888, 0.0]",0.0,1,False,0.874885304912479,,,,,0.165816664111262,-0.026066143565421546,-0.19188280767668356,"['FC2', 'FC1', 'CP4', 'Pz', 'Fz']","['CP4', 'FC2', 'FC1', 'Pz', 'POz']",,,,9,EEGNet
FGSM,False,,,Linf,0.5,0.04435931682888689,"[0.4583294987678528, 0.4287666082382202, 0.4618466794490814, 0.4848373532295227, 0.4732421040534973, 0.46642929315567017, 0.36758163571357727, 0.49450865387916565, 0.4804357588291168, 0.5054912567138672, 0.4915006160736084, 0.5326167941093445, 0.47144103050231934, 0.5327156782150269, 0.5095414519309998, 0.5306553840637207, 0.5298653841018677, 0.5793887972831726, 0.5549542307853699, 0.5810274481773376, 0.5776880383491516, 0.6372151374816895]",,,False,42,0.7534722089767456,0.0,1.0,112.5556640625,113.18372344970703,3.805781841278076,2.3945395946502686,0.11809883266687393,"[0.6944444444444444, 0.8472222222222222, 0.5972222222222222, 0.875]","[0.0, 0.0, 0.0, 0.0]",0.0,1,False,0.874885304912479,,,,,0.165816664111262,-0.026066143565421546,-0.19188280767668356,"['FC2', 'FC1', 'CP4', 'Pz', 'Fz']","['CP4', 'FC2', 'FC1', 'Pz', 'POz']",,,,9,EEGNet
FGSM,False,,,Linf,1.0,0.08871863365777378,"[0.9166589975357056, 0.8575332164764404, 0.9236933588981628, 0.9696747064590454, 0.9464842081069946, 0.9328585863113403, 0.7351632714271545, 0.9890173077583313, 0.9608715176582336, 1.0109825134277344, 0.9830012321472168, 1.065233588218689, 0.9428820610046387, 1.0654313564300537, 1.0190829038619995, 1.0613107681274414, 1.0597307682037354, 1.1587775945663452, 1.1099084615707397, 1.1620548963546753, 1.1553760766983032, 1.274430274963379]",,,False,42,0.7534722089767456,0.0,1.0,112.78746795654297,113.42276000976562,3.805781841278076,2.375687837600708,0.11395872384309769,"[0.6944444444444444, 0.8472222222222222, 0.5972222222222222, 0.875]","[0.0, 0.0, 0.0, 0.0]",0.0,1,False,0.874885304912479,,,,,0.165816664111262,-0.026066143565421546,-0.19188280767668356,"['FC2', 'FC1', 'CP4', 'Pz', 'Fz']","['CP4', 'FC2', 'FC1', 'Pz', 'POz']",,,,9,EEGNet
FGSM,False,,,Linf,2.0,0.17743726731554757,"[1.8333179950714111, 1.7150664329528809, 1.8473867177963257, 1.9393494129180908, 1.8929684162139893, 1.8657171726226807, 1.470326542854309, 1.9780346155166626, 1.9217430353164673, 2.0219650268554688, 1.9660024642944336, 2.130467176437378, 1.8857641220092773, 2.1308627128601074, 2.038165807723999, 2.122621536254883, 2.1194615364074707, 2.3175551891326904, 2.2198169231414795, 2.3241097927093506, 2.3107521533966064, 2.548860549926758]",,,False,42,0.7534722089767456,0.0,1.0,113.70257568359375,114.36809539794922,3.805781841278076,2.3015780448913574,0.09876745194196701,"[0.6944444444444444, 0.8472222222222222, 0.5972222222222222, 0.875]","[0.0, 0.0, 0.0, 0.0]",0.0,1,False,0.874885304912479,,,,,0.165816664111262,-0.026066143565421546,-0.19188280767668356,"['FC2', 'FC1', 'CP4', 'Pz', 'Fz']","['CP4', 'FC2', 'FC1', 'Pz', 'POz']",,,,9,EEGNet
PGD,False,,,Linf,0.25,0.022179658414443446,"[0.2291647493839264, 0.2143833041191101, 0.2309233397245407, 0.24241867661476135, 0.23662105202674866, 0.23321464657783508, 0.18379081785678864, 0.24725432693958282, 0.2402178794145584, 0.2527456283569336, 0.2457503080368042, 0.26630839705467224, 0.23572051525115967, 0.2663578391075134, 0.2547707259654999, 0.26532769203186035, 0.26493269205093384, 0.2896943986415863, 0.27747711539268494, 0.2905137240886688, 0.2888440191745758, 0.3186075687408447]",40.0,0.0027724573018054308,True,42,0.7534722089767456,0.013888888992369175,0.9861111110076308,112.65226745605469,113.12377166748047,3.805781841278076,2.3992745876312256,0.11915384978055954,"[0.6944444444444444, 0.8472222222222222, 0.5972222222222222, 0.875]","[0.013888888888888888, 0.041666666666666664, 0.0, 0.0]",0.0,1,False,0.8732619282891023,,,,,0.165816664111262,-0.026692719629266903,-0.1925093837405289,"['FC2', 'FC1', 'CP4', 'Pz', 'Fz']","['CP4', 'FC2', 'FC1', 'Pz', 'POz']",,,,9,EEGNet
PGD,False,,,Linf,0.5,0.04435931682888689,"[0.4583294987678528, 0.4287666082382202, 0.4618466794490814, 0.4848373532295227, 0.4732421040534973, 0.46642929315567017, 0.36758163571357727, 0.49450865387916565, 0.4804357588291168, 0.5054912567138672, 0.4915006160736084, 0.5326167941093445, 0.47144103050231934, 0.5327156782150269, 0.5095414519309998, 0.5306553840637207, 0.5298653841018677, 0.5793887972831726, 0.5549542307853699, 0.5810274481773376, 0.5776880383491516, 0.6372151374816895]",40.0,0.0055449146036108616,True,42,0.7534722089767456,0.0,1.0,112.55567932128906,113.18359375,3.805781841278076,2.3945493698120117,0.11810111999511719,"[0.6944444444444444, 0.8472222222222222, 0.5972222222222222, 0.875]","[0.0, 0.0, 0.0, 0.0]",0.0,1,False,0.8732619282891023,,,,,0.165816664111262,-0.026692719629266903,-0.1925093837405289,"['FC2', 'FC1', 'CP4', 'Pz', 'Fz']","['CP4', 'FC2', 'FC1', 'Pz', 'POz']",,,,9,EEGNet
PGD,False,,,Linf,1.0,0.08871863365777378,"[0.9166589975357056, 0.8575332164764404, 0.9236933588981628, 0.9696747064590454, 0.9464842081069946, 0.9328585863113403, 0.7351632714271545, 0.9890173077583313, 0.9608715176582336, 1.0109825134277344, 0.9830012321472168, 1.065233588218689, 0.9428820610046387, 1.0654313564300537, 1.0190829038619995, 1.0613107681274414, 1.0597307682037354, 1.1587775945663452, 1.1099084615707397, 1.1620548963546753, 1.1553760766983032, 1.274430274963379]",40.0,0.011089829207221723,True,42,0.7534722089767456,0.0,1.0,112.78778076171875,113.42181396484375,3.805781841278076,2.3757622241973877,0.11396767199039459,"[0.6944444444444444, 0.8472222222222222, 0.5972222222222222, 0.875]","[0.0, 0.0, 0.0, 0.0]",0.0,1,False,0.8732619282891023,,,,,0.165816664111262,-0.026692719629266903,-0.1925093837405289,"['FC2', 'FC1', 'CP4', 'Pz', 'Fz']","['CP4', 'FC2', 'FC1', 'Pz', 'POz']",,,,9,EEGNet
PGD,False,,,Linf,2.0,0.17743726731554757,"[1.8333179950714111, 1.7150664329528809, 1.8473867177963257, 1.9393494129180908, 1.8929684162139893, 1.8657171726226807, 1.470326542854309, 1.9780346155166626, 1.9217430353164673, 2.0219650268554688, 1.9660024642944336, 2.130467176437378, 1.8857641220092773, 2.1308627128601074, 2.038165807723999, 2.122621536254883, 2.1194615364074707, 2.3175551891326904, 2.2198169231414795, 2.3241097927093506, 2.3107521533966064, 2.548860549926758]",40.0,0.022179658414443446,True,42,0.7534722089767456,0.0,1.0,113.70680236816406,114.36050415039062,3.805781841278076,2.3021650314331055,0.09879772365093231,"[0.6944444444444444, 0.8472222222222222, 0.5972222222222222, 0.875]","[0.0, 0.0, 0.0, 0.0]",0.0,1,False,0.8732619282891023,,,,,0.165816664111262,-0.026692719629266903,-0.1925093837405289,"['FC2', 'FC1', 'CP4', 'Pz', 'Fz']","['CP4', 'FC2', 'FC1', 'Pz', 'POz']",,,,9,EEGNet
FGSM_LP,True,gaussian,3.0,Linf,0.25,0.022179658414443446,"[0.2291647493839264, 0.2143833041191101, 0.2309233397245407, 0.24241867661476135, 0.23662105202674866, 0.23321464657783508, 0.18379081785678864, 0.24725432693958282, 0.2402178794145584, 0.2527456283569336, 0.2457503080368042, 0.26630839705467224, 0.23572051525115967, 0.2663578391075134, 0.2547707259654999, 0.26532769203186035, 0.26493269205093384, 0.2896943986415863, 0.27747711539268494, 0.2905137240886688, 0.2888440191745758, 0.3186075687408447]",,,False,42,0.7534722089767456,0.6527777910232544,0.3472222089767456,3.385593891143799,3.3887856006622314,0.02217966318130493,32.82145690917969,0.780078649520874,"[0.6944444444444444, 0.8472222222222222, 0.5972222222222222, 0.875]","[0.5833333333333334, 0.6666666666666666, 0.5277777777777778, 0.8333333333333334]",0.0,1,False,0.99805018351214,,,,,0.165816664111262,0.1610210317287391,-0.004795632382522896,"['FC2', 'FC1', 'CP4', 'Pz', 'Fz']","['FC2', 'CP4', 'FC1', 'Pz', 'Fz']",,,,9,EEGNet
FGSM_LP,True,gaussian,3.0,Linf,0.5,0.04435931682888689,"[0.4583294987678528, 0.4287666082382202, 0.4618466794490814, 0.4848373532295227, 0.4732421040534973, 0.46642929315567017, 0.36758163571357727, 0.49450865387916565, 0.4804357588291168, 0.5054912567138672, 0.4915006160736084, 0.5326167941093445, 0.47144103050231934, 0.5327156782150269, 0.5095414519309998, 0.5306553840637207, 0.5298653841018677, 0.5793887972831726, 0.5549542307853699, 0.5810274481773376, 0.5776880383491516, 0.6372151374816895]",,,False,42,0.7534722089767456,0.3819444477558136,0.6180555522441864,6.651361465454102,6.663094997406006,0.04435932636260986,26.948875427246094,0.7704059481620789,"[0.6944444444444444, 0.8472222222222222, 0.5972222222222222, 0.875]","[0.3194444444444444, 0.3194444444444444, 0.2777777777777778, 0.6111111111111112]",0.0,1,False,0.99805018351214,,,,,0.165816664111262,0.1610210317287391,-0.004795632382522896,"['FC2', 'FC1', 'CP4', 'Pz', 'Fz']","['FC2', 'CP4', 'FC1', 'Pz', 'Fz']",,,,9,EEGNet
FGSM_LP,True,gaussian,3.0,Linf,1.0,0.08871863365777378,"[0.9166589975357056, 0.8575332164764404, 0.9236933588981628, 0.9696747064590454, 0.9464842081069946, 0.9328585863113403, 0.7351632714271545, 0.9890173077583313, 0.9608715176582336, 1.0109825134277344, 0.9830012321472168, 1.065233588218689, 0.9428820610046387, 1.0654313564300537, 1.0190829038619995, 1.0613107681274414, 1.0597307682037354, 1.1587775945663452, 1.1099084615707397, 1.1620548963546753, 1.1553760766983032, 1.274430274963379]",,,False,42,0.7534722089767456,0.0729166641831398,0.9270833358168602,12.966484069824219,12.981371879577637,0.08871865272521973,21.15605354309082,0.7606043815612793,"[0.6944444444444444, 0.8472222222222222, 0.5972222222222222, 0.875]","[0.027777777777777776, 0.0, 0.013888888888888888, 0.25]",0.0,1,False,0.99805018351214,,,,,0.165816664111262,0.1610210317287391,-0.004795632382522896,"['FC2', 'FC1', 'CP4', 'Pz', 'Fz']","['FC2', 'CP4', 'FC1', 'Pz', 'Fz']",,,,9,EEGNet
FGSM_LP,True,gaussian,3.0,Linf,2.0,0.17743726731554757,"[1.8333179950714111, 1.7150664329528809, 1.8473867177963257, 1.9393494129180908, 1.8929684162139893, 1.8657171726226807, 1.470326542854309, 1.9780346155166626, 1.9217430353164673, 2.0219650268554688, 1.9660024642944336, 2.130467176437378, 1.8857641220092773, 2.1308627128601074, 2.038165807723999, 2.122621536254883, 2.1194615364074707, 2.3175551891326904, 2.2198169231414795, 2.3241097927093506, 2.3107521533966064, 2.548860549926758]",,,False,42,0.7534722089767456,0.0,1.0,24.92697525024414,24.936012268066406,0.17743730545043945,15.48601245880127,0.7519599199295044,"[0.6944444444444444, 0.8472222222222222, 0.5972222222222222, 0.875]","[0.0, 0.0, 0.0, 0.0]",0.0,1,False,0.99805018351214,,,,,0.165816664111262,0.1610210317287391,-0.004795632382522896,"['FC2', 'FC1', 'CP4', 'Pz', 'Fz']","['FC2', 'CP4', 'FC1', 'Pz', 'Fz']",,,,9,EEGNet
PGD_LP,True,gaussian,3.0,Linf,0.25,0.022179658414443446,"[0.2291647493839264, 0.2143833041191101, 0.2309233397245407, 0.24241867661476135, 0.23662105202674866, 0.23321464657783508, 0.18379081785678864, 0.24725432693958282, 0.2402178794145584, 0.2527456283569336, 0.2457503080368042, 0.26630839705467224, 0.23572051525115967, 0.2663578391075134, 0.2547707259654999, 0.26532769203186035, 0.26493269205093384, 0.2896943986415863, 0.27747711539268494, 0.2905137240886688, 0.2888440191745758, 0.3186075687408447]",40.0,0.0027724573018054308,True,42,0.7534722089767456,0.6770833134651184,0.3229166865348816,3.388190984725952,3.3908472061157227,0.02217966318130493,32.81617736816406,0.7811024785041809,"[0.6944444444444444, 0.8472222222222222, 0.5972222222222222, 0.875]","[0.5833333333333334, 0.7361111111111112, 0.5416666666666666, 0.8472222222222222]",0.0,1,False,0.9980413608131,,,,,0.165816664111262,0.1609214603479608,-0.004895203763301215,"['FC2', 'FC1', 'CP4', 'Pz', 'Fz']","['FC2', 'CP4', 'FC1', 'Pz', 'Fz']",,,,9,EEGNet
PGD_LP,True,gaussian,3.0,Linf,0.5,0.04435931682888689,"[0.4583294987678528, 0.4287666082382202, 0.4618466794490814, 0.4848373532295227, 0.4732421040534973, 0.46642929315567017, 0.36758163571357727, 0.49450865387916565, 0.4804357588291168, 0.5054912567138672, 0.4915006160736084, 0.5326167941093445, 0.47144103050231934, 0.5327156782150269, 0.5095414519309998, 0.5306553840637207, 0.5298653841018677, 0.5793887972831726, 0.5549542307853699, 0.5810274481773376, 0.5776880383491516, 0.6372151374816895]",40.0,0.0055449146036108616,True,42,0.7534722089767456,0.4548611044883728,0.5451388955116272,6.656138896942139,6.6700286865234375,0.04435932636260986,26.93982696533203,0.7725440859794617,"[0.6944444444444444, 0.8472222222222222, 0.5972222222222222, 0.875]","[0.375, 0.3888888888888889, 0.375, 0.6805555555555556]",0.0,1,False,0.9980413608131,,,,,0.165816664111262,0.1609214603479608,-0.004895203763301215,"['FC2', 'FC1', 'CP4', 'Pz', 'Fz']","['FC2', 'CP4', 'FC1', 'Pz', 'Fz']",,,,9,EEGNet
PGD_LP,True,gaussian,3.0,Linf,1.0,0.08871863365777378,"[0.9166589975357056, 0.8575332164764404, 0.9236933588981628, 0.9696747064590454, 0.9464842081069946, 0.9328585863113403, 0.7351632714271545, 0.9890173077583313, 0.9608715176582336, 1.0109825134277344, 0.9830012321472168, 1.065233588218689, 0.9428820610046387, 1.0654313564300537, 1.0190829038619995, 1.0613107681274414, 1.0597307682037354, 1.1587775945663452, 1.1099084615707397, 1.1620548963546753, 1.1553760766983032, 1.274430274963379]",40.0,0.011089829207221723,True,42,0.7534722089767456,0.125,0.875,12.989583969116211,13.00457763671875,0.08871865272521973,21.140514373779297,0.7643712162971497,"[0.6944444444444444, 0.8472222222222222, 0.5972222222222222, 0.875]","[0.041666666666666664, 0.013888888888888888, 0.05555555555555555, 0.3888888888888889]",0.0,1,False,0.9980413608131,,,,,0.165816664111262,0.1609214603479608,-0.004895203763301215,"['FC2', 'FC1', 'CP4', 'Pz', 'Fz']","['FC2', 'CP4', 'FC1', 'Pz', 'Fz']",,,,9,EEGNet
PGD_LP,True,gaussian,3.0,Linf,2.0,0.17743726731554757,"[1.8333179950714111, 1.7150664329528809, 1.8473867177963257, 1.9393494129180908, 1.8929684162139893, 1.8657171726226807, 1.470326542854309, 1.9780346155166626, 1.9217430353164673, 2.0219650268554688, 1.9660024642944336, 2.130467176437378, 1.8857641220092773, 2.1308627128601074, 2.038165807723999, 2.122621536254883, 2.1194615364074707, 2.3175551891326904, 2.2198169231414795, 2.3241097927093506, 2.3107521533966064, 2.548860549926758]",40.0,0.022179658414443446,True,42,0.7534722089767456,0.0,1.0,24.992610931396484,24.9998836517334,0.17743730545043945,15.463762283325195,0.7567048668861389,"[0.6944444444444444, 0.8472222222222222, 0.5972222222222222, 0.875]","[0.0, 0.0, 0.0, 0.0]",0.0,1,False,0.9980413608131,,,,,0.165816664111262,0.1609214603479608,-0.004895203763301215,"['FC2', 'FC1', 'CP4', 'Pz', 'Fz']","['FC2', 'CP4', 'FC1', 'Pz', 'Fz']",,,,9,EEGNet
DeepFool_L2,,,,L2,,,,50.0,,,42,0.7534722089767456,0.2083333283662796,0.7916666716337204,106.48114013671875,85.39021301269531,2.8779420852661133,71.67002868652344,121.1088638305664,,,0.0,1,False,0.9020239271597967,,,,,0.165816664111262,0.042651578103553446,-0.12316508600770856,"['FC2', 'FC1', 'CP4', 'Pz', 'Fz']","['FC2', 'CP4', 'FC1', 'Pz', 'Fz']",,,,9,EEGNet
FGSM,False,,,Linf,0.25,0.022179658414443446,"[0.2291647493839264, 0.2143833041191101, 0.2309233397245407, 0.24241867661476135, 0.23662105202674866, 0.23321464657783508, 0.18379081785678864, 0.24725432693958282, 0.2402178794145584, 0.2527456283569336, 0.2457503080368042, 0.26630839705467224, 0.23572051525115967, 0.2663578391075134, 0.2547707259654999, 0.26532769203186035, 0.26493269205093384, 0.2896943986415863, 0.27747711539268494, 0.2905137240886688, 0.2888440191745758, 0.3186075687408447]",,,False,123,0.7256944179534912,0.2604166567325592,0.7395833432674408,115.49207305908203,113.1238021850586,3.805781841278076,2.3992724418640137,0.11915405839681625,"[0.7222222222222222, 0.8472222222222222, 0.5416666666666666, 0.7916666666666666]","[0.1111111111111111, 0.9305555555555556, 0.0, 0.0]",0.0,1,False,0.8020892151326935,,,,,0.013680618089497658,0.15389390060387056,0.1402132825143729,"['CP2', 'POz', 'Cz', 'C1', 'P2']","['POz', 'CP2', 'C3', 'C1', 'Cz']",,,,9,EEGNet
FGSM,False,,,Linf,0.5,0.04435931682888689,"[0.4583294987678528, 0.4287666082382202, 0.4618466794490814, 0.4848373532295227, 0.4732421040534973, 0.46642929315567017, 0.36758163571357727, 0.49450865387916565, 0.4804357588291168, 0.5054912567138672, 0.4915006160736084, 0.5326167941093445, 0.47144103050231934, 0.5327156782150269, 0.5095414519309998, 0.5306553840637207, 0.5298653841018677, 0.5793887972831726, 0.5549542307853699, 0.5810274481773376, 0.5776880383491516, 0.6372151374816895]",,,False,123,0.7256944179534912,0.125,0.875,113.5908203125,113.18370056152344,3.805781841278076,2.394540786743164,0.11809908598661423,"[0.7222222222222222, 0.8472222222222222, 0.5416666666666666, 0.7916666666666666]","[0.013888888888888888, 0.4861111111111111, 0.0, 0.0]",0.0,1,False,0.8020892151326935,,,,,0.013680618089497658,0.15389390060387056,0.1402132825143729,"['CP2', 'POz', 'Cz', 'C1', 'P2']","['POz', 'CP2', 'C3', 'C1', 'Cz']",,,,9,EEGNet
FGSM,False,,,Linf,1.0,0.08871863365777378,"[0.9166589975357056, 0.8575332164764404, 0.9236933588981628, 0.9696747064590454, 0.9464842081069946, 0.9328585863113403, 0.7351632714271545, 0.9890173077583313, 0.9608715176582336, 1.0109825134277344, 0.9830012321472168, 1.065233588218689, 0.9428820610046387, 1.0654313564300537, 1.0190829038619995, 1.0613107681274414, 1.0597307682037354, 1.1587775945663452, 1.1099084615707397, 1.1620548963546753, 1.1553760766983032, 1.274430274963379]",,,False,123,0.7256944179534912,0.0,1.0,112.78834533691406,113.42257690429688,3.805781841278076,2.3757028579711914,0.11396405100822449,"[0.7222222222222222, 0.8472222222222222, 0.5416666666666666, 0.7916666666666666]","[0.0, 0.0, 0.0, 0.0]",0.0,1,False,0.8020892151326935,,,,,0.013680618089497658,0.15389390060387056,0.1402132825143729,"['CP2', 'POz', 'Cz', 'C1', 'P2']","['POz', 'CP2', 'C3', 'C1', 'Cz']",,,,9,EEGNet
FGSM,False,,,Linf,2.0,0.17743726731554757,"[1.8333179950714111, 1.7150664329528809, 1.8473867177963257, 1.9393494129180908, 1.8929684162139893, 1.8657171726226807, 1.470326542854309, 1.9780346155166626, 1.9217430353164673, 2.0219650268554688, 1.9660024642944336, 2.130467176437378, 1.8857641220092773, 2.1308627128601074, 2.038165807723999, 2.122621536254883, 2.1194615364074707, 2.3175551891326904, 2.2198169231414795, 2.3241097927093506, 2.3107521533966064, 2.548860549926758]",,,False,123,0.7256944179534912,0.0,1.0,113.7066650390625,114.36631774902344,3.805781841278076,2.3017208576202393,0.0988156720995903,"[0.7222222222222222, 0.8472222222222222, 0.5416666666666666, 0.7916666666666666]","[0.0, 0.0, 0.0, 0.0]",0.0,1,False,0.8020892151326935,,,,,0.013680618089497658,0.15389390060387056,0.1402132825143729,"['CP2', 'POz', 'Cz', 'C1', 'P2']","['POz', 'CP2', 'C3', 'C1', 'Cz']",,,,9,EEGNet
PGD,False,,,Linf,0.25,0.022179658414443446,"[0.2291647493839264, 0.2143833041191101, 0.2309233397245407, 0.24241867661476135, 0.23662105202674866, 0.23321464657783508, 0.18379081785678864, 0.24725432693958282, 0.2402178794145584, 0.2527456283569336, 0.2457503080368042, 0.26630839705467224, 0.23572051525115967, 0.2663578391075134, 0.2547707259654999, 0.26532769203186035, 0.26493269205093384, 0.2896943986415863, 0.27747711539268494, 0.2905137240886688, 0.2888440191745758, 0.3186075687408447]",40.0,0.0027724573018054308,True,123,0.7256944179534912,0.125,0.875,113.53321075439453,113.12376403808594,3.805781841278076,2.399275064468384,0.11915431171655655,"[0.7222222222222222, 0.8472222222222222, 0.5416666666666666, 0.7916666666666666]","[0.013888888888888888, 0.4861111111111111, 0.0, 0.0]",0.0,1,False,0.7986307171089781,,,,,0.013680618089497658,0.1532782279235688,0.13959760983407113,"['CP2', 'POz', 'Cz', 'C1', 'P2']","['POz', 'CP2', 'C3', 'C1', 'Cz']",,,,9,EEGNet
PGD,False,,,Linf,0.5,0.04435931682888689,"[0.4583294987678528, 0.4287666082382202, 0.4618466794490814, 0.4848373532295227, 0.4732421040534973, 0.46642929315567017, 0.36758163571357727, 0.49450865387916565, 0.4804357588291168, 0.5054912567138672, 0.4915006160736084, 0.5326167941093445, 0.47144103050231934, 0.5327156782150269, 0.5095414519309998, 0.5306553840637207, 0.5298653841018677, 0.5793887972831726, 0.5549542307853699, 0.5810274481773376, 0.5776880383491516, 0.6372151374816895]",40.0,0.0055449146036108616,True,123,0.7256944179534912,0.0,1.0,112.55567932128906,113.18344116210938,3.805781841278076,2.394561529159546,0.11810216307640076,"[0.7222222222222222, 0.8472222222222222, 0.5416666666666666, 0.7916666666666666]","[0.0, 0.0, 0.0, 0.0]",0.0,1,False,0.7986307171089781,,,,,0.013680618089497658,0.1532782279235688,0.13959760983407113,"['CP2', 'POz', 'Cz', 'C1', 'P2']","['POz', 'CP2', 'C3', 'C1', 'Cz']",,,,9,EEGNet
PGD,False,,,Linf,1.0,0.08871863365777378,"[0.9166589975357056, 0.8575332164764404, 0.9236933588981628, 0.9696747064590454, 0.9464842081069946, 0.9328585863113403, 0.7351632714271545, 0.9890173077583313, 0.9608715176582336, 1.0109825134277344, 0.9830012321472168, 1.065233588218689, 0.9428820610046387, 1.0654313564300537, 1.0190829038619995, 1.0613107681274414, 1.0597307682037354, 1.1587775945663452, 1.1099084615707397, 1.1620548963546753, 1.1553760766983032, 1.274430274963379]",40.0,0.011089829207221723,True,123,0.7256944179534912,0.0,1.0,112.78683471679688,113.4202880859375,3.805781841278076,2.3758811950683594,0.11398349702358246,"[0.7222222222222222, 0.8472222222222222, 0.5416666666666666, 0.7916666666666666]","[0.0, 0.0, 0.0, 0.0]",0.0,1,False,0.7986307171089781,,,,,0.013680618089497658,0.1532782279235688,0.13959760983407113,"['CP2', 'POz', 'Cz', 'C1', 'P2']","['POz', 'CP2', 'C3', 'C1', 'Cz']",,,,9,EEGNet
PGD,False,,,Linf,2.0,0.17743726731554757,"[1.8333179950714111, 1.7150664329528809, 1.8473867177963257, 1.9393494129180908, 1.8929684162139893, 1.8657171726226807, 1.470326542854309, 1.9780346155166626, 1.9217430353164673, 2.0219650268554688, 1.9660024642944336, 2.130467176437378, 1.8857641220092773, 2.1308627128601074, 2.038165807723999, 2.122621536254883, 2.1194615364074707, 2.3175551891326904, 2.2198169231414795, 2.3241097927093506, 2.3107521533966064, 2.548860549926758]",40.0,0.022179658414443446,True,123,0.7256944179534912,0.0,1.0,113.69578552246094,114.35140991210938,3.805781841278076,2.3028695583343506,0.09891583025455475,"[0.7222222222222222, 0.8472222222222222, 0.5416666666666666, 0.7916666666666666]","[0.0, 0.0, 0.0, 0.0]",0.0,1,False,0.7986307171089781,,,,,0.013680618089497658,0.1532782279235688,0.13959760983407113,"['CP2', 'POz', 'Cz', 'C1', 'P2']","['POz', 'CP2', 'C3', 'C1', 'Cz']",,,,9,EEGNet
FGSM_LP,True,gaussian,3.0,Linf,0.25,0.022179658414443446,"[0.2291647493839264, 0.2143833041191101, 0.2309233397245407, 0.24241867661476135, 0.23662105202674866, 0.23321464657783508, 0.18379081785678864, 0.24725432693958282, 0.2402178794145584, 0.2527456283569336, 0.2457503080368042, 0.26630839705467224, 0.23572051525115967, 0.2663578391075134, 0.2547707259654999, 0.26532769203186035, 0.26493269205093384, 0.2896943986415863, 0.27747711539268494, 0.2905137240886688, 0.2888440191745758, 0.3186075687408447]",,,False,123,0.7256944179534912,0.5868055820465088,0.4131944179534912,3.388779401779175,3.389789342880249,0.02217966318130493,32.81888961791992,0.780547559261322,"[0.7222222222222222, 0.8472222222222222, 0.5416666666666666, 0.7916666666666666]","[0.5694444444444444, 0.75, 0.3333333333333333, 0.6944444444444444]",0.0,1,False,0.9972032044042914,,,,,0.013680618089497658,0.020006715291481715,0.006326097201984057,"['CP2', 'POz', 'Cz', 'C1', 'P2']","['CP2', 'POz', 'Cz', 'C1', 'P2']",,,,9,EEGNet
FGSM_LP,True,gaussian,3.0,Linf,0.5,0.04435931682888689,"[0.4583294987678528, 0.4287666082382202, 0.4618466794490814, 0.4848373532295227, 0.4732421040534973, 0.46642929315567017, 0.36758163571357727, 0.49450865387916565, 0.4804357588291168, 0.5054912567138672, 0.4915006160736084, 0.5326167941093445, 0.47144103050231934, 0.5327156782150269, 0.5095414519309998, 0.5306553840637207, 0.5298653841018677, 0.5793887972831726, 0.5549542307853699, 0.5810274481773376, 0.5776880383491516, 0.6372151374816895]",,,False,123,0.7256944179534912,0.25,0.75,6.661843776702881,6.6662750244140625,0.04435932636260986,26.94472885131836,0.7707838416099548,"[0.7222222222222222, 0.8472222222222222, 0.5416666666666666, 0.7916666666666666]","[0.20833333333333334, 0.2777777777777778, 0.08333333333333333, 0.4305555555555556]",0.0,1,False,0.9972032044042914,,,,,0.013680618089497658,0.020006715291481715,0.006326097201984057,"['CP2', 'POz', 'Cz', 'C1', 'P2']","['CP2', 'POz', 'Cz', 'C1', 'P2']",,,,9,EEGNet
FGSM_LP,True,gaussian,3.0,Linf,1.0,0.08871863365777378,"[0.9166589975357056, 0.8575332164764404, 0.9236933588981628, 0.9696747064590454, 0.9464842081069946, 0.9328585863113403, 0.7351632714271545, 0.9890173077583313, 0.9608715176582336, 1.0109825134277344, 0.9830012321472168, 1.065233588218689, 0.9428820610046387, 1.0654313564300537, 1.0190829038619995, 1.0613107681274414, 1.0597307682037354, 1.1587775945663452, 1.1099084615707397, 1.1620548963546753, 1.1553760766983032, 1.274430274963379]",,,False,123,0.7256944179534912,0.013888888992369175,0.9861111110076308,12.990812301635742,12.990880966186523,0.08871865272521973,21.14969253540039,0.7603868842124939,"[0.7222222222222222, 0.8472222222222222, 0.5416666666666666, 0.7916666666666666]","[0.0, 0.0, 0.0, 0.05555555555555555]",0.0,1,False,0.9972032044042914,,,,,0.013680618089497658,0.020006715291481715,0.006326097201984057,"['CP2', 'POz', 'Cz', 'C1', 'P2']","['CP2', 'POz', 'Cz', 'C1', 'P2']",,,,9,EEGNet
FGSM_LP,True,gaussian,3.0,Linf,2.0,0.17743726731554757,"[1.8333179950714111, 1.7150664329528809, 1.8473867177963257, 1.9393494129180908, 1.8929684162139893, 1.8657171726226807, 1.470326542854309, 1.9780346155166626, 1.9217430353164673, 2.0219650268554688, 1.9660024642944336, 2.130467176437378, 1.8857641220092773, 2.1308627128601074, 2.038165807723999, 2.122621536254883, 2.1194615364074707, 2.3175551891326904, 2.2198169231414795, 2.3241097927093506, 2.3107521533966064, 2.548860549926758]",,,False,123,0.7256944179534912,0.0,1.0,24.96649169921875,24.964149475097656,0.17743730545043945,15.476224899291992,0.7508671283721924,"[0.7222222222222222, 0.8472222222222222, 0.5416666666666666, 0.7916666666666666]","[0.0, 0.0, 0.0, 0.0]",0.0,1,False,0.9972032044042914,,,,,0.013680618089497658,0.020006715291481715,0.006326097201984057,"['CP2', 'POz', 'Cz', 'C1', 'P2']","['CP2', 'POz', 'Cz', 'C1', 'P2']",,,,9,EEGNet
PGD_LP,True,gaussian,3.0,Linf,0.25,0.022179658414443446,"[0.2291647493839264, 0.2143833041191101, 0.2309233397245407, 0.24241867661476135, 0.23662105202674866, 0.23321464657783508, 0.18379081785678864, 0.24725432693958282, 0.2402178794145584, 0.2527456283569336, 0.2457503080368042, 0.26630839705467224, 0.23572051525115967, 0.2663578391075134, 0.2547707259654999, 0.26532769203186035, 0.26493269205093384, 0.2896943986415863, 0.27747711539268494, 0.2905137240886688, 0.2888440191745758, 0.3186075687408447]",40.0,0.0027724573018054308,True,123,0.7256944179534912,0.65625,0.34375,3.389158248901367,3.3908376693725586,0.02217966318130493,32.816192626953125,0.7831869125366211,"[0.7222222222222222, 0.8472222222222222, 0.5416666666666666, 0.7916666666666666]","[0.6944444444444444, 0.8472222222222222, 0.375, 0.7083333333333334]",0.0,1,False,0.9978296160361377,,,,,0.013680618089497658,0.018754944871302408,0.00507432678180475,"['CP2', 'POz', 'Cz', 'C1', 'P2']","['CP2', 'POz', 'Cz', 'C1', 'P2']",,,,9,EEGNet
PGD_LP,True,gaussian,3.0,Linf,0.5,0.04435931682888689,"[0.4583294987678528, 0.4287666082382202, 0.4618466794490814, 0.4848373532295227, 0.4732421040534973, 0.46642929315567017, 0.36758163571357727, 0.49450865387916565, 0.4804357588291168, 0.5054912567138672, 0.4915006160736084, 0.5326167941093445, 0.47144103050231934, 0.5327156782150269, 0.5095414519309998, 0.5306553840637207, 0.5298653841018677, 0.5793887972831726, 0.5549542307853699, 0.5810274481773376, 0.5776880383491516, 0.6372151374816895]",40.0,0.0055449146036108616,True,123,0.7256944179534912,0.4791666567325592,0.5208333432674408,6.666301250457764,6.66948127746582,0.04435932636260986,26.94053077697754,0.7758722901344299,"[0.7222222222222222, 0.8472222222222222, 0.5416666666666666, 0.7916666666666666]","[0.4166666666666667, 0.75, 0.18055555555555555, 0.5694444444444444]",0.0,1,False,0.9978296160361377,,,,,0.013680618089497658,0.018754944871302408,0.00507432678180475,"['CP2', 'POz', 'Cz', 'C1', 'P2']","['CP2', 'POz', 'Cz', 'C1', 'P2']",,,,9,EEGNet
PGD_LP,True,gaussian,3.0,Linf,1.0,0.08871863365777378,"[0.9166589975357056, 0.8575332164764404, 0.9236933588981628, 0.9696747064590454, 0.9464842081069946, 0.9328585863113403, 0.7351632714271545, 0.9890173077583313, 0.9608715176582336, 1.0109825134277344, 0.9830012321472168, 1.065233588218689, 0.9428820610046387, 1.0654313564300537, 1.0190829038619995, 1.0613107681274414, 1.0597307682037354, 1.1587775945663452, 1.1099084615707397, 1.1620548963546753, 1.1553760766983032, 1.274430274963379]",40.0,0.011089829207221723,True,123,0.7256944179534912,0.0625,0.9375,12.993234634399414,12.997360229492188,0.08871865272521973,21.145328521728516,0.7682271003723145,"[0.7222222222222222, 0.8472222222222222, 0.5416666666666666, 0.7916666666666666]","[0.013888888888888888, 0.013888888888888888, 0.013888888888888888, 0.20833333333333334]",0.0,1,False,0.9978296160361377,,,,,0.013680618089497658,0.018754944871302408,0.00507432678180475,"['CP2', 'POz', 'Cz', 'C1', 'P2']","['CP2', 'POz', 'Cz', 'C1', 'P2']",,,,9,EEGNet
PGD_LP,True,gaussian,3.0,Linf,2.0,0.17743726731554757,"[1.8333179950714111, 1.7150664329528809, 1.8473867177963257, 1.9393494129180908, 1.8929684162139893, 1.8657171726226807, 1.470326542854309, 1.9780346155166626, 1.9217430353164673, 2.0219650268554688, 1.9660024642944336, 2.130467176437378, 1.8857641220092773, 2.1308627128601074, 2.038165807723999, 2.122621536254883, 2.1194615364074707, 2.3175551891326904, 2.2198169231414795, 2.3241097927093506, 2.3107521533966064, 2.548860549926758]",40.0,0.022179658414443446,True,123,0.7256944179534912,0.0,1.0,24.95420265197754,24.965293884277344,0.17743730545043945,15.47578239440918,0.7604699730873108,"[0.7222222222222222, 0.8472222222222222, 0.5416666666666666, 0.7916666666666666]","[0.0, 0.0, 0.0, 0.0]",0.0,1,False,0.9978296160361377,,,,,0.013680618089497658,0.018754944871302408,0.00507432678180475,"['CP2', 'POz', 'Cz', 'C1', 'P2']","['CP2', 'POz', 'Cz', 'C1', 'P2']",,,,9,EEGNet
DeepFool_L2,,,,L2,,,,50.0,,,123,0.7256944179534912,0.1736111044883728,0.8263888955116272,107.69747161865234,82.3473892211914,2.772573709487915,79.46918487548828,125.3739242553711,,,0.0,1,False,0.8316717250141165,,,,,0.013680618089497658,0.10385792061107817,0.09017730252158052,"['CP2', 'POz', 'Cz', 'C1', 'P2']","['CP2', 'POz', 'C1', 'Cz', 'C3']",,,,9,EEGNet
FGSM,False,,,Linf,0.25,0.022179658414443446,"[0.2291647493839264, 0.2143833041191101, 0.2309233397245407, 0.24241867661476135, 0.23662105202674866, 0.23321464657783508, 0.18379081785678864, 0.24725432693958282, 0.2402178794145584, 0.2527456283569336, 0.2457503080368042, 0.26630839705467224, 0.23572051525115967, 0.2663578391075134, 0.2547707259654999, 0.26532769203186035, 0.26493269205093384, 0.2896943986415863, 0.27747711539268494, 0.2905137240886688, 0.2888440191745758, 0.3186075687408447]",,,False,2024,0.6979166865348816,0.2361111044883728,0.7638888955116272,115.43165588378906,113.12379455566406,3.805781841278076,2.3992726802825928,0.11915412545204163,"[0.625, 0.875, 0.4861111111111111, 0.8055555555555556]","[0.0, 0.9444444444444444, 0.0, 0.0]",0.0,1,False,0.8774438876341051,,,,,0.2198260394071169,0.3097927532184541,0.08996671381133722,"['P1', 'CP4', 'C3', 'C5', 'POz']","['C3', 'C5', 'P1', 'Fz', 'CP4']",,,,9,EEGNet
FGSM,False,,,Linf,0.5,0.04435931682888689,"[0.4583294987678528, 0.4287666082382202, 0.4618466794490814, 0.4848373532295227, 0.4732421040534973, 0.46642929315567017, 0.36758163571357727, 0.49450865387916565, 0.4804357588291168, 0.5054912567138672, 0.4915006160736084, 0.5326167941093445, 0.47144103050231934, 0.5327156782150269, 0.5095414519309998, 0.5306553840637207, 0.5298653841018677, 0.5793887972831726, 0.5549542307853699, 0.5810274481773376, 0.5776880383491516, 0.6372151374816895]",,,False,2024,0.6979166865348816,0.0729166641831398,0.9270833358168602,113.41592407226562,113.18370056152344,3.805781841278076,2.394541025161743,0.11809874325990677,"[0.625, 0.875, 0.4861111111111111, 0.8055555555555556]","[0.0, 0.2916666666666667, 0.0, 0.0]",0.0,1,False,0.8774438876341051,,,,,0.2198260394071169,0.3097927532184541,0.08996671381133722,"['P1', 'CP4', 'C3', 'C5', 'POz']","['C3', 'C5', 'P1', 'Fz', 'CP4']",,,,9,EEGNet
FGSM,False,,,Linf,1.0,0.08871863365777378,"[0.9166589975357056, 0.8575332164764404, 0.9236933588981628, 0.9696747064590454, 0.9464842081069946, 0.9328585863113403, 0.7351632714271545, 0.9890173077583313, 0.9608715176582336, 1.0109825134277344, 0.9830012321472168, 1.065233588218689, 0.9428820610046387, 1.0654313564300537, 1.0190829038619995, 1.0613107681274414, 1.0597307682037354, 1.1587775945663452, 1.1099084615707397, 1.1620548963546753, 1.1553760766983032, 1.274430274963379]",,,False,2024,0.6979166865348816,0.0,1.0,112.78730773925781,113.42263793945312,3.805781841278076,2.3756980895996094,0.11396175622940063,"[0.625, 0.875, 0.4861111111111111, 0.8055555555555556]","[0.0, 0.0, 0.0, 0.0]",0.0,1,False,0.8774438876341051,,,,,0.2198260394071169,0.3097927532184541,0.08996671381133722,"['P1', 'CP4', 'C3', 'C5', 'POz']","['C3', 'C5', 'P1', 'Fz', 'CP4']",,,,9,EEGNet
FGSM,False,,,Linf,2.0,0.17743726731554757,"[1.8333179950714111, 1.7150664329528809, 1.8473867177963257, 1.9393494129180908, 1.8929684162139893, 1.8657171726226807, 1.470326542854309, 1.9780346155166626, 1.9217430353164673, 2.0219650268554688, 1.9660024642944336, 2.130467176437378, 1.8857641220092773, 2.1308627128601074, 2.038165807723999, 2.122621536254883, 2.1194615364074707, 2.3175551891326904, 2.2198169231414795, 2.3241097927093506, 2.3107521533966064, 2.548860549926758]",,,False,2024,0.6979166865348816,0.0,1.0,113.70069885253906,114.36695861816406,3.805781841278076,2.301669120788574,0.09878811240196228,"[0.625, 0.875, 0.4861111111111111, 0.8055555555555556]","[0.0, 0.0, 0.0, 0.0]",0.0,1,False,0.8774438876341051,,,,,0.2198260394071169,0.3097927532184541,0.08996671381133722,"['P1', 'CP4', 'C3', 'C5', 'POz']","['C3', 'C5', 'P1', 'Fz', 'CP4']",,,,9,EEGNet
PGD,False,,,Linf,0.25,0.022179658414443446,"[0.2291647493839264, 0.2143833041191101, 0.2309233397245407, 0.24241867661476135, 0.23662105202674866, 0.23321464657783508, 0.18379081785678864, 0.24725432693958282, 0.2402178794145584, 0.2527456283569336, 0.2457503080368042, 0.26630839705467224, 0.23572051525115967, 0.2663578391075134, 0.2547707259654999, 0.26532769203186035, 0.26493269205093384, 0.2896943986415863, 0.27747711539268494, 0.2905137240886688, 0.2888440191745758, 0.3186075687408447]",40.0,0.0027724573018054308,True,2024,0.6979166865348816,0.2326388955116272,0.7673611044883728,115.37125396728516,113.12377166748047,3.805781841278076,2.3992745876312256,0.1191546842455864,"[0.625, 0.875, 0.4861111111111111, 0.8055555555555556]","[0.0, 0.9305555555555556, 0.0, 0.0]",0.0,1,False,0.8798877752682102,,,,,0.2198260394071169,0.3086391292192462,0.08881308981212929,"['P1', 'CP4', 'C3', 'C5', 'POz']","['C3', 'C5', 'P1', 'Fz', 'CP4']",,,,9,EEGNet
PGD,False,,,Linf,0.5,0.04435931682888689,"[0.4583294987678528, 0.4287666082382202, 0.4618466794490814, 0.4848373532295227, 0.4732421040534973, 0.46642929315567017, 0.36758163571357727, 0.49450865387916565, 0.4804357588291168, 0.5054912567138672, 0.4915006160736084, 0.5326167941093445, 0.47144103050231934, 0.5327156782150269, 0.5095414519309998, 0.5306553840637207, 0.5298653841018677, 0.5793887972831726, 0.5549542307853699, 0.5810274481773376, 0.5776880383491516, 0.6372151374816895]",40.0,0.0055449146036108616,True,2024,0.6979166865348816,0.013888888992369175,0.9861111110076308,112.55543518066406,113.18350982666016,3.805781841278076,2.3945562839508057,0.11810411512851715,"[0.625, 0.875, 0.4861111111111111, 0.8055555555555556]","[0.0, 0.05555555555555555, 0.0, 0.0]",0.0,1,False,0.8798877752682102,,,,,0.2198260394071169,0.3086391292192462,0.08881308981212929,"['P1', 'CP4', 'C3', 'C5', 'POz']","['C3', 'C5', 'P1', 'Fz', 'CP4']",,,,9,EEGNet
PGD,False,,,Linf,1.0,0.08871863365777378,"[0.9166589975357056, 0.8575332164764404, 0.9236933588981628, 0.9696747064590454, 0.9464842081069946, 0.9328585863113403, 0.7351632714271545, 0.9890173077583313, 0.9608715176582336, 1.0109825134277344, 0.9830012321472168, 1.065233588218689, 0.9428820610046387, 1.0654313564300537, 1.0190829038619995, 1.0613107681274414, 1.0597307682037354, 1.1587775945663452, 1.1099084615707397, 1.1620548963546753, 1.1553760766983032, 1.274430274963379]",40.0,0.011089829207221723,True,2024,0.6979166865348816,0.0,1.0,112.78662872314453,113.42100524902344,3.805781841278076,2.375826835632324,0.11399364471435547,"[0.625, 0.875, 0.4861111111111111, 0.8055555555555556]","[0.0, 0.0, 0.0, 0.0]",0.0,1,False,0.8798877752682102,,,,,0.2198260394071169,0.3086391292192462,0.08881308981212929,"['P1', 'CP4', 'C3', 'C5', 'POz']","['C3', 'C5', 'P1', 'Fz', 'CP4']",,,,9,EEGNet
PGD,False,,,Linf,2.0,0.17743726731554757,"[1.8333179950714111, 1.7150664329528809, 1.8473867177963257, 1.9393494129180908, 1.8929684162139893, 1.8657171726226807, 1.470326542854309, 1.9780346155166626, 1.9217430353164673, 2.0219650268554688, 1.9660024642944336, 2.130467176437378, 1.8857641220092773, 2.1308627128601074, 2.038165807723999, 2.122621536254883, 2.1194615364074707, 2.3175551891326904, 2.2198169231414795, 2.3241097927093506, 2.3107521533966064, 2.548860549926758]",40.0,0.022179658414443446,True,2024,0.6979166865348816,0.0,1.0,113.69648742675781,114.3526611328125,3.805781841278076,2.3027734756469727,0.09891924262046814,"[0.625, 0.875, 0.4861111111111111, 0.8055555555555556]","[0.0, 0.0, 0.0, 0.0]",0.0,1,False,0.8798877752682102,,,,,0.2198260394071169,0.3086391292192462,0.08881308981212929,"['P1', 'CP4', 'C3', 'C5', 'POz']","['C3', 'C5', 'P1', 'Fz', 'CP4']",,,,9,EEGNet
FGSM_LP,True,gaussian,3.0,Linf,0.25,0.022179658414443446,"[0.2291647493839264, 0.2143833041191101, 0.2309233397245407, 0.24241867661476135, 0.23662105202674866, 0.23321464657783508, 0.18379081785678864, 0.24725432693958282, 0.2402178794145584, 0.2527456283569336, 0.2457503080368042, 0.26630839705467224, 0.23572051525115967, 0.2663578391075134, 0.2547707259654999, 0.26532769203186035, 0.26493269205093384, 0.2896943986415863, 0.27747711539268494, 0.2905137240886688, 0.2888440191745758, 0.3186075687408447]",,,False,2024,0.6979166865348816,0.6145833134651184,0.3854166865348816,3.387097120285034,3.386935234069824,0.02217966318130493,32.82621383666992,0.7789347171783447,"[0.625, 0.875, 0.4861111111111111, 0.8055555555555556]","[0.5, 0.8194444444444444, 0.375, 0.7638888888888888]",0.0,1,False,0.9986942405420666,,,,,0.2198260394071169,0.22141309390868966,0.00158705450157276,"['P1', 'CP4', 'C3', 'C5', 'POz']","['P1', 'CP4', 'C3', 'C5', 'POz']",,,,9,EEGNet
FGSM_LP,True,gaussian,3.0,Linf,0.5,0.04435931682888689,"[0.4583294987678528, 0.4287666082382202, 0.4618466794490814, 0.4848373532295227, 0.4732421040534973, 0.46642929315567017, 0.36758163571357727, 0.49450865387916565, 0.4804357588291168, 0.5054912567138672, 0.4915006160736084, 0.5326167941093445, 0.47144103050231934, 0.5327156782150269, 0.5095414519309998, 0.5306553840637207, 0.5298653841018677, 0.5793887972831726, 0.5549542307853699, 0.5810274481773376, 0.5776880383491516, 0.6372151374816895]",,,False,2024,0.6979166865348816,0.40625,0.59375,6.652177810668945,6.657735824584961,0.04435932636260986,26.955873489379883,0.7690969705581665,"[0.625, 0.875, 0.4861111111111111, 0.8055555555555556]","[0.2777777777777778, 0.5, 0.2361111111111111, 0.6111111111111112]",0.0,1,False,0.9986942405420666,,,,,0.2198260394071169,0.22141309390868966,0.00158705450157276,"['P1', 'CP4', 'C3', 'C5', 'POz']","['P1', 'CP4', 'C3', 'C5', 'POz']",,,,9,EEGNet
FGSM_LP,True,gaussian,3.0,Linf,1.0,0.08871863365777378,"[0.9166589975357056, 0.8575332164764404, 0.9236933588981628, 0.9696747064590454, 0.9464842081069946, 0.9328585863113403, 0.7351632714271545, 0.9890173077583313, 0.9608715176582336, 1.0109825134277344, 0.9830012321472168, 1.065233588218689, 0.9428820610046387, 1.0654313564300537, 1.0190829038619995, 1.0613107681274414, 1.0597307682037354, 1.1587775945663452, 1.1099084615707397, 1.1620548963546753, 1.1553760766983032, 1.274430274963379]",,,False,2024,0.6979166865348816,0.0902777761220932,0.9097222238779068,12.954230308532715,12.964872360229492,0.08871865272521973,21.167118072509766,0.7586736679077148,"[0.625, 0.875, 0.4861111111111111, 0.8055555555555556]","[0.013888888888888888, 0.05555555555555555, 0.013888888888888888, 0.2777777777777778]",0.0,1,False,0.9986942405420666,,,,,0.2198260394071169,0.22141309390868966,0.00158705450157276,"['P1', 'CP4', 'C3', 'C5', 'POz']","['P1', 'CP4', 'C3', 'C5', 'POz']",,,,9,EEGNet
FGSM_LP,True,gaussian,3.0,Linf,2.0,0.17743726731554757,"[1.8333179950714111, 1.7150664329528809, 1.8473867177963257, 1.9393494129180908, 1.8929684162139893, 1.8657171726226807, 1.470326542854309, 1.9780346155166626, 1.9217430353164673, 2.0219650268554688, 1.9660024642944336, 2.130467176437378, 1.8857641220092773, 2.1308627128601074, 2.038165807723999, 2.122621536254883, 2.1194615364074707, 2.3175551891326904, 2.2198169231414795, 2.3241097927093506, 2.3107521533966064, 2.548860549926758]",,,False,2024,0.6979166865348816,0.0034722222480922937,0.9965277777519077,24.87991714477539,24.885942459106445,0.17743730545043945,15.50350284576416,0.7491081953048706,"[0.625, 0.875, 0.4861111111111111, 0.8055555555555556]","[0.0, 0.0, 0.0, 0.013888888888888888]",0.0,1,False,0.9986942405420666,,,,,0.2198260394071169,0.22141309390868966,0.00158705450157276,"['P1', 'CP4', 'C3', 'C5', 'POz']","['P1', 'CP4', 'C3', 'C5', 'POz']",,,,9,EEGNet
PGD_LP,True,gaussian,3.0,Linf,0.25,0.022179658414443446,"[0.2291647493839264, 0.2143833041191101, 0.2309233397245407, 0.24241867661476135, 0.23662105202674866, 0.23321464657783508, 0.18379081785678864, 0.24725432693958282, 0.2402178794145584, 0.2527456283569336, 0.2457503080368042, 0.26630839705467224, 0.23572051525115967, 0.2663578391075134, 0.2547707259654999, 0.26532769203186035, 0.26493269205093384, 0.2896943986415863, 0.27747711539268494, 0.2905137240886688, 0.2888440191745758, 0.3186075687408447]",40.0,0.0027724573018054308,True,2024,0.6979166865348816,0.6527777910232544,0.3472222089767456,3.387518882751465,3.388421058654785,0.02217966318130493,32.82240295410156,0.7791557908058167,"[0.625, 0.875, 0.4861111111111111, 0.8055555555555556]","[0.5416666666666666, 0.8472222222222222, 0.4444444444444444, 0.7777777777777778]",0.0,1,False,0.998817758328628,,,,,0.2198260394071169,0.22133279245274284,0.001506753045625947,"['P1', 'CP4', 'C3', 'C5', 'POz']","['P1', 'CP4', 'C3', 'C5', 'POz']",,,,9,EEGNet
PGD_LP,True,gaussian,3.0,Linf,0.5,0.04435931682888689,"[0.4583294987678528, 0.4287666082382202, 0.4618466794490814, 0.4848373532295227, 0.4732421040534973, 0.46642929315567017, 0.36758163571357727, 0.49450865387916565, 0.4804357588291168, 0.5054912567138672, 0.4915006160736084, 0.5326167941093445, 0.47144103050231934, 0.5327156782150269, 0.5095414519309998, 0.5306553840637207, 0.5298653841018677, 0.5793887972831726, 0.5549542307853699, 0.5810274481773376, 0.5776880383491516, 0.6372151374816895]",40.0,0.0055449146036108616,True,2024,0.6979166865348816,0.4791666567325592,0.5208333432674408,6.658379554748535,6.662847518920898,0.04435932636260986,26.949201583862305,0.7694980502128601,"[0.625, 0.875, 0.4861111111111111, 0.8055555555555556]","[0.3611111111111111, 0.5833333333333334, 0.3194444444444444, 0.6527777777777778]",0.0,1,False,0.998817758328628,,,,,0.2198260394071169,0.22133279245274284,0.001506753045625947,"['P1', 'CP4', 'C3', 'C5', 'POz']","['P1', 'CP4', 'C3', 'C5', 'POz']",,,,9,EEGNet
PGD_LP,True,gaussian,3.0,Linf,1.0,0.08871863365777378,"[0.9166589975357056, 0.8575332164764404, 0.9236933588981628, 0.9696747064590454, 0.9464842081069946, 0.9328585863113403, 0.7351632714271545, 0.9890173077583313, 0.9608715176582336, 1.0109825134277344, 0.9830012321472168, 1.065233588218689, 0.9428820610046387, 1.0654313564300537, 1.0190829038619995, 1.0613107681274414, 1.0597307682037354, 1.1587775945663452, 1.1099084615707397, 1.1620548963546753, 1.1553760766983032, 1.274430274963379]",40.0,0.011089829207221723,True,2024,0.6979166865348816,0.2013888955116272,0.7986111044883728,12.959848403930664,12.982793807983398,0.08871865272521973,21.155107498168945,0.7600977420806885,"[0.625, 0.875, 0.4861111111111111, 0.8055555555555556]","[0.18055555555555555, 0.09722222222222222, 0.05555555555555555, 0.4722222222222222]",0.0,1,False,0.998817758328628,,,,,0.2198260394071169,0.22133279245274284,0.001506753045625947,"['P1', 'CP4', 'C3', 'C5', 'POz']","['P1', 'CP4', 'C3', 'C5', 'POz']",,,,9,EEGNet
PGD_LP,True,gaussian,3.0,Linf,2.0,0.17743726731554757,"[1.8333179950714111, 1.7150664329528809, 1.8473867177963257, 1.9393494129180908, 1.8929684162139893, 1.8657171726226807, 1.470326542854309, 1.9780346155166626, 1.9217430353164673, 2.0219650268554688, 1.9660024642944336, 2.130467176437378, 1.8857641220092773, 2.1308627128601074, 2.038165807723999, 2.122621536254883, 2.1194615364074707, 2.3175551891326904, 2.2198169231414795, 2.3241097927093506, 2.3107521533966064, 2.548860549926758]",40.0,0.022179658414443446,True,2024,0.6979166865348816,0.013888888992369175,0.9861111110076308,24.933940887451172,24.946916580200195,0.17743730545043945,15.482218742370605,0.7530859112739563,"[0.625, 0.875, 0.4861111111111111, 0.8055555555555556]","[0.0, 0.0, 0.0, 0.05555555555555555]",0.0,1,False,0.998817758328628,,,,,0.2198260394071169,0.22133279245274284,0.001506753045625947,"['P1', 'CP4', 'C3', 'C5', 'POz']","['P1', 'CP4', 'C3', 'C5', 'POz']",,,,9,EEGNet
DeepFool_L2,,,,L2,,,,50.0,,,2024,0.6979166865348816,0.0902777761220932,0.9097222238779068,105.75335693359375,78.71543884277344,2.65409255027771,87.3120346069336,129.076171875,,,0.0,1,False,0.9013975155279503,,,,,0.2198260394071169,0.27125911756945964,0.051433078162342744,"['P1', 'CP4', 'C3', 'C5', 'POz']","['C3', 'P1', 'C5', 'CP4', 'Fz']",,,,9,EEGNet
FGSM,False,,,Linf,0.25,0.022179658414443446,"[0.2291647493839264, 0.2143833041191101, 0.2309233397245407, 0.24241867661476135, 0.23662105202674866, 0.23321464657783508, 0.18379081785678864, 0.24725432693958282, 0.2402178794145584, 0.2527456283569336, 0.2457503080368042, 0.26630839705467224, 0.23572051525115967, 0.2663578391075134, 0.2547707259654999, 0.26532769203186035, 0.26493269205093384, 0.2896943986415863, 0.27747711539268494, 0.2905137240886688, 0.2888440191745758, 0.3186075687408447]",,,False,31415,0.7361111044883728,0.1423611044883728,0.8576388955116272,110.46388244628906,113.12379455566406,3.805781841278076,2.3992726802825928,0.11915399879217148,"[0.5694444444444444, 0.7916666666666666, 0.7222222222222222, 0.8611111111111112]","[0.0, 0.0, 0.0, 0.5694444444444444]",0.0,1,False,0.8701828063241108,,,,,-0.005681691009222011,0.1233025386509399,0.1289842296601619,"['P1', 'POz', 'Cz', 'C4', 'C3']","['P1', 'C3', 'Cz', 'C4', 'POz']",,,,9,EEGNet
FGSM,False,,,Linf,0.5,0.04435931682888689,"[0.4583294987678528, 0.4287666082382202, 0.4618466794490814, 0.4848373532295227, 0.4732421040534973, 0.46642929315567017, 0.36758163571357727, 0.49450865387916565, 0.4804357588291168, 0.5054912567138672, 0.4915006160736084, 0.5326167941093445, 0.47144103050231934, 0.5327156782150269, 0.5095414519309998, 0.5306553840637207, 0.5298653841018677, 0.5793887972831726, 0.5549542307853699, 0.5810274481773376, 0.5776880383491516, 0.6372151374816895]",,,False,31415,0.7361111044883728,0.010416666977107525,0.9895833330228925,112.4486083984375,113.1837158203125,3.805781841278076,2.394540548324585,0.11809886991977692,"[0.5694444444444444, 0.7916666666666666, 0.7222222222222222, 0.8611111111111112]","[0.0, 0.0, 0.0, 0.041666666666666664]",0.0,1,False,0.8701828063241108,,,,,-0.005681691009222011,0.1233025386509399,0.1289842296601619,"['P1', 'POz', 'Cz', 'C4', 'C3']","['P1', 'C3', 'Cz', 'C4', 'POz']",,,,9,EEGNet
FGSM,False,,,Linf,1.0,0.08871863365777378,"[0.9166589975357056, 0.8575332164764404, 0.9236933588981628, 0.9696747064590454, 0.9464842081069946, 0.9328585863113403, 0.7351632714271545, 0.9890173077583313, 0.9608715176582336, 1.0109825134277344, 0.9830012321472168, 1.065233588218689, 0.9428820610046387, 1.0654313564300537, 1.0190829038619995, 1.0613107681274414, 1.0597307682037354, 1.1587775945663452, 1.1099084615707397, 1.1620548963546753, 1.1553760766983032, 1.274430274963379]",,,False,31415,0.7361111044883728,0.0,1.0,112.7881088256836,113.42264556884766,3.805781841278076,2.375697612762451,0.113963782787323,"[0.5694444444444444, 0.7916666666666666, 0.7222222222222222, 0.8611111111111112]","[0.0, 0.0, 0.0, 0.0]",0.0,1,False,0.8701828063241108,,,,,-0.005681691009222011,0.1233025386509399,0.1289842296601619,"['P1', 'POz', 'Cz', 'C4', 'C3']","['P1', 'C3', 'Cz', 'C4', 'POz']",,,,9,EEGNet
FGSM,False,,,Linf,2.0,0.17743726731554757,"[1.8333179950714111, 1.7150664329528809, 1.8473867177963257, 1.9393494129180908, 1.8929684162139893, 1.8657171726226807, 1.470326542854309, 1.9780346155166626, 1.9217430353164673, 2.0219650268554688, 1.9660024642944336, 2.130467176437378, 1.8857641220092773, 2.1308627128601074, 2.038165807723999, 2.122621536254883, 2.1194615364074707, 2.3175551891326904, 2.2198169231414795, 2.3241097927093506, 2.3107521533966064, 2.548860549926758]",,,False,31415,0.7361111044883728,0.0,1.0,113.70614624023438,114.36671447753906,3.805781841278076,2.301694631576538,0.09881559014320374,"[0.5694444444444444, 0.7916666666666666, 0.7222222222222222, 0.8611111111111112]","[0.0, 0.0, 0.0, 0.0]",0.0,1,False,0.8701828063241108,,,,,-0.005681691009222011,0.1233025386509399,0.1289842296601619,"['P1', 'POz', 'Cz', 'C4', 'C3']","['P1', 'C3', 'Cz', 'C4', 'POz']",,,,9,EEGNet
PGD,False,,,Linf,0.25,0.022179658414443446,"[0.2291647493839264, 0.2143833041191101, 0.2309233397245407, 0.24241867661476135, 0.23662105202674866, 0.23321464657783508, 0.18379081785678864, 0.24725432693958282, 0.2402178794145584, 0.2527456283569336, 0.2457503080368042, 0.26630839705467224, 0.23572051525115967, 0.2663578391075134, 0.2547707259654999, 0.26532769203186035, 0.26493269205093384, 0.2896943986415863, 0.27747711539268494, 0.2905137240886688, 0.2888440191745758, 0.3186075687408447]",40.0,0.0027724573018054308,True,31415,0.7361111044883728,0.0868055522441864,0.9131944477558136,110.89801025390625,113.12376403808594,3.805781841278076,2.3992745876312256,0.11915464699268341,"[0.5694444444444444, 0.7916666666666666, 0.7222222222222222, 0.8611111111111112]","[0.0, 0.0, 0.0, 0.3472222222222222]",0.0,1,False,0.85447840203275,,,,,-0.005681691009222011,0.14137748427600375,0.14705917528522575,"['P1', 'POz', 'Cz', 'C4', 'C3']","['P1', 'C3', 'Cz', 'C4', 'POz']",,,,9,EEGNet
PGD,False,,,Linf,0.5,0.04435931682888689,"[0.4583294987678528, 0.4287666082382202, 0.4618466794490814, 0.4848373532295227, 0.4732421040534973, 0.46642929315567017, 0.36758163571357727, 0.49450865387916565, 0.4804357588291168, 0.5054912567138672, 0.4915006160736084, 0.5326167941093445, 0.47144103050231934, 0.5327156782150269, 0.5095414519309998, 0.5306553840637207, 0.5298653841018677, 0.5793887972831726, 0.5549542307853699, 0.5810274481773376, 0.5776880383491516, 0.6372151374816895]",40.0,0.0055449146036108616,True,31415,0.7361111044883728,0.0,1.0,112.55548858642578,113.18348693847656,3.805781841278076,2.3945581912994385,0.11810440570116043,"[0.5694444444444444, 0.7916666666666666, 0.7222222222222222, 0.8611111111111112]","[0.0, 0.0, 0.0, 0.0]",0.0,1,False,0.85447840203275,,,,,-0.005681691009222011,0.14137748427600375,0.14705917528522575,"['P1', 'POz', 'Cz', 'C4', 'C3']","['P1', 'C3', 'Cz', 'C4', 'POz']",,,,9,EEGNet
PGD,False,,,Linf,1.0,0.08871863365777378,"[0.9166589975357056, 0.8575332164764404, 0.9236933588981628, 0.9696747064590454, 0.9464842081069946, 0.9328585863113403, 0.7351632714271545, 0.9890173077583313, 0.9608715176582336, 1.0109825134277344, 0.9830012321472168, 1.065233588218689, 0.9428820610046387, 1.0654313564300537, 1.0190829038619995, 1.0613107681274414, 1.0597307682037354, 1.1587775945663452, 1.1099084615707397, 1.1620548963546753, 1.1553760766983032, 1.274430274963379]",40.0,0.011089829207221723,True,31415,0.7361111044883728,0.0,1.0,112.78585052490234,113.42080688476562,3.805781841278076,2.3758442401885986,0.11400417238473892,"[0.5694444444444444, 0.7916666666666666, 0.7222222222222222, 0.8611111111111112]","[0.0, 0.0, 0.0, 0.0]",0.0,1,False,0.85447840203275,,,,,-0.005681691009222011,0.14137748427600375,0.14705917528522575,"['P1', 'POz', 'Cz', 'C4', 'C3']","['P1', 'C3', 'Cz', 'C4', 'POz']",,,,9,EEGNet
PGD,False,,,Linf,2.0,0.17743726731554757,"[1.8333179950714111, 1.7150664329528809, 1.8473867177963257, 1.9393494129180908, 1.8929684162139893, 1.8657171726226807, 1.470326542854309, 1.9780346155166626, 1.9217430353164673, 2.0219650268554688, 1.9660024642944336, 2.130467176437378, 1.8857641220092773, 2.1308627128601074, 2.038165807723999, 2.122621536254883, 2.1194615364074707, 2.3175551891326904, 2.2198169231414795, 2.3241097927093506, 2.3107521533966064, 2.548860549926758]",40.0,0.022179658414443446,True,31415,0.7361111044883728,0.0,1.0,113.69337463378906,114.35152435302734,3.805781841278076,2.30288028717041,0.09901493787765503,"[0.5694444444444444, 0.7916666666666666, 0.7222222222222222, 0.8611111111111112]","[0.0, 0.0, 0.0, 0.0]",0.0,1,False,0.85447840203275,,,,,-0.005681691009222011,0.14137748427600375,0.14705917528522575,"['P1', 'POz', 'Cz', 'C4', 'C3']","['P1', 'C3', 'Cz', 'C4', 'POz']",,,,9,EEGNet
FGSM_LP,True,gaussian,3.0,Linf,0.25,0.022179658414443446,"[0.2291647493839264, 0.2143833041191101, 0.2309233397245407, 0.24241867661476135, 0.23662105202674866, 0.23321464657783508, 0.18379081785678864, 0.24725432693958282, 0.2402178794145584, 0.2527456283569336, 0.2457503080368042, 0.26630839705467224, 0.23572051525115967, 0.2663578391075134, 0.2547707259654999, 0.26532769203186035, 0.26493269205093384, 0.2896943986415863, 0.27747711539268494, 0.2905137240886688, 0.2888440191745758, 0.3186075687408447]",,,False,31415,0.7361111044883728,0.4965277910232544,0.5034722089767456,3.3874573707580566,3.391463279724121,0.02217966318130493,32.81459426879883,0.7809285521507263,"[0.5694444444444444, 0.7916666666666666, 0.7222222222222222, 0.8611111111111112]","[0.3888888888888889, 0.3888888888888889, 0.4444444444444444, 0.7638888888888888]",0.0,1,False,0.9975472896668549,,,,,-0.005681691009222011,-0.005104825508594044,0.0005768655006279672,"['P1', 'POz', 'Cz', 'C4', 'C3']","['P1', 'POz', 'Cz', 'C4', 'C3']",,,,9,EEGNet
FGSM_LP,True,gaussian,3.0,Linf,0.5,0.04435931682888689,"[0.4583294987678528, 0.4287666082382202, 0.4618466794490814, 0.4848373532295227, 0.4732421040534973, 0.46642929315567017, 0.36758163571357727, 0.49450865387916565, 0.4804357588291168, 0.5054912567138672, 0.4915006160736084, 0.5326167941093445, 0.47144103050231934, 0.5327156782150269, 0.5095414519309998, 0.5306553840637207, 0.5298653841018677, 0.5793887972831726, 0.5549542307853699, 0.5810274481773376, 0.5776880383491516, 0.6372151374816895]",,,False,31415,0.7361111044883728,0.1770833283662796,0.8229166716337204,6.66225004196167,6.671494960784912,0.04435932636260986,26.937923431396484,0.7715213894844055,"[0.5694444444444444, 0.7916666666666666, 0.7222222222222222, 0.8611111111111112]","[0.05555555555555555, 0.013888888888888888, 0.125, 0.5138888888888888]",0.0,1,False,0.9975472896668549,,,,,-0.005681691009222011,-0.005104825508594044,0.0005768655006279672,"['P1', 'POz', 'Cz', 'C4', 'C3']","['P1', 'POz', 'Cz', 'C4', 'C3']",,,,9,EEGNet
FGSM_LP,True,gaussian,3.0,Linf,1.0,0.08871863365777378,"[0.9166589975357056, 0.8575332164764404, 0.9236933588981628, 0.9696747064590454, 0.9464842081069946, 0.9328585863113403, 0.7351632714271545, 0.9890173077583313, 0.9608715176582336, 1.0109825134277344, 0.9830012321472168, 1.065233588218689, 0.9428820610046387, 1.0654313564300537, 1.0190829038619995, 1.0613107681274414, 1.0597307682037354, 1.1587775945663452, 1.1099084615707397, 1.1620548963546753, 1.1553760766983032, 1.274430274963379]",,,False,31415,0.7361111044883728,0.0173611119389534,0.9826388880610466,13.004379272460938,13.00724983215332,0.08871865272521973,21.13874626159668,0.7614385485649109,"[0.5694444444444444, 0.7916666666666666, 0.7222222222222222, 0.8611111111111112]","[0.0, 0.0, 0.0, 0.06944444444444445]",0.0,1,False,0.9975472896668549,,,,,-0.005681691009222011,-0.005104825508594044,0.0005768655006279672,"['P1', 'POz', 'Cz', 'C4', 'C3']","['P1', 'POz', 'Cz', 'C4', 'C3']",,,,9,EEGNet
FGSM_LP,True,gaussian,3.0,Linf,2.0,0.17743726731554757,"[1.8333179950714111, 1.7150664329528809, 1.8473867177963257, 1.9393494129180908, 1.8929684162139893, 1.8657171726226807, 1.470326542854309, 1.9780346155166626, 1.9217430353164673, 2.0219650268554688, 1.9660024642944336, 2.130467176437378, 1.8857641220092773, 2.1308627128601074, 2.038165807723999, 2.122621536254883, 2.1194615364074707, 2.3175551891326904, 2.2198169231414795, 2.3241097927093506, 2.3107521533966064, 2.548860549926758]",,,False,31415,0.7361111044883728,0.0,1.0,25.001611709594727,25.01380157470703,0.17743730545043945,15.458951950073242,0.7522523999214172,"[0.5694444444444444, 0.7916666666666666, 0.7222222222222222, 0.8611111111111112]","[0.0, 0.0, 0.0, 0.0]",0.0,1,False,0.9975472896668549,,,,,-0.005681691009222011,-0.005104825508594044,0.0005768655006279672,"['P1', 'POz', 'Cz', 'C4', 'C3']","['P1', 'POz', 'Cz', 'C4', 'C3']",,,,9,EEGNet
PGD_LP,True,gaussian,3.0,Linf,0.25,0.022179658414443446,"[0.2291647493839264, 0.2143833041191101, 0.2309233397245407, 0.24241867661476135, 0.23662105202674866, 0.23321464657783508, 0.18379081785678864, 0.24725432693958282, 0.2402178794145584, 0.2527456283569336, 0.2457503080368042, 0.26630839705467224, 0.23572051525115967, 0.2663578391075134, 0.2547707259654999, 0.26532769203186035, 0.26493269205093384, 0.2896943986415863, 0.27747711539268494, 0.2905137240886688, 0.2888440191745758, 0.3186075687408447]",40.0,0.0027724573018054308,True,31415,0.7361111044883728,0.6006944179534912,0.3993055820465088,3.389179229736328,3.3931875228881836,0.02217966318130493,32.81017303466797,0.7823336720466614,"[0.5694444444444444, 0.7916666666666666, 0.7222222222222222, 0.8611111111111112]","[0.4583333333333333, 0.625, 0.5277777777777778, 0.7916666666666666]",0.0,1,False,0.9968061829474872,,,,,-0.005681691009222011,-0.0016915095875400746,0.0039901814216819365,"['P1', 'POz', 'Cz', 'C4', 'C3']","['P1', 'POz', 'Cz', 'C4', 'C3']",,,,9,EEGNet
PGD_LP,True,gaussian,3.0,Linf,0.5,0.04435931682888689,"[0.4583294987678528, 0.4287666082382202, 0.4618466794490814, 0.4848373532295227, 0.4732421040534973, 0.46642929315567017, 0.36758163571357727, 0.49450865387916565, 0.4804357588291168, 0.5054912567138672, 0.4915006160736084, 0.5326167941093445, 0.47144103050231934, 0.5327156782150269, 0.5095414519309998, 0.5306553840637207, 0.5298653841018677, 0.5793887972831726, 0.5549542307853699, 0.5810274481773376, 0.5776880383491516, 0.6372151374816895]",40.0,0.0055449146036108616,True,31415,0.7361111044883728,0.3159722089767456,0.6840277910232544,6.666835784912109,6.675931930541992,0.04435932636260986,26.93213653564453,0.7732890844345093,"[0.5694444444444444, 0.7916666666666666, 0.7222222222222222, 0.8611111111111112]","[0.1388888888888889, 0.3194444444444444, 0.16666666666666666, 0.6388888888888888]",0.0,1,False,0.9968061829474872,,,,,-0.005681691009222011,-0.0016915095875400746,0.0039901814216819365,"['P1', 'POz', 'Cz', 'C4', 'C3']","['P1', 'POz', 'Cz', 'C4', 'C3']",,,,9,EEGNet
PGD_LP,True,gaussian,3.0,Linf,1.0,0.08871863365777378,"[0.9166589975357056, 0.8575332164764404, 0.9236933588981628, 0.9696747064590454, 0.9464842081069946, 0.9328585863113403, 0.7351632714271545, 0.9890173077583313, 0.9608715176582336, 1.0109825134277344, 0.9830012321472168, 1.065233588218689, 0.9428820610046387, 1.0654313564300537, 1.0190829038619995, 1.0613107681274414, 1.0597307682037354, 1.1587775945663452, 1.1099084615707397, 1.1620548963546753, 1.1553760766983032, 1.274430274963379]",40.0,0.011089829207221723,True,31415,0.7361111044883728,0.0347222238779068,0.9652777761220932,13.016785621643066,13.016915321350098,0.08871865272521973,21.132286071777344,0.7635863423347473,"[0.5694444444444444, 0.7916666666666666, 0.7222222222222222, 0.8611111111111112]","[0.0, 0.0, 0.0, 0.1388888888888889]",0.0,1,False,0.9968061829474872,,,,,-0.005681691009222011,-0.0016915095875400746,0.0039901814216819365,"['P1', 'POz', 'Cz', 'C4', 'C3']","['P1', 'POz', 'Cz', 'C4', 'C3']",,,,9,EEGNet
PGD_LP,True,gaussian,3.0,Linf,2.0,0.17743726731554757,"[1.8333179950714111, 1.7150664329528809, 1.8473867177963257, 1.9393494129180908, 1.8929684162139893, 1.8657171726226807, 1.470326542854309, 1.9780346155166626, 1.9217430353164673, 2.0219650268554688, 1.9660024642944336, 2.130467176437378, 1.8857641220092773, 2.1308627128601074, 2.038165807723999, 2.122621536254883, 2.1194615364074707, 2.3175551891326904, 2.2198169231414795, 2.3241097927093506, 2.3107521533966064, 2.548860549926758]",40.0,0.022179658414443446,True,31415,0.7361111044883728,0.0,1.0,25.011425018310547,25.016035079956055,0.17743730545043945,15.458170890808105,0.7555833458900452,"[0.5694444444444444, 0.7916666666666666, 0.7222222222222222, 0.8611111111111112]","[0.0, 0.0, 0.0, 0.0]",0.0,1,False,0.9968061829474872,,,,,-0.005681691009222011,-0.0016915095875400746,0.0039901814216819365,"['P1', 'POz', 'Cz', 'C4', 'C3']","['P1', 'POz', 'Cz', 'C4', 'C3']",,,,9,EEGNet
DeepFool_L2,,,,L2,,,,50.0,,,31415,0.7361111044883728,0.1076388880610466,0.8923611119389534,105.81954193115234,83.17681884765625,2.7916224002838135,76.56746673583984,123.87254333496094,,,0.0,1,False,0.8980007763975156,,,,,-0.005681691009222011,0.05954850803714978,0.0652301990463718,"['P1', 'POz', 'Cz', 'C4', 'C3']","['P1', 'C3', 'C4', 'Cz', 'POz']",,,,9,EEGNet
FGSM,False,,,Linf,0.25,0.022179658414443446,"[0.2291647493839264, 0.2143833041191101, 0.2309233397245407, 0.24241867661476135, 0.23662105202674866, 0.23321464657783508, 0.18379081785678864, 0.24725432693958282, 0.2402178794145584, 0.2527456283569336, 0.2457503080368042, 0.26630839705467224, 0.23572051525115967, 0.2663578391075134, 0.2547707259654999, 0.26532769203186035, 0.26493269205093384, 0.2896943986415863, 0.27747711539268494, 0.2905137240886688, 0.2888440191745758, 0.3186075687408447]",,,False,999,0.6875,0.0347222238779068,0.9652777761220932,112.33050537109375,113.12379455566406,3.805781841278076,2.399272918701172,0.1191541999578476,"[0.5555555555555556, 0.8333333333333334, 0.5555555555555556, 0.8055555555555556]","[0.06944444444444445, 0.0, 0.06944444444444445, 0.0]",0.0,1,False,0.750185276679842,,,,,0.17587524885005926,-0.04212459092877839,-0.21799983977883763,"['C3', 'C5', 'FC4', 'C4', 'CP2']","['C4', 'C3', 'CP2', 'FC4', 'C5']",,,,9,EEGNet
FGSM,False,,,Linf,0.5,0.04435931682888689,"[0.4583294987678528, 0.4287666082382202, 0.4618466794490814, 0.4848373532295227, 0.4732421040534973, 0.46642929315567017, 0.36758163571357727, 0.49450865387916565, 0.4804357588291168, 0.5054912567138672, 0.4915006160736084, 0.5326167941093445, 0.47144103050231934, 0.5327156782150269, 0.5095414519309998, 0.5306553840637207, 0.5298653841018677, 0.5793887972831726, 0.5549542307853699, 0.5810274481773376, 0.5776880383491516, 0.6372151374816895]",,,False,999,0.6875,0.0069444444961845875,0.9930555555038154,112.48829650878906,113.18370819091797,3.805781841278076,2.394540548324585,0.11809935420751572,"[0.5555555555555556, 0.8333333333333334, 0.5555555555555556, 0.8055555555555556]","[0.027777777777777776, 0.0, 0.0, 0.0]",0.0,1,False,0.750185276679842,,,,,0.17587524885005926,-0.04212459092877839,-0.21799983977883763,"['C3', 'C5', 'FC4', 'C4', 'CP2']","['C4', 'C3', 'CP2', 'FC4', 'C5']",,,,9,EEGNet
FGSM,False,,,Linf,1.0,0.08871863365777378,"[0.9166589975357056, 0.8575332164764404, 0.9236933588981628, 0.9696747064590454, 0.9464842081069946, 0.9328585863113403, 0.7351632714271545, 0.9890173077583313, 0.9608715176582336, 1.0109825134277344, 0.9830012321472168, 1.065233588218689, 0.9428820610046387, 1.0654313564300537, 1.0190829038619995, 1.0613107681274414, 1.0597307682037354, 1.1587775945663452, 1.1099084615707397, 1.1620548963546753, 1.1553760766983032, 1.274430274963379]",,,False,999,0.6875,0.0,1.0,112.78760528564453,113.42272186279297,3.805781841278076,2.3756906986236572,0.11395852267742157,"[0.5555555555555556, 0.8333333333333334, 0.5555555555555556, 0.8055555555555556]","[0.0, 0.0, 0.0, 0.0]",0.0,1,False,0.750185276679842,,,,,0.17587524885005926,-0.04212459092877839,-0.21799983977883763,"['C3', 'C5', 'FC4', 'C4', 'CP2']","['C4', 'C3', 'CP2', 'FC4', 'C5']",,,,9,EEGNet
FGSM,False,,,Linf,2.0,0.17743726731554757,"[1.8333179950714111, 1.7150664329528809, 1.8473867177963257, 1.9393494129180908, 1.8929684162139893, 1.8657171726226807, 1.470326542854309, 1.9780346155166626, 1.9217430353164673, 2.0219650268554688, 1.9660024642944336, 2.130467176437378, 1.8857641220092773, 2.1308627128601074, 2.038165807723999, 2.122621536254883, 2.1194615364074707, 2.3175551891326904, 2.2198169231414795, 2.3241097927093506, 2.3107521533966064, 2.548860549926758]",,,False,999,0.6875,0.0,1.0,113.70574951171875,114.36759185791016,3.805781841278076,2.3016154766082764,0.09877327084541321,"[0.5555555555555556, 0.8333333333333334, 0.5555555555555556, 0.8055555555555556]","[0.0, 0.0, 0.0, 0.0]",0.0,1,False,0.750185276679842,,,,,0.17587524885005926,-0.04212459092877839,-0.21799983977883763,"['C3', 'C5', 'FC4', 'C4', 'CP2']","['C4', 'C3', 'CP2', 'FC4', 'C5']",,,,9,EEGNet
PGD,False,,,Linf,0.25,0.022179658414443446,"[0.2291647493839264, 0.2143833041191101, 0.2309233397245407, 0.24241867661476135, 0.23662105202674866, 0.23321464657783508, 0.18379081785678864, 0.24725432693958282, 0.2402178794145584, 0.2527456283569336, 0.2457503080368042, 0.26630839705467224, 0.23572051525115967, 0.2663578391075134, 0.2547707259654999, 0.26532769203186035, 0.26493269205093384, 0.2896943986415863, 0.27747711539268494, 0.2905137240886688, 0.2888440191745758, 0.3186075687408447]",40.0,0.0027724573018054308,True,999,0.6875,0.0034722222480922937,0.9965277777519077,112.46900939941406,113.123779296875,3.805781841278076,2.3992741107940674,0.11915431916713715,"[0.5555555555555556, 0.8333333333333334, 0.5555555555555556, 0.8055555555555556]","[0.0, 0.0, 0.013888888888888888, 0.0]",0.0,1,False,0.7500088226990402,,,,,0.17587524885005926,-0.04570093183815085,-0.2215761806882101,"['C3', 'C5', 'FC4', 'C4', 'CP2']","['C4', 'C3', 'CP2', 'FC4', 'C5']",,,,9,EEGNet
PGD,False,,,Linf,0.5,0.04435931682888689,"[0.4583294987678528, 0.4287666082382202, 0.4618466794490814, 0.4848373532295227, 0.4732421040534973, 0.46642929315567017, 0.36758163571357727, 0.49450865387916565, 0.4804357588291168, 0.5054912567138672, 0.4915006160736084, 0.5326167941093445, 0.47144103050231934, 0.5327156782150269, 0.5095414519309998, 0.5306553840637207, 0.5298653841018677, 0.5793887972831726, 0.5549542307853699, 0.5810274481773376, 0.5776880383491516, 0.6372151374816895]",40.0,0.0055449146036108616,True,999,0.6875,0.0,1.0,112.55555725097656,113.1834716796875,3.805781841278076,2.394558906555176,0.11810295283794403,"[0.5555555555555556, 0.8333333333333334, 0.5555555555555556, 0.8055555555555556]","[0.0, 0.0, 0.0, 0.0]",0.0,1,False,0.7500088226990402,,,,,0.17587524885005926,-0.04570093183815085,-0.2215761806882101,"['C3', 'C5', 'FC4', 'C4', 'CP2']","['C4', 'C3', 'CP2', 'FC4', 'C5']",,,,9,EEGNet
PGD,False,,,Linf,1.0,0.08871863365777378,"[0.9166589975357056, 0.8575332164764404, 0.9236933588981628, 0.9696747064590454, 0.9464842081069946, 0.9328585863113403, 0.7351632714271545, 0.9890173077583313, 0.9608715176582336, 1.0109825134277344, 0.9830012321472168, 1.065233588218689, 0.9428820610046387, 1.0654313564300537, 1.0190829038619995, 1.0613107681274414, 1.0597307682037354, 1.1587775945663452, 1.1099084615707397, 1.1620548963546753, 1.1553760766983032, 1.274430274963379]",40.0,0.011089829207221723,True,999,0.6875,0.0,1.0,112.787109375,113.42031860351562,3.805781841278076,2.3758811950683594,0.11400141566991806,"[0.5555555555555556, 0.8333333333333334, 0.5555555555555556, 0.8055555555555556]","[0.0, 0.0, 0.0, 0.0]",0.0,1,False,0.7500088226990402,,,,,0.17587524885005926,-0.04570093183815085,-0.2215761806882101,"['C3', 'C5', 'FC4', 'C4', 'CP2']","['C4', 'C3', 'CP2', 'FC4', 'C5']",,,,9,EEGNet
PGD,False,,,Linf,2.0,0.17743726731554757,"[1.8333179950714111, 1.7150664329528809, 1.8473867177963257, 1.9393494129180908, 1.8929684162139893, 1.8657171726226807, 1.470326542854309, 1.9780346155166626, 1.9217430353164673, 2.0219650268554688, 1.9660024642944336, 2.130467176437378, 1.8857641220092773, 2.1308627128601074, 2.038165807723999, 2.122621536254883, 2.1194615364074707, 2.3175551891326904, 2.2198169231414795, 2.3241097927093506, 2.3107521533966064, 2.548860549926758]",40.0,0.022179658414443446,True,999,0.6875,0.0,1.0,113.69998168945312,114.35145568847656,3.805781841278076,2.302870035171509,0.09893426299095154,"[0.5555555555555556, 0.8333333333333334, 0.5555555555555556, 0.8055555555555556]","[0.0, 0.0, 0.0, 0.0]",0.0,1,False,0.7500088226990402,,,,,0.17587524885005926,-0.04570093183815085,-0.2215761806882101,"['C3', 'C5', 'FC4', 'C4', 'CP2']","['C4', 'C3', 'CP2', 'FC4', 'C5']",,,,9,EEGNet
FGSM_LP,True,gaussian,3.0,Linf,0.25,0.022179658414443446,"[0.2291647493839264, 0.2143833041191101, 0.2309233397245407, 0.24241867661476135, 0.23662105202674866, 0.23321464657783508, 0.18379081785678864, 0.24725432693958282, 0.2402178794145584, 0.2527456283569336, 0.2457503080368042, 0.26630839705467224, 0.23572051525115967, 0.2663578391075134, 0.2547707259654999, 0.26532769203186035, 0.26493269205093384, 0.2896943986415863, 0.27747711539268494, 0.2905137240886688, 0.2888440191745758, 0.3186075687408447]",,,False,999,0.6875,0.5347222089767456,0.4652777910232544,3.389651298522949,3.3901865482330322,0.02217966318130493,32.81786346435547,0.7822343111038208,"[0.5555555555555556, 0.8333333333333334, 0.5555555555555556, 0.8055555555555556]","[0.375, 0.6527777777777778, 0.3611111111111111, 0.75]",0.0,1,False,0.993947628458498,,,,,0.17587524885005926,0.16934432975546398,-0.006530919094595272,"['C3', 'C5', 'FC4', 'C4', 'CP2']","['C3', 'C5', 'FC4', 'C4', 'CP2']",,,,9,EEGNet
FGSM_LP,True,gaussian,3.0,Linf,0.5,0.04435931682888689,"[0.4583294987678528, 0.4287666082382202, 0.4618466794490814, 0.4848373532295227, 0.4732421040534973, 0.46642929315567017, 0.36758163571357727, 0.49450865387916565, 0.4804357588291168, 0.5054912567138672, 0.4915006160736084, 0.5326167941093445, 0.47144103050231934, 0.5327156782150269, 0.5095414519309998, 0.5306553840637207, 0.5298653841018677, 0.5793887972831726, 0.5549542307853699, 0.5810274481773376, 0.5776880383491516, 0.6372151374816895]",,,False,999,0.6875,0.2708333432674408,0.7291666567325592,6.6594953536987305,6.667121887207031,0.04435932636260986,26.943613052368164,0.7732488512992859,"[0.5555555555555556, 0.8333333333333334, 0.5555555555555556, 0.8055555555555556]","[0.20833333333333334, 0.20833333333333334, 0.125, 0.5416666666666666]",0.0,1,False,0.993947628458498,,,,,0.17587524885005926,0.16934432975546398,-0.006530919094595272,"['C3', 'C5', 'FC4', 'C4', 'CP2']","['C3', 'C5', 'FC4', 'C4', 'CP2']",,,,9,EEGNet
FGSM_LP,True,gaussian,3.0,Linf,1.0,0.08871863365777378,"[0.9166589975357056, 0.8575332164764404, 0.9236933588981628, 0.9696747064590454, 0.9464842081069946, 0.9328585863113403, 0.7351632714271545, 0.9890173077583313, 0.9608715176582336, 1.0109825134277344, 0.9830012321472168, 1.065233588218689, 0.9428820610046387, 1.0654313564300537, 1.0190829038619995, 1.0613107681274414, 1.0597307682037354, 1.1587775945663452, 1.1099084615707397, 1.1620548963546753, 1.1553760766983032, 1.274430274963379]",,,False,999,0.6875,0.0347222238779068,0.9652777761220932,12.98959732055664,12.993950843811035,0.08871865272521973,21.14762306213379,0.7645515203475952,"[0.5555555555555556, 0.8333333333333334, 0.5555555555555556, 0.8055555555555556]","[0.0, 0.0, 0.0, 0.1388888888888889]",0.0,1,False,0.993947628458498,,,,,0.17587524885005926,0.16934432975546398,-0.006530919094595272,"['C3', 'C5', 'FC4', 'C4', 'CP2']","['C3', 'C5', 'FC4', 'C4', 'CP2']",,,,9,EEGNet
FGSM_LP,True,gaussian,3.0,Linf,2.0,0.17743726731554757,"[1.8333179950714111, 1.7150664329528809, 1.8473867177963257, 1.9393494129180908, 1.8929684162139893, 1.8657171726226807, 1.470326542854309, 1.9780346155166626, 1.9217430353164673, 2.0219650268554688, 1.9660024642944336, 2.130467176437378, 1.8857641220092773, 2.1308627128601074, 2.038165807723999, 2.122621536254883, 2.1194615364074707, 2.3175551891326904, 2.2198169231414795, 2.3241097927093506, 2.3107521533966064, 2.548860549926758]",,,False,999,0.6875,0.0034722222480922937,0.9965277777519077,24.97161293029785,24.97522735595703,0.17743730545043945,15.472344398498535,0.757318377494812,"[0.5555555555555556, 0.8333333333333334, 0.5555555555555556, 0.8055555555555556]","[0.0, 0.0, 0.0, 0.013888888888888888]",0.0,1,False,0.993947628458498,,,,,0.17587524885005926,0.16934432975546398,-0.006530919094595272,"['C3', 'C5', 'FC4', 'C4', 'CP2']","['C3', 'C5', 'FC4', 'C4', 'CP2']",,,,9,EEGNet
PGD_LP,True,gaussian,3.0,Linf,0.25,0.022179658414443446,"[0.2291647493839264, 0.2143833041191101, 0.2309233397245407, 0.24241867661476135, 0.23662105202674866, 0.23321464657783508, 0.18379081785678864, 0.24725432693958282, 0.2402178794145584, 0.2527456283569336, 0.2457503080368042, 0.26630839705467224, 0.23572051525115967, 0.2663578391075134, 0.2547707259654999, 0.26532769203186035, 0.26493269205093384, 0.2896943986415863, 0.27747711539268494, 0.2905137240886688, 0.2888440191745758, 0.3186075687408447]",40.0,0.0027724573018054308,True,999,0.6875,0.59375,0.40625,3.3899617195129395,3.3911497592926025,0.02217966318130493,32.81538772583008,0.7832406163215637,"[0.5555555555555556, 0.8333333333333334, 0.5555555555555556, 0.8055555555555556]","[0.5, 0.6944444444444444, 0.4166666666666667, 0.7638888888888888]",0.0,1,False,0.9937270609824957,,,,,0.17587524885005926,0.16894894198307744,-0.006926306866981813,"['C3', 'C5', 'FC4', 'C4', 'CP2']","['C3', 'C5', 'FC4', 'C4', 'CP2']",,,,9,EEGNet
PGD_LP,True,gaussian,3.0,Linf,0.5,0.04435931682888689,"[0.4583294987678528, 0.4287666082382202, 0.4618466794490814, 0.4848373532295227, 0.4732421040534973, 0.46642929315567017, 0.36758163571357727, 0.49450865387916565, 0.4804357588291168, 0.5054912567138672, 0.4915006160736084, 0.5326167941093445, 0.47144103050231934, 0.5327156782150269, 0.5095414519309998, 0.5306553840637207, 0.5298653841018677, 0.5793887972831726, 0.5549542307853699, 0.5810274481773376, 0.5776880383491516, 0.6372151374816895]",40.0,0.0055449146036108616,True,999,0.6875,0.3298611044883728,0.6701388955116272,6.660071849822998,6.668904781341553,0.04435932636260986,26.941287994384766,0.774009644985199,"[0.5555555555555556, 0.8333333333333334, 0.5555555555555556, 0.8055555555555556]","[0.3055555555555556, 0.2777777777777778, 0.1527777777777778, 0.5833333333333334]",0.0,1,False,0.9937270609824957,,,,,0.17587524885005926,0.16894894198307744,-0.006926306866981813,"['C3', 'C5', 'FC4', 'C4', 'CP2']","['C3', 'C5', 'FC4', 'C4', 'CP2']",,,,9,EEGNet
PGD_LP,True,gaussian,3.0,Linf,1.0,0.08871863365777378,"[0.9166589975357056, 0.8575332164764404, 0.9236933588981628, 0.9696747064590454, 0.9464842081069946, 0.9328585863113403, 0.7351632714271545, 0.9890173077583313, 0.9608715176582336, 1.0109825134277344, 0.9830012321472168, 1.065233588218689, 0.9428820610046387, 1.0654313564300537, 1.0190829038619995, 1.0613107681274414, 1.0597307682037354, 1.1587775945663452, 1.1099084615707397, 1.1620548963546753, 1.1553760766983032, 1.274430274963379]",40.0,0.011089829207221723,True,999,0.6875,0.0694444477558136,0.9305555522441864,12.980530738830566,12.994266510009766,0.08871865272521973,21.147417068481445,0.7649637460708618,"[0.5555555555555556, 0.8333333333333334, 0.5555555555555556, 0.8055555555555556]","[0.013888888888888888, 0.013888888888888888, 0.0, 0.25]",0.0,1,False,0.9937270609824957,,,,,0.17587524885005926,0.16894894198307744,-0.006926306866981813,"['C3', 'C5', 'FC4', 'C4', 'CP2']","['C3', 'C5', 'FC4', 'C4', 'CP2']",,,,9,EEGNet
PGD_LP,True,gaussian,3.0,Linf,2.0,0.17743726731554757,"[1.8333179950714111, 1.7150664329528809, 1.8473867177963257, 1.9393494129180908, 1.8929684162139893, 1.8657171726226807, 1.470326542854309, 1.9780346155166626, 1.9217430353164673, 2.0219650268554688, 1.9660024642944336, 2.130467176437378, 1.8857641220092773, 2.1308627128601074, 2.038165807723999, 2.122621536254883, 2.1194615364074707, 2.3175551891326904, 2.2198169231414795, 2.3241097927093506, 2.3107521533966064, 2.548860549926758]",40.0,0.022179658414443446,True,999,0.6875,0.0034722222480922937,0.9965277777519077,24.959331512451172,24.965309143066406,0.17743730545043945,15.475799560546875,0.7585519552230835,"[0.5555555555555556, 0.8333333333333334, 0.5555555555555556, 0.8055555555555556]","[0.0, 0.0, 0.0, 0.013888888888888888]",0.0,1,False,0.9937270609824957,,,,,0.17587524885005926,0.16894894198307744,-0.006926306866981813,"['C3', 'C5', 'FC4', 'C4', 'CP2']","['C3', 'C5', 'FC4', 'C4', 'CP2']",,,,9,EEGNet
DeepFool_L2,,,,L2,,,,50.0,,,999,0.6875,0.0868055522441864,0.9131944477558136,103.15478515625,77.33889770507812,2.6121928691864014,90.25545501708984,130.30120849609375,,,0.0,1,False,0.8200875211744778,,,,,0.17587524885005926,0.06638272263937711,-0.10949252621068215,"['C3', 'C5', 'FC4', 'C4', 'CP2']","['C3', 'C4', 'C5', 'FC4', 'CP2']",,,,9,EEGNet
FGSM,False,,,Linf,0.25,0.022179658414443446,"[0.2291647493839264, 0.2143833041191101, 0.2309233397245407, 0.24241867661476135, 0.23662105202674866, 0.23321464657783508, 0.18379081785678864, 0.24725432693958282, 0.2402178794145584, 0.2527456283569336, 0.2457503080368042, 0.26630839705467224, 0.23572051525115967, 0.2663578391075134, 0.2547707259654999, 0.26532769203186035, 0.26493269205093384, 0.2896943986415863, 0.27747711539268494, 0.2905137240886688, 0.2888440191745758, 0.3186075687408447]",,,False,42,0.7604166865348816,0.3055555522441864,0.6944444477558136,116.80398559570312,113.12318420410156,3.805781841278076,2.3993210792541504,0.1191643700003624,"[0.7083333333333334, 0.9305555555555556, 0.6805555555555556, 0.7222222222222222]","[0.0, 1.0, 0.2222222222222222, 0.0]",0.0,1,False,0.9280332439299832,,,,,-0.13980628546001625,-0.3315541931834878,-0.19174790772347153,"['CP4', 'C4', 'C3', 'CPz', 'Pz']","['CP4', 'C4', 'C3', 'CP3', 'CPz']",,,,9,DeepConvNet
FGSM,False,,,Linf,0.5,0.04435931682888689,"[0.4583294987678528, 0.4287666082382202, 0.4618466794490814, 0.4848373532295227, 0.4732421040534973, 0.46642929315567017, 0.36758163571357727, 0.49450865387916565, 0.4804357588291168, 0.5054912567138672, 0.4915006160736084, 0.5326167941093445, 0.47144103050231934, 0.5327156782150269, 0.5095414519309998, 0.5306553840637207, 0.5298653841018677, 0.5793887972831726, 0.5549542307853699, 0.5810274481773376, 0.5776880383491516, 0.6372151374816895]",,,False,42,0.7604166865348816,0.2847222089767456,0.7152777910232544,116.56890869140625,113.1812744140625,3.805781841278076,2.3947324752807617,0.11813943088054657,"[0.7083333333333334, 0.9305555555555556, 0.6805555555555556, 0.7222222222222222]","[0.0, 1.0, 0.1388888888888889, 0.0]",0.0,1,False,0.9280332439299832,,,,,-0.13980628546001625,-0.3315541931834878,-0.19174790772347153,"['CP4', 'C4', 'C3', 'CPz', 'Pz']","['CP4', 'C4', 'C3', 'CP3', 'CPz']",,,,9,DeepConvNet
FGSM,False,,,Linf,1.0,0.08871863365777378,"[0.9166589975357056, 0.8575332164764404, 0.9236933588981628, 0.9696747064590454, 0.9464842081069946, 0.9328585863113403, 0.7351632714271545, 0.9890173077583313, 0.9608715176582336, 1.0109825134277344, 0.9830012321472168, 1.065233588218689, 0.9428820610046387, 1.0654313564300537, 1.0190829038619995, 1.0613107681274414, 1.0597307682037354, 1.1587775945663452, 1.1099084615707397, 1.1620548963546753, 1.1553760766983032, 1.274430274963379]",,,False,42,0.7604166865348816,0.2222222238779068,0.7777777761220932,115.52510070800781,113.41303253173828,3.805781841278076,2.3764536380767822,0.11411653459072113,"[0.7083333333333334, 0.9305555555555556, 0.6805555555555556, 0.7222222222222222]","[0.0, 0.8333333333333334, 0.05555555555555555, 0.0]",0.0,1,False,0.9280332439299832,,,,,-0.13980628546001625,-0.3315541931834878,-0.19174790772347153,"['CP4', 'C4', 'C3', 'CPz', 'Pz']","['CP4', 'C4', 'C3', 'CP3', 'CPz']",,,,9,DeepConvNet
FGSM,False,,,Linf,2.0,0.17743726731554757,"[1.8333179950714111, 1.7150664329528809, 1.8473867177963257, 1.9393494129180908, 1.8929684162139893, 1.8657171726226807, 1.470326542854309, 1.9780346155166626, 1.9217430353164673, 2.0219650268554688, 1.9660024642944336, 2.130467176437378, 1.8857641220092773, 2.1308627128601074, 2.038165807723999, 2.122621536254883, 2.1194615364074707, 2.3175551891326904, 2.2198169231414795, 2.3241097927093506, 2.3107521533966064, 2.548860549926758]",,,False,42,0.7604166865348816,0.013888888992369175,0.9861111110076308,113.669189453125,114.32958984375,3.805781841278076,2.3045849800109863,0.09935487806797028,"[0.7083333333333334, 0.9305555555555556, 0.6805555555555556, 0.7222222222222222]","[0.0, 0.041666666666666664, 0.013888888888888888, 0.0]",0.0,1,False,0.9280332439299832,,,,,-0.13980628546001625,-0.3315541931834878,-0.19174790772347153,"['CP4', 'C4', 'C3', 'CPz', 'Pz']","['CP4', 'C4', 'C3', 'CP3', 'CPz']",,,,9,DeepConvNet
PGD,False,,,Linf,0.25,0.022179658414443446,"[0.2291647493839264, 0.2143833041191101, 0.2309233397245407, 0.24241867661476135, 0.23662105202674866, 0.23321464657783508, 0.18379081785678864, 0.24725432693958282, 0.2402178794145584, 0.2527456283569336, 0.2457503080368042, 0.26630839705467224, 0.23572051525115967, 0.2663578391075134, 0.2547707259654999, 0.26532769203186035, 0.26493269205093384, 0.2896943986415863, 0.27747711539268494, 0.2905137240886688, 0.2888440191745758, 0.3186075687408447]",40.0,0.0027724573018054308,True,42,0.7604166865348816,0.2777777910232544,0.7222222089767456,116.25810241699219,113.12281799316406,3.805781841278076,2.399350166320801,0.1191733330488205,"[0.7083333333333334, 0.9305555555555556, 0.6805555555555556, 0.7222222222222222]","[0.0, 1.0, 0.1111111111111111, 0.0]",0.0,1,False,0.9286861236589499,,,,,-0.13980628546001625,-0.3249571824471216,-0.18515089698710532,"['CP4', 'C4', 'C3', 'CPz', 'Pz']","['CP4', 'C4', 'C3', 'CP3', 'CPz']",,,,9,DeepConvNet
PGD,False,,,Linf,0.5,0.04435931682888689,"[0.4583294987678528, 0.4287666082382202, 0.4618466794490814, 0.4848373532295227, 0.4732421040534973, 0.46642929315567017, 0.36758163571357727, 0.49450865387916565, 0.4804357588291168, 0.5054912567138672, 0.4915006160736084, 0.5326167941093445, 0.47144103050231934, 0.5327156782150269, 0.5095414519309998, 0.5306553840637207, 0.5298653841018677, 0.5793887972831726, 0.5549542307853699, 0.5810274481773376, 0.5776880383491516, 0.6372151374816895]",40.0,0.0055449146036108616,True,42,0.7604166865348816,0.2534722089767456,0.7465277910232544,115.5440444946289,113.17867279052734,3.805781841278076,2.394939661026001,0.11820121109485626,"[0.7083333333333334, 0.9305555555555556, 0.6805555555555556, 0.7222222222222222]","[0.0, 0.9861111111111112, 0.027777777777777776, 0.0]",0.0,1,False,0.9286861236589499,,,,,-0.13980628546001625,-0.3249571824471216,-0.18515089698710532,"['CP4', 'C4', 'C3', 'CPz', 'Pz']","['CP4', 'C4', 'C3', 'CP3', 'CPz']",,,,9,DeepConvNet
PGD,False,,,Linf,1.0,0.08871863365777378,"[0.9166589975357056, 0.8575332164764404, 0.9236933588981628, 0.9696747064590454, 0.9464842081069946, 0.9328585863113403, 0.7351632714271545, 0.9890173077583313, 0.9608715176582336, 1.0109825134277344, 0.9830012321472168, 1.065233588218689, 0.9428820610046387, 1.0654313564300537, 1.0190829038619995, 1.0613107681274414, 1.0597307682037354, 1.1587775945663452, 1.1099084615707397, 1.1620548963546753, 1.1553760766983032, 1.274430274963379]",40.0,0.011089829207221723,True,42,0.7604166865348816,0.1736111044883728,0.8263888955116272,114.9470443725586,113.39695739746094,3.805781841278076,2.3777284622192383,0.11446046829223633,"[0.7083333333333334, 0.9305555555555556, 0.6805555555555556, 0.7222222222222222]","[0.0, 0.6944444444444444, 0.0, 0.0]",0.0,1,False,0.9286861236589499,,,,,-0.13980628546001625,-0.3249571824471216,-0.18515089698710532,"['CP4', 'C4', 'C3', 'CPz', 'Pz']","['CP4', 'C4', 'C3', 'CP3', 'CPz']",,,,9,DeepConvNet
PGD,False,,,Linf,2.0,0.17743726731554757,"[1.8333179950714111, 1.7150664329528809, 1.8473867177963257, 1.9393494129180908, 1.8929684162139893, 1.8657171726226807, 1.470326542854309, 1.9780346155166626, 1.9217430353164673, 2.0219650268554688, 1.9660024642944336, 2.130467176437378, 1.8857641220092773, 2.1308627128601074, 2.038165807723999, 2.122621536254883, 2.1194615364074707, 2.3175551891326904, 2.2198169231414795, 2.3241097927093506, 2.3107521533966064, 2.548860549926758]",40.0,0.022179658414443446,True,42,0.7604166865348816,0.0,1.0,113.58792877197266,114.24061584472656,3.805781841278076,2.3115551471710205,0.10086748003959656,"[0.7083333333333334, 0.9305555555555556, 0.6805555555555556, 0.7222222222222222]","[0.0, 0.0, 0.0, 0.0]",0.0,1,False,0.9286861236589499,,,,,-0.13980628546001625,-0.3249571824471216,-0.18515089698710532,"['CP4', 'C4', 'C3', 'CPz', 'Pz']","['CP4', 'C4', 'C3', 'CP3', 'CPz']",,,,9,DeepConvNet
FGSM_LP,True,gaussian,3.0,Linf,0.25,0.022179658414443446,"[0.2291647493839264, 0.2143833041191101, 0.2309233397245407, 0.24241867661476135, 0.23662105202674866, 0.23321464657783508, 0.18379081785678864, 0.24725432693958282, 0.2402178794145584, 0.2527456283569336, 0.2457503080368042, 0.26630839705467224, 0.23572051525115967, 0.2663578391075134, 0.2547707259654999, 0.26532769203186035, 0.26493269205093384, 0.2896943986415863, 0.27747711539268494, 0.2905137240886688, 0.2888440191745758, 0.3186075687408447]",,,False,42,0.7604166865348816,0.7395833134651184,0.2604166865348816,3.365496873855591,3.3626651763916016,0.02217966318130493,32.888824462890625,0.7600434422492981,"[0.7083333333333334, 0.9305555555555556, 0.6805555555555556, 0.7222222222222222]","[0.6805555555555556, 0.9027777777777778, 0.6805555555555556, 0.6944444444444444]",0.0,1,False,0.9986501270468662,,,,,-0.13980628546001625,-0.1427100853190389,-0.0029037998590226433,"['CP4', 'C4', 'C3', 'CPz', 'Pz']","['CP4', 'C4', 'C3', 'CPz', 'Pz']",,,,9,DeepConvNet
FGSM_LP,True,gaussian,3.0,Linf,0.5,0.04435931682888689,"[0.4583294987678528, 0.4287666082382202, 0.4618466794490814, 0.4848373532295227, 0.4732421040534973, 0.46642929315567017, 0.36758163571357727, 0.49450865387916565, 0.4804357588291168, 0.5054912567138672, 0.4915006160736084, 0.5326167941093445, 0.47144103050231934, 0.5327156782150269, 0.5095414519309998, 0.5306553840637207, 0.5298653841018677, 0.5793887972831726, 0.5549542307853699, 0.5810274481773376, 0.5776880383491516, 0.6372151374816895]",,,False,42,0.7604166865348816,0.6909722089767456,0.3090277910232544,6.584290981292725,6.582174301147461,0.04435932636260986,27.055274963378906,0.7417652606964111,"[0.7083333333333334, 0.9305555555555556, 0.6805555555555556, 0.7222222222222222]","[0.625, 0.8611111111111112, 0.6527777777777778, 0.625]",0.0,1,False,0.9986501270468662,,,,,-0.13980628546001625,-0.1427100853190389,-0.0029037998590226433,"['CP4', 'C4', 'C3', 'CPz', 'Pz']","['CP4', 'C4', 'C3', 'CPz', 'Pz']",,,,9,DeepConvNet
FGSM_LP,True,gaussian,3.0,Linf,1.0,0.08871863365777378,"[0.9166589975357056, 0.8575332164764404, 0.9236933588981628, 0.9696747064590454, 0.9464842081069946, 0.9328585863113403, 0.7351632714271545, 0.9890173077583313, 0.9608715176582336, 1.0109825134277344, 0.9830012321472168, 1.065233588218689, 0.9428820610046387, 1.0654313564300537, 1.0190829038619995, 1.0613107681274414, 1.0597307682037354, 1.1587775945663452, 1.1099084615707397, 1.1620548963546753, 1.1553760766983032, 1.274430274963379]",,,False,42,0.7604166865348816,0.5520833134651184,0.4479166865348816,12.751568794250488,12.72848129272461,0.08871865272521973,21.32740020751953,0.7189050316810608,"[0.7083333333333334, 0.9305555555555556, 0.6805555555555556, 0.7222222222222222]","[0.4861111111111111, 0.8055555555555556, 0.5, 0.4166666666666667]",0.0,1,False,0.9986501270468662,,,,,-0.13980628546001625,-0.1427100853190389,-0.0029037998590226433,"['CP4', 'C4', 'C3', 'CPz', 'Pz']","['CP4', 'C4', 'C3', 'CPz', 'Pz']",,,,9,DeepConvNet
FGSM_LP,True,gaussian,3.0,Linf,2.0,0.17743726731554757,"[1.8333179950714111, 1.7150664329528809, 1.8473867177963257, 1.9393494129180908, 1.8929684162139893, 1.8657171726226807, 1.470326542854309, 1.9780346155166626, 1.9217430353164673, 2.0219650268554688, 1.9660024642944336, 2.130467176437378, 1.8857641220092773, 2.1308627128601074, 2.038165807723999, 2.122621536254883, 2.1194615364074707, 2.3175551891326904, 2.2198169231414795, 2.3241097927093506, 2.3107521533966064, 2.548860549926758]",,,False,42,0.7604166865348816,0.1944444477558136,0.8055555522441864,24.15150260925293,24.17180633544922,0.17743730545043945,15.757129669189453,0.6934201717376709,"[0.7083333333333334, 0.9305555555555556, 0.6805555555555556, 0.7222222222222222]","[0.09722222222222222, 0.2916666666666667, 0.2638888888888889, 0.125]",0.0,1,False,0.9986501270468662,,,,,-0.13980628546001625,-0.1427100853190389,-0.0029037998590226433,"['CP4', 'C4', 'C3', 'CPz', 'Pz']","['CP4', 'C4', 'C3', 'CPz', 'Pz']",,,,9,DeepConvNet
PGD_LP,True,gaussian,3.0,Linf,0.25,0.022179658414443446,"[0.2291647493839264, 0.2143833041191101, 0.2309233397245407, 0.24241867661476135, 0.23662105202674866, 0.23321464657783508, 0.18379081785678864, 0.24725432693958282, 0.2402178794145584, 0.2527456283569336, 0.2457503080368042, 0.26630839705467224, 0.23572051525115967, 0.2663578391075134, 0.2547707259654999, 0.26532769203186035, 0.26493269205093384, 0.2896943986415863, 0.27747711539268494, 0.2905137240886688, 0.2888440191745758, 0.3186075687408447]",40.0,0.0027724573018054308,True,42,0.7604166865348816,0.75,0.25,3.364820718765259,3.362575054168701,0.02217966318130493,32.88905715942383,0.7594725489616394,"[0.7083333333333334, 0.9305555555555556, 0.6805555555555556, 0.7222222222222222]","[0.6805555555555556, 0.9027777777777778, 0.7083333333333334, 0.7083333333333334]",0.0,1,False,0.9987383540372671,,,,,-0.13980628546001625,-0.14208825039936923,-0.0022819649393529817,"['CP4', 'C4', 'C3', 'CPz', 'Pz']","['CP4', 'C4', 'C3', 'CPz', 'Pz']",,,,9,DeepConvNet
PGD_LP,True,gaussian,3.0,Linf,0.5,0.04435931682888689,"[0.4583294987678528, 0.4287666082382202, 0.4618466794490814, 0.4848373532295227, 0.4732421040534973, 0.46642929315567017, 0.36758163571357727, 0.49450865387916565, 0.4804357588291168, 0.5054912567138672, 0.4915006160736084, 0.5326167941093445, 0.47144103050231934, 0.5327156782150269, 0.5095414519309998, 0.5306553840637207, 0.5298653841018677, 0.5793887972831726, 0.5549542307853699, 0.5810274481773376, 0.5776880383491516, 0.6372151374816895]",40.0,0.0055449146036108616,True,42,0.7604166865348816,0.7083333134651184,0.2916666865348816,6.587979316711426,6.582123279571533,0.04435932636260986,27.05535125732422,0.7406443357467651,"[0.7083333333333334, 0.9305555555555556, 0.6805555555555556, 0.7222222222222222]","[0.6388888888888888, 0.875, 0.6805555555555556, 0.6388888888888888]",0.0,1,False,0.9987383540372671,,,,,-0.13980628546001625,-0.14208825039936923,-0.0022819649393529817,"['CP4', 'C4', 'C3', 'CPz', 'Pz']","['CP4', 'C4', 'C3', 'CPz', 'Pz']",,,,9,DeepConvNet
PGD_LP,True,gaussian,3.0,Linf,1.0,0.08871863365777378,"[0.9166589975357056, 0.8575332164764404, 0.9236933588981628, 0.9696747064590454, 0.9464842081069946, 0.9328585863113403, 0.7351632714271545, 0.9890173077583313, 0.9608715176582336, 1.0109825134277344, 0.9830012321472168, 1.065233588218689, 0.9428820610046387, 1.0654313564300537, 1.0190829038619995, 1.0613107681274414, 1.0597307682037354, 1.1587775945663452, 1.1099084615707397, 1.1620548963546753, 1.1553760766983032, 1.274430274963379]",40.0,0.011089829207221723,True,42,0.7604166865348816,0.5972222089767456,0.4027777910232544,12.75235366821289,12.730567932128906,0.08871865272521973,21.32598876953125,0.7173334956169128,"[0.7083333333333334, 0.9305555555555556, 0.6805555555555556, 0.7222222222222222]","[0.5555555555555556, 0.8055555555555556, 0.5694444444444444, 0.4583333333333333]",0.0,1,False,0.9987383540372671,,,,,-0.13980628546001625,-0.14208825039936923,-0.0022819649393529817,"['CP4', 'C4', 'C3', 'CPz', 'Pz']","['CP4', 'C4', 'C3', 'CPz', 'Pz']",,,,9,DeepConvNet
PGD_LP,True,gaussian,3.0,Linf,2.0,0.17743726731554757,"[1.8333179950714111, 1.7150664329528809, 1.8473867177963257, 1.9393494129180908, 1.8929684162139893, 1.8657171726226807, 1.470326542854309, 1.9780346155166626, 1.9217430353164673, 2.0219650268554688, 1.9660024642944336, 2.130467176437378, 1.8857641220092773, 2.1308627128601074, 2.038165807723999, 2.122621536254883, 2.1194615364074707, 2.3175551891326904, 2.2198169231414795, 2.3241097927093506, 2.3107521533966064, 2.548860549926758]",40.0,0.022179658414443446,True,42,0.7604166865348816,0.2986111044883728,0.7013888955116272,24.16938018798828,24.175764083862305,0.17743730545043945,15.755779266357422,0.6890451312065125,"[0.7083333333333334, 0.9305555555555556, 0.6805555555555556, 0.7222222222222222]","[0.25, 0.3611111111111111, 0.3472222222222222, 0.2361111111111111]",0.0,1,False,0.9987383540372671,,,,,-0.13980628546001625,-0.14208825039936923,-0.0022819649393529817,"['CP4', 'C4', 'C3', 'CPz', 'Pz']","['CP4', 'C4', 'C3', 'CPz', 'Pz']",,,,9,DeepConvNet
DeepFool_L2,,,,L2,,,,50.0,,,42,0.7604166865348816,0.1875,0.8125,108.12828826904297,85.9206771850586,2.88248348236084,69.7379150390625,119.97996520996094,,,0.0,1,False,0.9273097826086958,,,,,-0.13980628546001625,-0.3027729567244648,-0.16296667126444855,"['CP4', 'C4', 'C3', 'CPz', 'Pz']","['CP4', 'C4', 'C3', 'CPz', 'CP3']",,,,9,DeepConvNet
FGSM,False,,,Linf,0.25,0.022179658414443446,"[0.2291647493839264, 0.2143833041191101, 0.2309233397245407, 0.24241867661476135, 0.23662105202674866, 0.23321464657783508, 0.18379081785678864, 0.24725432693958282, 0.2402178794145584, 0.2527456283569336, 0.2457503080368042, 0.26630839705467224, 0.23572051525115967, 0.2663578391075134, 0.2547707259654999, 0.26532769203186035, 0.26493269205093384, 0.2896943986415863, 0.27747711539268494, 0.2905137240886688, 0.2888440191745758, 0.3186075687408447]",,,False,123,0.6944444179534912,0.3090277910232544,0.6909722089767456,116.60454559326172,113.12318420410156,3.805781841278076,2.3993210792541504,0.11916454136371613,"[0.6111111111111112, 0.875, 0.7222222222222222, 0.5694444444444444]","[0.0, 1.0, 0.2361111111111111, 0.0]",0.0,1,False,0.9684323828345569,,,,,-0.20224339209192388,-0.2230978894838742,-0.020854497391950333,"['C4', 'CP4', 'CPz', 'C3', 'CP3']","['C4', 'CP4', 'CPz', 'C3', 'CP3']",,,,9,DeepConvNet
FGSM,False,,,Linf,0.5,0.04435931682888689,"[0.4583294987678528, 0.4287666082382202, 0.4618466794490814, 0.4848373532295227, 0.4732421040534973, 0.46642929315567017, 0.36758163571357727, 0.49450865387916565, 0.4804357588291168, 0.5054912567138672, 0.4915006160736084, 0.5326167941093445, 0.47144103050231934, 0.5327156782150269, 0.5095414519309998, 0.5306553840637207, 0.5298653841018677, 0.5793887972831726, 0.5549542307853699, 0.5810274481773376, 0.5776880383491516, 0.6372151374816895]",,,False,123,0.6944444179534912,0.2881944477558136,0.7118055522441864,116.14279174804688,113.18126678466797,3.805781841278076,2.39473295211792,0.11814051866531372,"[0.6111111111111112, 0.875, 0.7222222222222222, 0.5694444444444444]","[0.0, 0.9722222222222222, 0.18055555555555555, 0.0]",0.0,1,False,0.9684323828345569,,,,,-0.20224339209192388,-0.2230978894838742,-0.020854497391950333,"['C4', 'CP4', 'CPz', 'C3', 'CP3']","['C4', 'CP4', 'CPz', 'C3', 'CP3']",,,,9,DeepConvNet
FGSM,False,,,Linf,1.0,0.08871863365777378,"[0.9166589975357056, 0.8575332164764404, 0.9236933588981628, 0.9696747064590454, 0.9464842081069946, 0.9328585863113403, 0.7351632714271545, 0.9890173077583313, 0.9608715176582336, 1.0109825134277344, 0.9830012321472168, 1.065233588218689, 0.9428820610046387, 1.0654313564300537, 1.0190829038619995, 1.0613107681274414, 1.0597307682037354, 1.1587775945663452, 1.1099084615707397, 1.1620548963546753, 1.1553760766983032, 1.274430274963379]",,,False,123,0.6944444179534912,0.2118055522441864,0.7881944477558136,115.09855651855469,113.41293334960938,3.805781841278076,2.3764615058898926,0.11412793397903442,"[0.6111111111111112, 0.875, 0.7222222222222222, 0.5694444444444444]","[0.0, 0.75, 0.09722222222222222, 0.0]",0.0,1,False,0.9684323828345569,,,,,-0.20224339209192388,-0.2230978894838742,-0.020854497391950333,"['C4', 'CP4', 'CPz', 'C3', 'CP3']","['C4', 'CP4', 'CPz', 'C3', 'CP3']",,,,9,DeepConvNet
FGSM,False,,,Linf,2.0,0.17743726731554757,"[1.8333179950714111, 1.7150664329528809, 1.8473867177963257, 1.9393494129180908, 1.8929684162139893, 1.8657171726226807, 1.470326542854309, 1.9780346155166626, 1.9217430353164673, 2.0219650268554688, 1.9660024642944336, 2.130467176437378, 1.8857641220092773, 2.1308627128601074, 2.038165807723999, 2.122621536254883, 2.1194615364074707, 2.3175551891326904, 2.2198169231414795, 2.3241097927093506, 2.3107521533966064, 2.548860549926758]",,,False,123,0.6944444179534912,0.0069444444961845875,0.9930555555038154,113.62275695800781,114.32884216308594,3.805781841278076,2.304643392562866,0.09939146041870117,"[0.6111111111111112, 0.875, 0.7222222222222222, 0.5694444444444444]","[0.0, 0.013888888888888888, 0.013888888888888888, 0.0]",0.0,1,False,0.9684323828345569,,,,,-0.20224339209192388,-0.2230978894838742,-0.020854497391950333,"['C4', 'CP4', 'CPz', 'C3', 'CP3']","['C4', 'CP4', 'CPz', 'C3', 'CP3']",,,,9,DeepConvNet
PGD,False,,,Linf,0.25,0.022179658414443446,"[0.2291647493839264, 0.2143833041191101, 0.2309233397245407, 0.24241867661476135, 0.23662105202674866, 0.23321464657783508, 0.18379081785678864, 0.24725432693958282, 0.2402178794145584, 0.2527456283569336, 0.2457503080368042, 0.26630839705467224, 0.23572051525115967, 0.2663578391075134, 0.2547707259654999, 0.26532769203186035, 0.26493269205093384, 0.2896943986415863, 0.27747711539268494, 0.2905137240886688, 0.2888440191745758, 0.3186075687408447]",40.0,0.0027724573018054308,True,123,0.6944444179534912,0.28125,0.71875,115.95140075683594,113.1229019165039,3.805781841278076,2.399343490600586,0.1191711574792862,"[0.6111111111111112, 0.875, 0.7222222222222222, 0.5694444444444444]","[0.0, 1.0, 0.125, 0.0]",0.0,1,False,0.9669325239977413,,,,,-0.20224339209192388,-0.21561268948052767,-0.01336929738860379,"['C4', 'CP4', 'CPz', 'C3', 'CP3']","['C4', 'CP4', 'CPz', 'C3', 'CP3']",,,,9,DeepConvNet
PGD,False,,,Linf,0.5,0.04435931682888689,"[0.4583294987678528, 0.4287666082382202, 0.4618466794490814, 0.4848373532295227, 0.4732421040534973, 0.46642929315567017, 0.36758163571357727, 0.49450865387916565, 0.4804357588291168, 0.5054912567138672, 0.4915006160736084, 0.5326167941093445, 0.47144103050231934, 0.5327156782150269, 0.5095414519309998, 0.5306553840637207, 0.5298653841018677, 0.5793887972831726, 0.5549542307853699, 0.5810274481773376, 0.5776880383491516, 0.6372151374816895]",40.0,0.0055449146036108616,True,123,0.6944444179534912,0.2465277761220932,0.7534722238779068,115.42182922363281,113.17915344238281,3.805781841278076,2.394901752471924,0.11818955838680267,"[0.6111111111111112, 0.875, 0.7222222222222222, 0.5694444444444444]","[0.0, 0.9583333333333334, 0.027777777777777776, 0.0]",0.0,1,False,0.9669325239977413,,,,,-0.20224339209192388,-0.21561268948052767,-0.01336929738860379,"['C4', 'CP4', 'CPz', 'C3', 'CP3']","['C4', 'CP4', 'CPz', 'C3', 'CP3']",,,,9,DeepConvNet
PGD,False,,,Linf,1.0,0.08871863365777378,"[0.9166589975357056, 0.8575332164764404, 0.9236933588981628, 0.9696747064590454, 0.9464842081069946, 0.9328585863113403, 0.7351632714271545, 0.9890173077583313, 0.9608715176582336, 1.0109825134277344, 0.9830012321472168, 1.065233588218689, 0.9428820610046387, 1.0654313564300537, 1.0190829038619995, 1.0613107681274414, 1.0597307682037354, 1.1587775945663452, 1.1099084615707397, 1.1620548963546753, 1.1553760766983032, 1.274430274963379]",40.0,0.011089829207221723,True,123,0.6944444179534912,0.0451388880610466,0.9548611119389534,112.74422454833984,113.3988037109375,3.805781841278076,2.377580404281616,0.11440810561180115,"[0.6111111111111112, 0.875, 0.7222222222222222, 0.5694444444444444]","[0.0, 0.18055555555555555, 0.0, 0.0]",0.0,1,False,0.9669325239977413,,,,,-0.20224339209192388,-0.21561268948052767,-0.01336929738860379,"['C4', 'CP4', 'CPz', 'C3', 'CP3']","['C4', 'CP4', 'CPz', 'C3', 'CP3']",,,,9,DeepConvNet
PGD,False,,,Linf,2.0,0.17743726731554757,"[1.8333179950714111, 1.7150664329528809, 1.8473867177963257, 1.9393494129180908, 1.8929684162139893, 1.8657171726226807, 1.470326542854309, 1.9780346155166626, 1.9217430353164673, 2.0219650268554688, 1.9660024642944336, 2.130467176437378, 1.8857641220092773, 2.1308627128601074, 2.038165807723999, 2.122621536254883, 2.1194615364074707, 2.3175551891326904, 2.2198169231414795, 2.3241097927093506, 2.3107521533966064, 2.548860549926758]",40.0,0.022179658414443446,True,123,0.6944444179534912,0.0,1.0,113.58921813964844,114.24188995361328,3.805781841278076,2.3114497661590576,0.10073214769363403,"[0.6111111111111112, 0.875, 0.7222222222222222, 0.5694444444444444]","[0.0, 0.0, 0.0, 0.0]",0.0,1,False,0.9669325239977413,,,,,-0.20224339209192388,-0.21561268948052767,-0.01336929738860379,"['C4', 'CP4', 'CPz', 'C3', 'CP3']","['C4', 'CP4', 'CPz', 'C3', 'CP3']",,,,9,DeepConvNet
FGSM_LP,True,gaussian,3.0,Linf,0.25,0.022179658414443446,"[0.2291647493839264, 0.2143833041191101, 0.2309233397245407, 0.24241867661476135, 0.23662105202674866, 0.23321464657783508, 0.18379081785678864, 0.24725432693958282, 0.2402178794145584, 0.2527456283569336, 0.2457503080368042, 0.26630839705467224, 0.23572051525115967, 0.2663578391075134, 0.2547707259654999, 0.26532769203186035, 0.26493269205093384, 0.2896943986415863, 0.27747711539268494, 0.2905137240886688, 0.2888440191745758, 0.3186075687408447]",,,False,123,0.6944444179534912,0.6736111044883728,0.3263888955116272,3.368345260620117,3.3603286743164062,0.02217966318130493,32.894874572753906,0.7586827874183655,"[0.6111111111111112, 0.875, 0.7222222222222222, 0.5694444444444444]","[0.5972222222222222, 0.875, 0.6944444444444444, 0.5277777777777778]",0.0,1,False,0.9987648221343873,,,,,-0.20224339209192388,-0.20388920724089,-0.0016458151489661121,"['C4', 'CP4', 'CPz', 'C3', 'CP3']","['C4', 'CP4', 'CPz', 'C3', 'CP3']",,,,9,DeepConvNet
FGSM_LP,True,gaussian,3.0,Linf,0.5,0.04435931682888689,"[0.4583294987678528, 0.4287666082382202, 0.4618466794490814, 0.4848373532295227, 0.4732421040534973, 0.46642929315567017, 0.36758163571357727, 0.49450865387916565, 0.4804357588291168, 0.5054912567138672, 0.4915006160736084, 0.5326167941093445, 0.47144103050231934, 0.5327156782150269, 0.5095414519309998, 0.5306553840637207, 0.5298653841018677, 0.5793887972831726, 0.5549542307853699, 0.5810274481773376, 0.5776880383491516, 0.6372151374816895]",,,False,123,0.6944444179534912,0.6423611044883728,0.3576388955116272,6.592369556427002,6.574979305267334,0.04435932636260986,27.064802169799805,0.7397526502609253,"[0.6111111111111112, 0.875, 0.7222222222222222, 0.5694444444444444]","[0.5555555555555556, 0.875, 0.6388888888888888, 0.5]",0.0,1,False,0.9987648221343873,,,,,-0.20224339209192388,-0.20388920724089,-0.0016458151489661121,"['C4', 'CP4', 'CPz', 'C3', 'CP3']","['C4', 'CP4', 'CPz', 'C3', 'CP3']",,,,9,DeepConvNet
FGSM_LP,True,gaussian,3.0,Linf,1.0,0.08871863365777378,"[0.9166589975357056, 0.8575332164764404, 0.9236933588981628, 0.9696747064590454, 0.9464842081069946, 0.9328585863113403, 0.7351632714271545, 0.9890173077583313, 0.9608715176582336, 1.0109825134277344, 0.9830012321472168, 1.065233588218689, 0.9428820610046387, 1.0654313564300537, 1.0190829038619995, 1.0613107681274414, 1.0597307682037354, 1.1587775945663452, 1.1099084615707397, 1.1620548963546753, 1.1553760766983032, 1.274430274963379]",,,False,123,0.6944444179534912,0.5486111044883728,0.4513888955116272,12.730670928955078,12.706989288330078,0.08871865272521973,21.342124938964844,0.7154925465583801,"[0.6111111111111112, 0.875, 0.7222222222222222, 0.5694444444444444]","[0.5, 0.7638888888888888, 0.5416666666666666, 0.3888888888888889]",0.0,1,False,0.9987648221343873,,,,,-0.20224339209192388,-0.20388920724089,-0.0016458151489661121,"['C4', 'CP4', 'CPz', 'C3', 'CP3']","['C4', 'CP4', 'CPz', 'C3', 'CP3']",,,,9,DeepConvNet
FGSM_LP,True,gaussian,3.0,Linf,2.0,0.17743726731554757,"[1.8333179950714111, 1.7150664329528809, 1.8473867177963257, 1.9393494129180908, 1.8929684162139893, 1.8657171726226807, 1.470326542854309, 1.9780346155166626, 1.9217430353164673, 2.0219650268554688, 1.9660024642944336, 2.130467176437378, 1.8857641220092773, 2.1308627128601074, 2.038165807723999, 2.122621536254883, 2.1194615364074707, 2.3175551891326904, 2.2198169231414795, 2.3241097927093506, 2.3107521533966064, 2.548860549926758]",,,False,123,0.6944444179534912,0.2326388955116272,0.7673611044883728,24.139556884765625,24.112539291381836,0.17743730545043945,15.778533935546875,0.6883517503738403,"[0.6111111111111112, 0.875, 0.7222222222222222, 0.5694444444444444]","[0.1527777777777778, 0.3472222222222222, 0.3194444444444444, 0.1111111111111111]",0.0,1,False,0.9987648221343873,,,,,-0.20224339209192388,-0.20388920724089,-0.0016458151489661121,"['C4', 'CP4', 'CPz', 'C3', 'CP3']","['C4', 'CP4', 'CPz', 'C3', 'CP3']",,,,9,DeepConvNet
PGD_LP,True,gaussian,3.0,Linf,0.25,0.022179658414443446,"[0.2291647493839264, 0.2143833041191101, 0.2309233397245407, 0.24241867661476135, 0.23662105202674866, 0.23321464657783508, 0.18379081785678864, 0.24725432693958282, 0.2402178794145584, 0.2527456283569336, 0.2457503080368042, 0.26630839705467224, 0.23572051525115967, 0.2663578391075134, 0.2547707259654999, 0.26532769203186035, 0.26493269205093384, 0.2896943986415863, 0.27747711539268494, 0.2905137240886688, 0.2888440191745758, 0.3186075687408447]",40.0,0.0027724573018054308,True,123,0.6944444179534912,0.6770833134651184,0.3229166865348816,3.3673160076141357,3.359894275665283,0.02217966318130493,32.89600372314453,0.7579016089439392,"[0.6111111111111112, 0.875, 0.7222222222222222, 0.5694444444444444]","[0.6111111111111112, 0.875, 0.6944444444444444, 0.5277777777777778]",0.0,1,False,0.998729531338227,,,,,-0.20224339209192388,-0.2034023041243226,-0.0011589120323987345,"['C4', 'CP4', 'CPz', 'C3', 'CP3']","['C4', 'CP4', 'CPz', 'C3', 'CP3']",,,,9,DeepConvNet
PGD_LP,True,gaussian,3.0,Linf,0.5,0.04435931682888689,"[0.4583294987678528, 0.4287666082382202, 0.4618466794490814, 0.4848373532295227, 0.4732421040534973, 0.46642929315567017, 0.36758163571357727, 0.49450865387916565, 0.4804357588291168, 0.5054912567138672, 0.4915006160736084, 0.5326167941093445, 0.47144103050231934, 0.5327156782150269, 0.5095414519309998, 0.5306553840637207, 0.5298653841018677, 0.5793887972831726, 0.5549542307853699, 0.5810274481773376, 0.5776880383491516, 0.6372151374816895]",40.0,0.0055449146036108616,True,123,0.6944444179534912,0.6527777910232544,0.3472222089767456,6.592340469360352,6.57389497756958,0.04435932636260986,27.06624412536621,0.7384289503097534,"[0.6111111111111112, 0.875, 0.7222222222222222, 0.5694444444444444]","[0.5555555555555556, 0.875, 0.6666666666666666, 0.5138888888888888]",0.0,1,False,0.998729531338227,,,,,-0.20224339209192388,-0.2034023041243226,-0.0011589120323987345,"['C4', 'CP4', 'CPz', 'C3', 'CP3']","['C4', 'CP4', 'CPz', 'C3', 'CP3']",,,,9,DeepConvNet
PGD_LP,True,gaussian,3.0,Linf,1.0,0.08871863365777378,"[0.9166589975357056, 0.8575332164764404, 0.9236933588981628, 0.9696747064590454, 0.9464842081069946, 0.9328585863113403, 0.7351632714271545, 0.9890173077583313, 0.9608715176582336, 1.0109825134277344, 0.9830012321472168, 1.065233588218689, 0.9428820610046387, 1.0654313564300537, 1.0190829038619995, 1.0613107681274414, 1.0597307682037354, 1.1587775945663452, 1.1099084615707397, 1.1620548963546753, 1.1553760766983032, 1.274430274963379]",40.0,0.011089829207221723,True,123,0.6944444179534912,0.6076388955116272,0.3923611044883728,12.730663299560547,12.704376220703125,0.08871865272521973,21.34392547607422,0.7140519022941589,"[0.6111111111111112, 0.875, 0.7222222222222222, 0.5694444444444444]","[0.5416666666666666, 0.7916666666666666, 0.6388888888888888, 0.4583333333333333]",0.0,1,False,0.998729531338227,,,,,-0.20224339209192388,-0.2034023041243226,-0.0011589120323987345,"['C4', 'CP4', 'CPz', 'C3', 'CP3']","['C4', 'CP4', 'CPz', 'C3', 'CP3']",,,,9,DeepConvNet
PGD_LP,True,gaussian,3.0,Linf,2.0,0.17743726731554757,"[1.8333179950714111, 1.7150664329528809, 1.8473867177963257, 1.9393494129180908, 1.8929684162139893, 1.8657171726226807, 1.470326542854309, 1.9780346155166626, 1.9217430353164673, 2.0219650268554688, 1.9660024642944336, 2.130467176437378, 1.8857641220092773, 2.1308627128601074, 2.038165807723999, 2.122621536254883, 2.1194615364074707, 2.3175551891326904, 2.2198169231414795, 2.3241097927093506, 2.3107521533966064, 2.548860549926758]",40.0,0.022179658414443446,True,123,0.6944444179534912,0.3402777910232544,0.6597222089767456,24.116649627685547,24.095674514770508,0.17743730545043945,15.784656524658203,0.6855749487876892,"[0.6111111111111112, 0.875, 0.7222222222222222, 0.5694444444444444]","[0.2916666666666667, 0.4027777777777778, 0.4444444444444444, 0.2222222222222222]",0.0,1,False,0.998729531338227,,,,,-0.20224339209192388,-0.2034023041243226,-0.0011589120323987345,"['C4', 'CP4', 'CPz', 'C3', 'CP3']","['C4', 'CP4', 'CPz', 'C3', 'CP3']",,,,9,DeepConvNet
DeepFool_L2,,,,L2,,,,50.0,,,123,0.6944444179534912,0.1388888955116272,0.8611111044883728,104.0562744140625,78.14458465576172,2.623735189437866,88.30215454101562,129.5100860595703,,,0.0,1,False,0.9641974872953134,,,,,-0.20224339209192388,-0.2392365038106607,-0.036993111718736815,"['C4', 'CP4', 'CPz', 'C3', 'CP3']","['C4', 'CP4', 'CPz', 'C3', 'CP3']",,,,9,DeepConvNet
FGSM,False,,,Linf,0.25,0.022179658414443446,"[0.2291647493839264, 0.2143833041191101, 0.2309233397245407, 0.24241867661476135, 0.23662105202674866, 0.23321464657783508, 0.18379081785678864, 0.24725432693958282, 0.2402178794145584, 0.2527456283569336, 0.2457503080368042, 0.26630839705467224, 0.23572051525115967, 0.2663578391075134, 0.2547707259654999, 0.26532769203186035, 0.26493269205093384, 0.2896943986415863, 0.27747711539268494, 0.2905137240886688, 0.2888440191745758, 0.3186075687408447]",,,False,2024,0.7465277910232544,0.3020833432674408,0.6979166567325592,116.43091583251953,113.12318420410156,3.805781841278076,2.3993210792541504,0.11916445195674896,"[0.7361111111111112, 0.8888888888888888, 0.6944444444444444, 0.6666666666666666]","[0.0, 1.0, 0.20833333333333334, 0.0]",0.0,1,False,0.9556835827216263,,,,,-0.155842454948669,-0.2793243369546006,-0.12348188200593163,"['C4', 'CP4', 'CPz', 'C3', 'CP3']","['C4', 'CP4', 'CPz', 'CP3', 'C3']",,,,9,DeepConvNet
FGSM,False,,,Linf,0.5,0.04435931682888689,"[0.4583294987678528, 0.4287666082382202, 0.4618466794490814, 0.4848373532295227, 0.4732421040534973, 0.46642929315567017, 0.36758163571357727, 0.49450865387916565, 0.4804357588291168, 0.5054912567138672, 0.4915006160736084, 0.5326167941093445, 0.47144103050231934, 0.5327156782150269, 0.5095414519309998, 0.5306553840637207, 0.5298653841018677, 0.5793887972831726, 0.5549542307853699, 0.5810274481773376, 0.5776880383491516, 0.6372151374816895]",,,False,2024,0.7465277910232544,0.2881944477558136,0.7118055522441864,116.14271545410156,113.18125915527344,3.805781841278076,2.3947339057922363,0.11814064532518387,"[0.7361111111111112, 0.8888888888888888, 0.6944444444444444, 0.6666666666666666]","[0.0, 1.0, 0.1527777777777778, 0.0]",0.0,1,False,0.9556835827216263,,,,,-0.155842454948669,-0.2793243369546006,-0.12348188200593163,"['C4', 'CP4', 'CPz', 'C3', 'CP3']","['C4', 'CP4', 'CPz', 'CP3', 'C3']",,,,9,DeepConvNet
FGSM,False,,,Linf,1.0,0.08871863365777378,"[0.9166589975357056, 0.8575332164764404, 0.9236933588981628, 0.9696747064590454, 0.9464842081069946, 0.9328585863113403, 0.7351632714271545, 0.9890173077583313, 0.9608715176582336, 1.0109825134277344, 0.9830012321472168, 1.065233588218689, 0.9428820610046387, 1.0654313564300537, 1.0190829038619995, 1.0613107681274414, 1.0597307682037354, 1.1587775945663452, 1.1099084615707397, 1.1620548963546753, 1.1553760766983032, 1.274430274963379]",,,False,2024,0.7465277910232544,0.2222222238779068,0.7777777761220932,115.35060119628906,113.4129638671875,3.805781841278076,2.3764593601226807,0.1141248568892479,"[0.7361111111111112, 0.8888888888888888, 0.6944444444444444, 0.6666666666666666]","[0.0, 0.7916666666666666, 0.09722222222222222, 0.0]",0.0,1,False,0.9556835827216263,,,,,-0.155842454948669,-0.2793243369546006,-0.12348188200593163,"['C4', 'CP4', 'CPz', 'C3', 'CP3']","['C4', 'CP4', 'CPz', 'CP3', 'C3']",,,,9,DeepConvNet
FGSM,False,,,Linf,2.0,0.17743726731554757,"[1.8333179950714111, 1.7150664329528809, 1.8473867177963257, 1.9393494129180908, 1.8929684162139893, 1.8657171726226807, 1.470326542854309, 1.9780346155166626, 1.9217430353164673, 2.0219650268554688, 1.9660024642944336, 2.130467176437378, 1.8857641220092773, 2.1308627128601074, 2.038165807723999, 2.122621536254883, 2.1194615364074707, 2.3175551891326904, 2.2198169231414795, 2.3241097927093506, 2.3107521533966064, 2.548860549926758]",,,False,2024,0.7465277910232544,0.013888888992369175,0.9861111110076308,113.62350463867188,114.32933044433594,3.805781841278076,2.3046061992645264,0.09938950836658478,"[0.7361111111111112, 0.8888888888888888, 0.6944444444444444, 0.6666666666666666]","[0.0, 0.027777777777777776, 0.027777777777777776, 0.0]",0.0,1,False,0.9556835827216263,,,,,-0.155842454948669,-0.2793243369546006,-0.12348188200593163,"['C4', 'CP4', 'CPz', 'C3', 'CP3']","['C4', 'CP4', 'CPz', 'CP3', 'C3']",,,,9,DeepConvNet
PGD,False,,,Linf,0.25,0.022179658414443446,"[0.2291647493839264, 0.2143833041191101, 0.2309233397245407, 0.24241867661476135, 0.23662105202674866, 0.23321464657783508, 0.18379081785678864, 0.24725432693958282, 0.2402178794145584, 0.2527456283569336, 0.2457503080368042, 0.26630839705467224, 0.23572051525115967, 0.2663578391075134, 0.2547707259654999, 0.26532769203186035, 0.26493269205093384, 0.2896943986415863, 0.27747711539268494, 0.2905137240886688, 0.2888440191745758, 0.3186075687408447]",40.0,0.0027724573018054308,True,2024,0.7465277910232544,0.2743055522441864,0.7256944477558136,115.95130157470703,113.12284851074219,3.805781841278076,2.3993475437164307,0.11917182803153992,"[0.7361111111111112, 0.8888888888888888, 0.6944444444444444, 0.6666666666666666]","[0.0, 1.0, 0.09722222222222222, 0.0]",0.0,1,False,0.9545895680406551,,,,,-0.155842454948669,-0.2713199429000394,-0.11547748795137042,"['C4', 'CP4', 'CPz', 'C3', 'CP3']","['C4', 'CP4', 'CPz', 'CP3', 'C3']",,,,9,DeepConvNet
PGD,False,,,Linf,0.5,0.04435931682888689,"[0.4583294987678528, 0.4287666082382202, 0.4618466794490814, 0.4848373532295227, 0.4732421040534973, 0.46642929315567017, 0.36758163571357727, 0.49450865387916565, 0.4804357588291168, 0.5054912567138672, 0.4915006160736084, 0.5326167941093445, 0.47144103050231934, 0.5327156782150269, 0.5095414519309998, 0.5306553840637207, 0.5298653841018677, 0.5793887972831726, 0.5549542307853699, 0.5810274481773376, 0.5776880383491516, 0.6372151374816895]",40.0,0.0055449146036108616,True,2024,0.7465277910232544,0.2430555522441864,0.7569444477558136,115.48320007324219,113.17887115478516,3.805781841278076,2.394922971725464,0.11818628013134003,"[0.7361111111111112, 0.8888888888888888, 0.6944444444444444, 0.6666666666666666]","[0.0, 0.9583333333333334, 0.013888888888888888, 0.0]",0.0,1,False,0.9545895680406551,,,,,-0.155842454948669,-0.2713199429000394,-0.11547748795137042,"['C4', 'CP4', 'CPz', 'C3', 'CP3']","['C4', 'CP4', 'CPz', 'CP3', 'C3']",,,,9,DeepConvNet
PGD,False,,,Linf,1.0,0.08871863365777378,"[0.9166589975357056, 0.8575332164764404, 0.9236933588981628, 0.9696747064590454, 0.9464842081069946, 0.9328585863113403, 0.7351632714271545, 0.9890173077583313, 0.9608715176582336, 1.0109825134277344, 0.9830012321472168, 1.065233588218689, 0.9428820610046387, 1.0654313564300537, 1.0190829038619995, 1.0613107681274414, 1.0597307682037354, 1.1587775945663452, 1.1099084615707397, 1.1620548963546753, 1.1553760766983032, 1.274430274963379]",40.0,0.011089829207221723,True,2024,0.7465277910232544,0.0833333358168602,0.9166666641831398,113.91785430908203,113.39781188964844,3.805781841278076,2.3776559829711914,0.11440596729516983,"[0.7361111111111112, 0.8888888888888888, 0.6944444444444444, 0.6666666666666666]","[0.0, 0.3333333333333333, 0.0, 0.0]",0.0,1,False,0.9545895680406551,,,,,-0.155842454948669,-0.2713199429000394,-0.11547748795137042,"['C4', 'CP4', 'CPz', 'C3', 'CP3']","['C4', 'CP4', 'CPz', 'CP3', 'C3']",,,,9,DeepConvNet
PGD,False,,,Linf,2.0,0.17743726731554757,"[1.8333179950714111, 1.7150664329528809, 1.8473867177963257, 1.9393494129180908, 1.8929684162139893, 1.8657171726226807, 1.470326542854309, 1.9780346155166626, 1.9217430353164673, 2.0219650268554688, 1.9660024642944336, 2.130467176437378, 1.8857641220092773, 2.1308627128601074, 2.038165807723999, 2.122621536254883, 2.1194615364074707, 2.3175551891326904, 2.2198169231414795, 2.3241097927093506, 2.3107521533966064, 2.548860549926758]",40.0,0.022179658414443446,True,2024,0.7465277910232544,0.0,1.0,113.59060668945312,114.24232482910156,3.805781841278076,2.311399459838867,0.10066566616296768,"[0.7361111111111112, 0.8888888888888888, 0.6944444444444444, 0.6666666666666666]","[0.0, 0.0, 0.0, 0.0]",0.0,1,False,0.9545895680406551,,,,,-0.155842454948669,-0.2713199429000394,-0.11547748795137042,"['C4', 'CP4', 'CPz', 'C3', 'CP3']","['C4', 'CP4', 'CPz', 'CP3', 'C3']",,,,9,DeepConvNet
FGSM_LP,True,gaussian,3.0,Linf,0.25,0.022179658414443446,"[0.2291647493839264, 0.2143833041191101, 0.2309233397245407, 0.24241867661476135, 0.23662105202674866, 0.23321464657783508, 0.18379081785678864, 0.24725432693958282, 0.2402178794145584, 0.2527456283569336, 0.2457503080368042, 0.26630839705467224, 0.23572051525115967, 0.2663578391075134, 0.2547707259654999, 0.26532769203186035, 0.26493269205093384, 0.2896943986415863, 0.27747711539268494, 0.2905137240886688, 0.2888440191745758, 0.3186075687408447]",,,False,2024,0.7465277910232544,0.7222222089767456,0.2777777910232544,3.3672385215759277,3.3623878955841064,0.02217966318130493,32.88953399658203,0.7607342600822449,"[0.7361111111111112, 0.8888888888888888, 0.6944444444444444, 0.6666666666666666]","[0.7083333333333334, 0.8888888888888888, 0.6805555555555556, 0.6111111111111112]",0.0,1,False,0.9988177583286278,,,,,-0.155842454948669,-0.15844906719037571,-0.0026066122417067183,"['C4', 'CP4', 'CPz', 'C3', 'CP3']","['C4', 'CP4', 'CPz', 'C3', 'CP3']",,,,9,DeepConvNet
FGSM_LP,True,gaussian,3.0,Linf,0.5,0.04435931682888689,"[0.4583294987678528, 0.4287666082382202, 0.4618466794490814, 0.4848373532295227, 0.4732421040534973, 0.46642929315567017, 0.36758163571357727, 0.49450865387916565, 0.4804357588291168, 0.5054912567138672, 0.4915006160736084, 0.5326167941093445, 0.47144103050231934, 0.5327156782150269, 0.5095414519309998, 0.5306553840637207, 0.5298653841018677, 0.5793887972831726, 0.5549542307853699, 0.5810274481773376, 0.5776880383491516, 0.6372151374816895]",,,False,2024,0.7465277910232544,0.6527777910232544,0.3472222089767456,6.594014644622803,6.581068992614746,0.04435932636260986,27.05672836303711,0.7423291206359863,"[0.7361111111111112, 0.8888888888888888, 0.6944444444444444, 0.6666666666666666]","[0.5972222222222222, 0.8333333333333334, 0.6666666666666666, 0.5138888888888888]",0.0,1,False,0.9988177583286278,,,,,-0.155842454948669,-0.15844906719037571,-0.0026066122417067183,"['C4', 'CP4', 'CPz', 'C3', 'CP3']","['C4', 'CP4', 'CPz', 'C3', 'CP3']",,,,9,DeepConvNet
FGSM_LP,True,gaussian,3.0,Linf,1.0,0.08871863365777378,"[0.9166589975357056, 0.8575332164764404, 0.9236933588981628, 0.9696747064590454, 0.9464842081069946, 0.9328585863113403, 0.7351632714271545, 0.9890173077583313, 0.9608715176582336, 1.0109825134277344, 0.9830012321472168, 1.065233588218689, 0.9428820610046387, 1.0654313564300537, 1.0190829038619995, 1.0613107681274414, 1.0597307682037354, 1.1587775945663452, 1.1099084615707397, 1.1620548963546753, 1.1553760766983032, 1.274430274963379]",,,False,2024,0.7465277910232544,0.5486111044883728,0.4513888955116272,12.749336242675781,12.72426986694336,0.08871865272521973,21.33026885986328,0.7188582420349121,"[0.7361111111111112, 0.8888888888888888, 0.6944444444444444, 0.6666666666666666]","[0.5416666666666666, 0.7638888888888888, 0.5694444444444444, 0.3194444444444444]",0.0,1,False,0.9988177583286278,,,,,-0.155842454948669,-0.15844906719037571,-0.0026066122417067183,"['C4', 'CP4', 'CPz', 'C3', 'CP3']","['C4', 'CP4', 'CPz', 'C3', 'CP3']",,,,9,DeepConvNet
FGSM_LP,True,gaussian,3.0,Linf,2.0,0.17743726731554757,"[1.8333179950714111, 1.7150664329528809, 1.8473867177963257, 1.9393494129180908, 1.8929684162139893, 1.8657171726226807, 1.470326542854309, 1.9780346155166626, 1.9217430353164673, 2.0219650268554688, 1.9660024642944336, 2.130467176437378, 1.8857641220092773, 2.1308627128601074, 2.038165807723999, 2.122621536254883, 2.1194615364074707, 2.3175551891326904, 2.2198169231414795, 2.3241097927093506, 2.3107521533966064, 2.548860549926758]",,,False,2024,0.7465277910232544,0.2048611044883728,0.7951388955116272,24.159090042114258,24.1604061126709,0.17743730545043945,15.76123046875,0.6928594708442688,"[0.7361111111111112, 0.8888888888888888, 0.6944444444444444, 0.6666666666666666]","[0.1111111111111111, 0.2916666666666667, 0.3333333333333333, 0.08333333333333333]",0.0,1,False,0.9988177583286278,,,,,-0.155842454948669,-0.15844906719037571,-0.0026066122417067183,"['C4', 'CP4', 'CPz', 'C3', 'CP3']","['C4', 'CP4', 'CPz', 'C3', 'CP3']",,,,9,DeepConvNet
PGD_LP,True,gaussian,3.0,Linf,0.25,0.022179658414443446,"[0.2291647493839264, 0.2143833041191101, 0.2309233397245407, 0.24241867661476135, 0.23662105202674866, 0.23321464657783508, 0.18379081785678864, 0.24725432693958282, 0.2402178794145584, 0.2527456283569336, 0.2457503080368042, 0.26630839705467224, 0.23572051525115967, 0.2663578391075134, 0.2547707259654999, 0.26532769203186035, 0.26493269205093384, 0.2896943986415863, 0.27747711539268494, 0.2905137240886688, 0.2888440191745758, 0.3186075687408447]",40.0,0.0027724573018054308,True,2024,0.7465277910232544,0.7326388955116272,0.2673611044883728,3.3659543991088867,3.3617777824401855,0.02217966318130493,32.89111328125,0.760130763053894,"[0.7361111111111112, 0.8888888888888888, 0.6944444444444444, 0.6666666666666666]","[0.7222222222222222, 0.8888888888888888, 0.6805555555555556, 0.6388888888888888]",0.0,1,False,0.9987912902315076,,,,,-0.155842454948669,-0.15794868864191958,-0.002106233693250581,"['C4', 'CP4', 'CPz', 'C3', 'CP3']","['C4', 'CP4', 'CPz', 'C3', 'CP3']",,,,9,DeepConvNet
PGD_LP,True,gaussian,3.0,Linf,0.5,0.04435931682888689,"[0.4583294987678528, 0.4287666082382202, 0.4618466794490814, 0.4848373532295227, 0.4732421040534973, 0.46642929315567017, 0.36758163571357727, 0.49450865387916565, 0.4804357588291168, 0.5054912567138672, 0.4915006160736084, 0.5326167941093445, 0.47144103050231934, 0.5327156782150269, 0.5095414519309998, 0.5306553840637207, 0.5298653841018677, 0.5793887972831726, 0.5549542307853699, 0.5810274481773376, 0.5776880383491516, 0.6372151374816895]",40.0,0.0055449146036108616,True,2024,0.7465277910232544,0.6875,0.3125,6.585247039794922,6.579154014587402,0.04435932636260986,27.05925750732422,0.741977870464325,"[0.7361111111111112, 0.8888888888888888, 0.6944444444444444, 0.6666666666666666]","[0.625, 0.8472222222222222, 0.6805555555555556, 0.5972222222222222]",0.0,1,False,0.9987912902315076,,,,,-0.155842454948669,-0.15794868864191958,-0.002106233693250581,"['C4', 'CP4', 'CPz', 'C3', 'CP3']","['C4', 'CP4', 'CPz', 'C3', 'CP3']",,,,9,DeepConvNet
PGD_LP,True,gaussian,3.0,Linf,1.0,0.08871863365777378,"[0.9166589975357056, 0.8575332164764404, 0.9236933588981628, 0.9696747064590454, 0.9464842081069946, 0.9328585863113403, 0.7351632714271545, 0.9890173077583313, 0.9608715176582336, 1.0109825134277344, 0.9830012321472168, 1.065233588218689, 0.9428820610046387, 1.0654313564300537, 1.0190829038619995, 1.0613107681274414, 1.0597307682037354, 1.1587775945663452, 1.1099084615707397, 1.1620548963546753, 1.1553760766983032, 1.274430274963379]",40.0,0.011089829207221723,True,2024,0.7465277910232544,0.5868055820465088,0.4131944179534912,12.747550964355469,12.717975616455078,0.08871865272521973,21.334564208984375,0.7192034125328064,"[0.7361111111111112, 0.8888888888888888, 0.6944444444444444, 0.6666666666666666]","[0.5555555555555556, 0.7777777777777778, 0.6388888888888888, 0.375]",0.0,1,False,0.9987912902315076,,,,,-0.155842454948669,-0.15794868864191958,-0.002106233693250581,"['C4', 'CP4', 'CPz', 'C3', 'CP3']","['C4', 'CP4', 'CPz', 'C3', 'CP3']",,,,9,DeepConvNet
PGD_LP,True,gaussian,3.0,Linf,2.0,0.17743726731554757,"[1.8333179950714111, 1.7150664329528809, 1.8473867177963257, 1.9393494129180908, 1.8929684162139893, 1.8657171726226807, 1.470326542854309, 1.9780346155166626, 1.9217430353164673, 2.0219650268554688, 1.9660024642944336, 2.130467176437378, 1.8857641220092773, 2.1308627128601074, 2.038165807723999, 2.122621536254883, 2.1194615364074707, 2.3175551891326904, 2.2198169231414795, 2.3241097927093506, 2.3107521533966064, 2.548860549926758]",40.0,0.022179658414443446,True,2024,0.7465277910232544,0.3020833432674408,0.6979166567325592,24.10188865661621,24.12969207763672,0.17743730545043945,15.77227783203125,0.6933304071426392,"[0.7361111111111112, 0.8888888888888888, 0.6944444444444444, 0.6666666666666666]","[0.20833333333333334, 0.3611111111111111, 0.4444444444444444, 0.19444444444444445]",0.0,1,False,0.9987912902315076,,,,,-0.155842454948669,-0.15794868864191958,-0.002106233693250581,"['C4', 'CP4', 'CPz', 'C3', 'CP3']","['C4', 'CP4', 'CPz', 'C3', 'CP3']",,,,9,DeepConvNet
DeepFool_L2,,,,L2,,,,50.0,,,2024,0.7465277910232544,0.1944444477558136,0.8055555522441864,107.91134643554688,84.34175872802734,2.8323018550872803,73.64141082763672,122.28141021728516,,,0.0,1,False,0.9508752117447771,,,,,-0.155842454948669,-0.2707483983131063,-0.11490594336443732,"['C4', 'CP4', 'CPz', 'C3', 'CP3']","['C4', 'CP4', 'CPz', 'CP3', 'C3']",,,,9,DeepConvNet
FGSM,False,,,Linf,0.25,0.022179658414443446,"[0.2291647493839264, 0.2143833041191101, 0.2309233397245407, 0.24241867661476135, 0.23662105202674866, 0.23321464657783508, 0.18379081785678864, 0.24725432693958282, 0.2402178794145584, 0.2527456283569336, 0.2457503080368042, 0.26630839705467224, 0.23572051525115967, 0.2663578391075134, 0.2547707259654999, 0.26532769203186035, 0.26493269205093384, 0.2896943986415863, 0.27747711539268494, 0.2905137240886688, 0.2888440191745758, 0.3186075687408447]",,,False,31415,0.7013888955116272,0.2708333432674408,0.7291666567325592,115.81752014160156,113.12318420410156,3.805781841278076,2.3993208408355713,0.11916439235210419,"[0.5972222222222222, 0.9027777777777778, 0.6805555555555556, 0.625]","[0.0, 1.0, 0.08333333333333333, 0.0]",0.0,1,False,0.9602008046301527,,,,,-0.16325065076812204,-0.1590195926166341,0.004231058151487943,"['C4', 'CP4', 'C3', 'CPz', 'Pz']","['C4', 'CP4', 'C3', 'CPz', 'Pz']",,,,9,DeepConvNet
FGSM,False,,,Linf,0.5,0.04435931682888689,"[0.4583294987678528, 0.4287666082382202, 0.4618466794490814, 0.4848373532295227, 0.4732421040534973, 0.46642929315567017, 0.36758163571357727, 0.49450865387916565, 0.4804357588291168, 0.5054912567138672, 0.4915006160736084, 0.5326167941093445, 0.47144103050231934, 0.5327156782150269, 0.5095414519309998, 0.5306553840637207, 0.5298653841018677, 0.5793887972831726, 0.5549542307853699, 0.5810274481773376, 0.5776880383491516, 0.6372151374816895]",,,False,31415,0.7013888955116272,0.2604166567325592,0.7395833432674408,116.01103973388672,113.18125915527344,3.805781841278076,2.39473295211792,0.11813938617706299,"[0.5972222222222222, 0.9027777777777778, 0.6805555555555556, 0.625]","[0.0, 1.0, 0.041666666666666664, 0.0]",0.0,1,False,0.9602008046301527,,,,,-0.16325065076812204,-0.1590195926166341,0.004231058151487943,"['C4', 'CP4', 'C3', 'CPz', 'Pz']","['C4', 'CP4', 'C3', 'CPz', 'Pz']",,,,9,DeepConvNet
FGSM,False,,,Linf,1.0,0.08871863365777378,"[0.9166589975357056, 0.8575332164764404, 0.9236933588981628, 0.9696747064590454, 0.9464842081069946, 0.9328585863113403, 0.7351632714271545, 0.9890173077583313, 0.9608715176582336, 1.0109825134277344, 0.9830012321472168, 1.065233588218689, 0.9428820610046387, 1.0654313564300537, 1.0190829038619995, 1.0613107681274414, 1.0597307682037354, 1.1587775945663452, 1.1099084615707397, 1.1620548963546753, 1.1553760766983032, 1.274430274963379]",,,False,31415,0.7013888955116272,0.21875,0.78125,115.58687591552734,113.4129638671875,3.805781841278076,2.3764588832855225,0.11411929875612259,"[0.5972222222222222, 0.9027777777777778, 0.6805555555555556, 0.625]","[0.0, 0.875, 0.0, 0.0]",0.0,1,False,0.9602008046301527,,,,,-0.16325065076812204,-0.1590195926166341,0.004231058151487943,"['C4', 'CP4', 'C3', 'CPz', 'Pz']","['C4', 'CP4', 'C3', 'CPz', 'Pz']",,,,9,DeepConvNet
FGSM,False,,,Linf,2.0,0.17743726731554757,"[1.8333179950714111, 1.7150664329528809, 1.8473867177963257, 1.9393494129180908, 1.8929684162139893, 1.8657171726226807, 1.470326542854309, 1.9780346155166626, 1.9217430353164673, 2.0219650268554688, 1.9660024642944336, 2.130467176437378, 1.8857641220092773, 2.1308627128601074, 2.038165807723999, 2.122621536254883, 2.1194615364074707, 2.3175551891326904, 2.2198169231414795, 2.3241097927093506, 2.3107521533966064, 2.548860549926758]",,,False,31415,0.7013888955116272,0.0173611119389534,0.9826388880610466,113.66865539550781,114.3291015625,3.805781841278076,2.304621458053589,0.09934401512145996,"[0.5972222222222222, 0.9027777777777778, 0.6805555555555556, 0.625]","[0.0, 0.06944444444444445, 0.0, 0.0]",0.0,1,False,0.9602008046301527,,,,,-0.16325065076812204,-0.1590195926166341,0.004231058151487943,"['C4', 'CP4', 'C3', 'CPz', 'Pz']","['C4', 'CP4', 'C3', 'CPz', 'Pz']",,,,9,DeepConvNet
PGD,False,,,Linf,0.25,0.022179658414443446,"[0.2291647493839264, 0.2143833041191101, 0.2309233397245407, 0.24241867661476135, 0.23662105202674866, 0.23321464657783508, 0.18379081785678864, 0.24725432693958282, 0.2402178794145584, 0.2527456283569336, 0.2457503080368042, 0.26630839705467224, 0.23572051525115967, 0.2663578391075134, 0.2547707259654999, 0.26532769203186035, 0.26493269205093384, 0.2896943986415863, 0.27747711539268494, 0.2905137240886688, 0.2888440191745758, 0.3186075687408447]",40.0,0.0027724573018054308,True,31415,0.7013888955116272,0.25,0.75,115.81700134277344,113.1227035522461,3.805781841278076,2.3993589878082275,0.11917461454868317,"[0.5972222222222222, 0.9027777777777778, 0.6805555555555556, 0.625]","[0.0, 1.0, 0.0, 0.0]",0.0,1,False,0.9572275550536421,,,,,-0.16325065076812204,-0.14959626598978545,0.013654384778336581,"['C4', 'CP4', 'C3', 'CPz', 'Pz']","['C4', 'CP4', 'C3', 'CPz', 'Pz']",,,,9,DeepConvNet
PGD,False,,,Linf,0.5,0.04435931682888689,"[0.4583294987678528, 0.4287666082382202, 0.4618466794490814, 0.4848373532295227, 0.4732421040534973, 0.46642929315567017, 0.36758163571357727, 0.49450865387916565, 0.4804357588291168, 0.5054912567138672, 0.4915006160736084, 0.5326167941093445, 0.47144103050231934, 0.5327156782150269, 0.5095414519309998, 0.5306553840637207, 0.5298653841018677, 0.5793887972831726, 0.5549542307853699, 0.5810274481773376, 0.5776880383491516, 0.6372151374816895]",40.0,0.0055449146036108616,True,31415,0.7013888955116272,0.25,0.75,115.87165069580078,113.17807006835938,3.805781841278076,2.394986867904663,0.11820446699857712,"[0.5972222222222222, 0.9027777777777778, 0.6805555555555556, 0.625]","[0.0, 1.0, 0.0, 0.0]",0.0,1,False,0.9572275550536421,,,,,-0.16325065076812204,-0.14959626598978545,0.013654384778336581,"['C4', 'CP4', 'C3', 'CPz', 'Pz']","['C4', 'CP4', 'C3', 'CPz', 'Pz']",,,,9,DeepConvNet
PGD,False,,,Linf,1.0,0.08871863365777378,"[0.9166589975357056, 0.8575332164764404, 0.9236933588981628, 0.9696747064590454, 0.9464842081069946, 0.9328585863113403, 0.7351632714271545, 0.9890173077583313, 0.9608715176582336, 1.0109825134277344, 0.9830012321472168, 1.065233588218689, 0.9428820610046387, 1.0654313564300537, 1.0190829038619995, 1.0613107681274414, 1.0597307682037354, 1.1587775945663452, 1.1099084615707397, 1.1620548963546753, 1.1553760766983032, 1.274430274963379]",40.0,0.011089829207221723,True,31415,0.7013888955116272,0.1631944477558136,0.8368055522441864,115.0833740234375,113.3935775756836,3.805781841278076,2.377991199493408,0.11448542773723602,"[0.5972222222222222, 0.9027777777777778, 0.6805555555555556, 0.625]","[0.0, 0.6527777777777778, 0.0, 0.0]",0.0,1,False,0.9572275550536421,,,,,-0.16325065076812204,-0.14959626598978545,0.013654384778336581,"['C4', 'CP4', 'C3', 'CPz', 'Pz']","['C4', 'CP4', 'C3', 'CPz', 'Pz']",,,,9,DeepConvNet
PGD,False,,,Linf,2.0,0.17743726731554757,"[1.8333179950714111, 1.7150664329528809, 1.8473867177963257, 1.9393494129180908, 1.8929684162139893, 1.8657171726226807, 1.470326542854309, 1.9780346155166626, 1.9217430353164673, 2.0219650268554688, 1.9660024642944336, 2.130467176437378, 1.8857641220092773, 2.1308627128601074, 2.038165807723999, 2.122621536254883, 2.1194615364074707, 2.3175551891326904, 2.2198169231414795, 2.3241097927093506, 2.3107521533966064, 2.548860549926758]",40.0,0.022179658414443446,True,31415,0.7013888955116272,0.0,1.0,113.57246398925781,114.22394561767578,3.805781841278076,2.3128373622894287,0.10092467814683914,"[0.5972222222222222, 0.9027777777777778, 0.6805555555555556, 0.625]","[0.0, 0.0, 0.0, 0.0]",0.0,1,False,0.9572275550536421,,,,,-0.16325065076812204,-0.14959626598978545,0.013654384778336581,"['C4', 'CP4', 'C3', 'CPz', 'Pz']","['C4', 'CP4', 'C3', 'CPz', 'Pz']",,,,9,DeepConvNet
FGSM_LP,True,gaussian,3.0,Linf,0.25,0.022179658414443446,"[0.2291647493839264, 0.2143833041191101, 0.2309233397245407, 0.24241867661476135, 0.23662105202674866, 0.23321464657783508, 0.18379081785678864, 0.24725432693958282, 0.2402178794145584, 0.2527456283569336, 0.2457503080368042, 0.26630839705467224, 0.23572051525115967, 0.2663578391075134, 0.2547707259654999, 0.26532769203186035, 0.26493269205093384, 0.2896943986415863, 0.27747711539268494, 0.2905137240886688, 0.2888440191745758, 0.3186075687408447]",,,False,31415,0.7013888955116272,0.6805555820465088,0.3194444179534912,3.365219831466675,3.359971046447754,0.02217966318130493,32.89580535888672,0.7574577331542969,"[0.5972222222222222, 0.9027777777777778, 0.6805555555555556, 0.625]","[0.5694444444444444, 0.9027777777777778, 0.6805555555555556, 0.5694444444444444]",0.0,1,False,0.9983148644833427,,,,,-0.16325065076812204,-0.16463621301162096,-0.0013855622434989223,"['C4', 'CP4', 'C3', 'CPz', 'Pz']","['C4', 'CP4', 'C3', 'CPz', 'Pz']",,,,9,DeepConvNet
FGSM_LP,True,gaussian,3.0,Linf,0.5,0.04435931682888689,"[0.4583294987678528, 0.4287666082382202, 0.4618466794490814, 0.4848373532295227, 0.4732421040534973, 0.46642929315567017, 0.36758163571357727, 0.49450865387916565, 0.4804357588291168, 0.5054912567138672, 0.4915006160736084, 0.5326167941093445, 0.47144103050231934, 0.5327156782150269, 0.5095414519309998, 0.5306553840637207, 0.5298653841018677, 0.5793887972831726, 0.5549542307853699, 0.5810274481773376, 0.5776880383491516, 0.6372151374816895]",,,False,31415,0.7013888955116272,0.6319444179534912,0.3680555820465088,6.588947296142578,6.574129581451416,0.04435932636260986,27.065935134887695,0.7380750775337219,"[0.5972222222222222, 0.9027777777777778, 0.6805555555555556, 0.625]","[0.5138888888888888, 0.875, 0.6666666666666666, 0.4722222222222222]",0.0,1,False,0.9983148644833427,,,,,-0.16325065076812204,-0.16463621301162096,-0.0013855622434989223,"['C4', 'CP4', 'C3', 'CPz', 'Pz']","['C4', 'CP4', 'C3', 'CPz', 'Pz']",,,,9,DeepConvNet
FGSM_LP,True,gaussian,3.0,Linf,1.0,0.08871863365777378,"[0.9166589975357056, 0.8575332164764404, 0.9236933588981628, 0.9696747064590454, 0.9464842081069946, 0.9328585863113403, 0.7351632714271545, 0.9890173077583313, 0.9608715176582336, 1.0109825134277344, 0.9830012321472168, 1.065233588218689, 0.9428820610046387, 1.0654313564300537, 1.0190829038619995, 1.0613107681274414, 1.0597307682037354, 1.1587775945663452, 1.1099084615707397, 1.1620548963546753, 1.1553760766983032, 1.274430274963379]",,,False,31415,0.7013888955116272,0.5416666865348816,0.4583333134651184,12.75145149230957,12.70383071899414,0.08871865272521973,21.34430694580078,0.7131905555725098,"[0.5972222222222222, 0.9027777777777778, 0.6805555555555556, 0.625]","[0.4166666666666667, 0.8194444444444444, 0.5833333333333334, 0.3472222222222222]",0.0,1,False,0.9983148644833427,,,,,-0.16325065076812204,-0.16463621301162096,-0.0013855622434989223,"['C4', 'CP4', 'C3', 'CPz', 'Pz']","['C4', 'CP4', 'C3', 'CPz', 'Pz']",,,,9,DeepConvNet
FGSM_LP,True,gaussian,3.0,Linf,2.0,0.17743726731554757,"[1.8333179950714111, 1.7150664329528809, 1.8473867177963257, 1.9393494129180908, 1.8929684162139893, 1.8657171726226807, 1.470326542854309, 1.9780346155166626, 1.9217430353164673, 2.0219650268554688, 1.9660024642944336, 2.130467176437378, 1.8857641220092773, 2.1308627128601074, 2.038165807723999, 2.122621536254883, 2.1194615364074707, 2.3175551891326904, 2.2198169231414795, 2.3241097927093506, 2.3107521533966064, 2.548860549926758]",,,False,31415,0.7013888955116272,0.2465277761220932,0.7534722238779068,24.126323699951172,24.100542068481445,0.17743730545043945,15.78291130065918,0.6847506761550903,"[0.5972222222222222, 0.9027777777777778, 0.6805555555555556, 0.625]","[0.05555555555555555, 0.4722222222222222, 0.3055555555555556, 0.1527777777777778]",0.0,1,False,0.9983148644833427,,,,,-0.16325065076812204,-0.16463621301162096,-0.0013855622434989223,"['C4', 'CP4', 'C3', 'CPz', 'Pz']","['C4', 'CP4', 'C3', 'CPz', 'Pz']",,,,9,DeepConvNet
PGD_LP,True,gaussian,3.0,Linf,0.25,0.022179658414443446,"[0.2291647493839264, 0.2143833041191101, 0.2309233397245407, 0.24241867661476135, 0.23662105202674866, 0.23321464657783508, 0.18379081785678864, 0.24725432693958282, 0.2402178794145584, 0.2527456283569336, 0.2457503080368042, 0.26630839705467224, 0.23572051525115967, 0.2663578391075134, 0.2547707259654999, 0.26532769203186035, 0.26493269205093384, 0.2896943986415863, 0.27747711539268494, 0.2905137240886688, 0.2888440191745758, 0.3186075687408447]",40.0,0.0027724573018054308,True,31415,0.7013888955116272,0.6909722089767456,0.3090277910232544,3.3645386695861816,3.3600573539733887,0.02217966318130493,32.89558410644531,0.757376492023468,"[0.5972222222222222, 0.9027777777777778, 0.6805555555555556, 0.625]","[0.5833333333333334, 0.9027777777777778, 0.7083333333333334, 0.5694444444444444]",0.0,1,False,0.9983589779785431,,,,,-0.16325065076812204,-0.16380713445805062,-0.000556483689928583,"['C4', 'CP4', 'C3', 'CPz', 'Pz']","['C4', 'CP4', 'C3', 'CPz', 'Pz']",,,,9,DeepConvNet
PGD_LP,True,gaussian,3.0,Linf,0.5,0.04435931682888689,"[0.4583294987678528, 0.4287666082382202, 0.4618466794490814, 0.4848373532295227, 0.4732421040534973, 0.46642929315567017, 0.36758163571357727, 0.49450865387916565, 0.4804357588291168, 0.5054912567138672, 0.4915006160736084, 0.5326167941093445, 0.47144103050231934, 0.5327156782150269, 0.5095414519309998, 0.5306553840637207, 0.5298653841018677, 0.5793887972831726, 0.5549542307853699, 0.5810274481773376, 0.5776880383491516, 0.6372151374816895]",40.0,0.0055449146036108616,True,31415,0.7013888955116272,0.6631944179534912,0.3368055820465088,6.583903789520264,6.574655532836914,0.04435932636260986,27.065235137939453,0.7380996346473694,"[0.5972222222222222, 0.9027777777777778, 0.6805555555555556, 0.625]","[0.5555555555555556, 0.8888888888888888, 0.6805555555555556, 0.5277777777777778]",0.0,1,False,0.9983589779785431,,,,,-0.16325065076812204,-0.16380713445805062,-0.000556483689928583,"['C4', 'CP4', 'C3', 'CPz', 'Pz']","['C4', 'CP4', 'C3', 'CPz', 'Pz']",,,,9,DeepConvNet
PGD_LP,True,gaussian,3.0,Linf,1.0,0.08871863365777378,"[0.9166589975357056, 0.8575332164764404, 0.9236933588981628, 0.9696747064590454, 0.9464842081069946, 0.9328585863113403, 0.7351632714271545, 0.9890173077583313, 0.9608715176582336, 1.0109825134277344, 0.9830012321472168, 1.065233588218689, 0.9428820610046387, 1.0654313564300537, 1.0190829038619995, 1.0613107681274414, 1.0597307682037354, 1.1587775945663452, 1.1099084615707397, 1.1620548963546753, 1.1553760766983032, 1.274430274963379]",40.0,0.011089829207221723,True,31415,0.7013888955116272,0.59375,0.40625,12.740504264831543,12.706735610961914,0.08871865272521973,21.342315673828125,0.7133651971817017,"[0.5972222222222222, 0.9027777777777778, 0.6805555555555556, 0.625]","[0.4861111111111111, 0.8333333333333334, 0.625, 0.4305555555555556]",0.0,1,False,0.9983589779785431,,,,,-0.16325065076812204,-0.16380713445805062,-0.000556483689928583,"['C4', 'CP4', 'C3', 'CPz', 'Pz']","['C4', 'CP4', 'C3', 'CPz', 'Pz']",,,,9,DeepConvNet
PGD_LP,True,gaussian,3.0,Linf,2.0,0.17743726731554757,"[1.8333179950714111, 1.7150664329528809, 1.8473867177963257, 1.9393494129180908, 1.8929684162139893, 1.8657171726226807, 1.470326542854309, 1.9780346155166626, 1.9217430353164673, 2.0219650268554688, 1.9660024642944336, 2.130467176437378, 1.8857641220092773, 2.1308627128601074, 2.038165807723999, 2.122621536254883, 2.1194615364074707, 2.3175551891326904, 2.2198169231414795, 2.3241097927093506, 2.3107521533966064, 2.548860549926758]",40.0,0.022179658414443446,True,31415,0.7013888955116272,0.3333333432674408,0.6666666567325592,24.139541625976562,24.09843635559082,0.17743730545043945,15.783698081970215,0.6832808256149292,"[0.5972222222222222, 0.9027777777777778, 0.6805555555555556, 0.625]","[0.125, 0.5416666666666666, 0.4305555555555556, 0.2361111111111111]",0.0,1,False,0.9983589779785431,,,,,-0.16325065076812204,-0.16380713445805062,-0.000556483689928583,"['C4', 'CP4', 'C3', 'CPz', 'Pz']","['C4', 'CP4', 'C3', 'CPz', 'Pz']",,,,9,DeepConvNet
DeepFool_L2,,,,L2,,,,50.0,,,31415,0.7013888955116272,0.1145833358168602,0.8854166641831398,104.37606048583984,79.21967315673828,2.648714065551758,86.32884216308594,128.64547729492188,,,0.0,1,False,0.9583480378317336,,,,,-0.16325065076812204,-0.18824726857739935,-0.02499661780927731,"['C4', 'CP4', 'C3', 'CPz', 'Pz']","['C4', 'CP4', 'C3', 'CPz', 'Pz']",,,,9,DeepConvNet
FGSM,False,,,Linf,0.25,0.022179658414443446,"[0.2291647493839264, 0.2143833041191101, 0.2309233397245407, 0.24241867661476135, 0.23662105202674866, 0.23321464657783508, 0.18379081785678864, 0.24725432693958282, 0.2402178794145584, 0.2527456283569336, 0.2457503080368042, 0.26630839705467224, 0.23572051525115967, 0.2663578391075134, 0.2547707259654999, 0.26532769203186035, 0.26493269205093384, 0.2896943986415863, 0.27747711539268494, 0.2905137240886688, 0.2888440191745758, 0.3186075687408447]",,,False,999,0.7638888955116272,0.25,0.75,115.81749725341797,113.12318420410156,3.805781841278076,2.3993208408355713,0.11916428059339523,"[0.7083333333333334, 0.9444444444444444, 0.6666666666666666, 0.7361111111111112]","[0.0, 1.0, 0.0, 0.0]",0.0,1,False,0.9520133399209487,,,,,-0.2156370822126051,-0.13341181746953568,0.08222526474306943,"['C4', 'CPz', 'CP4', 'C3', 'POz']","['C4', 'CP4', 'C3', 'CPz', 'CP3']",,,,9,DeepConvNet
FGSM,False,,,Linf,0.5,0.04435931682888689,"[0.4583294987678528, 0.4287666082382202, 0.4618466794490814, 0.4848373532295227, 0.4732421040534973, 0.46642929315567017, 0.36758163571357727, 0.49450865387916565, 0.4804357588291168, 0.5054912567138672, 0.4915006160736084, 0.5326167941093445, 0.47144103050231934, 0.5327156782150269, 0.5095414519309998, 0.5306553840637207, 0.5298653841018677, 0.5793887972831726, 0.5549542307853699, 0.5810274481773376, 0.5776880383491516, 0.6372151374816895]",,,False,999,0.7638888955116272,0.25,0.75,115.8748779296875,113.1812744140625,3.805781841278076,2.3947317600250244,0.11813851445913315,"[0.7083333333333334, 0.9444444444444444, 0.6666666666666666, 0.7361111111111112]","[0.0, 1.0, 0.0, 0.0]",0.0,1,False,0.9520133399209487,,,,,-0.2156370822126051,-0.13341181746953568,0.08222526474306943,"['C4', 'CPz', 'CP4', 'C3', 'POz']","['C4', 'CP4', 'C3', 'CPz', 'CP3']",,,,9,DeepConvNet
FGSM,False,,,Linf,1.0,0.08871863365777378,"[0.9166589975357056, 0.8575332164764404, 0.9236933588981628, 0.9696747064590454, 0.9464842081069946, 0.9328585863113403, 0.7351632714271545, 0.9890173077583313, 0.9608715176582336, 1.0109825134277344, 0.9830012321472168, 1.065233588218689, 0.9428820610046387, 1.0654313564300537, 1.0190829038619995, 1.0613107681274414, 1.0597307682037354, 1.1587775945663452, 1.1099084615707397, 1.1620548963546753, 1.1553760766983032, 1.274430274963379]",,,False,999,0.7638888955116272,0.25,0.75,116.10429382324219,113.41305541992188,3.805781841278076,2.376450538635254,0.11411337554454803,"[0.7083333333333334, 0.9444444444444444, 0.6666666666666666, 0.7361111111111112]","[0.0, 1.0, 0.0, 0.0]",0.0,1,False,0.9520133399209487,,,,,-0.2156370822126051,-0.13341181746953568,0.08222526474306943,"['C4', 'CPz', 'CP4', 'C3', 'POz']","['C4', 'CP4', 'C3', 'CPz', 'CP3']",,,,9,DeepConvNet
FGSM,False,,,Linf,2.0,0.17743726731554757,"[1.8333179950714111, 1.7150664329528809, 1.8473867177963257, 1.9393494129180908, 1.8929684162139893, 1.8657171726226807, 1.470326542854309, 1.9780346155166626, 1.9217430353164673, 2.0219650268554688, 1.9660024642944336, 2.130467176437378, 1.8857641220092773, 2.1308627128601074, 2.038165807723999, 2.122621536254883, 2.1194615364074707, 2.3175551891326904, 2.2198169231414795, 2.3241097927093506, 2.3107521533966064, 2.548860549926758]",,,False,999,0.7638888955116272,0.0972222238779068,0.9027777761220932,114.61016845703125,114.32988739013672,3.805781841278076,2.3045530319213867,0.0993218645453453,"[0.7083333333333334, 0.9444444444444444, 0.6666666666666666, 0.7361111111111112]","[0.0, 0.3888888888888889, 0.0, 0.0]",0.0,1,False,0.9520133399209487,,,,,-0.2156370822126051,-0.13341181746953568,0.08222526474306943,"['C4', 'CPz', 'CP4', 'C3', 'POz']","['C4', 'CP4', 'C3', 'CPz', 'CP3']",,,,9,DeepConvNet
PGD,False,,,Linf,0.25,0.022179658414443446,"[0.2291647493839264, 0.2143833041191101, 0.2309233397245407, 0.24241867661476135, 0.23662105202674866, 0.23321464657783508, 0.18379081785678864, 0.24725432693958282, 0.2402178794145584, 0.2527456283569336, 0.2457503080368042, 0.26630839705467224, 0.23572051525115967, 0.2663578391075134, 0.2547707259654999, 0.26532769203186035, 0.26493269205093384, 0.2896943986415863, 0.27747711539268494, 0.2905137240886688, 0.2888440191745758, 0.3186075687408447]",40.0,0.0027724573018054308,True,999,0.7638888955116272,0.25,0.75,115.81718444824219,113.12284851074219,3.805781841278076,2.399348020553589,0.11917265504598618,"[0.7083333333333334, 0.9444444444444444, 0.6666666666666666, 0.7361111111111112]","[0.0, 1.0, 0.0, 0.0]",0.0,1,False,0.950081168831169,,,,,-0.2156370822126051,-0.12734839362023193,0.08828868859237318,"['C4', 'CPz', 'CP4', 'C3', 'POz']","['C4', 'CP4', 'C3', 'CPz', 'CP3']",,,,9,DeepConvNet
PGD,False,,,Linf,0.5,0.04435931682888689,"[0.4583294987678528, 0.4287666082382202, 0.4618466794490814, 0.4848373532295227, 0.4732421040534973, 0.46642929315567017, 0.36758163571357727, 0.49450865387916565, 0.4804357588291168, 0.5054912567138672, 0.4915006160736084, 0.5326167941093445, 0.47144103050231934, 0.5327156782150269, 0.5095414519309998, 0.5306553840637207, 0.5298653841018677, 0.5793887972831726, 0.5549542307853699, 0.5810274481773376, 0.5776880383491516, 0.6372151374816895]",40.0,0.0055449146036108616,True,999,0.7638888955116272,0.25,0.75,115.87275695800781,113.17886352539062,3.805781841278076,2.394925117492676,0.11819550395011902,"[0.7083333333333334, 0.9444444444444444, 0.6666666666666666, 0.7361111111111112]","[0.0, 1.0, 0.0, 0.0]",0.0,1,False,0.950081168831169,,,,,-0.2156370822126051,-0.12734839362023193,0.08828868859237318,"['C4', 'CPz', 'CP4', 'C3', 'POz']","['C4', 'CP4', 'C3', 'CPz', 'CP3']",,,,9,DeepConvNet
PGD,False,,,Linf,1.0,0.08871863365777378,"[0.9166589975357056, 0.8575332164764404, 0.9236933588981628, 0.9696747064590454, 0.9464842081069946, 0.9328585863113403, 0.7351632714271545, 0.9890173077583313, 0.9608715176582336, 1.0109825134277344, 0.9830012321472168, 1.065233588218689, 0.9428820610046387, 1.0654313564300537, 1.0190829038619995, 1.0613107681274414, 1.0597307682037354, 1.1587775945663452, 1.1099084615707397, 1.1620548963546753, 1.1553760766983032, 1.274430274963379]",40.0,0.011089829207221723,True,999,0.7638888955116272,0.2465277761220932,0.7534722238779068,115.94554138183594,113.39805603027344,3.805781841278076,2.377640724182129,0.11443562060594559,"[0.7083333333333334, 0.9444444444444444, 0.6666666666666666, 0.7361111111111112]","[0.0, 0.9861111111111112, 0.0, 0.0]",0.0,1,False,0.950081168831169,,,,,-0.2156370822126051,-0.12734839362023193,0.08828868859237318,"['C4', 'CPz', 'CP4', 'C3', 'POz']","['C4', 'CP4', 'C3', 'CPz', 'CP3']",,,,9,DeepConvNet
PGD,False,,,Linf,2.0,0.17743726731554757,"[1.8333179950714111, 1.7150664329528809, 1.8473867177963257, 1.9393494129180908, 1.8929684162139893, 1.8657171726226807, 1.470326542854309, 1.9780346155166626, 1.9217430353164673, 2.0219650268554688, 1.9660024642944336, 2.130467176437378, 1.8857641220092773, 2.1308627128601074, 2.038165807723999, 2.122621536254883, 2.1194615364074707, 2.3175551891326904, 2.2198169231414795, 2.3241097927093506, 2.3107521533966064, 2.548860549926758]",40.0,0.022179658414443446,True,999,0.7638888955116272,0.0,1.0,113.58660125732422,114.24546813964844,3.805781841278076,2.311182975769043,0.10084475576877594,"[0.7083333333333334, 0.9444444444444444, 0.6666666666666666, 0.7361111111111112]","[0.0, 0.0, 0.0, 0.0]",0.0,1,False,0.950081168831169,,,,,-0.2156370822126051,-0.12734839362023193,0.08828868859237318,"['C4', 'CPz', 'CP4', 'C3', 'POz']","['C4', 'CP4', 'C3', 'CPz', 'CP3']",,,,9,DeepConvNet
FGSM_LP,True,gaussian,3.0,Linf,0.25,0.022179658414443446,"[0.2291647493839264, 0.2143833041191101, 0.2309233397245407, 0.24241867661476135, 0.23662105202674866, 0.23321464657783508, 0.18379081785678864, 0.24725432693958282, 0.2402178794145584, 0.2527456283569336, 0.2457503080368042, 0.26630839705467224, 0.23572051525115967, 0.2663578391075134, 0.2547707259654999, 0.26532769203186035, 0.26493269205093384, 0.2896943986415863, 0.27747711539268494, 0.2905137240886688, 0.2888440191745758, 0.3186075687408447]",,,False,999,0.7638888955116272,0.7430555820465088,0.2569444179534912,3.368173599243164,3.3619155883789062,0.02217966318130493,32.8907470703125,0.7618005275726318,"[0.7083333333333334, 0.9444444444444444, 0.6666666666666666, 0.7361111111111112]","[0.7083333333333334, 0.9444444444444444, 0.6666666666666666, 0.6527777777777778]",0.0,1,False,0.9989412761151892,,,,,-0.2156370822126051,-0.21618761619202562,-0.0005505339794205089,"['C4', 'CPz', 'CP4', 'C3', 'POz']","['C4', 'CPz', 'CP4', 'C3', 'POz']",,,,9,DeepConvNet
FGSM_LP,True,gaussian,3.0,Linf,0.5,0.04435931682888689,"[0.4583294987678528, 0.4287666082382202, 0.4618466794490814, 0.4848373532295227, 0.4732421040534973, 0.46642929315567017, 0.36758163571357727, 0.49450865387916565, 0.4804357588291168, 0.5054912567138672, 0.4915006160736084, 0.5326167941093445, 0.47144103050231934, 0.5327156782150269, 0.5095414519309998, 0.5306553840637207, 0.5298653841018677, 0.5793887972831726, 0.5549542307853699, 0.5810274481773376, 0.5776880383491516, 0.6372151374816895]",,,False,999,0.7638888955116272,0.7083333134651184,0.2916666865348816,6.586535453796387,6.579755783081055,0.04435932636260986,27.05843734741211,0.7444451451301575,"[0.7083333333333334, 0.9444444444444444, 0.6666666666666666, 0.7361111111111112]","[0.6666666666666666, 0.9027777777777778, 0.6388888888888888, 0.625]",0.0,1,False,0.9989412761151892,,,,,-0.2156370822126051,-0.21618761619202562,-0.0005505339794205089,"['C4', 'CPz', 'CP4', 'C3', 'POz']","['C4', 'CPz', 'CP4', 'C3', 'POz']",,,,9,DeepConvNet
FGSM_LP,True,gaussian,3.0,Linf,1.0,0.08871863365777378,"[0.9166589975357056, 0.8575332164764404, 0.9236933588981628, 0.9696747064590454, 0.9464842081069946, 0.9328585863113403, 0.7351632714271545, 0.9890173077583313, 0.9608715176582336, 1.0109825134277344, 0.9830012321472168, 1.065233588218689, 0.9428820610046387, 1.0654313564300537, 1.0190829038619995, 1.0613107681274414, 1.0597307682037354, 1.1587775945663452, 1.1099084615707397, 1.1620548963546753, 1.1553760766983032, 1.274430274963379]",,,False,999,0.7638888955116272,0.6076388955116272,0.3923611044883728,12.739027976989746,12.720236778259277,0.08871865272521973,21.33298110961914,0.7226027250289917,"[0.7083333333333334, 0.9444444444444444, 0.6666666666666666, 0.7361111111111112]","[0.5694444444444444, 0.9027777777777778, 0.5138888888888888, 0.4444444444444444]",0.0,1,False,0.9989412761151892,,,,,-0.2156370822126051,-0.21618761619202562,-0.0005505339794205089,"['C4', 'CPz', 'CP4', 'C3', 'POz']","['C4', 'CPz', 'CP4', 'C3', 'POz']",,,,9,DeepConvNet
FGSM_LP,True,gaussian,3.0,Linf,2.0,0.17743726731554757,"[1.8333179950714111, 1.7150664329528809, 1.8473867177963257, 1.9393494129180908, 1.8929684162139893, 1.8657171726226807, 1.470326542854309, 1.9780346155166626, 1.9217430353164673, 2.0219650268554688, 1.9660024642944336, 2.130467176437378, 1.8857641220092773, 2.1308627128601074, 2.038165807723999, 2.122621536254883, 2.1194615364074707, 2.3175551891326904, 2.2198169231414795, 2.3241097927093506, 2.3107521533966064, 2.548860549926758]",,,False,999,0.7638888955116272,0.3333333432674408,0.6666666567325592,24.153200149536133,24.146636962890625,0.17743730545043945,15.766101837158203,0.6991955041885376,"[0.7083333333333334, 0.9444444444444444, 0.6666666666666666, 0.7361111111111112]","[0.20833333333333334, 0.5972222222222222, 0.2777777777777778, 0.25]",0.0,1,False,0.9989412761151892,,,,,-0.2156370822126051,-0.21618761619202562,-0.0005505339794205089,"['C4', 'CPz', 'CP4', 'C3', 'POz']","['C4', 'CPz', 'CP4', 'C3', 'POz']",,,,9,DeepConvNet
PGD_LP,True,gaussian,3.0,Linf,0.25,0.022179658414443446,"[0.2291647493839264, 0.2143833041191101, 0.2309233397245407, 0.24241867661476135, 0.23662105202674866, 0.23321464657783508, 0.18379081785678864, 0.24725432693958282, 0.2402178794145584, 0.2527456283569336, 0.2457503080368042, 0.26630839705467224, 0.23572051525115967, 0.2663578391075134, 0.2547707259654999, 0.26532769203186035, 0.26493269205093384, 0.2896943986415863, 0.27747711539268494, 0.2905137240886688, 0.2888440191745758, 0.3186075687408447]",40.0,0.0027724573018054308,True,999,0.7638888955116272,0.7465277910232544,0.2534722089767456,3.367448568344116,3.360686779022217,0.02217966318130493,32.89392852783203,0.7609609961509705,"[0.7083333333333334, 0.9444444444444444, 0.6666666666666666, 0.7361111111111112]","[0.7083333333333334, 0.9444444444444444, 0.6666666666666666, 0.6666666666666666]",0.0,1,False,0.9988971626199887,,,,,-0.2156370822126051,-0.21574475661842232,-0.00010767440581721521,"['C4', 'CPz', 'CP4', 'C3', 'POz']","['C4', 'CPz', 'CP4', 'C3', 'POz']",,,,9,DeepConvNet
PGD_LP,True,gaussian,3.0,Linf,0.5,0.04435931682888689,"[0.4583294987678528, 0.4287666082382202, 0.4618466794490814, 0.4848373532295227, 0.4732421040534973, 0.46642929315567017, 0.36758163571357727, 0.49450865387916565, 0.4804357588291168, 0.5054912567138672, 0.4915006160736084, 0.5326167941093445, 0.47144103050231934, 0.5327156782150269, 0.5095414519309998, 0.5306553840637207, 0.5298653841018677, 0.5793887972831726, 0.5549542307853699, 0.5810274481773376, 0.5776880383491516, 0.6372151374816895]",40.0,0.0055449146036108616,True,999,0.7638888955116272,0.7256944179534912,0.2743055820465088,6.5758514404296875,6.576202392578125,0.04435932636260986,27.063140869140625,0.7435852885246277,"[0.7083333333333334, 0.9444444444444444, 0.6666666666666666, 0.7361111111111112]","[0.6805555555555556, 0.9166666666666666, 0.6666666666666666, 0.6388888888888888]",0.0,1,False,0.9988971626199887,,,,,-0.2156370822126051,-0.21574475661842232,-0.00010767440581721521,"['C4', 'CPz', 'CP4', 'C3', 'POz']","['C4', 'CPz', 'CP4', 'C3', 'POz']",,,,9,DeepConvNet
PGD_LP,True,gaussian,3.0,Linf,1.0,0.08871863365777378,"[0.9166589975357056, 0.8575332164764404, 0.9236933588981628, 0.9696747064590454, 0.9464842081069946, 0.9328585863113403, 0.7351632714271545, 0.9890173077583313, 0.9608715176582336, 1.0109825134277344, 0.9830012321472168, 1.065233588218689, 0.9428820610046387, 1.0654313564300537, 1.0190829038619995, 1.0613107681274414, 1.0597307682037354, 1.1587775945663452, 1.1099084615707397, 1.1620548963546753, 1.1553760766983032, 1.274430274963379]",40.0,0.011089829207221723,True,999,0.7638888955116272,0.6770833134651184,0.3229166865348816,12.721710205078125,12.711759567260742,0.08871865272521973,21.338790893554688,0.7204550504684448,"[0.7083333333333334, 0.9444444444444444, 0.6666666666666666, 0.7361111111111112]","[0.6111111111111112, 0.9027777777777778, 0.6527777777777778, 0.5416666666666666]",0.0,1,False,0.9988971626199887,,,,,-0.2156370822126051,-0.21574475661842232,-0.00010767440581721521,"['C4', 'CPz', 'CP4', 'C3', 'POz']","['C4', 'CPz', 'CP4', 'C3', 'POz']",,,,9,DeepConvNet
PGD_LP,True,gaussian,3.0,Linf,2.0,0.17743726731554757,"[1.8333179950714111, 1.7150664329528809, 1.8473867177963257, 1.9393494129180908, 1.8929684162139893, 1.8657171726226807, 1.470326542854309, 1.9780346155166626, 1.9217430353164673, 2.0219650268554688, 1.9660024642944336, 2.130467176437378, 1.8857641220092773, 2.1308627128601074, 2.038165807723999, 2.122621536254883, 2.1194615364074707, 2.3175551891326904, 2.2198169231414795, 2.3241097927093506, 2.3107521533966064, 2.548860549926758]",40.0,0.022179658414443446,True,999,0.7638888955116272,0.4201388955116272,0.5798611044883728,24.1232967376709,24.11783218383789,0.17743730545043945,15.776546478271484,0.6933647394180298,"[0.7083333333333334, 0.9444444444444444, 0.6666666666666666, 0.7361111111111112]","[0.3611111111111111, 0.6111111111111112, 0.4027777777777778, 0.3055555555555556]",0.0,1,False,0.9988971626199887,,,,,-0.2156370822126051,-0.21574475661842232,-0.00010767440581721521,"['C4', 'CPz', 'CP4', 'C3', 'POz']","['C4', 'CPz', 'CP4', 'C3', 'POz']",,,,9,DeepConvNet
DeepFool_L2,,,,L2,,,,50.0,,,999,0.7638888955116272,0.02777777798473835,0.9722222220152617,106.71109008789062,86.0654525756836,2.883666753768921,68.78060150146484,119.42949676513672,,,0.0,1,False,0.9398997741389046,,,,,-0.2156370822126051,-0.17819962610709683,0.03743745610550828,"['C4', 'CPz', 'CP4', 'C3', 'POz']","['C4', 'CP4', 'CPz', 'C3', 'POz']",,,,9,DeepConvNet
FGSM,False,,,Linf,0.25,0.022179658414443446,"[0.2291647493839264, 0.2143833041191101, 0.2309233397245407, 0.24241867661476135, 0.23662105202674866, 0.23321464657783508, 0.18379081785678864, 0.24725432693958282, 0.2402178794145584, 0.2527456283569336, 0.2457503080368042, 0.26630839705467224, 0.23572051525115967, 0.2663578391075134, 0.2547707259654999, 0.26532769203186035, 0.26493269205093384, 0.2896943986415863, 0.27747711539268494, 0.2905137240886688, 0.2888440191745758, 0.3186075687408447]",,,False,42,0.7465277910232544,0.1840277761220932,0.8159722238779068,113.61051940917969,113.12379455566406,3.805781841278076,2.3992726802825928,0.11915392428636551,"[0.5, 0.9444444444444444, 0.6805555555555556, 0.8611111111111112]","[0.05555555555555555, 0.0, 0.6805555555555556, 0.0]",0.0,1,False,0.9518368859401469,,,,,-0.10071893386288605,-0.1361229255705764,-0.03540399170769035,"['CP4', 'FCz', 'CP1', 'C4', 'C1']","['CP4', 'C4', 'CP1', 'FCz', 'C2']",,,,9,CTNet
FGSM,False,,,Linf,0.5,0.04435931682888689,"[0.4583294987678528, 0.4287666082382202, 0.4618466794490814, 0.4848373532295227, 0.4732421040534973, 0.46642929315567017, 0.36758163571357727, 0.49450865387916565, 0.4804357588291168, 0.5054912567138672, 0.4915006160736084, 0.5326167941093445, 0.47144103050231934, 0.5327156782150269, 0.5095414519309998, 0.5306553840637207, 0.5298653841018677, 0.5793887972831726, 0.5549542307853699, 0.5810274481773376, 0.5776880383491516, 0.6372151374816895]",,,False,42,0.7465277910232544,0.0381944440305233,0.9618055559694767,112.58243560791016,113.18370056152344,3.805781841278076,2.394541025161743,0.11809807270765305,"[0.5, 0.9444444444444444, 0.6805555555555556, 0.8611111111111112]","[0.0, 0.0, 0.1527777777777778, 0.0]",0.0,1,False,0.9518368859401469,,,,,-0.10071893386288605,-0.1361229255705764,-0.03540399170769035,"['CP4', 'FCz', 'CP1', 'C4', 'C1']","['CP4', 'C4', 'CP1', 'FCz', 'C2']",,,,9,CTNet
FGSM,False,,,Linf,1.0,0.08871863365777378,"[0.9166589975357056, 0.8575332164764404, 0.9236933588981628, 0.9696747064590454, 0.9464842081069946, 0.9328585863113403, 0.7351632714271545, 0.9890173077583313, 0.9608715176582336, 1.0109825134277344, 0.9830012321472168, 1.065233588218689, 0.9428820610046387, 1.0654313564300537, 1.0190829038619995, 1.0613107681274414, 1.0597307682037354, 1.1587775945663452, 1.1099084615707397, 1.1620548963546753, 1.1553760766983032, 1.274430274963379]",,,False,42,0.7465277910232544,0.0,1.0,112.78701782226562,113.42262268066406,3.805781841278076,2.375699043273926,0.11395818740129471,"[0.5, 0.9444444444444444, 0.6805555555555556, 0.8611111111111112]","[0.0, 0.0, 0.0, 0.0]",0.0,1,False,0.9518368859401469,,,,,-0.10071893386288605,-0.1361229255705764,-0.03540399170769035,"['CP4', 'FCz', 'CP1', 'C4', 'C1']","['CP4', 'C4', 'CP1', 'FCz', 'C2']",,,,9,CTNet
FGSM,False,,,Linf,2.0,0.17743726731554757,"[1.8333179950714111, 1.7150664329528809, 1.8473867177963257, 1.9393494129180908, 1.8929684162139893, 1.8657171726226807, 1.470326542854309, 1.9780346155166626, 1.9217430353164673, 2.0219650268554688, 1.9660024642944336, 2.130467176437378, 1.8857641220092773, 2.1308627128601074, 2.038165807723999, 2.122621536254883, 2.1194615364074707, 2.3175551891326904, 2.2198169231414795, 2.3241097927093506, 2.3107521533966064, 2.548860549926758]",,,False,42,0.7465277910232544,0.0,1.0,113.69761657714844,114.36672973632812,3.805781841278076,2.3016862869262695,0.09878476709127426,"[0.5, 0.9444444444444444, 0.6805555555555556, 0.8611111111111112]","[0.0, 0.0, 0.0, 0.0]",0.0,1,False,0.9518368859401469,,,,,-0.10071893386288605,-0.1361229255705764,-0.03540399170769035,"['CP4', 'FCz', 'CP1', 'C4', 'C1']","['CP4', 'C4', 'CP1', 'FCz', 'C2']",,,,9,CTNet
PGD,False,,,Linf,0.25,0.022179658414443446,"[0.2291647493839264, 0.2143833041191101, 0.2309233397245407, 0.24241867661476135, 0.23662105202674866, 0.23321464657783508, 0.18379081785678864, 0.24725432693958282, 0.2402178794145584, 0.2527456283569336, 0.2457503080368042, 0.26630839705467224, 0.23572051525115967, 0.2663578391075134, 0.2547707259654999, 0.26532769203186035, 0.26493269205093384, 0.2896943986415863, 0.27747711539268494, 0.2905137240886688, 0.2888440191745758, 0.3186075687408447]",40.0,0.0027724573018054308,True,42,0.7465277910232544,0.1076388880610466,0.8923611119389534,113.28146362304688,113.12376403808594,3.805781841278076,2.399275541305542,0.11915455013513565,"[0.5, 0.9444444444444444, 0.6805555555555556, 0.8611111111111112]","[0.0, 0.0, 0.4305555555555556, 0.0]",0.0,1,False,0.9511310700169398,,,,,-0.10071893386288605,-0.14060505850210617,-0.039886124639220116,"['CP4', 'FCz', 'CP1', 'C4', 'C1']","['CP4', 'C4', 'CP1', 'FCz', 'C2']",,,,9,CTNet
PGD,False,,,Linf,0.5,0.04435931682888689,"[0.4583294987678528, 0.4287666082382202, 0.4618466794490814, 0.4848373532295227, 0.4732421040534973, 0.46642929315567017, 0.36758163571357727, 0.49450865387916565, 0.4804357588291168, 0.5054912567138672, 0.4915006160736084, 0.5326167941093445, 0.47144103050231934, 0.5327156782150269, 0.5095414519309998, 0.5306553840637207, 0.5298653841018677, 0.5793887972831726, 0.5549542307853699, 0.5810274481773376, 0.5776880383491516, 0.6372151374816895]",40.0,0.0055449146036108616,True,42,0.7465277910232544,0.0069444444961845875,0.9930555555038154,112.55538177490234,113.18338775634766,3.805781841278076,2.3945653438568115,0.11810413002967834,"[0.5, 0.9444444444444444, 0.6805555555555556, 0.8611111111111112]","[0.0, 0.0, 0.027777777777777776, 0.0]",0.0,1,False,0.9511310700169398,,,,,-0.10071893386288605,-0.14060505850210617,-0.039886124639220116,"['CP4', 'FCz', 'CP1', 'C4', 'C1']","['CP4', 'C4', 'CP1', 'FCz', 'C2']",,,,9,CTNet
PGD,False,,,Linf,1.0,0.08871863365777378,"[0.9166589975357056, 0.8575332164764404, 0.9236933588981628, 0.9696747064590454, 0.9464842081069946, 0.9328585863113403, 0.7351632714271545, 0.9890173077583313, 0.9608715176582336, 1.0109825134277344, 0.9830012321472168, 1.065233588218689, 0.9428820610046387, 1.0654313564300537, 1.0190829038619995, 1.0613107681274414, 1.0597307682037354, 1.1587775945663452, 1.1099084615707397, 1.1620548963546753, 1.1553760766983032, 1.274430274963379]",40.0,0.011089829207221723,True,42,0.7465277910232544,0.0,1.0,112.78529357910156,113.41973114013672,3.805781841278076,2.3759281635284424,0.11401578038930893,"[0.5, 0.9444444444444444, 0.6805555555555556, 0.8611111111111112]","[0.0, 0.0, 0.0, 0.0]",0.0,1,False,0.9511310700169398,,,,,-0.10071893386288605,-0.14060505850210617,-0.039886124639220116,"['CP4', 'FCz', 'CP1', 'C4', 'C1']","['CP4', 'C4', 'CP1', 'FCz', 'C2']",,,,9,CTNet
PGD,False,,,Linf,2.0,0.17743726731554757,"[1.8333179950714111, 1.7150664329528809, 1.8473867177963257, 1.9393494129180908, 1.8929684162139893, 1.8657171726226807, 1.470326542854309, 1.9780346155166626, 1.9217430353164673, 2.0219650268554688, 1.9660024642944336, 2.130467176437378, 1.8857641220092773, 2.1308627128601074, 2.038165807723999, 2.122621536254883, 2.1194615364074707, 2.3175551891326904, 2.2198169231414795, 2.3241097927093506, 2.3107521533966064, 2.548860549926758]",40.0,0.022179658414443446,True,42,0.7465277910232544,0.0,1.0,113.68649291992188,114.34146881103516,3.805781841278076,2.303666353225708,0.09921486675739288,"[0.5, 0.9444444444444444, 0.6805555555555556, 0.8611111111111112]","[0.0, 0.0, 0.0, 0.0]",0.0,1,False,0.9511310700169398,,,,,-0.10071893386288605,-0.14060505850210617,-0.039886124639220116,"['CP4', 'FCz', 'CP1', 'C4', 'C1']","['CP4', 'C4', 'CP1', 'FCz', 'C2']",,,,9,CTNet
FGSM_LP,True,gaussian,3.0,Linf,0.25,0.022179658414443446,"[0.2291647493839264, 0.2143833041191101, 0.2309233397245407, 0.24241867661476135, 0.23662105202674866, 0.23321464657783508, 0.18379081785678864, 0.24725432693958282, 0.2402178794145584, 0.2527456283569336, 0.2457503080368042, 0.26630839705467224, 0.23572051525115967, 0.2663578391075134, 0.2547707259654999, 0.26532769203186035, 0.26493269205093384, 0.2896943986415863, 0.27747711539268494, 0.2905137240886688, 0.2888440191745758, 0.3186075687408447]",,,False,42,0.7465277910232544,0.65625,0.34375,3.3812270164489746,3.381117582321167,0.02217966318130493,32.84116744995117,0.7750218510627747,"[0.5, 0.9444444444444444, 0.6805555555555556, 0.8611111111111112]","[0.3472222222222222, 0.8888888888888888, 0.5972222222222222, 0.7916666666666666]",0.0,1,False,0.9984648503670241,,,,,-0.10071893386288605,-0.10413579214237853,-0.0034168582794924796,"['CP4', 'FCz', 'CP1', 'C4', 'C1']","['CP4', 'FCz', 'CP1', 'C4', 'C1']",,,,9,CTNet
FGSM_LP,True,gaussian,3.0,Linf,0.5,0.04435931682888689,"[0.4583294987678528, 0.4287666082382202, 0.4618466794490814, 0.4848373532295227, 0.4732421040534973, 0.46642929315567017, 0.36758163571357727, 0.49450865387916565, 0.4804357588291168, 0.5054912567138672, 0.4915006160736084, 0.5326167941093445, 0.47144103050231934, 0.5327156782150269, 0.5095414519309998, 0.5306553840637207, 0.5298653841018677, 0.5793887972831726, 0.5549542307853699, 0.5810274481773376, 0.5776880383491516, 0.6372151374816895]",,,False,42,0.7465277910232544,0.4375,0.5625,6.627666473388672,6.638932228088379,0.04435932636260986,26.98048210144043,0.7635146975517273,"[0.5, 0.9444444444444444, 0.6805555555555556, 0.8611111111111112]","[0.20833333333333334, 0.5138888888888888, 0.3194444444444444, 0.7083333333333334]",0.0,1,False,0.9984648503670241,,,,,-0.10071893386288605,-0.10413579214237853,-0.0034168582794924796,"['CP4', 'FCz', 'CP1', 'C4', 'C1']","['CP4', 'FCz', 'CP1', 'C4', 'C1']",,,,9,CTNet
FGSM_LP,True,gaussian,3.0,Linf,1.0,0.08871863365777378,"[0.9166589975357056, 0.8575332164764404, 0.9236933588981628, 0.9696747064590454, 0.9464842081069946, 0.9328585863113403, 0.7351632714271545, 0.9890173077583313, 0.9608715176582336, 1.0109825134277344, 0.9830012321472168, 1.065233588218689, 0.9428820610046387, 1.0654313564300537, 1.0190829038619995, 1.0613107681274414, 1.0597307682037354, 1.1587775945663452, 1.1099084615707397, 1.1620548963546753, 1.1553760766983032, 1.274430274963379]",,,False,42,0.7465277910232544,0.0902777761220932,0.9097222238779068,12.886176109313965,12.903874397277832,0.08871865272521973,21.20815086364746,0.7512083649635315,"[0.5, 0.9444444444444444, 0.6805555555555556, 0.8611111111111112]","[0.0, 0.0, 0.0, 0.3611111111111111]",0.0,1,False,0.9984648503670241,,,,,-0.10071893386288605,-0.10413579214237853,-0.0034168582794924796,"['CP4', 'FCz', 'CP1', 'C4', 'C1']","['CP4', 'FCz', 'CP1', 'C4', 'C1']",,,,9,CTNet
FGSM_LP,True,gaussian,3.0,Linf,2.0,0.17743726731554757,"[1.8333179950714111, 1.7150664329528809, 1.8473867177963257, 1.9393494129180908, 1.8929684162139893, 1.8657171726226807, 1.470326542854309, 1.9780346155166626, 1.9217430353164673, 2.0219650268554688, 1.9660024642944336, 2.130467176437378, 1.8857641220092773, 2.1308627128601074, 2.038165807723999, 2.122621536254883, 2.1194615364074707, 2.3175551891326904, 2.2198169231414795, 2.3241097927093506, 2.3107521533966064, 2.548860549926758]",,,False,42,0.7465277910232544,0.013888888992369175,0.9861111110076308,24.690547943115234,24.700904846191406,0.17743730545043945,15.568437576293945,0.7401343584060669,"[0.5, 0.9444444444444444, 0.6805555555555556, 0.8611111111111112]","[0.0, 0.0, 0.0, 0.05555555555555555]",0.0,1,False,0.9984648503670241,,,,,-0.10071893386288605,-0.10413579214237853,-0.0034168582794924796,"['CP4', 'FCz', 'CP1', 'C4', 'C1']","['CP4', 'FCz', 'CP1', 'C4', 'C1']",,,,9,CTNet
PGD_LP,True,gaussian,3.0,Linf,0.25,0.022179658414443446,"[0.2291647493839264, 0.2143833041191101, 0.2309233397245407, 0.24241867661476135, 0.23662105202674866, 0.23321464657783508, 0.18379081785678864, 0.24725432693958282, 0.2402178794145584, 0.2527456283569336, 0.2457503080368042, 0.26630839705467224, 0.23572051525115967, 0.2663578391075134, 0.2547707259654999, 0.26532769203186035, 0.26493269205093384, 0.2896943986415863, 0.27747711539268494, 0.2905137240886688, 0.2888440191745758, 0.3186075687408447]",40.0,0.0027724573018054308,True,42,0.7465277910232544,0.6736111044883728,0.3263888955116272,3.382267951965332,3.382908821105957,0.02217966318130493,32.83656311035156,0.7768723964691162,"[0.5, 0.9444444444444444, 0.6805555555555556, 0.8611111111111112]","[0.3472222222222222, 0.8888888888888888, 0.6527777777777778, 0.8055555555555556]",0.0,1,False,0.9985354319593449,,,,,-0.10071893386288605,-0.10433539036712333,-0.003616456504237281,"['CP4', 'FCz', 'CP1', 'C4', 'C1']","['CP4', 'FCz', 'CP1', 'C4', 'C1']",,,,9,CTNet
PGD_LP,True,gaussian,3.0,Linf,0.5,0.04435931682888689,"[0.4583294987678528, 0.4287666082382202, 0.4618466794490814, 0.4848373532295227, 0.4732421040534973, 0.46642929315567017, 0.36758163571357727, 0.49450865387916565, 0.4804357588291168, 0.5054912567138672, 0.4915006160736084, 0.5326167941093445, 0.47144103050231934, 0.5327156782150269, 0.5095414519309998, 0.5306553840637207, 0.5298653841018677, 0.5793887972831726, 0.5549542307853699, 0.5810274481773376, 0.5776880383491516, 0.6372151374816895]",40.0,0.0055449146036108616,True,42,0.7465277910232544,0.5,0.5,6.631894111633301,6.643316268920898,0.04435932636260986,26.9747371673584,0.7656204700469971,"[0.5, 0.9444444444444444, 0.6805555555555556, 0.8611111111111112]","[0.2638888888888889, 0.5555555555555556, 0.4583333333333333, 0.7222222222222222]",0.0,1,False,0.9985354319593449,,,,,-0.10071893386288605,-0.10433539036712333,-0.003616456504237281,"['CP4', 'FCz', 'CP1', 'C4', 'C1']","['CP4', 'FCz', 'CP1', 'C4', 'C1']",,,,9,CTNet
PGD_LP,True,gaussian,3.0,Linf,1.0,0.08871863365777378,"[0.9166589975357056, 0.8575332164764404, 0.9236933588981628, 0.9696747064590454, 0.9464842081069946, 0.9328585863113403, 0.7351632714271545, 0.9890173077583313, 0.9608715176582336, 1.0109825134277344, 0.9830012321472168, 1.065233588218689, 0.9428820610046387, 1.0654313564300537, 1.0190829038619995, 1.0613107681274414, 1.0597307682037354, 1.1587775945663452, 1.1099084615707397, 1.1620548963546753, 1.1553760766983032, 1.274430274963379]",40.0,0.011089829207221723,True,42,0.7465277910232544,0.1319444477558136,0.8680555522441864,12.892093658447266,12.907339096069336,0.08871865272521973,21.205835342407227,0.7493207454681396,"[0.5, 0.9444444444444444, 0.6805555555555556, 0.8611111111111112]","[0.05555555555555555, 0.0, 0.05555555555555555, 0.4166666666666667]",0.0,1,False,0.9985354319593449,,,,,-0.10071893386288605,-0.10433539036712333,-0.003616456504237281,"['CP4', 'FCz', 'CP1', 'C4', 'C1']","['CP4', 'FCz', 'CP1', 'C4', 'C1']",,,,9,CTNet
PGD_LP,True,gaussian,3.0,Linf,2.0,0.17743726731554757,"[1.8333179950714111, 1.7150664329528809, 1.8473867177963257, 1.9393494129180908, 1.8929684162139893, 1.8657171726226807, 1.470326542854309, 1.9780346155166626, 1.9217430353164673, 2.0219650268554688, 1.9660024642944336, 2.130467176437378, 1.8857641220092773, 2.1308627128601074, 2.038165807723999, 2.122621536254883, 2.1194615364074707, 2.3175551891326904, 2.2198169231414795, 2.3241097927093506, 2.3107521533966064, 2.548860549926758]",40.0,0.022179658414443446,True,42,0.7465277910232544,0.010416666977107525,0.9895833330228925,24.678977966308594,24.66160774230957,0.17743730545043945,15.582386016845703,0.7288800477981567,"[0.5, 0.9444444444444444, 0.6805555555555556, 0.8611111111111112]","[0.0, 0.0, 0.0, 0.041666666666666664]",0.0,1,False,0.9985354319593449,,,,,-0.10071893386288605,-0.10433539036712333,-0.003616456504237281,"['CP4', 'FCz', 'CP1', 'C4', 'C1']","['CP4', 'FCz', 'CP1', 'C4', 'C1']",,,,9,CTNet
DeepFool_L2,,,,L2,,,,50.0,,,42,0.7465277910232544,0.1076388880610466,0.8923611119389534,104.84174346923828,84.02432250976562,2.834144115447998,73.66734313964844,122.30196380615234,,,0.0,1,False,0.9599802371541503,,,,,-0.10071893386288605,-0.11102428363836983,-0.01030534977548378,"['CP4', 'FCz', 'CP1', 'C4', 'C1']","['CP4', 'C4', 'CP1', 'FCz', 'C2']",,,,9,CTNet
FGSM,False,,,Linf,0.25,0.022179658414443446,"[0.2291647493839264, 0.2143833041191101, 0.2309233397245407, 0.24241867661476135, 0.23662105202674866, 0.23321464657783508, 0.18379081785678864, 0.24725432693958282, 0.2402178794145584, 0.2527456283569336, 0.2457503080368042, 0.26630839705467224, 0.23572051525115967, 0.2663578391075134, 0.2547707259654999, 0.26532769203186035, 0.26493269205093384, 0.2896943986415863, 0.27747711539268494, 0.2905137240886688, 0.2888440191745758, 0.3186075687408447]",,,False,123,0.7152777910232544,0.1979166716337204,0.8020833283662796,114.8274917602539,113.12379455566406,3.805781841278076,2.3992726802825928,0.11915416270494461,"[0.6111111111111112, 0.8333333333333334, 0.625, 0.7916666666666666]","[0.0, 0.7777777777777778, 0.013888888888888888, 0.0]",0.0,1,False,0.9114201016374931,,,,,-0.014578717528486714,-0.03922890324398386,-0.02465018571549715,"['CPz', 'C5', 'P1', 'CP4', 'FC2']","['CPz', 'C5', 'CP4', 'P1', 'FC2']",,,,9,CTNet
FGSM,False,,,Linf,0.5,0.04435931682888689,"[0.4583294987678528, 0.4287666082382202, 0.4618466794490814, 0.4848373532295227, 0.4732421040534973, 0.46642929315567017, 0.36758163571357727, 0.49450865387916565, 0.4804357588291168, 0.5054912567138672, 0.4915006160736084, 0.5326167941093445, 0.47144103050231934, 0.5327156782150269, 0.5095414519309998, 0.5306553840637207, 0.5298653841018677, 0.5793887972831726, 0.5549542307853699, 0.5810274481773376, 0.5776880383491516, 0.6372151374816895]",,,False,123,0.7152777910232544,0.010416666977107525,0.9895833330228925,112.52873229980469,113.18370819091797,3.805781841278076,2.394540548324585,0.11809996515512466,"[0.6111111111111112, 0.8333333333333334, 0.625, 0.7916666666666666]","[0.0, 0.041666666666666664, 0.0, 0.0]",0.0,1,False,0.9114201016374931,,,,,-0.014578717528486714,-0.03922890324398386,-0.02465018571549715,"['CPz', 'C5', 'P1', 'CP4', 'FC2']","['CPz', 'C5', 'CP4', 'P1', 'FC2']",,,,9,CTNet
FGSM,False,,,Linf,1.0,0.08871863365777378,"[0.9166589975357056, 0.8575332164764404, 0.9236933588981628, 0.9696747064590454, 0.9464842081069946, 0.9328585863113403, 0.7351632714271545, 0.9890173077583313, 0.9608715176582336, 1.0109825134277344, 0.9830012321472168, 1.065233588218689, 0.9428820610046387, 1.0654313564300537, 1.0190829038619995, 1.0613107681274414, 1.0597307682037354, 1.1587775945663452, 1.1099084615707397, 1.1620548963546753, 1.1553760766983032, 1.274430274963379]",,,False,123,0.7152777910232544,0.0,1.0,112.78744506835938,113.42265319824219,3.805781841278076,2.3756980895996094,0.11396997421979904,"[0.6111111111111112, 0.8333333333333334, 0.625, 0.7916666666666666]","[0.0, 0.0, 0.0, 0.0]",0.0,1,False,0.9114201016374931,,,,,-0.014578717528486714,-0.03922890324398386,-0.02465018571549715,"['CPz', 'C5', 'P1', 'CP4', 'FC2']","['CPz', 'C5', 'CP4', 'P1', 'FC2']",,,,9,CTNet
FGSM,False,,,Linf,2.0,0.17743726731554757,"[1.8333179950714111, 1.7150664329528809, 1.8473867177963257, 1.9393494129180908, 1.8929684162139893, 1.8657171726226807, 1.470326542854309, 1.9780346155166626, 1.9217430353164673, 2.0219650268554688, 1.9660024642944336, 2.130467176437378, 1.8857641220092773, 2.1308627128601074, 2.038165807723999, 2.122621536254883, 2.1194615364074707, 2.3175551891326904, 2.2198169231414795, 2.3241097927093506, 2.3107521533966064, 2.548860549926758]",,,False,123,0.7152777910232544,0.0,1.0,113.70097351074219,114.36685943603516,3.805781841278076,2.3016855716705322,0.09885720908641815,"[0.6111111111111112, 0.8333333333333334, 0.625, 0.7916666666666666]","[0.0, 0.0, 0.0, 0.0]",0.0,1,False,0.9114201016374931,,,,,-0.014578717528486714,-0.03922890324398386,-0.02465018571549715,"['CPz', 'C5', 'P1', 'CP4', 'FC2']","['CPz', 'C5', 'CP4', 'P1', 'FC2']",,,,9,CTNet
PGD,False,,,Linf,0.25,0.022179658414443446,"[0.2291647493839264, 0.2143833041191101, 0.2309233397245407, 0.24241867661476135, 0.23662105202674866, 0.23321464657783508, 0.18379081785678864, 0.24725432693958282, 0.2402178794145584, 0.2527456283569336, 0.2457503080368042, 0.26630839705467224, 0.23572051525115967, 0.2663578391075134, 0.2547707259654999, 0.26532769203186035, 0.26493269205093384, 0.2896943986415863, 0.27747711539268494, 0.2905137240886688, 0.2888440191745758, 0.3186075687408447]",40.0,0.0027724573018054308,True,123,0.7152777910232544,0.1736111044883728,0.8263888955116272,114.28910827636719,113.1237564086914,3.805781841278076,2.399275779724121,0.1191546618938446,"[0.6111111111111112, 0.8333333333333334, 0.625, 0.7916666666666666]","[0.0, 0.6944444444444444, 0.0, 0.0]",0.0,1,False,0.9122229672501412,,,,,-0.014578717528486714,-0.03897088243819896,-0.024392164909712247,"['CPz', 'C5', 'P1', 'CP4', 'FC2']","['CPz', 'C5', 'CP4', 'P1', 'FC2']",,,,9,CTNet
PGD,False,,,Linf,0.5,0.04435931682888689,"[0.4583294987678528, 0.4287666082382202, 0.4618466794490814, 0.4848373532295227, 0.4732421040534973, 0.46642929315567017, 0.36758163571357727, 0.49450865387916565, 0.4804357588291168, 0.5054912567138672, 0.4915006160736084, 0.5326167941093445, 0.47144103050231934, 0.5327156782150269, 0.5095414519309998, 0.5306553840637207, 0.5298653841018677, 0.5793887972831726, 0.5549542307853699, 0.5810274481773376, 0.5776880383491516, 0.6372151374816895]",40.0,0.0055449146036108616,True,123,0.7152777910232544,0.0,1.0,112.5552978515625,113.18338012695312,3.805781841278076,2.394566774368286,0.11810442805290222,"[0.6111111111111112, 0.8333333333333334, 0.625, 0.7916666666666666]","[0.0, 0.0, 0.0, 0.0]",0.0,1,False,0.9122229672501412,,,,,-0.014578717528486714,-0.03897088243819896,-0.024392164909712247,"['CPz', 'C5', 'P1', 'CP4', 'FC2']","['CPz', 'C5', 'CP4', 'P1', 'FC2']",,,,9,CTNet
PGD,False,,,Linf,1.0,0.08871863365777378,"[0.9166589975357056, 0.8575332164764404, 0.9236933588981628, 0.9696747064590454, 0.9464842081069946, 0.9328585863113403, 0.7351632714271545, 0.9890173077583313, 0.9608715176582336, 1.0109825134277344, 0.9830012321472168, 1.065233588218689, 0.9428820610046387, 1.0654313564300537, 1.0190829038619995, 1.0613107681274414, 1.0597307682037354, 1.1587775945663452, 1.1099084615707397, 1.1620548963546753, 1.1553760766983032, 1.274430274963379]",40.0,0.011089829207221723,True,123,0.7152777910232544,0.0,1.0,112.78497314453125,113.41978454589844,3.805781841278076,2.3759238719940186,0.11401550471782684,"[0.6111111111111112, 0.8333333333333334, 0.625, 0.7916666666666666]","[0.0, 0.0, 0.0, 0.0]",0.0,1,False,0.9122229672501412,,,,,-0.014578717528486714,-0.03897088243819896,-0.024392164909712247,"['CPz', 'C5', 'P1', 'CP4', 'FC2']","['CPz', 'C5', 'CP4', 'P1', 'FC2']",,,,9,CTNet
PGD,False,,,Linf,2.0,0.17743726731554757,"[1.8333179950714111, 1.7150664329528809, 1.8473867177963257, 1.9393494129180908, 1.8929684162139893, 1.8657171726226807, 1.470326542854309, 1.9780346155166626, 1.9217430353164673, 2.0219650268554688, 1.9660024642944336, 2.130467176437378, 1.8857641220092773, 2.1308627128601074, 2.038165807723999, 2.122621536254883, 2.1194615364074707, 2.3175551891326904, 2.2198169231414795, 2.3241097927093506, 2.3107521533966064, 2.548860549926758]",40.0,0.022179658414443446,True,123,0.7152777910232544,0.0,1.0,113.68970489501953,114.34458923339844,3.805781841278076,2.3034098148345947,0.09905701875686646,"[0.6111111111111112, 0.8333333333333334, 0.625, 0.7916666666666666]","[0.0, 0.0, 0.0, 0.0]",0.0,1,False,0.9122229672501412,,,,,-0.014578717528486714,-0.03897088243819896,-0.024392164909712247,"['CPz', 'C5', 'P1', 'CP4', 'FC2']","['CPz', 'C5', 'CP4', 'P1', 'FC2']",,,,9,CTNet
FGSM_LP,True,gaussian,3.0,Linf,0.25,0.022179658414443446,"[0.2291647493839264, 0.2143833041191101, 0.2309233397245407, 0.24241867661476135, 0.23662105202674866, 0.23321464657783508, 0.18379081785678864, 0.24725432693958282, 0.2402178794145584, 0.2527456283569336, 0.2457503080368042, 0.26630839705467224, 0.23572051525115967, 0.2663578391075134, 0.2547707259654999, 0.26532769203186035, 0.26493269205093384, 0.2896943986415863, 0.27747711539268494, 0.2905137240886688, 0.2888440191745758, 0.3186075687408447]",,,False,123,0.7152777910232544,0.65625,0.34375,3.385978937149048,3.384180784225464,0.02217966318130493,32.83329391479492,0.775775671005249,"[0.6111111111111112, 0.8333333333333334, 0.625, 0.7916666666666666]","[0.5416666666666666, 0.8194444444444444, 0.5138888888888888, 0.75]",0.0,1,False,0.9984030914737436,,,,,-0.014578717528486714,-0.016884197716703454,-0.0023054801882167394,"['CPz', 'C5', 'P1', 'CP4', 'FC2']","['CPz', 'C5', 'P1', 'CP4', 'FC2']",,,,9,CTNet
FGSM_LP,True,gaussian,3.0,Linf,0.5,0.04435931682888689,"[0.4583294987678528, 0.4287666082382202, 0.4618466794490814, 0.4848373532295227, 0.4732421040534973, 0.46642929315567017, 0.36758163571357727, 0.49450865387916565, 0.4804357588291168, 0.5054912567138672, 0.4915006160736084, 0.5326167941093445, 0.47144103050231934, 0.5327156782150269, 0.5095414519309998, 0.5306553840637207, 0.5298653841018677, 0.5793887972831726, 0.5549542307853699, 0.5810274481773376, 0.5776880383491516, 0.6372151374816895]",,,False,123,0.7152777910232544,0.5208333134651184,0.4791666865348816,6.6447601318359375,6.649110794067383,0.04435932636260986,26.967161178588867,0.764521062374115,"[0.6111111111111112, 0.8333333333333334, 0.625, 0.7916666666666666]","[0.375, 0.75, 0.3333333333333333, 0.625]",0.0,1,False,0.9984030914737436,,,,,-0.014578717528486714,-0.016884197716703454,-0.0023054801882167394,"['CPz', 'C5', 'P1', 'CP4', 'FC2']","['CPz', 'C5', 'P1', 'CP4', 'FC2']",,,,9,CTNet
FGSM_LP,True,gaussian,3.0,Linf,1.0,0.08871863365777378,"[0.9166589975357056, 0.8575332164764404, 0.9236933588981628, 0.9696747064590454, 0.9464842081069946, 0.9328585863113403, 0.7351632714271545, 0.9890173077583313, 0.9608715176582336, 1.0109825134277344, 0.9830012321472168, 1.065233588218689, 0.9428820610046387, 1.0654313564300537, 1.0190829038619995, 1.0613107681274414, 1.0597307682037354, 1.1587775945663452, 1.1099084615707397, 1.1620548963546753, 1.1553760766983032, 1.274430274963379]",,,False,123,0.7152777910232544,0.1145833358168602,0.8854166641831398,12.928796768188477,12.938647270202637,0.08871865272521973,21.184757232666016,0.7516961693763733,"[0.6111111111111112, 0.8333333333333334, 0.625, 0.7916666666666666]","[0.027777777777777776, 0.09722222222222222, 0.027777777777777776, 0.3055555555555556]",0.0,1,False,0.9984030914737436,,,,,-0.014578717528486714,-0.016884197716703454,-0.0023054801882167394,"['CPz', 'C5', 'P1', 'CP4', 'FC2']","['CPz', 'C5', 'P1', 'CP4', 'FC2']",,,,9,CTNet
FGSM_LP,True,gaussian,3.0,Linf,2.0,0.17743726731554757,"[1.8333179950714111, 1.7150664329528809, 1.8473867177963257, 1.9393494129180908, 1.8929684162139893, 1.8657171726226807, 1.470326542854309, 1.9780346155166626, 1.9217430353164673, 2.0219650268554688, 1.9660024642944336, 2.130467176437378, 1.8857641220092773, 2.1308627128601074, 2.038165807723999, 2.122621536254883, 2.1194615364074707, 2.3175551891326904, 2.2198169231414795, 2.3241097927093506, 2.3107521533966064, 2.548860549926758]",,,False,123,0.7152777910232544,0.0069444444961845875,0.9930555555038154,24.8114013671875,24.80889892578125,0.17743730545043945,15.530512809753418,0.7400711178779602,"[0.6111111111111112, 0.8333333333333334, 0.625, 0.7916666666666666]","[0.0, 0.0, 0.0, 0.027777777777777776]",0.0,1,False,0.9984030914737436,,,,,-0.014578717528486714,-0.016884197716703454,-0.0023054801882167394,"['CPz', 'C5', 'P1', 'CP4', 'FC2']","['CPz', 'C5', 'P1', 'CP4', 'FC2']",,,,9,CTNet
PGD_LP,True,gaussian,3.0,Linf,0.25,0.022179658414443446,"[0.2291647493839264, 0.2143833041191101, 0.2309233397245407, 0.24241867661476135, 0.23662105202674866, 0.23321464657783508, 0.18379081785678864, 0.24725432693958282, 0.2402178794145584, 0.2527456283569336, 0.2457503080368042, 0.26630839705467224, 0.23572051525115967, 0.2663578391075134, 0.2547707259654999, 0.26532769203186035, 0.26493269205093384, 0.2896943986415863, 0.27747711539268494, 0.2905137240886688, 0.2888440191745758, 0.3186075687408447]",40.0,0.0027724573018054308,True,123,0.7152777910232544,0.6701388955116272,0.3298611044883728,3.3845882415771484,3.385385751724243,0.02217966318130493,32.83018493652344,0.7784093022346497,"[0.6111111111111112, 0.8333333333333334, 0.625, 0.7916666666666666]","[0.5555555555555556, 0.8194444444444444, 0.5277777777777778, 0.7777777777777778]",0.0,1,False,0.9984207368718239,,,,,-0.014578717528486714,-0.016895028168192907,-0.0023163106397061928,"['CPz', 'C5', 'P1', 'CP4', 'FC2']","['CPz', 'C5', 'P1', 'CP4', 'FC2']",,,,9,CTNet
PGD_LP,True,gaussian,3.0,Linf,0.5,0.04435931682888689,"[0.4583294987678528, 0.4287666082382202, 0.4618466794490814, 0.4848373532295227, 0.4732421040534973, 0.46642929315567017, 0.36758163571357727, 0.49450865387916565, 0.4804357588291168, 0.5054912567138672, 0.4915006160736084, 0.5326167941093445, 0.47144103050231934, 0.5327156782150269, 0.5095414519309998, 0.5306553840637207, 0.5298653841018677, 0.5793887972831726, 0.5549542307853699, 0.5810274481773376, 0.5776880383491516, 0.6372151374816895]",40.0,0.0055449146036108616,True,123,0.7152777910232544,0.5868055820465088,0.4131944179534912,6.648769855499268,6.652008533477783,0.04435932636260986,26.96336555480957,0.7672093510627747,"[0.6111111111111112, 0.8333333333333334, 0.625, 0.7916666666666666]","[0.4861111111111111, 0.75, 0.375, 0.7361111111111112]",0.0,1,False,0.9984207368718239,,,,,-0.014578717528486714,-0.016895028168192907,-0.0023163106397061928,"['CPz', 'C5', 'P1', 'CP4', 'FC2']","['CPz', 'C5', 'P1', 'CP4', 'FC2']",,,,9,CTNet
PGD_LP,True,gaussian,3.0,Linf,1.0,0.08871863365777378,"[0.9166589975357056, 0.8575332164764404, 0.9236933588981628, 0.9696747064590454, 0.9464842081069946, 0.9328585863113403, 0.7351632714271545, 0.9890173077583313, 0.9608715176582336, 1.0109825134277344, 0.9830012321472168, 1.065233588218689, 0.9428820610046387, 1.0654313564300537, 1.0190829038619995, 1.0613107681274414, 1.0597307682037354, 1.1587775945663452, 1.1099084615707397, 1.1620548963546753, 1.1553760766983032, 1.274430274963379]",40.0,0.011089829207221723,True,123,0.7152777910232544,0.2326388955116272,0.7673611044883728,12.925067901611328,12.94076156616211,0.08871865272521973,21.183334350585938,0.7539576292037964,"[0.6111111111111112, 0.8333333333333334, 0.625, 0.7916666666666666]","[0.1111111111111111, 0.125, 0.125, 0.5694444444444444]",0.0,1,False,0.9984207368718239,,,,,-0.014578717528486714,-0.016895028168192907,-0.0023163106397061928,"['CPz', 'C5', 'P1', 'CP4', 'FC2']","['CPz', 'C5', 'P1', 'CP4', 'FC2']",,,,9,CTNet
PGD_LP,True,gaussian,3.0,Linf,2.0,0.17743726731554757,"[1.8333179950714111, 1.7150664329528809, 1.8473867177963257, 1.9393494129180908, 1.8929684162139893, 1.8657171726226807, 1.470326542854309, 1.9780346155166626, 1.9217430353164673, 2.0219650268554688, 1.9660024642944336, 2.130467176437378, 1.8857641220092773, 2.1308627128601074, 2.038165807723999, 2.122621536254883, 2.1194615364074707, 2.3175551891326904, 2.2198169231414795, 2.3241097927093506, 2.3107521533966064, 2.548860549926758]",40.0,0.022179658414443446,True,123,0.7152777910232544,0.0381944440305233,0.9618055559694767,24.765052795410156,24.76070785522461,0.17743730545043945,15.54745864868164,0.7384521961212158,"[0.6111111111111112, 0.8333333333333334, 0.625, 0.7916666666666666]","[0.0, 0.0, 0.0, 0.1527777777777778]",0.0,1,False,0.9984207368718239,,,,,-0.014578717528486714,-0.016895028168192907,-0.0023163106397061928,"['CPz', 'C5', 'P1', 'CP4', 'FC2']","['CPz', 'C5', 'P1', 'CP4', 'FC2']",,,,9,CTNet
DeepFool_L2,,,,L2,,,,50.0,,,123,0.7152777910232544,0.1493055522441864,0.8506944477558136,106.30870819091797,80.84104919433594,2.7200987339019775,82.42180633544922,126.83883666992188,,,0.0,1,False,0.9245747459062676,,,,,-0.014578717528486714,-0.033665131355955835,-0.01908641382746912,"['CPz', 'C5', 'P1', 'CP4', 'FC2']","['CPz', 'C5', 'P1', 'CP4', 'FC2']",,,,9,CTNet
FGSM,False,,,Linf,0.25,0.022179658414443446,"[0.2291647493839264, 0.2143833041191101, 0.2309233397245407, 0.24241867661476135, 0.23662105202674866, 0.23321464657783508, 0.18379081785678864, 0.24725432693958282, 0.2402178794145584, 0.2527456283569336, 0.2457503080368042, 0.26630839705467224, 0.23572051525115967, 0.2663578391075134, 0.2547707259654999, 0.26532769203186035, 0.26493269205093384, 0.2896943986415863, 0.27747711539268494, 0.2905137240886688, 0.2888440191745758, 0.3186075687408447]",,,False,2024,0.7118055820465088,0.2916666567325592,0.7083333432674408,113.3386459350586,113.12379455566406,3.805781841278076,2.3992724418640137,0.11915414780378342,"[0.625, 0.9027777777777778, 0.4861111111111111, 0.8333333333333334]","[0.6666666666666666, 0.5, 0.0, 0.0]",0.0,1,False,0.7610724872953135,,,,,-0.3260273099157863,-0.43408649188023135,-0.10805918196444503,"['Fz', 'Pz', 'CP4', 'POz', 'P1']","['C4', 'Pz', 'POz', 'C2', 'FC1']",,,,9,CTNet
FGSM,False,,,Linf,0.5,0.04435931682888689,"[0.4583294987678528, 0.4287666082382202, 0.4618466794490814, 0.4848373532295227, 0.4732421040534973, 0.46642929315567017, 0.36758163571357727, 0.49450865387916565, 0.4804357588291168, 0.5054912567138672, 0.4915006160736084, 0.5326167941093445, 0.47144103050231934, 0.5327156782150269, 0.5095414519309998, 0.5306553840637207, 0.5298653841018677, 0.5793887972831726, 0.5549542307853699, 0.5810274481773376, 0.5776880383491516, 0.6372151374816895]",,,False,2024,0.7118055820465088,0.0972222238779068,0.9027777761220932,112.00064849853516,113.18370056152344,3.805781841278076,2.394541025161743,0.1180993989109993,"[0.625, 0.9027777777777778, 0.4861111111111111, 0.8333333333333334]","[0.3333333333333333, 0.05555555555555555, 0.0, 0.0]",0.0,1,False,0.7610724872953135,,,,,-0.3260273099157863,-0.43408649188023135,-0.10805918196444503,"['Fz', 'Pz', 'CP4', 'POz', 'P1']","['C4', 'Pz', 'POz', 'C2', 'FC1']",,,,9,CTNet
FGSM,False,,,Linf,1.0,0.08871863365777378,"[0.9166589975357056, 0.8575332164764404, 0.9236933588981628, 0.9696747064590454, 0.9464842081069946, 0.9328585863113403, 0.7351632714271545, 0.9890173077583313, 0.9608715176582336, 1.0109825134277344, 0.9830012321472168, 1.065233588218689, 0.9428820610046387, 1.0654313564300537, 1.0190829038619995, 1.0613107681274414, 1.0597307682037354, 1.1587775945663452, 1.1099084615707397, 1.1620548963546753, 1.1553760766983032, 1.274430274963379]",,,False,2024,0.7118055820465088,0.0034722222480922937,0.9965277777519077,112.76561737060547,113.42262268066406,3.805781841278076,2.375699758529663,0.11396577209234238,"[0.625, 0.9027777777777778, 0.4861111111111111, 0.8333333333333334]","[0.013888888888888888, 0.0, 0.0, 0.0]",0.0,1,False,0.7610724872953135,,,,,-0.3260273099157863,-0.43408649188023135,-0.10805918196444503,"['Fz', 'Pz', 'CP4', 'POz', 'P1']","['C4', 'Pz', 'POz', 'C2', 'FC1']",,,,9,CTNet
FGSM,False,,,Linf,2.0,0.17743726731554757,"[1.8333179950714111, 1.7150664329528809, 1.8473867177963257, 1.9393494129180908, 1.8929684162139893, 1.8657171726226807, 1.470326542854309, 1.9780346155166626, 1.9217430353164673, 2.0219650268554688, 1.9660024642944336, 2.130467176437378, 1.8857641220092773, 2.1308627128601074, 2.038165807723999, 2.122621536254883, 2.1194615364074707, 2.3175551891326904, 2.2198169231414795, 2.3241097927093506, 2.3107521533966064, 2.548860549926758]",,,False,2024,0.7118055820465088,0.0,1.0,113.70549011230469,114.36661529541016,3.805781841278076,2.301698923110962,0.09882307797670364,"[0.625, 0.9027777777777778, 0.4861111111111111, 0.8333333333333334]","[0.0, 0.0, 0.0, 0.0]",0.0,1,False,0.7610724872953135,,,,,-0.3260273099157863,-0.43408649188023135,-0.10805918196444503,"['Fz', 'Pz', 'CP4', 'POz', 'P1']","['C4', 'Pz', 'POz', 'C2', 'FC1']",,,,9,CTNet
PGD,False,,,Linf,0.25,0.022179658414443446,"[0.2291647493839264, 0.2143833041191101, 0.2309233397245407, 0.24241867661476135, 0.23662105202674866, 0.23321464657783508, 0.18379081785678864, 0.24725432693958282, 0.2402178794145584, 0.2527456283569336, 0.2457503080368042, 0.26630839705467224, 0.23572051525115967, 0.2663578391075134, 0.2547707259654999, 0.26532769203186035, 0.26493269205093384, 0.2896943986415863, 0.27747711539268494, 0.2905137240886688, 0.2888440191745758, 0.3186075687408447]",40.0,0.0027724573018054308,True,2024,0.7118055820465088,0.1215277761220932,0.8784722238779068,111.499755859375,113.12376403808594,3.805781841278076,2.399275302886963,0.11915437132120132,"[0.625, 0.9027777777777778, 0.4861111111111111, 0.8333333333333334]","[0.4305555555555556, 0.05555555555555555, 0.0, 0.0]",0.0,1,False,0.748808935629588,,,,,-0.3260273099157863,-0.44134524883838944,-0.11531793892260311,"['Fz', 'Pz', 'CP4', 'POz', 'P1']","['C4', 'Pz', 'POz', 'C2', 'FC1']",,,,9,CTNet
PGD,False,,,Linf,0.5,0.04435931682888689,"[0.4583294987678528, 0.4287666082382202, 0.4618466794490814, 0.4848373532295227, 0.4732421040534973, 0.46642929315567017, 0.36758163571357727, 0.49450865387916565, 0.4804357588291168, 0.5054912567138672, 0.4915006160736084, 0.5326167941093445, 0.47144103050231934, 0.5327156782150269, 0.5095414519309998, 0.5306553840637207, 0.5298653841018677, 0.5793887972831726, 0.5549542307853699, 0.5810274481773376, 0.5776880383491516, 0.6372151374816895]",40.0,0.0055449146036108616,True,2024,0.7118055820465088,0.0,1.0,112.55543518066406,113.18346405029297,3.805781841278076,2.394559383392334,0.11810009181499481,"[0.625, 0.9027777777777778, 0.4861111111111111, 0.8333333333333334]","[0.0, 0.0, 0.0, 0.0]",0.0,1,False,0.748808935629588,,,,,-0.3260273099157863,-0.44134524883838944,-0.11531793892260311,"['Fz', 'Pz', 'CP4', 'POz', 'P1']","['C4', 'Pz', 'POz', 'C2', 'FC1']",,,,9,CTNet
PGD,False,,,Linf,1.0,0.08871863365777378,"[0.9166589975357056, 0.8575332164764404, 0.9236933588981628, 0.9696747064590454, 0.9464842081069946, 0.9328585863113403, 0.7351632714271545, 0.9890173077583313, 0.9608715176582336, 1.0109825134277344, 0.9830012321472168, 1.065233588218689, 0.9428820610046387, 1.0654313564300537, 1.0190829038619995, 1.0613107681274414, 1.0597307682037354, 1.1587775945663452, 1.1099084615707397, 1.1620548963546753, 1.1553760766983032, 1.274430274963379]",40.0,0.011089829207221723,True,2024,0.7118055820465088,0.0,1.0,112.78640747070312,113.42044830322266,3.805781841278076,2.3758697509765625,0.11399150639772415,"[0.625, 0.9027777777777778, 0.4861111111111111, 0.8333333333333334]","[0.0, 0.0, 0.0, 0.0]",0.0,1,False,0.748808935629588,,,,,-0.3260273099157863,-0.44134524883838944,-0.11531793892260311,"['Fz', 'Pz', 'CP4', 'POz', 'P1']","['C4', 'Pz', 'POz', 'C2', 'FC1']",,,,9,CTNet
PGD,False,,,Linf,2.0,0.17743726731554757,"[1.8333179950714111, 1.7150664329528809, 1.8473867177963257, 1.9393494129180908, 1.8929684162139893, 1.8657171726226807, 1.470326542854309, 1.9780346155166626, 1.9217430353164673, 2.0219650268554688, 1.9660024642944336, 2.130467176437378, 1.8857641220092773, 2.1308627128601074, 2.038165807723999, 2.122621536254883, 2.1194615364074707, 2.3175551891326904, 2.2198169231414795, 2.3241097927093506, 2.3107521533966064, 2.548860549926758]",40.0,0.022179658414443446,True,2024,0.7118055820465088,0.0,1.0,113.69061279296875,114.35072326660156,3.805781841278076,2.302938938140869,0.09901954233646393,"[0.625, 0.9027777777777778, 0.4861111111111111, 0.8333333333333334]","[0.0, 0.0, 0.0, 0.0]",0.0,1,False,0.748808935629588,,,,,-0.3260273099157863,-0.44134524883838944,-0.11531793892260311,"['Fz', 'Pz', 'CP4', 'POz', 'P1']","['C4', 'Pz', 'POz', 'C2', 'FC1']",,,,9,CTNet
FGSM_LP,True,gaussian,3.0,Linf,0.25,0.022179658414443446,"[0.2291647493839264, 0.2143833041191101, 0.2309233397245407, 0.24241867661476135, 0.23662105202674866, 0.23321464657783508, 0.18379081785678864, 0.24725432693958282, 0.2402178794145584, 0.2527456283569336, 0.2457503080368042, 0.26630839705467224, 0.23572051525115967, 0.2663578391075134, 0.2547707259654999, 0.26532769203186035, 0.26493269205093384, 0.2896943986415863, 0.27747711539268494, 0.2905137240886688, 0.2888440191745758, 0.3186075687408447]",,,False,2024,0.7118055820465088,0.6284722089767456,0.3715277910232544,3.3863420486450195,3.385885000228882,0.02217966318130493,32.82891082763672,0.7778724431991577,"[0.625, 0.9027777777777778, 0.4861111111111111, 0.8333333333333334]","[0.5972222222222222, 0.8472222222222222, 0.3472222222222222, 0.7222222222222222]",0.0,1,False,0.9982178147939018,,,,,-0.3260273099157863,-0.32765088028595746,-0.0016235703701711346,"['Fz', 'Pz', 'CP4', 'POz', 'P1']","['Fz', 'Pz', 'CP4', 'POz', 'P1']",,,,9,CTNet
FGSM_LP,True,gaussian,3.0,Linf,0.5,0.04435931682888689,"[0.4583294987678528, 0.4287666082382202, 0.4618466794490814, 0.4848373532295227, 0.4732421040534973, 0.46642929315567017, 0.36758163571357727, 0.49450865387916565, 0.4804357588291168, 0.5054912567138672, 0.4915006160736084, 0.5326167941093445, 0.47144103050231934, 0.5327156782150269, 0.5095414519309998, 0.5306553840637207, 0.5298653841018677, 0.5793887972831726, 0.5549542307853699, 0.5810274481773376, 0.5776880383491516, 0.6372151374816895]",,,False,2024,0.7118055820465088,0.5069444179534912,0.4930555820465088,6.648353576660156,6.654109477996826,0.04435932636260986,26.960615158081055,0.7678961753845215,"[0.625, 0.9027777777777778, 0.4861111111111111, 0.8333333333333334]","[0.4305555555555556, 0.7083333333333334, 0.25, 0.6388888888888888]",0.0,1,False,0.9982178147939018,,,,,-0.3260273099157863,-0.32765088028595746,-0.0016235703701711346,"['Fz', 'Pz', 'CP4', 'POz', 'P1']","['Fz', 'Pz', 'CP4', 'POz', 'P1']",,,,9,CTNet
FGSM_LP,True,gaussian,3.0,Linf,1.0,0.08871863365777378,"[0.9166589975357056, 0.8575332164764404, 0.9236933588981628, 0.9696747064590454, 0.9464842081069946, 0.9328585863113403, 0.7351632714271545, 0.9890173077583313, 0.9608715176582336, 1.0109825134277344, 0.9830012321472168, 1.065233588218689, 0.9428820610046387, 1.0654313564300537, 1.0190829038619995, 1.0613107681274414, 1.0597307682037354, 1.1587775945663452, 1.1099084615707397, 1.1620548963546753, 1.1553760766983032, 1.274430274963379]",,,False,2024,0.7118055820465088,0.1354166716337204,0.8645833283662796,12.939373016357422,12.95302963256836,0.08871865272521973,21.17506980895996,0.7570931315422058,"[0.625, 0.9027777777777778, 0.4861111111111111, 0.8333333333333334]","[0.125, 0.1111111111111111, 0.013888888888888888, 0.2916666666666667]",0.0,1,False,0.9982178147939018,,,,,-0.3260273099157863,-0.32765088028595746,-0.0016235703701711346,"['Fz', 'Pz', 'CP4', 'POz', 'P1']","['Fz', 'Pz', 'CP4', 'POz', 'P1']",,,,9,CTNet
FGSM_LP,True,gaussian,3.0,Linf,2.0,0.17743726731554757,"[1.8333179950714111, 1.7150664329528809, 1.8473867177963257, 1.9393494129180908, 1.8929684162139893, 1.8657171726226807, 1.470326542854309, 1.9780346155166626, 1.9217430353164673, 2.0219650268554688, 1.9660024642944336, 2.130467176437378, 1.8857641220092773, 2.1308627128601074, 2.038165807723999, 2.122621536254883, 2.1194615364074707, 2.3175551891326904, 2.2198169231414795, 2.3241097927093506, 2.3107521533966064, 2.548860549926758]",,,False,2024,0.7118055820465088,0.0034722222480922937,0.9965277777519077,24.855022430419922,24.84946060180664,0.17743730545043945,15.516263961791992,0.7470715641975403,"[0.625, 0.9027777777777778, 0.4861111111111111, 0.8333333333333334]","[0.0, 0.0, 0.0, 0.013888888888888888]",0.0,1,False,0.9982178147939018,,,,,-0.3260273099157863,-0.32765088028595746,-0.0016235703701711346,"['Fz', 'Pz', 'CP4', 'POz', 'P1']","['Fz', 'Pz', 'CP4', 'POz', 'P1']",,,,9,CTNet
PGD_LP,True,gaussian,3.0,Linf,0.25,0.022179658414443446,"[0.2291647493839264, 0.2143833041191101, 0.2309233397245407, 0.24241867661476135, 0.23662105202674866, 0.23321464657783508, 0.18379081785678864, 0.24725432693958282, 0.2402178794145584, 0.2527456283569336, 0.2457503080368042, 0.26630839705467224, 0.23572051525115967, 0.2663578391075134, 0.2547707259654999, 0.26532769203186035, 0.26493269205093384, 0.2896943986415863, 0.27747711539268494, 0.2905137240886688, 0.2888440191745758, 0.3186075687408447]",40.0,0.0027724573018054308,True,2024,0.7118055820465088,0.6458333134651184,0.3541666865348816,3.3876163959503174,3.389376640319824,0.02217966318130493,32.819942474365234,0.7830336093902588,"[0.625, 0.9027777777777778, 0.4861111111111111, 0.8333333333333334]","[0.5972222222222222, 0.875, 0.375, 0.7361111111111112]",0.0,1,False,0.9979531338226991,,,,,-0.3260273099157863,-0.3292790446692303,-0.00325173475344398,"['Fz', 'Pz', 'CP4', 'POz', 'P1']","['Fz', 'Pz', 'CP4', 'POz', 'C4']",,,,9,CTNet
PGD_LP,True,gaussian,3.0,Linf,0.5,0.04435931682888689,"[0.4583294987678528, 0.4287666082382202, 0.4618466794490814, 0.4848373532295227, 0.4732421040534973, 0.46642929315567017, 0.36758163571357727, 0.49450865387916565, 0.4804357588291168, 0.5054912567138672, 0.4915006160736084, 0.5326167941093445, 0.47144103050231934, 0.5327156782150269, 0.5095414519309998, 0.5306553840637207, 0.5298653841018677, 0.5793887972831726, 0.5549542307853699, 0.5810274481773376, 0.5776880383491516, 0.6372151374816895]",40.0,0.0055449146036108616,True,2024,0.7118055820465088,0.5763888955116272,0.4236111044883728,6.664669990539551,6.663442134857178,0.04435932636260986,26.948415756225586,0.7746350169181824,"[0.625, 0.9027777777777778, 0.4861111111111111, 0.8333333333333334]","[0.5, 0.8333333333333334, 0.3194444444444444, 0.6527777777777778]",0.0,1,False,0.9979531338226991,,,,,-0.3260273099157863,-0.3292790446692303,-0.00325173475344398,"['Fz', 'Pz', 'CP4', 'POz', 'P1']","['Fz', 'Pz', 'CP4', 'POz', 'C4']",,,,9,CTNet
PGD_LP,True,gaussian,3.0,Linf,1.0,0.08871863365777378,"[0.9166589975357056, 0.8575332164764404, 0.9236933588981628, 0.9696747064590454, 0.9464842081069946, 0.9328585863113403, 0.7351632714271545, 0.9890173077583313, 0.9608715176582336, 1.0109825134277344, 0.9830012321472168, 1.065233588218689, 0.9428820610046387, 1.0654313564300537, 1.0190829038619995, 1.0613107681274414, 1.0597307682037354, 1.1587775945663452, 1.1099084615707397, 1.1620548963546753, 1.1553760766983032, 1.274430274963379]",40.0,0.011089829207221723,True,2024,0.7118055820465088,0.2638888955116272,0.7361111044883728,12.955764770507812,12.976444244384766,0.08871865272521973,21.15934944152832,0.7646286487579346,"[0.625, 0.9027777777777778, 0.4861111111111111, 0.8333333333333334]","[0.25, 0.3611111111111111, 0.013888888888888888, 0.4305555555555556]",0.0,1,False,0.9979531338226991,,,,,-0.3260273099157863,-0.3292790446692303,-0.00325173475344398,"['Fz', 'Pz', 'CP4', 'POz', 'P1']","['Fz', 'Pz', 'CP4', 'POz', 'C4']",,,,9,CTNet
PGD_LP,True,gaussian,3.0,Linf,2.0,0.17743726731554757,"[1.8333179950714111, 1.7150664329528809, 1.8473867177963257, 1.9393494129180908, 1.8929684162139893, 1.8657171726226807, 1.470326542854309, 1.9780346155166626, 1.9217430353164673, 2.0219650268554688, 1.9660024642944336, 2.130467176437378, 1.8857641220092773, 2.1308627128601074, 2.038165807723999, 2.122621536254883, 2.1194615364074707, 2.3175551891326904, 2.2198169231414795, 2.3241097927093506, 2.3107521533966064, 2.548860549926758]",40.0,0.022179658414443446,True,2024,0.7118055820465088,0.0034722222480922937,0.9965277777519077,24.878129959106445,24.89179039001465,0.17743730545043945,15.501468658447266,0.7522600889205933,"[0.625, 0.9027777777777778, 0.4861111111111111, 0.8333333333333334]","[0.0, 0.0, 0.0, 0.013888888888888888]",0.0,1,False,0.9979531338226991,,,,,-0.3260273099157863,-0.3292790446692303,-0.00325173475344398,"['Fz', 'Pz', 'CP4', 'POz', 'P1']","['Fz', 'Pz', 'CP4', 'POz', 'C4']",,,,9,CTNet
DeepFool_L2,,,,L2,,,,50.0,,,2024,0.7118055820465088,0.1805555522441864,0.8194444477558136,106.580322265625,80.5166244506836,2.70939302444458,83.39315795898438,127.29582214355469,,,0.0,1,False,0.7971396809712027,,,,,-0.3260273099157863,-0.4037704229470033,-0.077743113031217,"['Fz', 'Pz', 'CP4', 'POz', 'P1']","['C4', 'Pz', 'POz', 'CP4', 'C2']",,,,9,CTNet
FGSM,False,,,Linf,0.25,0.022179658414443446,"[0.2291647493839264, 0.2143833041191101, 0.2309233397245407, 0.24241867661476135, 0.23662105202674866, 0.23321464657783508, 0.18379081785678864, 0.24725432693958282, 0.2402178794145584, 0.2527456283569336, 0.2457503080368042, 0.26630839705467224, 0.23572051525115967, 0.2663578391075134, 0.2547707259654999, 0.26532769203186035, 0.26493269205093384, 0.2896943986415863, 0.27747711539268494, 0.2905137240886688, 0.2888440191745758, 0.3186075687408447]",,,False,31415,0.7430555820465088,0.25,0.75,115.81793212890625,113.12379455566406,3.805781841278076,2.399272918701172,0.11915415525436401,"[0.6944444444444444, 0.9166666666666666, 0.4861111111111111, 0.875]","[0.0, 1.0, 0.0, 0.0]",0.0,1,False,0.7084362648221345,,,,,0.3314309206296271,0.2589287958255605,-0.07250212480406659,"['C3', 'P1', 'Cz', 'FC3', 'C1']","['C3', 'P2', 'FC3', 'CP3', 'Cz']",,,,9,CTNet
FGSM,False,,,Linf,0.5,0.04435931682888689,"[0.4583294987678528, 0.4287666082382202, 0.4618466794490814, 0.4848373532295227, 0.4732421040534973, 0.46642929315567017, 0.36758163571357727, 0.49450865387916565, 0.4804357588291168, 0.5054912567138672, 0.4915006160736084, 0.5326167941093445, 0.47144103050231934, 0.5327156782150269, 0.5095414519309998, 0.5306553840637207, 0.5298653841018677, 0.5793887972831726, 0.5549542307853699, 0.5810274481773376, 0.5776880383491516, 0.6372151374816895]",,,False,31415,0.7430555820465088,0.21875,0.78125,115.35901641845703,113.18370056152344,3.805781841278076,2.394541025161743,0.1180991530418396,"[0.6944444444444444, 0.9166666666666666, 0.4861111111111111, 0.875]","[0.0, 0.875, 0.0, 0.0]",0.0,1,False,0.7084362648221345,,,,,0.3314309206296271,0.2589287958255605,-0.07250212480406659,"['C3', 'P1', 'Cz', 'FC3', 'C1']","['C3', 'P2', 'FC3', 'CP3', 'Cz']",,,,9,CTNet
FGSM,False,,,Linf,1.0,0.08871863365777378,"[0.9166589975357056, 0.8575332164764404, 0.9236933588981628, 0.9696747064590454, 0.9464842081069946, 0.9328585863113403, 0.7351632714271545, 0.9890173077583313, 0.9608715176582336, 1.0109825134277344, 0.9830012321472168, 1.065233588218689, 0.9428820610046387, 1.0654313564300537, 1.0190829038619995, 1.0613107681274414, 1.0597307682037354, 1.1587775945663452, 1.1099084615707397, 1.1620548963546753, 1.1553760766983032, 1.274430274963379]",,,False,31415,0.7430555820465088,0.0,1.0,112.78726196289062,113.42264556884766,3.805781841278076,2.375697612762451,0.11396414786577225,"[0.6944444444444444, 0.9166666666666666, 0.4861111111111111, 0.875]","[0.0, 0.0, 0.0, 0.0]",0.0,1,False,0.7084362648221345,,,,,0.3314309206296271,0.2589287958255605,-0.07250212480406659,"['C3', 'P1', 'Cz', 'FC3', 'C1']","['C3', 'P2', 'FC3', 'CP3', 'Cz']",,,,9,CTNet
FGSM,False,,,Linf,2.0,0.17743726731554757,"[1.8333179950714111, 1.7150664329528809, 1.8473867177963257, 1.9393494129180908, 1.8929684162139893, 1.8657171726226807, 1.470326542854309, 1.9780346155166626, 1.9217430353164673, 2.0219650268554688, 1.9660024642944336, 2.130467176437378, 1.8857641220092773, 2.1308627128601074, 2.038165807723999, 2.122621536254883, 2.1194615364074707, 2.3175551891326904, 2.2198169231414795, 2.3241097927093506, 2.3107521533966064, 2.548860549926758]",,,False,31415,0.7430555820465088,0.0,1.0,113.70201110839844,114.36720275878906,3.805781841278076,2.3016531467437744,0.09881048649549484,"[0.6944444444444444, 0.9166666666666666, 0.4861111111111111, 0.875]","[0.0, 0.0, 0.0, 0.0]",0.0,1,False,0.7084362648221345,,,,,0.3314309206296271,0.2589287958255605,-0.07250212480406659,"['C3', 'P1', 'Cz', 'FC3', 'C1']","['C3', 'P2', 'FC3', 'CP3', 'Cz']",,,,9,CTNet
PGD,False,,,Linf,0.25,0.022179658414443446,"[0.2291647493839264, 0.2143833041191101, 0.2309233397245407, 0.24241867661476135, 0.23662105202674866, 0.23321464657783508, 0.18379081785678864, 0.24725432693958282, 0.2402178794145584, 0.2527456283569336, 0.2457503080368042, 0.26630839705467224, 0.23572051525115967, 0.2663578391075134, 0.2547707259654999, 0.26532769203186035, 0.26493269205093384, 0.2896943986415863, 0.27747711539268494, 0.2905137240886688, 0.2888440191745758, 0.3186075687408447]",40.0,0.0027724573018054308,True,31415,0.7430555820465088,0.2465277761220932,0.7534722238779068,115.68372344970703,113.12376403808594,3.805781841278076,2.399275541305542,0.11915471404790878,"[0.6944444444444444, 0.9166666666666666, 0.4861111111111111, 0.875]","[0.0, 0.9861111111111112, 0.0, 0.0]",0.0,1,False,0.7091067899491814,,,,,0.3314309206296271,0.25617127238149656,-0.07525964824813053,"['C3', 'P1', 'Cz', 'FC3', 'C1']","['C3', 'P2', 'FC3', 'CP3', 'Cz']",,,,9,CTNet
PGD,False,,,Linf,0.5,0.04435931682888689,"[0.4583294987678528, 0.4287666082382202, 0.4618466794490814, 0.4848373532295227, 0.4732421040534973, 0.46642929315567017, 0.36758163571357727, 0.49450865387916565, 0.4804357588291168, 0.5054912567138672, 0.4915006160736084, 0.5326167941093445, 0.47144103050231934, 0.5327156782150269, 0.5095414519309998, 0.5306553840637207, 0.5298653841018677, 0.5793887972831726, 0.5549542307853699, 0.5810274481773376, 0.5776880383491516, 0.6372151374816895]",40.0,0.0055449146036108616,True,31415,0.7430555820465088,0.1145833358168602,0.8854166641831398,113.5145263671875,113.18334197998047,3.805781841278076,2.3945703506469727,0.11811011284589767,"[0.6944444444444444, 0.9166666666666666, 0.4861111111111111, 0.875]","[0.0, 0.4583333333333333, 0.0, 0.0]",0.0,1,False,0.7091067899491814,,,,,0.3314309206296271,0.25617127238149656,-0.07525964824813053,"['C3', 'P1', 'Cz', 'FC3', 'C1']","['C3', 'P2', 'FC3', 'CP3', 'Cz']",,,,9,CTNet
PGD,False,,,Linf,1.0,0.08871863365777378,"[0.9166589975357056, 0.8575332164764404, 0.9236933588981628, 0.9696747064590454, 0.9464842081069946, 0.9328585863113403, 0.7351632714271545, 0.9890173077583313, 0.9608715176582336, 1.0109825134277344, 0.9830012321472168, 1.065233588218689, 0.9428820610046387, 1.0654313564300537, 1.0190829038619995, 1.0613107681274414, 1.0597307682037354, 1.1587775945663452, 1.1099084615707397, 1.1620548963546753, 1.1553760766983032, 1.274430274963379]",40.0,0.011089829207221723,True,31415,0.7430555820465088,0.0,1.0,112.78375244140625,113.41950225830078,3.805781841278076,2.375948667526245,0.11403855681419373,"[0.6944444444444444, 0.9166666666666666, 0.4861111111111111, 0.875]","[0.0, 0.0, 0.0, 0.0]",0.0,1,False,0.7091067899491814,,,,,0.3314309206296271,0.25617127238149656,-0.07525964824813053,"['C3', 'P1', 'Cz', 'FC3', 'C1']","['C3', 'P2', 'FC3', 'CP3', 'Cz']",,,,9,CTNet
PGD,False,,,Linf,2.0,0.17743726731554757,"[1.8333179950714111, 1.7150664329528809, 1.8473867177963257, 1.9393494129180908, 1.8929684162139893, 1.8657171726226807, 1.470326542854309, 1.9780346155166626, 1.9217430353164673, 2.0219650268554688, 1.9660024642944336, 2.130467176437378, 1.8857641220092773, 2.1308627128601074, 2.038165807723999, 2.122621536254883, 2.1194615364074707, 2.3175551891326904, 2.2198169231414795, 2.3241097927093506, 2.3107521533966064, 2.548860549926758]",40.0,0.022179658414443446,True,31415,0.7430555820465088,0.0,1.0,113.69418334960938,114.34974670410156,3.805781841278076,2.303006172180176,0.09894830733537674,"[0.6944444444444444, 0.9166666666666666, 0.4861111111111111, 0.875]","[0.0, 0.0, 0.0, 0.0]",0.0,1,False,0.7091067899491814,,,,,0.3314309206296271,0.25617127238149656,-0.07525964824813053,"['C3', 'P1', 'Cz', 'FC3', 'C1']","['C3', 'P2', 'FC3', 'CP3', 'Cz']",,,,9,CTNet
FGSM_LP,True,gaussian,3.0,Linf,0.25,0.022179658414443446,"[0.2291647493839264, 0.2143833041191101, 0.2309233397245407, 0.24241867661476135, 0.23662105202674866, 0.23321464657783508, 0.18379081785678864, 0.24725432693958282, 0.2402178794145584, 0.2527456283569336, 0.2457503080368042, 0.26630839705467224, 0.23572051525115967, 0.2663578391075134, 0.2547707259654999, 0.26532769203186035, 0.26493269205093384, 0.2896943986415863, 0.27747711539268494, 0.2905137240886688, 0.2888440191745758, 0.3186075687408447]",,,False,31415,0.7430555820465088,0.6597222089767456,0.3402777910232544,3.390120029449463,3.3896358013153076,0.02217966318130493,32.81928253173828,0.7811427116394043,"[0.6944444444444444, 0.9166666666666666, 0.4861111111111111, 0.875]","[0.625, 0.8888888888888888, 0.3611111111111111, 0.7638888888888888]",0.0,1,False,0.9967179559570865,,,,,0.3314309206296271,0.3297751541376958,-0.0016557664919312765,"['C3', 'P1', 'Cz', 'FC3', 'C1']","['C3', 'P1', 'Cz', 'FC3', 'C1']",,,,9,CTNet
FGSM_LP,True,gaussian,3.0,Linf,0.5,0.04435931682888689,"[0.4583294987678528, 0.4287666082382202, 0.4618466794490814, 0.4848373532295227, 0.4732421040534973, 0.46642929315567017, 0.36758163571357727, 0.49450865387916565, 0.4804357588291168, 0.5054912567138672, 0.4915006160736084, 0.5326167941093445, 0.47144103050231934, 0.5327156782150269, 0.5095414519309998, 0.5306553840637207, 0.5298653841018677, 0.5793887972831726, 0.5549542307853699, 0.5810274481773376, 0.5776880383491516, 0.6372151374816895]",,,False,31415,0.7430555820465088,0.4513888955116272,0.5486111044883728,6.660665512084961,6.665550231933594,0.04435932636260986,26.945669174194336,0.7720378041267395,"[0.6944444444444444, 0.9166666666666666, 0.4861111111111111, 0.875]","[0.375, 0.6944444444444444, 0.1388888888888889, 0.5972222222222222]",0.0,1,False,0.9967179559570865,,,,,0.3314309206296271,0.3297751541376958,-0.0016557664919312765,"['C3', 'P1', 'Cz', 'FC3', 'C1']","['C3', 'P1', 'Cz', 'FC3', 'C1']",,,,9,CTNet
FGSM_LP,True,gaussian,3.0,Linf,1.0,0.08871863365777378,"[0.9166589975357056, 0.8575332164764404, 0.9236933588981628, 0.9696747064590454, 0.9464842081069946, 0.9328585863113403, 0.7351632714271545, 0.9890173077583313, 0.9608715176582336, 1.0109825134277344, 0.9830012321472168, 1.065233588218689, 0.9428820610046387, 1.0654313564300537, 1.0190829038619995, 1.0613107681274414, 1.0597307682037354, 1.1587775945663452, 1.1099084615707397, 1.1620548963546753, 1.1553760766983032, 1.274430274963379]",,,False,31415,0.7430555820465088,0.0902777761220932,0.9097222238779068,12.979272842407227,12.987506866455078,0.08871865272521973,21.151939392089844,0.7627123594284058,"[0.6944444444444444, 0.9166666666666666, 0.4861111111111111, 0.875]","[0.05555555555555555, 0.06944444444444445, 0.0, 0.2361111111111111]",0.0,1,False,0.9967179559570865,,,,,0.3314309206296271,0.3297751541376958,-0.0016557664919312765,"['C3', 'P1', 'Cz', 'FC3', 'C1']","['C3', 'P1', 'Cz', 'FC3', 'C1']",,,,9,CTNet
FGSM_LP,True,gaussian,3.0,Linf,2.0,0.17743726731554757,"[1.8333179950714111, 1.7150664329528809, 1.8473867177963257, 1.9393494129180908, 1.8929684162139893, 1.8657171726226807, 1.470326542854309, 1.9780346155166626, 1.9217430353164673, 2.0219650268554688, 1.9660024642944336, 2.130467176437378, 1.8857641220092773, 2.1308627128601074, 2.038165807723999, 2.122621536254883, 2.1194615364074707, 2.3175551891326904, 2.2198169231414795, 2.3241097927093506, 2.3107521533966064, 2.548860549926758]",,,False,31415,0.7430555820465088,0.0069444444961845875,0.9930555555038154,24.946311950683594,24.94983673095703,0.17743730545043945,15.481194496154785,0.7543946504592896,"[0.6944444444444444, 0.9166666666666666, 0.4861111111111111, 0.875]","[0.0, 0.0, 0.0, 0.027777777777777776]",0.0,1,False,0.9967179559570865,,,,,0.3314309206296271,0.3297751541376958,-0.0016557664919312765,"['C3', 'P1', 'Cz', 'FC3', 'C1']","['C3', 'P1', 'Cz', 'FC3', 'C1']",,,,9,CTNet
PGD_LP,True,gaussian,3.0,Linf,0.25,0.022179658414443446,"[0.2291647493839264, 0.2143833041191101, 0.2309233397245407, 0.24241867661476135, 0.23662105202674866, 0.23321464657783508, 0.18379081785678864, 0.24725432693958282, 0.2402178794145584, 0.2527456283569336, 0.2457503080368042, 0.26630839705467224, 0.23572051525115967, 0.2663578391075134, 0.2547707259654999, 0.26532769203186035, 0.26493269205093384, 0.2896943986415863, 0.27747711539268494, 0.2905137240886688, 0.2888440191745758, 0.3186075687408447]",40.0,0.0027724573018054308,True,31415,0.7430555820465088,0.6979166865348816,0.3020833134651184,3.3899307250976562,3.389275074005127,0.02217966318130493,32.82020568847656,0.7807019948959351,"[0.6944444444444444, 0.9166666666666666, 0.4861111111111111, 0.875]","[0.6944444444444444, 0.9166666666666666, 0.375, 0.8055555555555556]",0.0,1,False,0.9974767080745341,,,,,0.3314309206296271,0.3292828393170049,-0.0021480813126221743,"['C3', 'P1', 'Cz', 'FC3', 'C1']","['C3', 'P1', 'Cz', 'FC3', 'C1']",,,,9,CTNet
PGD_LP,True,gaussian,3.0,Linf,0.5,0.04435931682888689,"[0.4583294987678528, 0.4287666082382202, 0.4618466794490814, 0.4848373532295227, 0.4732421040534973, 0.46642929315567017, 0.36758163571357727, 0.49450865387916565, 0.4804357588291168, 0.5054912567138672, 0.4915006160736084, 0.5326167941093445, 0.47144103050231934, 0.5327156782150269, 0.5095414519309998, 0.5306553840637207, 0.5298653841018677, 0.5793887972831726, 0.5549542307853699, 0.5810274481773376, 0.5776880383491516, 0.6372151374816895]",40.0,0.0055449146036108616,True,31415,0.7430555820465088,0.6006944179534912,0.3993055820465088,6.659534931182861,6.664806365966797,0.04435932636260986,26.946638107299805,0.7715083956718445,"[0.6944444444444444, 0.9166666666666666, 0.4861111111111111, 0.875]","[0.5833333333333334, 0.8055555555555556, 0.2777777777777778, 0.7361111111111112]",0.0,1,False,0.9974767080745341,,,,,0.3314309206296271,0.3292828393170049,-0.0021480813126221743,"['C3', 'P1', 'Cz', 'FC3', 'C1']","['C3', 'P1', 'Cz', 'FC3', 'C1']",,,,9,CTNet
PGD_LP,True,gaussian,3.0,Linf,1.0,0.08871863365777378,"[0.9166589975357056, 0.8575332164764404, 0.9236933588981628, 0.9696747064590454, 0.9464842081069946, 0.9328585863113403, 0.7351632714271545, 0.9890173077583313, 0.9608715176582336, 1.0109825134277344, 0.9830012321472168, 1.065233588218689, 0.9428820610046387, 1.0654313564300537, 1.0190829038619995, 1.0613107681274414, 1.0597307682037354, 1.1587775945663452, 1.1099084615707397, 1.1620548963546753, 1.1553760766983032, 1.274430274963379]",40.0,0.011089829207221723,True,31415,0.7430555820465088,0.1979166716337204,0.8020833283662796,12.967144012451172,12.988399505615234,0.08871865272521973,21.15134048461914,0.7623922824859619,"[0.6944444444444444, 0.9166666666666666, 0.4861111111111111, 0.875]","[0.1527777777777778, 0.1527777777777778, 0.041666666666666664, 0.4444444444444444]",0.0,1,False,0.9974767080745341,,,,,0.3314309206296271,0.3292828393170049,-0.0021480813126221743,"['C3', 'P1', 'Cz', 'FC3', 'C1']","['C3', 'P1', 'Cz', 'FC3', 'C1']",,,,9,CTNet
PGD_LP,True,gaussian,3.0,Linf,2.0,0.17743726731554757,"[1.8333179950714111, 1.7150664329528809, 1.8473867177963257, 1.9393494129180908, 1.8929684162139893, 1.8657171726226807, 1.470326542854309, 1.9780346155166626, 1.9217430353164673, 2.0219650268554688, 1.9660024642944336, 2.130467176437378, 1.8857641220092773, 2.1308627128601074, 2.038165807723999, 2.122621536254883, 2.1194615364074707, 2.3175551891326904, 2.2198169231414795, 2.3241097927093506, 2.3107521533966064, 2.548860549926758]",40.0,0.022179658414443446,True,31415,0.7430555820465088,0.02083333395421505,0.979166666045785,24.93677520751953,24.95632553100586,0.17743730545043945,15.478925704956055,0.7555563449859619,"[0.6944444444444444, 0.9166666666666666, 0.4861111111111111, 0.875]","[0.0, 0.0, 0.0, 0.08333333333333333]",0.0,1,False,0.9974767080745341,,,,,0.3314309206296271,0.3292828393170049,-0.0021480813126221743,"['C3', 'P1', 'Cz', 'FC3', 'C1']","['C3', 'P1', 'Cz', 'FC3', 'C1']",,,,9,CTNet
DeepFool_L2,,,,L2,,,,50.0,,,31415,0.7430555820465088,0.0625,0.9375,106.12025451660156,83.81028747558594,2.831416130065918,74.62718963623047,122.84673309326172,,,0.0,1,False,0.7607725155279503,,,,,0.3314309206296271,0.29236772467382566,-0.03906319595580143,"['C3', 'P1', 'Cz', 'FC3', 'C1']","['C3', 'FC3', 'P2', 'Cz', 'P1']",,,,9,CTNet
FGSM,False,,,Linf,0.25,0.022179658414443446,"[0.2291647493839264, 0.2143833041191101, 0.2309233397245407, 0.24241867661476135, 0.23662105202674866, 0.23321464657783508, 0.18379081785678864, 0.24725432693958282, 0.2402178794145584, 0.2527456283569336, 0.2457503080368042, 0.26630839705467224, 0.23572051525115967, 0.2663578391075134, 0.2547707259654999, 0.26532769203186035, 0.26493269205093384, 0.2896943986415863, 0.27747711539268494, 0.2905137240886688, 0.2888440191745758, 0.3186075687408447]",,,False,999,0.75,0.2465277761220932,0.7534722238779068,113.44331359863281,113.12379455566406,3.805781841278076,2.3992724418640137,0.11915413290262222,"[0.5972222222222222, 0.9305555555555556, 0.6388888888888888, 0.8333333333333334]","[0.5416666666666666, 0.4305555555555556, 0.0, 0.013888888888888888]",0.0,1,False,0.881440570299266,,,,,0.02319120571466251,0.09394930186088045,0.07075809614621795,"['CPz', 'CP3', 'C3', 'Pz', 'C4']","['CP3', 'C3', 'CPz', 'Pz', 'C4']",,,,9,CTNet
FGSM,False,,,Linf,0.5,0.04435931682888689,"[0.4583294987678528, 0.4287666082382202, 0.4618466794490814, 0.4848373532295227, 0.4732421040534973, 0.46642929315567017, 0.36758163571357727, 0.49450865387916565, 0.4804357588291168, 0.5054912567138672, 0.4915006160736084, 0.5326167941093445, 0.47144103050231934, 0.5327156782150269, 0.5095414519309998, 0.5306553840637207, 0.5298653841018677, 0.5793887972831726, 0.5549542307853699, 0.5810274481773376, 0.5776880383491516, 0.6372151374816895]",,,False,999,0.75,0.013888888992369175,0.9861111110076308,112.39095306396484,113.18372344970703,3.805781841278076,2.3945398330688477,0.11809889227151871,"[0.5972222222222222, 0.9305555555555556, 0.6388888888888888, 0.8333333333333334]","[0.05555555555555555, 0.0, 0.0, 0.0]",0.0,1,False,0.881440570299266,,,,,0.02319120571466251,0.09394930186088045,0.07075809614621795,"['CPz', 'CP3', 'C3', 'Pz', 'C4']","['CP3', 'C3', 'CPz', 'Pz', 'C4']",,,,9,CTNet
FGSM,False,,,Linf,1.0,0.08871863365777378,"[0.9166589975357056, 0.8575332164764404, 0.9236933588981628, 0.9696747064590454, 0.9464842081069946, 0.9328585863113403, 0.7351632714271545, 0.9890173077583313, 0.9608715176582336, 1.0109825134277344, 0.9830012321472168, 1.065233588218689, 0.9428820610046387, 1.0654313564300537, 1.0190829038619995, 1.0613107681274414, 1.0597307682037354, 1.1587775945663452, 1.1099084615707397, 1.1620548963546753, 1.1553760766983032, 1.274430274963379]",,,False,999,0.75,0.0,1.0,112.78753662109375,113.42281341552734,3.805781841278076,2.3756847381591797,0.11395879089832306,"[0.5972222222222222, 0.9305555555555556, 0.6388888888888888, 0.8333333333333334]","[0.0, 0.0, 0.0, 0.0]",0.0,1,False,0.881440570299266,,,,,0.02319120571466251,0.09394930186088045,0.07075809614621795,"['CPz', 'CP3', 'C3', 'Pz', 'C4']","['CP3', 'C3', 'CPz', 'Pz', 'C4']",,,,9,CTNet
FGSM,False,,,Linf,2.0,0.17743726731554757,"[1.8333179950714111, 1.7150664329528809, 1.8473867177963257, 1.9393494129180908, 1.8929684162139893, 1.8657171726226807, 1.470326542854309, 1.9780346155166626, 1.9217430353164673, 2.0219650268554688, 1.9660024642944336, 2.130467176437378, 1.8857641220092773, 2.1308627128601074, 2.038165807723999, 2.122621536254883, 2.1194615364074707, 2.3175551891326904, 2.2198169231414795, 2.3241097927093506, 2.3107521533966064, 2.548860549926758]",,,False,999,0.75,0.0,1.0,113.70169067382812,114.36830139160156,3.805781841278076,2.3015646934509277,0.09877929091453552,"[0.5972222222222222, 0.9305555555555556, 0.6388888888888888, 0.8333333333333334]","[0.0, 0.0, 0.0, 0.0]",0.0,1,False,0.881440570299266,,,,,0.02319120571466251,0.09394930186088045,0.07075809614621795,"['CPz', 'CP3', 'C3', 'Pz', 'C4']","['CP3', 'C3', 'CPz', 'Pz', 'C4']",,,,9,CTNet
PGD,False,,,Linf,0.25,0.022179658414443446,"[0.2291647493839264, 0.2143833041191101, 0.2309233397245407, 0.24241867661476135, 0.23662105202674866, 0.23321464657783508, 0.18379081785678864, 0.24725432693958282, 0.2402178794145584, 0.2527456283569336, 0.2457503080368042, 0.26630839705467224, 0.23572051525115967, 0.2663578391075134, 0.2547707259654999, 0.26532769203186035, 0.26493269205093384, 0.2896943986415863, 0.27747711539268494, 0.2905137240886688, 0.2888440191745758, 0.3186075687408447]",40.0,0.0027724573018054308,True,999,0.75,0.1180555522441864,0.8819444477558136,113.33859252929688,113.12374877929688,3.805781841278076,2.3992767333984375,0.11915488541126251,"[0.5972222222222222, 0.9305555555555556, 0.6388888888888888, 0.8333333333333334]","[0.2777777777777778, 0.19444444444444445, 0.0, 0.0]",0.0,1,False,0.8775762281197064,,,,,0.02319120571466251,0.0953372944044939,0.07214608868983138,"['CPz', 'CP3', 'C3', 'Pz', 'C4']","['CP3', 'C3', 'CPz', 'Pz', 'C4']",,,,9,CTNet
PGD,False,,,Linf,0.5,0.04435931682888689,"[0.4583294987678528, 0.4287666082382202, 0.4618466794490814, 0.4848373532295227, 0.4732421040534973, 0.46642929315567017, 0.36758163571357727, 0.49450865387916565, 0.4804357588291168, 0.5054912567138672, 0.4915006160736084, 0.5326167941093445, 0.47144103050231934, 0.5327156782150269, 0.5095414519309998, 0.5306553840637207, 0.5298653841018677, 0.5793887972831726, 0.5549542307853699, 0.5810274481773376, 0.5776880383491516, 0.6372151374816895]",40.0,0.0055449146036108616,True,999,0.75,0.0,1.0,112.5555648803711,113.18344116210938,3.805781841278076,2.394561529159546,0.11810153722763062,"[0.5972222222222222, 0.9305555555555556, 0.6388888888888888, 0.8333333333333334]","[0.0, 0.0, 0.0, 0.0]",0.0,1,False,0.8775762281197064,,,,,0.02319120571466251,0.0953372944044939,0.07214608868983138,"['CPz', 'CP3', 'C3', 'Pz', 'C4']","['CP3', 'C3', 'CPz', 'Pz', 'C4']",,,,9,CTNet
PGD,False,,,Linf,1.0,0.08871863365777378,"[0.9166589975357056, 0.8575332164764404, 0.9236933588981628, 0.9696747064590454, 0.9464842081069946, 0.9328585863113403, 0.7351632714271545, 0.9890173077583313, 0.9608715176582336, 1.0109825134277344, 0.9830012321472168, 1.065233588218689, 0.9428820610046387, 1.0654313564300537, 1.0190829038619995, 1.0613107681274414, 1.0597307682037354, 1.1587775945663452, 1.1099084615707397, 1.1620548963546753, 1.1553760766983032, 1.274430274963379]",40.0,0.011089829207221723,True,999,0.75,0.0,1.0,112.78678894042969,113.42047882080078,3.805781841278076,2.375865936279297,0.1139768585562706,"[0.5972222222222222, 0.9305555555555556, 0.6388888888888888, 0.8333333333333334]","[0.0, 0.0, 0.0, 0.0]",0.0,1,False,0.8775762281197064,,,,,0.02319120571466251,0.0953372944044939,0.07214608868983138,"['CPz', 'CP3', 'C3', 'Pz', 'C4']","['CP3', 'C3', 'CPz', 'Pz', 'C4']",,,,9,CTNet
PGD,False,,,Linf,2.0,0.17743726731554757,"[1.8333179950714111, 1.7150664329528809, 1.8473867177963257, 1.9393494129180908, 1.8929684162139893, 1.8657171726226807, 1.470326542854309, 1.9780346155166626, 1.9217430353164673, 2.0219650268554688, 1.9660024642944336, 2.130467176437378, 1.8857641220092773, 2.1308627128601074, 2.038165807723999, 2.122621536254883, 2.1194615364074707, 2.3175551891326904, 2.2198169231414795, 2.3241097927093506, 2.3107521533966064, 2.548860549926758]",40.0,0.022179658414443446,True,999,0.75,0.0,1.0,113.68867492675781,114.34944915771484,3.805781841278076,2.3030195236206055,0.09890616685152054,"[0.5972222222222222, 0.9305555555555556, 0.6388888888888888, 0.8333333333333334]","[0.0, 0.0, 0.0, 0.0]",0.0,1,False,0.8775762281197064,,,,,0.02319120571466251,0.0953372944044939,0.07214608868983138,"['CPz', 'CP3', 'C3', 'Pz', 'C4']","['CP3', 'C3', 'CPz', 'Pz', 'C4']",,,,9,CTNet
FGSM_LP,True,gaussian,3.0,Linf,0.25,0.022179658414443446,"[0.2291647493839264, 0.2143833041191101, 0.2309233397245407, 0.24241867661476135, 0.23662105202674866, 0.23321464657783508, 0.18379081785678864, 0.24725432693958282, 0.2402178794145584, 0.2527456283569336, 0.2457503080368042, 0.26630839705467224, 0.23572051525115967, 0.2663578391075134, 0.2547707259654999, 0.26532769203186035, 0.26493269205093384, 0.2896943986415863, 0.27747711539268494, 0.2905137240886688, 0.2888440191745758, 0.3186075687408447]",,,False,999,0.75,0.6527777910232544,0.3472222089767456,3.3837218284606934,3.384174346923828,0.02217966318130493,32.83329772949219,0.7786487936973572,"[0.5972222222222222, 0.9305555555555556, 0.6388888888888888, 0.8333333333333334]","[0.4305555555555556, 0.8888888888888888, 0.5277777777777778, 0.7638888888888888]",0.0,1,False,0.9984472049689441,,,,,0.02319120571466251,0.02564373329504764,0.002452527580385132,"['CPz', 'CP3', 'C3', 'Pz', 'C4']","['CPz', 'CP3', 'C3', 'Pz', 'C4']",,,,9,CTNet
FGSM_LP,True,gaussian,3.0,Linf,0.5,0.04435931682888689,"[0.4583294987678528, 0.4287666082382202, 0.4618466794490814, 0.4848373532295227, 0.4732421040534973, 0.46642929315567017, 0.36758163571357727, 0.49450865387916565, 0.4804357588291168, 0.5054912567138672, 0.4915006160736084, 0.5326167941093445, 0.47144103050231934, 0.5327156782150269, 0.5095414519309998, 0.5306553840637207, 0.5298653841018677, 0.5793887972831726, 0.5549542307853699, 0.5810274481773376, 0.5776880383491516, 0.6372151374816895]",,,False,999,0.75,0.4826388955116272,0.5173611044883728,6.643401145935059,6.64813232421875,0.04435932636260986,26.96841812133789,0.768724262714386,"[0.5972222222222222, 0.9305555555555556, 0.6388888888888888, 0.8333333333333334]","[0.2916666666666667, 0.7083333333333334, 0.25, 0.6805555555555556]",0.0,1,False,0.9984472049689441,,,,,0.02319120571466251,0.02564373329504764,0.002452527580385132,"['CPz', 'CP3', 'C3', 'Pz', 'C4']","['CPz', 'CP3', 'C3', 'Pz', 'C4']",,,,9,CTNet
FGSM_LP,True,gaussian,3.0,Linf,1.0,0.08871863365777378,"[0.9166589975357056, 0.8575332164764404, 0.9236933588981628, 0.9696747064590454, 0.9464842081069946, 0.9328585863113403, 0.7351632714271545, 0.9890173077583313, 0.9608715176582336, 1.0109825134277344, 0.9830012321472168, 1.065233588218689, 0.9428820610046387, 1.0654313564300537, 1.0190829038619995, 1.0613107681274414, 1.0597307682037354, 1.1587775945663452, 1.1099084615707397, 1.1620548963546753, 1.1553760766983032, 1.274430274963379]",,,False,999,0.75,0.1041666641831398,0.8958333358168602,12.92192268371582,12.933391571044922,0.08871865272521973,21.18824577331543,0.7578582763671875,"[0.5972222222222222, 0.9305555555555556, 0.6388888888888888, 0.8333333333333334]","[0.041666666666666664, 0.041666666666666664, 0.013888888888888888, 0.3194444444444444]",0.0,1,False,0.9984472049689441,,,,,0.02319120571466251,0.02564373329504764,0.002452527580385132,"['CPz', 'CP3', 'C3', 'Pz', 'C4']","['CPz', 'CP3', 'C3', 'Pz', 'C4']",,,,9,CTNet
FGSM_LP,True,gaussian,3.0,Linf,2.0,0.17743726731554757,"[1.8333179950714111, 1.7150664329528809, 1.8473867177963257, 1.9393494129180908, 1.8929684162139893, 1.8657171726226807, 1.470326542854309, 1.9780346155166626, 1.9217430353164673, 2.0219650268554688, 1.9660024642944336, 2.130467176437378, 1.8857641220092773, 2.1308627128601074, 2.038165807723999, 2.122621536254883, 2.1194615364074707, 2.3175551891326904, 2.2198169231414795, 2.3241097927093506, 2.3107521533966064, 2.548860549926758]",,,False,999,0.75,0.013888888992369175,0.9861111110076308,24.799301147460938,24.79082489013672,0.17743730545043945,15.536787033081055,0.7487202882766724,"[0.5972222222222222, 0.9305555555555556, 0.6388888888888888, 0.8333333333333334]","[0.0, 0.0, 0.0, 0.05555555555555555]",0.0,1,False,0.9984472049689441,,,,,0.02319120571466251,0.02564373329504764,0.002452527580385132,"['CPz', 'CP3', 'C3', 'Pz', 'C4']","['CPz', 'CP3', 'C3', 'Pz', 'C4']",,,,9,CTNet
PGD_LP,True,gaussian,3.0,Linf,0.25,0.022179658414443446,"[0.2291647493839264, 0.2143833041191101, 0.2309233397245407, 0.24241867661476135, 0.23662105202674866, 0.23321464657783508, 0.18379081785678864, 0.24725432693958282, 0.2402178794145584, 0.2527456283569336, 0.2457503080368042, 0.26630839705467224, 0.23572051525115967, 0.2663578391075134, 0.2547707259654999, 0.26532769203186035, 0.26493269205093384, 0.2896943986415863, 0.27747711539268494, 0.2905137240886688, 0.2888440191745758, 0.3186075687408447]",40.0,0.0027724573018054308,True,999,0.75,0.6909722089767456,0.3090277910232544,3.3869504928588867,3.386775493621826,0.02217966318130493,32.82661437988281,0.7808951735496521,"[0.5972222222222222, 0.9305555555555556, 0.6388888888888888, 0.8333333333333334]","[0.4722222222222222, 0.9166666666666666, 0.5833333333333334, 0.7916666666666666]",0.0,1,False,0.9983236871823828,,,,,0.02319120571466251,0.026409993776445727,0.0032187880617832176,"['CPz', 'CP3', 'C3', 'Pz', 'C4']","['CPz', 'CP3', 'C3', 'Pz', 'C4']",,,,9,CTNet
PGD_LP,True,gaussian,3.0,Linf,0.5,0.04435931682888689,"[0.4583294987678528, 0.4287666082382202, 0.4618466794490814, 0.4848373532295227, 0.4732421040534973, 0.46642929315567017, 0.36758163571357727, 0.49450865387916565, 0.4804357588291168, 0.5054912567138672, 0.4915006160736084, 0.5326167941093445, 0.47144103050231934, 0.5327156782150269, 0.5095414519309998, 0.5306553840637207, 0.5298653841018677, 0.5793887972831726, 0.5549542307853699, 0.5810274481773376, 0.5776880383491516, 0.6372151374816895]",40.0,0.0055449146036108616,True,999,0.75,0.5833333134651184,0.4166666865348816,6.6481404304504395,6.656527996063232,0.04435932636260986,26.957435607910156,0.7722551822662354,"[0.5972222222222222, 0.9305555555555556, 0.6388888888888888, 0.8333333333333334]","[0.3888888888888889, 0.8194444444444444, 0.375, 0.75]",0.0,1,False,0.9983236871823828,,,,,0.02319120571466251,0.026409993776445727,0.0032187880617832176,"['CPz', 'CP3', 'C3', 'Pz', 'C4']","['CPz', 'CP3', 'C3', 'Pz', 'C4']",,,,9,CTNet
PGD_LP,True,gaussian,3.0,Linf,1.0,0.08871863365777378,"[0.9166589975357056, 0.8575332164764404, 0.9236933588981628, 0.9696747064590454, 0.9464842081069946, 0.9328585863113403, 0.7351632714271545, 0.9890173077583313, 0.9608715176582336, 1.0109825134277344, 0.9830012321472168, 1.065233588218689, 0.9428820610046387, 1.0654313564300537, 1.0190829038619995, 1.0613107681274414, 1.0597307682037354, 1.1587775945663452, 1.1099084615707397, 1.1620548963546753, 1.1553760766983032, 1.274430274963379]",40.0,0.011089829207221723,True,999,0.75,0.1736111044883728,0.8263888955116272,12.949793815612793,12.962175369262695,0.08871865272521973,21.168901443481445,0.7637037634849548,"[0.5972222222222222, 0.9305555555555556, 0.6388888888888888, 0.8333333333333334]","[0.1388888888888889, 0.125, 0.013888888888888888, 0.4166666666666667]",0.0,1,False,0.9983236871823828,,,,,0.02319120571466251,0.026409993776445727,0.0032187880617832176,"['CPz', 'CP3', 'C3', 'Pz', 'C4']","['CPz', 'CP3', 'C3', 'Pz', 'C4']",,,,9,CTNet
PGD_LP,True,gaussian,3.0,Linf,2.0,0.17743726731554757,"[1.8333179950714111, 1.7150664329528809, 1.8473867177963257, 1.9393494129180908, 1.8929684162139893, 1.8657171726226807, 1.470326542854309, 1.9780346155166626, 1.9217430353164673, 2.0219650268554688, 1.9660024642944336, 2.130467176437378, 1.8857641220092773, 2.1308627128601074, 2.038165807723999, 2.122621536254883, 2.1194615364074707, 2.3175551891326904, 2.2198169231414795, 2.3241097927093506, 2.3107521533966064, 2.548860549926758]",40.0,0.022179658414443446,True,999,0.75,0.0243055559694767,0.9756944440305233,24.86748504638672,24.86534881591797,0.17743730545043945,15.510698318481445,0.7521684765815735,"[0.5972222222222222, 0.9305555555555556, 0.6388888888888888, 0.8333333333333334]","[0.0, 0.0, 0.0, 0.09722222222222222]",0.0,1,False,0.9983236871823828,,,,,0.02319120571466251,0.026409993776445727,0.0032187880617832176,"['CPz', 'CP3', 'C3', 'Pz', 'C4']","['CPz', 'CP3', 'C3', 'Pz', 'C4']",,,,9,CTNet
DeepFool_L2,,,,L2,,,,50.0,,,999,0.75,0.1284722238779068,0.8715277761220932,104.97589111328125,84.63251495361328,2.846637725830078,72.67314910888672,121.72237396240234,,,0.0,1,False,0.8973743647656691,,,,,0.02319120571466251,0.07496718631017671,0.0517759805955142,"['CPz', 'CP3', 'C3', 'Pz', 'C4']","['CP3', 'CPz', 'C3', 'Pz', 'C4']",,,,9,CTNet
FGSM,False,,,Linf,0.25,0.022179658414443446,"[0.2291647493839264, 0.2143833041191101, 0.2309233397245407, 0.24241867661476135, 0.23662105202674866, 0.23321464657783508, 0.18379081785678864, 0.24725432693958282, 0.2402178794145584, 0.2527456283569336, 0.2457503080368042, 0.26630839705467224, 0.23572051525115967, 0.2663578391075134, 0.2547707259654999, 0.26532769203186035, 0.26493269205093384, 0.2896943986415863, 0.27747711539268494, 0.2905137240886688, 0.2888440191745758, 0.3186075687408447]",,,False,42,0.6076388955116272,0.2256944477558136,0.7743055522441864,112.2704086303711,113.1238021850586,3.805781841278076,2.3992724418640137,0.11915379762649536,"[0.7777777777777778, 0.6111111111111112, 0.3888888888888889, 0.6527777777777778]","[0.9027777777777778, 0.0, 0.0, 0.0]",0.0,1,False,0.7532732213438735,,,,,0.10040670694088787,0.2246511971306223,0.12424449018973442,"['P1', 'C5', 'FC4', 'CP1', 'C3']","['C3', 'P1', 'C5', 'FC4', 'C6']",,,,9,Mamba
FGSM,False,,,Linf,0.5,0.04435931682888689,"[0.4583294987678528, 0.4287666082382202, 0.4618466794490814, 0.4848373532295227, 0.4732421040534973, 0.46642929315567017, 0.36758163571357727, 0.49450865387916565, 0.4804357588291168, 0.5054912567138672, 0.4915006160736084, 0.5326167941093445, 0.47144103050231934, 0.5327156782150269, 0.5095414519309998, 0.5306553840637207, 0.5298653841018677, 0.5793887972831726, 0.5549542307853699, 0.5810274481773376, 0.5776880383491516, 0.6372151374816895]",,,False,42,0.6076388955116272,0.1701388955116272,0.8298611044883728,111.89534759521484,113.18372344970703,3.805781841278076,2.3945393562316895,0.1180967465043068,"[0.7777777777777778, 0.6111111111111112, 0.3888888888888889, 0.6527777777777778]","[0.6805555555555556, 0.0, 0.0, 0.0]",0.0,1,False,0.7532732213438735,,,,,0.10040670694088787,0.2246511971306223,0.12424449018973442,"['P1', 'C5', 'FC4', 'CP1', 'C3']","['C3', 'P1', 'C5', 'FC4', 'C6']",,,,9,Mamba
FGSM,False,,,Linf,1.0,0.08871863365777378,"[0.9166589975357056, 0.8575332164764404, 0.9236933588981628, 0.9696747064590454, 0.9464842081069946, 0.9328585863113403, 0.7351632714271545, 0.9890173077583313, 0.9608715176582336, 1.0109825134277344, 0.9830012321472168, 1.065233588218689, 0.9428820610046387, 1.0654313564300537, 1.0190829038619995, 1.0613107681274414, 1.0597307682037354, 1.1587775945663452, 1.1099084615707397, 1.1620548963546753, 1.1553760766983032, 1.274430274963379]",,,False,42,0.6076388955116272,0.0347222238779068,0.9652777761220932,112.43820190429688,113.42279815673828,3.805781841278076,2.3756842613220215,0.11394792795181274,"[0.7777777777777778, 0.6111111111111112, 0.3888888888888889, 0.6527777777777778]","[0.1388888888888889, 0.0, 0.0, 0.0]",0.0,1,False,0.7532732213438735,,,,,0.10040670694088787,0.2246511971306223,0.12424449018973442,"['P1', 'C5', 'FC4', 'CP1', 'C3']","['C3', 'P1', 'C5', 'FC4', 'C6']",,,,9,Mamba
FGSM,False,,,Linf,2.0,0.17743726731554757,"[1.8333179950714111, 1.7150664329528809, 1.8473867177963257, 1.9393494129180908, 1.8929684162139893, 1.8657171726226807, 1.470326542854309, 1.9780346155166626, 1.9217430353164673, 2.0219650268554688, 1.9660024642944336, 2.130467176437378, 1.8857641220092773, 2.1308627128601074, 2.038165807723999, 2.122621536254883, 2.1194615364074707, 2.3175551891326904, 2.2198169231414795, 2.3241097927093506, 2.3107521533966064, 2.548860549926758]",,,False,42,0.6076388955116272,0.0,1.0,113.70497131347656,114.3681640625,3.805781841278076,2.3015646934509277,0.09870192408561707,"[0.7777777777777778, 0.6111111111111112, 0.3888888888888889, 0.6527777777777778]","[0.0, 0.0, 0.0, 0.0]",0.0,1,False,0.7532732213438735,,,,,0.10040670694088787,0.2246511971306223,0.12424449018973442,"['P1', 'C5', 'FC4', 'CP1', 'C3']","['C3', 'P1', 'C5', 'FC4', 'C6']",,,,9,Mamba
PGD,False,,,Linf,0.25,0.022179658414443446,"[0.2291647493839264, 0.2143833041191101, 0.2309233397245407, 0.24241867661476135, 0.23662105202674866, 0.23321464657783508, 0.18379081785678864, 0.24725432693958282, 0.2402178794145584, 0.2527456283569336, 0.2457503080368042, 0.26630839705467224, 0.23572051525115967, 0.2663578391075134, 0.2547707259654999, 0.26532769203186035, 0.26493269205093384, 0.2896943986415863, 0.27747711539268494, 0.2905137240886688, 0.2888440191745758, 0.3186075687408447]",40.0,0.0027724573018054308,True,42,0.6076388955116272,0.2118055522441864,0.7881944477558136,112.01153564453125,113.12374877929688,3.805781841278076,2.3992760181427,0.11915456503629684,"[0.7777777777777778, 0.6111111111111112, 0.3888888888888889, 0.6527777777777778]","[0.8472222222222222, 0.0, 0.0, 0.0]",0.0,1,False,0.754384881422925,,,,,0.10040670694088787,0.22829824916868463,0.12789154222779675,"['P1', 'C5', 'FC4', 'CP1', 'C3']","['C3', 'P1', 'FC4', 'C5', 'C6']",,,,9,Mamba
PGD,False,,,Linf,0.5,0.04435931682888689,"[0.4583294987678528, 0.4287666082382202, 0.4618466794490814, 0.4848373532295227, 0.4732421040534973, 0.46642929315567017, 0.36758163571357727, 0.49450865387916565, 0.4804357588291168, 0.5054912567138672, 0.4915006160736084, 0.5326167941093445, 0.47144103050231934, 0.5327156782150269, 0.5095414519309998, 0.5306553840637207, 0.5298653841018677, 0.5793887972831726, 0.5549542307853699, 0.5810274481773376, 0.5776880383491516, 0.6372151374816895]",40.0,0.0055449146036108616,True,42,0.6076388955116272,0.0694444477558136,0.9305555522441864,112.00048828125,113.18331146240234,3.805781841278076,2.3945722579956055,0.11810679733753204,"[0.7777777777777778, 0.6111111111111112, 0.3888888888888889, 0.6527777777777778]","[0.2777777777777778, 0.0, 0.0, 0.0]",0.0,1,False,0.754384881422925,,,,,0.10040670694088787,0.22829824916868463,0.12789154222779675,"['P1', 'C5', 'FC4', 'CP1', 'C3']","['C3', 'P1', 'FC4', 'C5', 'C6']",,,,9,Mamba
PGD,False,,,Linf,1.0,0.08871863365777378,"[0.9166589975357056, 0.8575332164764404, 0.9236933588981628, 0.9696747064590454, 0.9464842081069946, 0.9328585863113403, 0.7351632714271545, 0.9890173077583313, 0.9608715176582336, 1.0109825134277344, 0.9830012321472168, 1.065233588218689, 0.9428820610046387, 1.0654313564300537, 1.0190829038619995, 1.0613107681274414, 1.0597307682037354, 1.1587775945663452, 1.1099084615707397, 1.1620548963546753, 1.1553760766983032, 1.274430274963379]",40.0,0.011089829207221723,True,42,0.6076388955116272,0.0,1.0,112.76937866210938,113.40404510498047,3.805781841278076,2.3772189617156982,0.11463330686092377,"[0.7777777777777778, 0.6111111111111112, 0.3888888888888889, 0.6527777777777778]","[0.0, 0.0, 0.0, 0.0]",0.0,1,False,0.754384881422925,,,,,0.10040670694088787,0.22829824916868463,0.12789154222779675,"['P1', 'C5', 'FC4', 'CP1', 'C3']","['C3', 'P1', 'FC4', 'C5', 'C6']",,,,9,Mamba
PGD,False,,,Linf,2.0,0.17743726731554757,"[1.8333179950714111, 1.7150664329528809, 1.8473867177963257, 1.9393494129180908, 1.8929684162139893, 1.8657171726226807, 1.470326542854309, 1.9780346155166626, 1.9217430353164673, 2.0219650268554688, 1.9660024642944336, 2.130467176437378, 1.8857641220092773, 2.1308627128601074, 2.038165807723999, 2.122621536254883, 2.1194615364074707, 2.3175551891326904, 2.2198169231414795, 2.3241097927093506, 2.3107521533966064, 2.548860549926758]",40.0,0.022179658414443446,True,42,0.6076388955116272,0.0,1.0,113.39007568359375,114.0179443359375,3.805781841278076,2.3293509483337402,0.10696166008710861,"[0.7777777777777778, 0.6111111111111112, 0.3888888888888889, 0.6527777777777778]","[0.0, 0.0, 0.0, 0.0]",0.0,1,False,0.754384881422925,,,,,0.10040670694088787,0.22829824916868463,0.12789154222779675,"['P1', 'C5', 'FC4', 'CP1', 'C3']","['C3', 'P1', 'FC4', 'C5', 'C6']",,,,9,Mamba
FGSM_LP,True,gaussian,3.0,Linf,0.25,0.022179658414443446,"[0.2291647493839264, 0.2143833041191101, 0.2309233397245407, 0.24241867661476135, 0.23662105202674866, 0.23321464657783508, 0.18379081785678864, 0.24725432693958282, 0.2402178794145584, 0.2527456283569336, 0.2457503080368042, 0.26630839705467224, 0.23572051525115967, 0.2663578391075134, 0.2547707259654999, 0.26532769203186035, 0.26493269205093384, 0.2896943986415863, 0.27747711539268494, 0.2905137240886688, 0.2888440191745758, 0.3186075687408447]",,,False,42,0.6076388955116272,0.5173611044883728,0.4826388955116272,3.3772470951080322,3.376054525375366,0.02217966318130493,32.85421371459961,0.7704445123672485,"[0.7777777777777778, 0.6111111111111112, 0.3888888888888889, 0.6527777777777778]","[0.7638888888888888, 0.4305555555555556, 0.3055555555555556, 0.5694444444444444]",0.0,1,False,0.9980413608131,,,,,0.10040670694088787,0.10076452542524225,0.0003578184843543858,"['P1', 'C5', 'FC4', 'CP1', 'C3']","['P1', 'C5', 'FC4', 'CP1', 'C3']",,,,9,Mamba
FGSM_LP,True,gaussian,3.0,Linf,0.5,0.04435931682888689,"[0.4583294987678528, 0.4287666082382202, 0.4618466794490814, 0.4848373532295227, 0.4732421040534973, 0.46642929315567017, 0.36758163571357727, 0.49450865387916565, 0.4804357588291168, 0.5054912567138672, 0.4915006160736084, 0.5326167941093445, 0.47144103050231934, 0.5327156782150269, 0.5095414519309998, 0.5306553840637207, 0.5298653841018677, 0.5793887972831726, 0.5549542307853699, 0.5810274481773376, 0.5776880383491516, 0.6372151374816895]",,,False,42,0.6076388955116272,0.3541666567325592,0.6458333432674408,6.616213798522949,6.623098373413086,0.04435932636260986,27.001283645629883,0.7564530372619629,"[0.7777777777777778, 0.6111111111111112, 0.3888888888888889, 0.6527777777777778]","[0.6388888888888888, 0.16666666666666666, 0.19444444444444445, 0.4166666666666667]",0.0,1,False,0.9980413608131,,,,,0.10040670694088787,0.10076452542524225,0.0003578184843543858,"['P1', 'C5', 'FC4', 'CP1', 'C3']","['P1', 'C5', 'FC4', 'CP1', 'C3']",,,,9,Mamba
FGSM_LP,True,gaussian,3.0,Linf,1.0,0.08871863365777378,"[0.9166589975357056, 0.8575332164764404, 0.9236933588981628, 0.9696747064590454, 0.9464842081069946, 0.9328585863113403, 0.7351632714271545, 0.9890173077583313, 0.9608715176582336, 1.0109825134277344, 0.9830012321472168, 1.065233588218689, 0.9428820610046387, 1.0654313564300537, 1.0190829038619995, 1.0613107681274414, 1.0597307682037354, 1.1587775945663452, 1.1099084615707397, 1.1620548963546753, 1.1553760766983032, 1.274430274963379]",,,False,42,0.6076388955116272,0.1458333283662796,0.8541666716337204,12.844470977783203,12.856584548950195,0.08871865272521973,21.240156173706055,0.7397491335868835,"[0.7777777777777778, 0.6111111111111112, 0.3888888888888889, 0.6527777777777778]","[0.3333333333333333, 0.013888888888888888, 0.08333333333333333, 0.1527777777777778]",0.0,1,False,0.9980413608131,,,,,0.10040670694088787,0.10076452542524225,0.0003578184843543858,"['P1', 'C5', 'FC4', 'CP1', 'C3']","['P1', 'C5', 'FC4', 'CP1', 'C3']",,,,9,Mamba
FGSM_LP,True,gaussian,3.0,Linf,2.0,0.17743726731554757,"[1.8333179950714111, 1.7150664329528809, 1.8473867177963257, 1.9393494129180908, 1.8929684162139893, 1.8657171726226807, 1.470326542854309, 1.9780346155166626, 1.9217430353164673, 2.0219650268554688, 1.9660024642944336, 2.130467176437378, 1.8857641220092773, 2.1308627128601074, 2.038165807723999, 2.122621536254883, 2.1194615364074707, 2.3175551891326904, 2.2198169231414795, 2.3241097927093506, 2.3107521533966064, 2.548860549926758]",,,False,42,0.6076388955116272,0.0,1.0,24.587970733642578,24.566978454589844,0.17743730545043945,15.61585807800293,0.7226889729499817,"[0.7777777777777778, 0.6111111111111112, 0.3888888888888889, 0.6527777777777778]","[0.0, 0.0, 0.0, 0.0]",0.0,1,False,0.9980413608131,,,,,0.10040670694088787,0.10076452542524225,0.0003578184843543858,"['P1', 'C5', 'FC4', 'CP1', 'C3']","['P1', 'C5', 'FC4', 'CP1', 'C3']",,,,9,Mamba
PGD_LP,True,gaussian,3.0,Linf,0.25,0.022179658414443446,"[0.2291647493839264, 0.2143833041191101, 0.2309233397245407, 0.24241867661476135, 0.23662105202674866, 0.23321464657783508, 0.18379081785678864, 0.24725432693958282, 0.2402178794145584, 0.2527456283569336, 0.2457503080368042, 0.26630839705467224, 0.23572051525115967, 0.2663578391075134, 0.2547707259654999, 0.26532769203186035, 0.26493269205093384, 0.2896943986415863, 0.27747711539268494, 0.2905137240886688, 0.2888440191745758, 0.3186075687408447]",40.0,0.0027724573018054308,True,42,0.6076388955116272,0.5520833134651184,0.4479166865348816,3.377833366394043,3.375761032104492,0.02217966318130493,32.85496139526367,0.7717135548591614,"[0.7777777777777778, 0.6111111111111112, 0.3888888888888889, 0.6527777777777778]","[0.7638888888888888, 0.5416666666666666, 0.3194444444444444, 0.5833333333333334]",0.0,1,False,0.9980678289102202,,,,,0.10040670694088787,0.10113225556931653,0.0007255486284286627,"['P1', 'C5', 'FC4', 'CP1', 'C3']","['P1', 'C5', 'FC4', 'CP1', 'C3']",,,,9,Mamba
PGD_LP,True,gaussian,3.0,Linf,0.5,0.04435931682888689,"[0.4583294987678528, 0.4287666082382202, 0.4618466794490814, 0.4848373532295227, 0.4732421040534973, 0.46642929315567017, 0.36758163571357727, 0.49450865387916565, 0.4804357588291168, 0.5054912567138672, 0.4915006160736084, 0.5326167941093445, 0.47144103050231934, 0.5327156782150269, 0.5095414519309998, 0.5306553840637207, 0.5298653841018677, 0.5793887972831726, 0.5549542307853699, 0.5810274481773376, 0.5776880383491516, 0.6372151374816895]",40.0,0.0055449146036108616,True,42,0.6076388955116272,0.4548611044883728,0.5451388955116272,6.616731643676758,6.620222568511963,0.04435932636260986,27.005043029785156,0.7571609020233154,"[0.7777777777777778, 0.6111111111111112, 0.3888888888888889, 0.6527777777777778]","[0.6805555555555556, 0.375, 0.2638888888888889, 0.5]",0.0,1,False,0.9980678289102202,,,,,0.10040670694088787,0.10113225556931653,0.0007255486284286627,"['P1', 'C5', 'FC4', 'CP1', 'C3']","['P1', 'C5', 'FC4', 'CP1', 'C3']",,,,9,Mamba
PGD_LP,True,gaussian,3.0,Linf,1.0,0.08871863365777378,"[0.9166589975357056, 0.8575332164764404, 0.9236933588981628, 0.9696747064590454, 0.9464842081069946, 0.9328585863113403, 0.7351632714271545, 0.9890173077583313, 0.9608715176582336, 1.0109825134277344, 0.9830012321472168, 1.065233588218689, 0.9428820610046387, 1.0654313564300537, 1.0190829038619995, 1.0613107681274414, 1.0597307682037354, 1.1587775945663452, 1.1099084615707397, 1.1620548963546753, 1.1553760766983032, 1.274430274963379]",40.0,0.011089829207221723,True,42,0.6076388955116272,0.2604166567325592,0.7395833432674408,12.804204940795898,12.822193145751953,0.08871865272521973,21.263511657714844,0.7309228777885437,"[0.7777777777777778, 0.6111111111111112, 0.3888888888888889, 0.6527777777777778]","[0.4305555555555556, 0.18055555555555555, 0.1388888888888889, 0.2916666666666667]",0.0,1,False,0.9980678289102202,,,,,0.10040670694088787,0.10113225556931653,0.0007255486284286627,"['P1', 'C5', 'FC4', 'CP1', 'C3']","['P1', 'C5', 'FC4', 'CP1', 'C3']",,,,9,Mamba
PGD_LP,True,gaussian,3.0,Linf,2.0,0.17743726731554757,"[1.8333179950714111, 1.7150664329528809, 1.8473867177963257, 1.9393494129180908, 1.8929684162139893, 1.8657171726226807, 1.470326542854309, 1.9780346155166626, 1.9217430353164673, 2.0219650268554688, 1.9660024642944336, 2.130467176437378, 1.8857641220092773, 2.1308627128601074, 2.038165807723999, 2.122621536254883, 2.1194615364074707, 2.3175551891326904, 2.2198169231414795, 2.3241097927093506, 2.3107521533966064, 2.548860549926758]",40.0,0.022179658414443446,True,42,0.6076388955116272,0.02777777798473835,0.9722222220152617,24.171772003173828,24.138216018676758,0.17743730545043945,15.769641876220703,0.6776729226112366,"[0.7777777777777778, 0.6111111111111112, 0.3888888888888889, 0.6527777777777778]","[0.027777777777777776, 0.013888888888888888, 0.027777777777777776, 0.041666666666666664]",0.0,1,False,0.9980678289102202,,,,,0.10040670694088787,0.10113225556931653,0.0007255486284286627,"['P1', 'C5', 'FC4', 'CP1', 'C3']","['P1', 'C5', 'FC4', 'CP1', 'C3']",,,,9,Mamba
DeepFool_L2,,,,L2,,,,50.0,,,42,0.6076388955116272,0.1701388955116272,0.8298611044883728,94.75019836425781,69.02953338623047,2.3248777389526367,112.64202117919922,137.20733642578125,,,0.0,1,False,0.8326510446075664,,,,,0.10040670694088787,0.17486668005765468,0.07445997311676682,"['P1', 'C5', 'FC4', 'CP1', 'C3']","['P1', 'C3', 'C5', 'FC4', 'C6']",,,,9,Mamba
FGSM,False,,,Linf,0.25,0.022179658414443446,"[0.2291647493839264, 0.2143833041191101, 0.2309233397245407, 0.24241867661476135, 0.23662105202674866, 0.23321464657783508, 0.18379081785678864, 0.24725432693958282, 0.2402178794145584, 0.2527456283569336, 0.2457503080368042, 0.26630839705467224, 0.23572051525115967, 0.2663578391075134, 0.2547707259654999, 0.26532769203186035, 0.26493269205093384, 0.2896943986415863, 0.27747711539268494, 0.2905137240886688, 0.2888440191745758, 0.3186075687408447]",,,False,123,0.5868055820465088,0.2465277761220932,0.7534722238779068,112.4690170288086,113.12379455566406,3.805781841278076,2.3992726802825928,0.11915386468172073,"[0.8472222222222222, 0.5277777777777778, 0.3333333333333333, 0.6388888888888888]","[0.9861111111111112, 0.0, 0.0, 0.0]",0.0,1,False,0.6800007058159233,,,,,-0.02619289102328575,0.09401203867064613,0.12020492969393187,"['C6', 'FC1', 'C4', 'C3', 'CP4']","['C3', 'Cz', 'C6', 'CP1', 'C4']",,,,9,Mamba
FGSM,False,,,Linf,0.5,0.04435931682888689,"[0.4583294987678528, 0.4287666082382202, 0.4618466794490814, 0.4848373532295227, 0.4732421040534973, 0.46642929315567017, 0.36758163571357727, 0.49450865387916565, 0.4804357588291168, 0.5054912567138672, 0.4915006160736084, 0.5326167941093445, 0.47144103050231934, 0.5327156782150269, 0.5095414519309998, 0.5306553840637207, 0.5298653841018677, 0.5793887972831726, 0.5549542307853699, 0.5810274481773376, 0.5776880383491516, 0.6372151374816895]",,,False,123,0.5868055820465088,0.21875,0.78125,111.9335708618164,113.18370819091797,3.805781841278076,2.394540548324585,0.11809755861759186,"[0.8472222222222222, 0.5277777777777778, 0.3333333333333333, 0.6388888888888888]","[0.875, 0.0, 0.0, 0.0]",0.0,1,False,0.6800007058159233,,,,,-0.02619289102328575,0.09401203867064613,0.12020492969393187,"['C6', 'FC1', 'C4', 'C3', 'CP4']","['C3', 'Cz', 'C6', 'CP1', 'C4']",,,,9,Mamba
FGSM,False,,,Linf,1.0,0.08871863365777378,"[0.9166589975357056, 0.8575332164764404, 0.9236933588981628, 0.9696747064590454, 0.9464842081069946, 0.9328585863113403, 0.7351632714271545, 0.9890173077583313, 0.9608715176582336, 1.0109825134277344, 0.9830012321472168, 1.065233588218689, 0.9428820610046387, 1.0654313564300537, 1.0190829038619995, 1.0613107681274414, 1.0597307682037354, 1.1587775945663452, 1.1099084615707397, 1.1620548963546753, 1.1553760766983032, 1.274430274963379]",,,False,123,0.5868055820465088,0.1215277761220932,0.8784722238779068,111.20877075195312,113.42266082763672,3.805781841278076,2.3756957054138184,0.1139526218175888,"[0.8472222222222222, 0.5277777777777778, 0.3333333333333333, 0.6388888888888888]","[0.4861111111111111, 0.0, 0.0, 0.0]",0.0,1,False,0.6800007058159233,,,,,-0.02619289102328575,0.09401203867064613,0.12020492969393187,"['C6', 'FC1', 'C4', 'C3', 'CP4']","['C3', 'Cz', 'C6', 'CP1', 'C4']",,,,9,Mamba
FGSM,False,,,Linf,2.0,0.17743726731554757,"[1.8333179950714111, 1.7150664329528809, 1.8473867177963257, 1.9393494129180908, 1.8929684162139893, 1.8657171726226807, 1.470326542854309, 1.9780346155166626, 1.9217430353164673, 2.0219650268554688, 1.9660024642944336, 2.130467176437378, 1.8857641220092773, 2.1308627128601074, 2.038165807723999, 2.122621536254883, 2.1194615364074707, 2.3175551891326904, 2.2198169231414795, 2.3241097927093506, 2.3107521533966064, 2.548860549926758]",,,False,123,0.5868055820465088,0.0069444444961845875,0.9930555555038154,113.64726257324219,114.3671875,3.805781841278076,2.3016469478607178,0.09872259944677353,"[0.8472222222222222, 0.5277777777777778, 0.3333333333333333, 0.6388888888888888]","[0.027777777777777776, 0.0, 0.0, 0.0]",0.0,1,False,0.6800007058159233,,,,,-0.02619289102328575,0.09401203867064613,0.12020492969393187,"['C6', 'FC1', 'C4', 'C3', 'CP4']","['C3', 'Cz', 'C6', 'CP1', 'C4']",,,,9,Mamba
PGD,False,,,Linf,0.25,0.022179658414443446,"[0.2291647493839264, 0.2143833041191101, 0.2309233397245407, 0.24241867661476135, 0.23662105202674866, 0.23321464657783508, 0.18379081785678864, 0.24725432693958282, 0.2402178794145584, 0.2527456283569336, 0.2457503080368042, 0.26630839705467224, 0.23572051525115967, 0.2663578391075134, 0.2547707259654999, 0.26532769203186035, 0.26493269205093384, 0.2896943986415863, 0.27747711539268494, 0.2905137240886688, 0.2888440191745758, 0.3186075687408447]",40.0,0.0027724573018054308,True,123,0.5868055820465088,0.2430555522441864,0.7569444477558136,112.36965942382812,113.12376403808594,3.805781841278076,2.399275064468384,0.11915461719036102,"[0.8472222222222222, 0.5277777777777778, 0.3333333333333333, 0.6388888888888888]","[0.9722222222222222, 0.0, 0.0, 0.0]",0.0,1,False,0.6590115047995484,,,,,-0.02619289102328575,0.1012534785330562,0.12744636955634195,"['C6', 'FC1', 'C4', 'C3', 'CP4']","['C3', 'Cz', 'CP1', 'C6', 'C4']",,,,9,Mamba
PGD,False,,,Linf,0.5,0.04435931682888689,"[0.4583294987678528, 0.4287666082382202, 0.4618466794490814, 0.4848373532295227, 0.4732421040534973, 0.46642929315567017, 0.36758163571357727, 0.49450865387916565, 0.4804357588291168, 0.5054912567138672, 0.4915006160736084, 0.5326167941093445, 0.47144103050231934, 0.5327156782150269, 0.5095414519309998, 0.5306553840637207, 0.5298653841018677, 0.5793887972831726, 0.5549542307853699, 0.5810274481773376, 0.5776880383491516, 0.6372151374816895]",40.0,0.0055449146036108616,True,123,0.5868055820465088,0.1805555522441864,0.8194444477558136,111.02426147460938,113.18328857421875,3.805781841278076,2.3945748805999756,0.11811144649982452,"[0.8472222222222222, 0.5277777777777778, 0.3333333333333333, 0.6388888888888888]","[0.7222222222222222, 0.0, 0.0, 0.0]",0.0,1,False,0.6590115047995484,,,,,-0.02619289102328575,0.1012534785330562,0.12744636955634195,"['C6', 'FC1', 'C4', 'C3', 'CP4']","['C3', 'Cz', 'CP1', 'C6', 'C4']",,,,9,Mamba
PGD,False,,,Linf,1.0,0.08871863365777378,"[0.9166589975357056, 0.8575332164764404, 0.9236933588981628, 0.9696747064590454, 0.9464842081069946, 0.9328585863113403, 0.7351632714271545, 0.9890173077583313, 0.9608715176582336, 1.0109825134277344, 0.9830012321472168, 1.065233588218689, 0.9428820610046387, 1.0654313564300537, 1.0190829038619995, 1.0613107681274414, 1.0597307682037354, 1.1587775945663452, 1.1099084615707397, 1.1620548963546753, 1.1553760766983032, 1.274430274963379]",40.0,0.011089829207221723,True,123,0.5868055820465088,0.0,1.0,112.76376342773438,113.39877319335938,3.805781841278076,2.377652168273926,0.11485957354307175,"[0.8472222222222222, 0.5277777777777778, 0.3333333333333333, 0.6388888888888888]","[0.0, 0.0, 0.0, 0.0]",0.0,1,False,0.6590115047995484,,,,,-0.02619289102328575,0.1012534785330562,0.12744636955634195,"['C6', 'FC1', 'C4', 'C3', 'CP4']","['C3', 'Cz', 'CP1', 'C6', 'C4']",,,,9,Mamba
PGD,False,,,Linf,2.0,0.17743726731554757,"[1.8333179950714111, 1.7150664329528809, 1.8473867177963257, 1.9393494129180908, 1.8929684162139893, 1.8657171726226807, 1.470326542854309, 1.9780346155166626, 1.9217430353164673, 2.0219650268554688, 1.9660024642944336, 2.130467176437378, 1.8857641220092773, 2.1308627128601074, 2.038165807723999, 2.122621536254883, 2.1194615364074707, 2.3175551891326904, 2.2198169231414795, 2.3241097927093506, 2.3107521533966064, 2.548860549926758]",40.0,0.022179658414443446,True,123,0.5868055820465088,0.0,1.0,113.396484375,113.98391723632812,3.805781841278076,2.3320672512054443,0.10819019377231598,"[0.8472222222222222, 0.5277777777777778, 0.3333333333333333, 0.6388888888888888]","[0.0, 0.0, 0.0, 0.0]",0.0,1,False,0.6590115047995484,,,,,-0.02619289102328575,0.1012534785330562,0.12744636955634195,"['C6', 'FC1', 'C4', 'C3', 'CP4']","['C3', 'Cz', 'CP1', 'C6', 'C4']",,,,9,Mamba
FGSM_LP,True,gaussian,3.0,Linf,0.25,0.022179658414443446,"[0.2291647493839264, 0.2143833041191101, 0.2309233397245407, 0.24241867661476135, 0.23662105202674866, 0.23321464657783508, 0.18379081785678864, 0.24725432693958282, 0.2402178794145584, 0.2527456283569336, 0.2457503080368042, 0.26630839705467224, 0.23572051525115967, 0.2663578391075134, 0.2547707259654999, 0.26532769203186035, 0.26493269205093384, 0.2896943986415863, 0.27747711539268494, 0.2905137240886688, 0.2888440191745758, 0.3186075687408447]",,,False,123,0.5868055820465088,0.4791666567325592,0.5208333432674408,3.379077911376953,3.3792712688446045,0.02217966318130493,32.84592819213867,0.7734789252281189,"[0.8472222222222222, 0.5277777777777778, 0.3333333333333333, 0.6388888888888888]","[0.8055555555555556, 0.3194444444444444, 0.25, 0.5416666666666666]",0.0,1,False,0.9974061264822134,,,,,-0.02619289102328575,-0.02467464471772299,0.00151824630556276,"['C6', 'FC1', 'C4', 'C3', 'CP4']","['C6', 'FC1', 'C4', 'C3', 'CP4']",,,,9,Mamba
FGSM_LP,True,gaussian,3.0,Linf,0.5,0.04435931682888689,"[0.4583294987678528, 0.4287666082382202, 0.4618466794490814, 0.4848373532295227, 0.4732421040534973, 0.46642929315567017, 0.36758163571357727, 0.49450865387916565, 0.4804357588291168, 0.5054912567138672, 0.4915006160736084, 0.5326167941093445, 0.47144103050231934, 0.5327156782150269, 0.5095414519309998, 0.5306553840637207, 0.5298653841018677, 0.5793887972831726, 0.5549542307853699, 0.5810274481773376, 0.5776880383491516, 0.6372151374816895]",,,False,123,0.5868055820465088,0.3333333432674408,0.6666666567325592,6.631710052490234,6.633484363555908,0.04435932636260986,26.987638473510742,0.7609392404556274,"[0.8472222222222222, 0.5277777777777778, 0.3333333333333333, 0.6388888888888888]","[0.6666666666666666, 0.1111111111111111, 0.1388888888888889, 0.4166666666666667]",0.0,1,False,0.9974061264822134,,,,,-0.02619289102328575,-0.02467464471772299,0.00151824630556276,"['C6', 'FC1', 'C4', 'C3', 'CP4']","['C6', 'FC1', 'C4', 'C3', 'CP4']",,,,9,Mamba
FGSM_LP,True,gaussian,3.0,Linf,1.0,0.08871863365777378,"[0.9166589975357056, 0.8575332164764404, 0.9236933588981628, 0.9696747064590454, 0.9464842081069946, 0.9328585863113403, 0.7351632714271545, 0.9890173077583313, 0.9608715176582336, 1.0109825134277344, 0.9830012321472168, 1.065233588218689, 0.9428820610046387, 1.0654313564300537, 1.0190829038619995, 1.0613107681274414, 1.0597307682037354, 1.1587775945663452, 1.1099084615707397, 1.1620548963546753, 1.1553760766983032, 1.274430274963379]",,,False,123,0.5868055820465088,0.0972222238779068,0.9027777761220932,12.886711120605469,12.88913345336914,0.08871865272521973,21.21813201904297,0.7462490200996399,"[0.8472222222222222, 0.5277777777777778, 0.3333333333333333, 0.6388888888888888]","[0.2638888888888889, 0.013888888888888888, 0.027777777777777776, 0.08333333333333333]",0.0,1,False,0.9974061264822134,,,,,-0.02619289102328575,-0.02467464471772299,0.00151824630556276,"['C6', 'FC1', 'C4', 'C3', 'CP4']","['C6', 'FC1', 'C4', 'C3', 'CP4']",,,,9,Mamba
FGSM_LP,True,gaussian,3.0,Linf,2.0,0.17743726731554757,"[1.8333179950714111, 1.7150664329528809, 1.8473867177963257, 1.9393494129180908, 1.8929684162139893, 1.8657171726226807, 1.470326542854309, 1.9780346155166626, 1.9217430353164673, 2.0219650268554688, 1.9660024642944336, 2.130467176437378, 1.8857641220092773, 2.1308627128601074, 2.038165807723999, 2.122621536254883, 2.1194615364074707, 2.3175551891326904, 2.2198169231414795, 2.3241097927093506, 2.3107521533966064, 2.548860549926758]",,,False,123,0.5868055820465088,0.0034722222480922937,0.9965277777519077,24.66942024230957,24.663312911987305,0.17743730545043945,15.58176040649414,0.7321648597717285,"[0.8472222222222222, 0.5277777777777778, 0.3333333333333333, 0.6388888888888888]","[0.013888888888888888, 0.0, 0.0, 0.0]",0.0,1,False,0.9974061264822134,,,,,-0.02619289102328575,-0.02467464471772299,0.00151824630556276,"['C6', 'FC1', 'C4', 'C3', 'CP4']","['C6', 'FC1', 'C4', 'C3', 'CP4']",,,,9,Mamba
PGD_LP,True,gaussian,3.0,Linf,0.25,0.022179658414443446,"[0.2291647493839264, 0.2143833041191101, 0.2309233397245407, 0.24241867661476135, 0.23662105202674866, 0.23321464657783508, 0.18379081785678864, 0.24725432693958282, 0.2402178794145584, 0.2527456283569336, 0.2457503080368042, 0.26630839705467224, 0.23572051525115967, 0.2663578391075134, 0.2547707259654999, 0.26532769203186035, 0.26493269205093384, 0.2896943986415863, 0.27747711539268494, 0.2905137240886688, 0.2888440191745758, 0.3186075687408447]",40.0,0.0027724573018054308,True,123,0.5868055820465088,0.5208333134651184,0.4791666865348816,3.38159441947937,3.380150318145752,0.02217966318130493,32.84365463256836,0.7747189998626709,"[0.8472222222222222, 0.5277777777777778, 0.3333333333333333, 0.6388888888888888]","[0.8194444444444444, 0.4444444444444444, 0.2638888888888889, 0.5555555555555556]",0.0,1,False,0.997467885375494,,,,,-0.02619289102328575,-0.02400904304242318,0.002183847980862571,"['C6', 'FC1', 'C4', 'C3', 'CP4']","['C6', 'FC1', 'C4', 'C3', 'CP4']",,,,9,Mamba
PGD_LP,True,gaussian,3.0,Linf,0.5,0.04435931682888689,"[0.4583294987678528, 0.4287666082382202, 0.4618466794490814, 0.4848373532295227, 0.4732421040534973, 0.46642929315567017, 0.36758163571357727, 0.49450865387916565, 0.4804357588291168, 0.5054912567138672, 0.4915006160736084, 0.5326167941093445, 0.47144103050231934, 0.5327156782150269, 0.5095414519309998, 0.5306553840637207, 0.5298653841018677, 0.5793887972831726, 0.5549542307853699, 0.5810274481773376, 0.5776880383491516, 0.6372151374816895]",40.0,0.0055449146036108616,True,123,0.5868055820465088,0.3993055522441864,0.6006944477558136,6.626293659210205,6.6331024169921875,0.04435932636260986,26.98813819885254,0.7600786089897156,"[0.8472222222222222, 0.5277777777777778, 0.3333333333333333, 0.6388888888888888]","[0.7083333333333334, 0.2361111111111111, 0.19444444444444445, 0.4583333333333333]",0.0,1,False,0.997467885375494,,,,,-0.02619289102328575,-0.02400904304242318,0.002183847980862571,"['C6', 'FC1', 'C4', 'C3', 'CP4']","['C6', 'FC1', 'C4', 'C3', 'CP4']",,,,9,Mamba
PGD_LP,True,gaussian,3.0,Linf,1.0,0.08871863365777378,"[0.9166589975357056, 0.8575332164764404, 0.9236933588981628, 0.9696747064590454, 0.9464842081069946, 0.9328585863113403, 0.7351632714271545, 0.9890173077583313, 0.9608715176582336, 1.0109825134277344, 0.9830012321472168, 1.065233588218689, 0.9428820610046387, 1.0654313564300537, 1.0190829038619995, 1.0613107681274414, 1.0597307682037354, 1.1587775945663452, 1.1099084615707397, 1.1620548963546753, 1.1553760766983032, 1.274430274963379]",40.0,0.011089829207221723,True,123,0.5868055820465088,0.1979166716337204,0.8020833283662796,12.83063793182373,12.84449577331543,0.08871865272521973,21.248443603515625,0.729598343372345,"[0.8472222222222222, 0.5277777777777778, 0.3333333333333333, 0.6388888888888888]","[0.3888888888888889, 0.08333333333333333, 0.08333333333333333, 0.2361111111111111]",0.0,1,False,0.997467885375494,,,,,-0.02619289102328575,-0.02400904304242318,0.002183847980862571,"['C6', 'FC1', 'C4', 'C3', 'CP4']","['C6', 'FC1', 'C4', 'C3', 'CP4']",,,,9,Mamba
PGD_LP,True,gaussian,3.0,Linf,2.0,0.17743726731554757,"[1.8333179950714111, 1.7150664329528809, 1.8473867177963257, 1.9393494129180908, 1.8929684162139893, 1.8657171726226807, 1.470326542854309, 1.9780346155166626, 1.9217430353164673, 2.0219650268554688, 1.9660024642944336, 2.130467176437378, 1.8857641220092773, 2.1308627128601074, 2.038165807723999, 2.122621536254883, 2.1194615364074707, 2.3175551891326904, 2.2198169231414795, 2.3241097927093506, 2.3107521533966064, 2.548860549926758]",40.0,0.022179658414443446,True,123,0.5868055820465088,0.0069444444961845875,0.9930555555038154,24.180301666259766,24.12742042541504,0.17743730545043945,15.773738861083984,0.6691433787345886,"[0.8472222222222222, 0.5277777777777778, 0.3333333333333333, 0.6388888888888888]","[0.0, 0.013888888888888888, 0.0, 0.013888888888888888]",0.0,1,False,0.997467885375494,,,,,-0.02619289102328575,-0.02400904304242318,0.002183847980862571,"['C6', 'FC1', 'C4', 'C3', 'CP4']","['C6', 'FC1', 'C4', 'C3', 'CP4']",,,,9,Mamba
DeepFool_L2,,,,L2,,,,50.0,,,123,0.5868055820465088,0.013888888992369175,0.9861111110076308,101.1805419921875,66.57282257080078,2.2467153072357178,118.50334930419922,138.38177490234375,,,0.0,1,False,0.7823440146809713,,,,,-0.02619289102328575,0.04296678584501547,0.06915967686830121,"['C6', 'FC1', 'C4', 'C3', 'CP4']","['C6', 'C3', 'C4', 'FC1', 'Cz']",,,,9,Mamba
FGSM,False,,,Linf,0.25,0.022179658414443446,"[0.2291647493839264, 0.2143833041191101, 0.2309233397245407, 0.24241867661476135, 0.23662105202674866, 0.23321464657783508, 0.18379081785678864, 0.24725432693958282, 0.2402178794145584, 0.2527456283569336, 0.2457503080368042, 0.26630839705467224, 0.23572051525115967, 0.2663578391075134, 0.2547707259654999, 0.26532769203186035, 0.26493269205093384, 0.2896943986415863, 0.27747711539268494, 0.2905137240886688, 0.2888440191745758, 0.3186075687408447]",,,False,2024,0.5416666865348816,0.25,0.75,112.49737548828125,113.12379455566406,3.805781841278076,2.3992724418640137,0.11915397644042969,"[0.8194444444444444, 0.4861111111111111, 0.4166666666666667, 0.4444444444444444]","[1.0, 0.0, 0.0, 0.0]",0.0,1,False,0.6600790513833994,,,,,-0.13344697259973642,-0.1575774106438596,-0.02413043804412318,"['P2', 'FC4', 'C6', 'C2', 'FC1']","['C2', 'C6', 'P2', 'FC4', 'C4']",,,,9,Mamba
FGSM,False,,,Linf,0.5,0.04435931682888689,"[0.4583294987678528, 0.4287666082382202, 0.4618466794490814, 0.4848373532295227, 0.4732421040534973, 0.46642929315567017, 0.36758163571357727, 0.49450865387916565, 0.4804357588291168, 0.5054912567138672, 0.4915006160736084, 0.5326167941093445, 0.47144103050231934, 0.5327156782150269, 0.5095414519309998, 0.5306553840637207, 0.5298653841018677, 0.5793887972831726, 0.5549542307853699, 0.5810274481773376, 0.5776880383491516, 0.6372151374816895]",,,False,2024,0.5416666865348816,0.2395833283662796,0.7604166716337204,112.33321380615234,113.18370056152344,3.805781841278076,2.394540548324585,0.11809845268726349,"[0.8194444444444444, 0.4861111111111111, 0.4166666666666667, 0.4444444444444444]","[0.9583333333333334, 0.0, 0.0, 0.0]",0.0,1,False,0.6600790513833994,,,,,-0.13344697259973642,-0.1575774106438596,-0.02413043804412318,"['P2', 'FC4', 'C6', 'C2', 'FC1']","['C2', 'C6', 'P2', 'FC4', 'C4']",,,,9,Mamba
FGSM,False,,,Linf,1.0,0.08871863365777378,"[0.9166589975357056, 0.8575332164764404, 0.9236933588981628, 0.9696747064590454, 0.9464842081069946, 0.9328585863113403, 0.7351632714271545, 0.9890173077583313, 0.9608715176582336, 1.0109825134277344, 0.9830012321472168, 1.065233588218689, 0.9428820610046387, 1.0654313564300537, 1.0190829038619995, 1.0613107681274414, 1.0597307682037354, 1.1587775945663452, 1.1099084615707397, 1.1620548963546753, 1.1553760766983032, 1.274430274963379]",,,False,2024,0.5416666865348816,0.0520833320915699,0.9479166679084301,112.15293884277344,113.42263793945312,3.805781841278076,2.3756978511810303,0.11396028846502304,"[0.8194444444444444, 0.4861111111111111, 0.4166666666666667, 0.4444444444444444]","[0.20833333333333334, 0.0, 0.0, 0.0]",0.0,1,False,0.6600790513833994,,,,,-0.13344697259973642,-0.1575774106438596,-0.02413043804412318,"['P2', 'FC4', 'C6', 'C2', 'FC1']","['C2', 'C6', 'P2', 'FC4', 'C4']",,,,9,Mamba
FGSM,False,,,Linf,2.0,0.17743726731554757,"[1.8333179950714111, 1.7150664329528809, 1.8473867177963257, 1.9393494129180908, 1.8929684162139893, 1.8657171726226807, 1.470326542854309, 1.9780346155166626, 1.9217430353164673, 2.0219650268554688, 1.9660024642944336, 2.130467176437378, 1.8857641220092773, 2.1308627128601074, 2.038165807723999, 2.122621536254883, 2.1194615364074707, 2.3175551891326904, 2.2198169231414795, 2.3241097927093506, 2.3107521533966064, 2.548860549926758]",,,False,2024,0.5416666865348816,0.0,1.0,113.70405578613281,114.36697387695312,3.805781841278076,2.301668405532837,0.09878344088792801,"[0.8194444444444444, 0.4861111111111111, 0.4166666666666667, 0.4444444444444444]","[0.0, 0.0, 0.0, 0.0]",0.0,1,False,0.6600790513833994,,,,,-0.13344697259973642,-0.1575774106438596,-0.02413043804412318,"['P2', 'FC4', 'C6', 'C2', 'FC1']","['C2', 'C6', 'P2', 'FC4', 'C4']",,,,9,Mamba
PGD,False,,,Linf,0.25,0.022179658414443446,"[0.2291647493839264, 0.2143833041191101, 0.2309233397245407, 0.24241867661476135, 0.23662105202674866, 0.23321464657783508, 0.18379081785678864, 0.24725432693958282, 0.2402178794145584, 0.2527456283569336, 0.2457503080368042, 0.26630839705467224, 0.23572051525115967, 0.2663578391075134, 0.2547707259654999, 0.26532769203186035, 0.26493269205093384, 0.2896943986415863, 0.27747711539268494, 0.2905137240886688, 0.2888440191745758, 0.3186075687408447]",40.0,0.0027724573018054308,True,2024,0.5416666865348816,0.25,0.75,112.497314453125,113.1237564086914,3.805781841278076,2.399275779724121,0.11915472894906998,"[0.8194444444444444, 0.4861111111111111, 0.4166666666666667, 0.4444444444444444]","[1.0, 0.0, 0.0, 0.0]",0.0,1,False,0.6513622247317901,,,,,-0.13344697259973642,-0.15536420953194818,-0.02191723693221176,"['P2', 'FC4', 'C6', 'C2', 'FC1']","['C2', 'C6', 'P2', 'FC4', 'POz']",,,,9,Mamba
PGD,False,,,Linf,0.5,0.04435931682888689,"[0.4583294987678528, 0.4287666082382202, 0.4618466794490814, 0.4848373532295227, 0.4732421040534973, 0.46642929315567017, 0.36758163571357727, 0.49450865387916565, 0.4804357588291168, 0.5054912567138672, 0.4915006160736084, 0.5326167941093445, 0.47144103050231934, 0.5327156782150269, 0.5095414519309998, 0.5306553840637207, 0.5298653841018677, 0.5793887972831726, 0.5549542307853699, 0.5810274481773376, 0.5776880383491516, 0.6372151374816895]",40.0,0.0055449146036108616,True,2024,0.5416666865348816,0.1909722238779068,0.8090277761220932,111.89424133300781,113.18311309814453,3.805781841278076,2.3945889472961426,0.11811847239732742,"[0.8194444444444444, 0.4861111111111111, 0.4166666666666667, 0.4444444444444444]","[0.7638888888888888, 0.0, 0.0, 0.0]",0.0,1,False,0.6513622247317901,,,,,-0.13344697259973642,-0.15536420953194818,-0.02191723693221176,"['P2', 'FC4', 'C6', 'C2', 'FC1']","['C2', 'C6', 'P2', 'FC4', 'POz']",,,,9,Mamba
PGD,False,,,Linf,1.0,0.08871863365777378,"[0.9166589975357056, 0.8575332164764404, 0.9236933588981628, 0.9696747064590454, 0.9464842081069946, 0.9328585863113403, 0.7351632714271545, 0.9890173077583313, 0.9608715176582336, 1.0109825134277344, 0.9830012321472168, 1.065233588218689, 0.9428820610046387, 1.0654313564300537, 1.0190829038619995, 1.0613107681274414, 1.0597307682037354, 1.1587775945663452, 1.1099084615707397, 1.1620548963546753, 1.1553760766983032, 1.274430274963379]",40.0,0.011089829207221723,True,2024,0.5416666865348816,0.0,1.0,112.74405670166016,113.39080810546875,3.805781841278076,2.378281354904175,0.11499938368797302,"[0.8194444444444444, 0.4861111111111111, 0.4166666666666667, 0.4444444444444444]","[0.0, 0.0, 0.0, 0.0]",0.0,1,False,0.6513622247317901,,,,,-0.13344697259973642,-0.15536420953194818,-0.02191723693221176,"['P2', 'FC4', 'C6', 'C2', 'FC1']","['C2', 'C6', 'P2', 'FC4', 'POz']",,,,9,Mamba
PGD,False,,,Linf,2.0,0.17743726731554757,"[1.8333179950714111, 1.7150664329528809, 1.8473867177963257, 1.9393494129180908, 1.8929684162139893, 1.8657171726226807, 1.470326542854309, 1.9780346155166626, 1.9217430353164673, 2.0219650268554688, 1.9660024642944336, 2.130467176437378, 1.8857641220092773, 2.1308627128601074, 2.038165807723999, 2.122621536254883, 2.1194615364074707, 2.3175551891326904, 2.2198169231414795, 2.3241097927093506, 2.3107521533966064, 2.548860549926758]",40.0,0.022179658414443446,True,2024,0.5416666865348816,0.0,1.0,113.28680419921875,113.93038177490234,3.805781841278076,2.336121082305908,0.10784616321325302,"[0.8194444444444444, 0.4861111111111111, 0.4166666666666667, 0.4444444444444444]","[0.0, 0.0, 0.0, 0.0]",0.0,1,False,0.6513622247317901,,,,,-0.13344697259973642,-0.15536420953194818,-0.02191723693221176,"['P2', 'FC4', 'C6', 'C2', 'FC1']","['C2', 'C6', 'P2', 'FC4', 'POz']",,,,9,Mamba
FGSM_LP,True,gaussian,3.0,Linf,0.25,0.022179658414443446,"[0.2291647493839264, 0.2143833041191101, 0.2309233397245407, 0.24241867661476135, 0.23662105202674866, 0.23321464657783508, 0.18379081785678864, 0.24725432693958282, 0.2402178794145584, 0.2527456283569336, 0.2457503080368042, 0.26630839705467224, 0.23572051525115967, 0.2663578391075134, 0.2547707259654999, 0.26532769203186035, 0.26493269205093384, 0.2896943986415863, 0.27747711539268494, 0.2905137240886688, 0.2888440191745758, 0.3186075687408447]",,,False,2024,0.5416666865348816,0.4548611044883728,0.5451388955116272,3.3820154666900635,3.3796072006225586,0.02217966318130493,32.8450813293457,0.7693859934806824,"[0.8194444444444444, 0.4861111111111111, 0.4166666666666667, 0.4444444444444444]","[0.7638888888888888, 0.4027777777777778, 0.3055555555555556, 0.3472222222222222]",0.0,1,False,0.9970179277244495,,,,,-0.13344697259973642,-0.13427683087858813,-0.0008298582788517084,"['P2', 'FC4', 'C6', 'C2', 'FC1']","['P2', 'FC4', 'C6', 'C2', 'FC1']",,,,9,Mamba
FGSM_LP,True,gaussian,3.0,Linf,0.5,0.04435931682888689,"[0.4583294987678528, 0.4287666082382202, 0.4618466794490814, 0.4848373532295227, 0.4732421040534973, 0.46642929315567017, 0.36758163571357727, 0.49450865387916565, 0.4804357588291168, 0.5054912567138672, 0.4915006160736084, 0.5326167941093445, 0.47144103050231934, 0.5327156782150269, 0.5095414519309998, 0.5306553840637207, 0.5298653841018677, 0.5793887972831726, 0.5549542307853699, 0.5810274481773376, 0.5776880383491516, 0.6372151374816895]",,,False,2024,0.5416666865348816,0.2986111044883728,0.7013888955116272,6.633822441101074,6.634702682495117,0.04435932636260986,26.986080169677734,0.7545465230941772,"[0.8194444444444444, 0.4861111111111111, 0.4166666666666667, 0.4444444444444444]","[0.6666666666666666, 0.1527777777777778, 0.20833333333333334, 0.16666666666666666]",0.0,1,False,0.9970179277244495,,,,,-0.13344697259973642,-0.13427683087858813,-0.0008298582788517084,"['P2', 'FC4', 'C6', 'C2', 'FC1']","['P2', 'FC4', 'C6', 'C2', 'FC1']",,,,9,Mamba
FGSM_LP,True,gaussian,3.0,Linf,1.0,0.08871863365777378,"[0.9166589975357056, 0.8575332164764404, 0.9236933588981628, 0.9696747064590454, 0.9464842081069946, 0.9328585863113403, 0.7351632714271545, 0.9890173077583313, 0.9608715176582336, 1.0109825134277344, 0.9830012321472168, 1.065233588218689, 0.9428820610046387, 1.0654313564300537, 1.0190829038619995, 1.0613107681274414, 1.0597307682037354, 1.1587775945663452, 1.1099084615707397, 1.1620548963546753, 1.1553760766983032, 1.274430274963379]",,,False,2024,0.5416666865348816,0.1041666641831398,0.8958333358168602,12.892366409301758,12.892842292785645,0.08871865272521973,21.21570587158203,0.7363110184669495,"[0.8194444444444444, 0.4861111111111111, 0.4166666666666667, 0.4444444444444444]","[0.2777777777777778, 0.013888888888888888, 0.125, 0.0]",0.0,1,False,0.9970179277244495,,,,,-0.13344697259973642,-0.13427683087858813,-0.0008298582788517084,"['P2', 'FC4', 'C6', 'C2', 'FC1']","['P2', 'FC4', 'C6', 'C2', 'FC1']",,,,9,Mamba
FGSM_LP,True,gaussian,3.0,Linf,2.0,0.17743726731554757,"[1.8333179950714111, 1.7150664329528809, 1.8473867177963257, 1.9393494129180908, 1.8929684162139893, 1.8657171726226807, 1.470326542854309, 1.9780346155166626, 1.9217430353164673, 2.0219650268554688, 1.9660024642944336, 2.130467176437378, 1.8857641220092773, 2.1308627128601074, 2.038165807723999, 2.122621536254883, 2.1194615364074707, 2.3175551891326904, 2.2198169231414795, 2.3241097927093506, 2.3107521533966064, 2.548860549926758]",,,False,2024,0.5416666865348816,0.0,1.0,24.674598693847656,24.671058654785156,0.17743730545043945,15.57917308807373,0.7171234488487244,"[0.8194444444444444, 0.4861111111111111, 0.4166666666666667, 0.4444444444444444]","[0.0, 0.0, 0.0, 0.0]",0.0,1,False,0.9970179277244495,,,,,-0.13344697259973642,-0.13427683087858813,-0.0008298582788517084,"['P2', 'FC4', 'C6', 'C2', 'FC1']","['P2', 'FC4', 'C6', 'C2', 'FC1']",,,,9,Mamba
PGD_LP,True,gaussian,3.0,Linf,0.25,0.022179658414443446,"[0.2291647493839264, 0.2143833041191101, 0.2309233397245407, 0.24241867661476135, 0.23662105202674866, 0.23321464657783508, 0.18379081785678864, 0.24725432693958282, 0.2402178794145584, 0.2527456283569336, 0.2457503080368042, 0.26630839705467224, 0.23572051525115967, 0.2663578391075134, 0.2547707259654999, 0.26532769203186035, 0.26493269205093384, 0.2896943986415863, 0.27747711539268494, 0.2905137240886688, 0.2888440191745758, 0.3186075687408447]",40.0,0.0027724573018054308,True,2024,0.5416666865348816,0.5,0.5,3.3824634552001953,3.378127098083496,0.02217966318130493,32.84888458251953,0.7702803611755371,"[0.8194444444444444, 0.4861111111111111, 0.4166666666666667, 0.4444444444444444]","[0.8194444444444444, 0.4583333333333333, 0.3333333333333333, 0.3888888888888889]",0.0,1,False,0.9973443675889329,,,,,-0.13344697259973642,-0.13451298524653377,-0.001066012646797343,"['P2', 'FC4', 'C6', 'C2', 'FC1']","['P2', 'FC4', 'C6', 'C2', 'FC1']",,,,9,Mamba
PGD_LP,True,gaussian,3.0,Linf,0.5,0.04435931682888689,"[0.4583294987678528, 0.4287666082382202, 0.4618466794490814, 0.4848373532295227, 0.4732421040534973, 0.46642929315567017, 0.36758163571357727, 0.49450865387916565, 0.4804357588291168, 0.5054912567138672, 0.4915006160736084, 0.5326167941093445, 0.47144103050231934, 0.5327156782150269, 0.5095414519309998, 0.5306553840637207, 0.5298653841018677, 0.5793887972831726, 0.5549542307853699, 0.5810274481773376, 0.5776880383491516, 0.6372151374816895]",40.0,0.0055449146036108616,True,2024,0.5416666865348816,0.4027777910232544,0.5972222089767456,6.631771087646484,6.627835750579834,0.04435932636260986,26.99506950378418,0.7558396458625793,"[0.8194444444444444, 0.4861111111111111, 0.4166666666666667, 0.4444444444444444]","[0.7222222222222222, 0.3194444444444444, 0.2777777777777778, 0.2916666666666667]",0.0,1,False,0.9973443675889329,,,,,-0.13344697259973642,-0.13451298524653377,-0.001066012646797343,"['P2', 'FC4', 'C6', 'C2', 'FC1']","['P2', 'FC4', 'C6', 'C2', 'FC1']",,,,9,Mamba
PGD_LP,True,gaussian,3.0,Linf,1.0,0.08871863365777378,"[0.9166589975357056, 0.8575332164764404, 0.9236933588981628, 0.9696747064590454, 0.9464842081069946, 0.9328585863113403, 0.7351632714271545, 0.9890173077583313, 0.9608715176582336, 1.0109825134277344, 0.9830012321472168, 1.065233588218689, 0.9428820610046387, 1.0654313564300537, 1.0190829038619995, 1.0613107681274414, 1.0597307682037354, 1.1587775945663452, 1.1099084615707397, 1.1620548963546753, 1.1553760766983032, 1.274430274963379]",40.0,0.011089829207221723,True,2024,0.5416666865348816,0.2326388955116272,0.7673611044883728,12.824369430541992,12.822799682617188,0.08871865272521973,21.26315689086914,0.7266660928726196,"[0.8194444444444444, 0.4861111111111111, 0.4166666666666667, 0.4444444444444444]","[0.5277777777777778, 0.1388888888888889, 0.18055555555555555, 0.08333333333333333]",0.0,1,False,0.9973443675889329,,,,,-0.13344697259973642,-0.13451298524653377,-0.001066012646797343,"['P2', 'FC4', 'C6', 'C2', 'FC1']","['P2', 'FC4', 'C6', 'C2', 'FC1']",,,,9,Mamba
PGD_LP,True,gaussian,3.0,Linf,2.0,0.17743726731554757,"[1.8333179950714111, 1.7150664329528809, 1.8473867177963257, 1.9393494129180908, 1.8929684162139893, 1.8657171726226807, 1.470326542854309, 1.9780346155166626, 1.9217430353164673, 2.0219650268554688, 1.9660024642944336, 2.130467176437378, 1.8857641220092773, 2.1308627128601074, 2.038165807723999, 2.122621536254883, 2.1194615364074707, 2.3175551891326904, 2.2198169231414795, 2.3241097927093506, 2.3107521533966064, 2.548860549926758]",40.0,0.022179658414443446,True,2024,0.5416666865348816,0.0520833320915699,0.9479166679084301,24.072050094604492,24.05055809020996,0.17743730545043945,15.80134105682373,0.6714690327644348,"[0.8194444444444444, 0.4861111111111111, 0.4166666666666667, 0.4444444444444444]","[0.06944444444444445, 0.013888888888888888, 0.125, 0.0]",0.0,1,False,0.9973443675889329,,,,,-0.13344697259973642,-0.13451298524653377,-0.001066012646797343,"['P2', 'FC4', 'C6', 'C2', 'FC1']","['P2', 'FC4', 'C6', 'C2', 'FC1']",,,,9,Mamba
DeepFool_L2,,,,L2,,,,50.0,,,2024,0.5416666865348816,0.1215277761220932,0.8784722238779068,0.0,61.17059326171875,2.0619897842407227,131.20950317382812,140.04962158203125,,,0.0,1,False,0.8011275409373237,,,,,-0.13344697259973642,-0.13842912196480586,-0.004982149365069438,"['P2', 'FC4', 'C6', 'C2', 'FC1']","['P2', 'C6', 'C2', 'FC4', 'FC1']",,,,9,Mamba
FGSM,False,,,Linf,0.25,0.022179658414443446,"[0.2291647493839264, 0.2143833041191101, 0.2309233397245407, 0.24241867661476135, 0.23662105202674866, 0.23321464657783508, 0.18379081785678864, 0.24725432693958282, 0.2402178794145584, 0.2527456283569336, 0.2457503080368042, 0.26630839705467224, 0.23572051525115967, 0.2663578391075134, 0.2547707259654999, 0.26532769203186035, 0.26493269205093384, 0.2896943986415863, 0.27747711539268494, 0.2905137240886688, 0.2888440191745758, 0.3186075687408447]",,,False,31415,0.6076388955116272,0.25,0.75,112.49739074707031,113.12379455566406,3.805781841278076,2.3992724418640137,0.11915399134159088,"[0.8333333333333334, 0.5833333333333334, 0.3472222222222222, 0.6666666666666666]","[1.0, 0.0, 0.0, 0.0]",0.0,1,False,0.6684076792772445,,,,,-0.046842082679342145,-0.03888835210549739,0.007953730573844756,"['Pz', 'FC4', 'C6', 'C5', 'CP3']","['Pz', 'C6', 'CP1', 'FC4', 'CP3']",,,,9,Mamba
FGSM,False,,,Linf,0.5,0.04435931682888689,"[0.4583294987678528, 0.4287666082382202, 0.4618466794490814, 0.4848373532295227, 0.4732421040534973, 0.46642929315567017, 0.36758163571357727, 0.49450865387916565, 0.4804357588291168, 0.5054912567138672, 0.4915006160736084, 0.5326167941093445, 0.47144103050231934, 0.5327156782150269, 0.5095414519309998, 0.5306553840637207, 0.5298653841018677, 0.5793887972831726, 0.5549542307853699, 0.5810274481773376, 0.5776880383491516, 0.6372151374816895]",,,False,31415,0.6076388955116272,0.25,0.75,112.55575561523438,113.18372344970703,3.805781841278076,2.3945393562316895,0.11809792369604111,"[0.8333333333333334, 0.5833333333333334, 0.3472222222222222, 0.6666666666666666]","[1.0, 0.0, 0.0, 0.0]",0.0,1,False,0.6684076792772445,,,,,-0.046842082679342145,-0.03888835210549739,0.007953730573844756,"['Pz', 'FC4', 'C6', 'C5', 'CP3']","['Pz', 'C6', 'CP1', 'FC4', 'CP3']",,,,9,Mamba
FGSM,False,,,Linf,1.0,0.08871863365777378,"[0.9166589975357056, 0.8575332164764404, 0.9236933588981628, 0.9696747064590454, 0.9464842081069946, 0.9328585863113403, 0.7351632714271545, 0.9890173077583313, 0.9608715176582336, 1.0109825134277344, 0.9830012321472168, 1.065233588218689, 0.9428820610046387, 1.0654313564300537, 1.0190829038619995, 1.0613107681274414, 1.0597307682037354, 1.1587775945663452, 1.1099084615707397, 1.1620548963546753, 1.1553760766983032, 1.274430274963379]",,,False,31415,0.6076388955116272,0.2118055522441864,0.7881944477558136,111.89075469970703,113.42281341552734,3.805781841278076,2.375683546066284,0.11395037919282913,"[0.8333333333333334, 0.5833333333333334, 0.3472222222222222, 0.6666666666666666]","[0.8472222222222222, 0.0, 0.0, 0.0]",0.0,1,False,0.6684076792772445,,,,,-0.046842082679342145,-0.03888835210549739,0.007953730573844756,"['Pz', 'FC4', 'C6', 'C5', 'CP3']","['Pz', 'C6', 'CP1', 'FC4', 'CP3']",,,,9,Mamba
FGSM,False,,,Linf,2.0,0.17743726731554757,"[1.8333179950714111, 1.7150664329528809, 1.8473867177963257, 1.9393494129180908, 1.8929684162139893, 1.8657171726226807, 1.470326542854309, 1.9780346155166626, 1.9217430353164673, 2.0219650268554688, 1.9660024642944336, 2.130467176437378, 1.8857641220092773, 2.1308627128601074, 2.038165807723999, 2.122621536254883, 2.1194615364074707, 2.3175551891326904, 2.2198169231414795, 2.3241097927093506, 2.3107521533966064, 2.548860549926758]",,,False,31415,0.6076388955116272,0.0,1.0,113.71046447753906,114.36795043945312,3.805781841278076,2.3015873432159424,0.0987497940659523,"[0.8333333333333334, 0.5833333333333334, 0.3472222222222222, 0.6666666666666666]","[0.0, 0.0, 0.0, 0.0]",0.0,1,False,0.6684076792772445,,,,,-0.046842082679342145,-0.03888835210549739,0.007953730573844756,"['Pz', 'FC4', 'C6', 'C5', 'CP3']","['Pz', 'C6', 'CP1', 'FC4', 'CP3']",,,,9,Mamba
PGD,False,,,Linf,0.25,0.022179658414443446,"[0.2291647493839264, 0.2143833041191101, 0.2309233397245407, 0.24241867661476135, 0.23662105202674866, 0.23321464657783508, 0.18379081785678864, 0.24725432693958282, 0.2402178794145584, 0.2527456283569336, 0.2457503080368042, 0.26630839705467224, 0.23572051525115967, 0.2663578391075134, 0.2547707259654999, 0.26532769203186035, 0.26493269205093384, 0.2896943986415863, 0.27747711539268494, 0.2905137240886688, 0.2888440191745758, 0.3186075687408447]",40.0,0.0027724573018054308,True,31415,0.6076388955116272,0.25,0.75,112.49737548828125,113.12376403808594,3.805781841278076,2.399275302886963,0.11915436387062073,"[0.8333333333333334, 0.5833333333333334, 0.3472222222222222, 0.6666666666666666]","[1.0, 0.0, 0.0, 0.0]",0.0,1,False,0.663766939582157,,,,,-0.046842082679342145,-0.041290149659930456,0.0055519330194116895,"['Pz', 'FC4', 'C6', 'C5', 'CP3']","['Pz', 'C6', 'CP1', 'FC4', 'CP3']",,,,9,Mamba
PGD,False,,,Linf,0.5,0.04435931682888689,"[0.4583294987678528, 0.4287666082382202, 0.4618466794490814, 0.4848373532295227, 0.4732421040534973, 0.46642929315567017, 0.36758163571357727, 0.49450865387916565, 0.4804357588291168, 0.5054912567138672, 0.4915006160736084, 0.5326167941093445, 0.47144103050231934, 0.5327156782150269, 0.5095414519309998, 0.5306553840637207, 0.5298653841018677, 0.5793887972831726, 0.5549542307853699, 0.5810274481773376, 0.5776880383491516, 0.6372151374816895]",40.0,0.0055449146036108616,True,31415,0.6076388955116272,0.2361111044883728,0.7638888955116272,112.19966125488281,113.18331909179688,3.805781841278076,2.39457106590271,0.11810601502656937,"[0.8333333333333334, 0.5833333333333334, 0.3472222222222222, 0.6666666666666666]","[0.9444444444444444, 0.0, 0.0, 0.0]",0.0,1,False,0.663766939582157,,,,,-0.046842082679342145,-0.041290149659930456,0.0055519330194116895,"['Pz', 'FC4', 'C6', 'C5', 'CP3']","['Pz', 'C6', 'CP1', 'FC4', 'CP3']",,,,9,Mamba
PGD,False,,,Linf,1.0,0.08871863365777378,"[0.9166589975357056, 0.8575332164764404, 0.9236933588981628, 0.9696747064590454, 0.9464842081069946, 0.9328585863113403, 0.7351632714271545, 0.9890173077583313, 0.9608715176582336, 1.0109825134277344, 0.9830012321472168, 1.065233588218689, 0.9428820610046387, 1.0654313564300537, 1.0190829038619995, 1.0613107681274414, 1.0597307682037354, 1.1587775945663452, 1.1099084615707397, 1.1620548963546753, 1.1553760766983032, 1.274430274963379]",40.0,0.011089829207221723,True,31415,0.6076388955116272,0.010416666977107525,0.9895833330228925,112.80076599121094,113.40239715576172,3.805781841278076,2.3773393630981445,0.11461687833070755,"[0.8333333333333334, 0.5833333333333334, 0.3472222222222222, 0.6666666666666666]","[0.041666666666666664, 0.0, 0.0, 0.0]",0.0,1,False,0.663766939582157,,,,,-0.046842082679342145,-0.041290149659930456,0.0055519330194116895,"['Pz', 'FC4', 'C6', 'C5', 'CP3']","['Pz', 'C6', 'CP1', 'FC4', 'CP3']",,,,9,Mamba
PGD,False,,,Linf,2.0,0.17743726731554757,"[1.8333179950714111, 1.7150664329528809, 1.8473867177963257, 1.9393494129180908, 1.8929684162139893, 1.8657171726226807, 1.470326542854309, 1.9780346155166626, 1.9217430353164673, 2.0219650268554688, 1.9660024642944336, 2.130467176437378, 1.8857641220092773, 2.1308627128601074, 2.038165807723999, 2.122621536254883, 2.1194615364074707, 2.3175551891326904, 2.2198169231414795, 2.3241097927093506, 2.3107521533966064, 2.548860549926758]",40.0,0.022179658414443446,True,31415,0.6076388955116272,0.0,1.0,113.39625549316406,114.002197265625,3.805781841278076,2.330547332763672,0.10720816254615784,"[0.8333333333333334, 0.5833333333333334, 0.3472222222222222, 0.6666666666666666]","[0.0, 0.0, 0.0, 0.0]",0.0,1,False,0.663766939582157,,,,,-0.046842082679342145,-0.041290149659930456,0.0055519330194116895,"['Pz', 'FC4', 'C6', 'C5', 'CP3']","['Pz', 'C6', 'CP1', 'FC4', 'CP3']",,,,9,Mamba
FGSM_LP,True,gaussian,3.0,Linf,0.25,0.022179658414443446,"[0.2291647493839264, 0.2143833041191101, 0.2309233397245407, 0.24241867661476135, 0.23662105202674866, 0.23321464657783508, 0.18379081785678864, 0.24725432693958282, 0.2402178794145584, 0.2527456283569336, 0.2457503080368042, 0.26630839705467224, 0.23572051525115967, 0.2663578391075134, 0.2547707259654999, 0.26532769203186035, 0.26493269205093384, 0.2896943986415863, 0.27747711539268494, 0.2905137240886688, 0.2888440191745758, 0.3186075687408447]",,,False,31415,0.6076388955116272,0.5243055820465088,0.4756944179534912,3.3772833347320557,3.376451253890991,0.02217966318130493,32.85319137573242,0.7705909013748169,"[0.8333333333333334, 0.5833333333333334, 0.3472222222222222, 0.6666666666666666]","[0.8194444444444444, 0.4305555555555556, 0.3055555555555556, 0.5416666666666666]",0.0,1,False,0.9972649632975721,,,,,-0.046842082679342145,-0.0469922437866191,-0.00015016110727695403,"['Pz', 'FC4', 'C6', 'C5', 'CP3']","['Pz', 'FC4', 'C6', 'C5', 'CP3']",,,,9,Mamba
FGSM_LP,True,gaussian,3.0,Linf,0.5,0.04435931682888689,"[0.4583294987678528, 0.4287666082382202, 0.4618466794490814, 0.4848373532295227, 0.4732421040534973, 0.46642929315567017, 0.36758163571357727, 0.49450865387916565, 0.4804357588291168, 0.5054912567138672, 0.4915006160736084, 0.5326167941093445, 0.47144103050231934, 0.5327156782150269, 0.5095414519309998, 0.5306553840637207, 0.5298653841018677, 0.5793887972831726, 0.5549542307853699, 0.5810274481773376, 0.5776880383491516, 0.6372151374816895]",,,False,31415,0.6076388955116272,0.375,0.625,6.6214280128479,6.624553680419922,0.04435932636260986,26.99936866760254,0.7562274932861328,"[0.8333333333333334, 0.5833333333333334, 0.3472222222222222, 0.6666666666666666]","[0.7361111111111112, 0.2222222222222222, 0.1388888888888889, 0.4027777777777778]",0.0,1,False,0.9972649632975721,,,,,-0.046842082679342145,-0.0469922437866191,-0.00015016110727695403,"['Pz', 'FC4', 'C6', 'C5', 'CP3']","['Pz', 'FC4', 'C6', 'C5', 'CP3']",,,,9,Mamba
FGSM_LP,True,gaussian,3.0,Linf,1.0,0.08871863365777378,"[0.9166589975357056, 0.8575332164764404, 0.9236933588981628, 0.9696747064590454, 0.9464842081069946, 0.9328585863113403, 0.7351632714271545, 0.9890173077583313, 0.9608715176582336, 1.0109825134277344, 0.9830012321472168, 1.065233588218689, 0.9428820610046387, 1.0654313564300537, 1.0190829038619995, 1.0613107681274414, 1.0597307682037354, 1.1587775945663452, 1.1099084615707397, 1.1620548963546753, 1.1553760766983032, 1.274430274963379]",,,False,31415,0.6076388955116272,0.1666666716337204,0.8333333283662796,12.845294952392578,12.860958099365234,0.08871865272521973,21.237184524536133,0.7394245266914368,"[0.8333333333333334, 0.5833333333333334, 0.3472222222222222, 0.6666666666666666]","[0.4166666666666667, 0.027777777777777776, 0.08333333333333333, 0.1388888888888889]",0.0,1,False,0.9972649632975721,,,,,-0.046842082679342145,-0.0469922437866191,-0.00015016110727695403,"['Pz', 'FC4', 'C6', 'C5', 'CP3']","['Pz', 'FC4', 'C6', 'C5', 'CP3']",,,,9,Mamba
FGSM_LP,True,gaussian,3.0,Linf,2.0,0.17743726731554757,"[1.8333179950714111, 1.7150664329528809, 1.8473867177963257, 1.9393494129180908, 1.8929684162139893, 1.8657171726226807, 1.470326542854309, 1.9780346155166626, 1.9217430353164673, 2.0219650268554688, 1.9660024642944336, 2.130467176437378, 1.8857641220092773, 2.1308627128601074, 2.038165807723999, 2.122621536254883, 2.1194615364074707, 2.3175551891326904, 2.2198169231414795, 2.3241097927093506, 2.3107521533966064, 2.548860549926758]",,,False,31415,0.6076388955116272,0.0034722222480922937,0.9965277777519077,24.565322875976562,24.57727813720703,0.17743730545043945,15.612184524536133,0.7216209769248962,"[0.8333333333333334, 0.5833333333333334, 0.3472222222222222, 0.6666666666666666]","[0.013888888888888888, 0.0, 0.0, 0.0]",0.0,1,False,0.9972649632975721,,,,,-0.046842082679342145,-0.0469922437866191,-0.00015016110727695403,"['Pz', 'FC4', 'C6', 'C5', 'CP3']","['Pz', 'FC4', 'C6', 'C5', 'CP3']",,,,9,Mamba
PGD_LP,True,gaussian,3.0,Linf,0.25,0.022179658414443446,"[0.2291647493839264, 0.2143833041191101, 0.2309233397245407, 0.24241867661476135, 0.23662105202674866, 0.23321464657783508, 0.18379081785678864, 0.24725432693958282, 0.2402178794145584, 0.2527456283569336, 0.2457503080368042, 0.26630839705467224, 0.23572051525115967, 0.2663578391075134, 0.2547707259654999, 0.26532769203186035, 0.26493269205093384, 0.2896943986415863, 0.27747711539268494, 0.2905137240886688, 0.2888440191745758, 0.3186075687408447]",40.0,0.0027724573018054308,True,31415,0.6076388955116272,0.5520833134651184,0.4479166865348816,3.37831449508667,3.3758668899536133,0.02217966318130493,32.85469055175781,0.7713195085525513,"[0.8333333333333334, 0.5833333333333334, 0.3472222222222222, 0.6666666666666666]","[0.8333333333333334, 0.4583333333333333, 0.3194444444444444, 0.5972222222222222]",0.0,1,False,0.9972473178994918,,,,,-0.046842082679342145,-0.046984513626460826,-0.00014243094711868104,"['Pz', 'FC4', 'C6', 'C5', 'CP3']","['Pz', 'FC4', 'C6', 'C5', 'CP3']",,,,9,Mamba
PGD_LP,True,gaussian,3.0,Linf,0.5,0.04435931682888689,"[0.4583294987678528, 0.4287666082382202, 0.4618466794490814, 0.4848373532295227, 0.4732421040534973, 0.46642929315567017, 0.36758163571357727, 0.49450865387916565, 0.4804357588291168, 0.5054912567138672, 0.4915006160736084, 0.5326167941093445, 0.47144103050231934, 0.5327156782150269, 0.5095414519309998, 0.5306553840637207, 0.5298653841018677, 0.5793887972831726, 0.5549542307853699, 0.5810274481773376, 0.5776880383491516, 0.6372151374816895]",40.0,0.0055449146036108616,True,31415,0.6076388955116272,0.4618055522441864,0.5381944477558136,6.620656967163086,6.620473384857178,0.04435932636260986,27.00472068786621,0.7566229104995728,"[0.8333333333333334, 0.5833333333333334, 0.3472222222222222, 0.6666666666666666]","[0.8194444444444444, 0.3055555555555556, 0.25, 0.4722222222222222]",0.0,1,False,0.9972473178994918,,,,,-0.046842082679342145,-0.046984513626460826,-0.00014243094711868104,"['Pz', 'FC4', 'C6', 'C5', 'CP3']","['Pz', 'FC4', 'C6', 'C5', 'CP3']",,,,9,Mamba
PGD_LP,True,gaussian,3.0,Linf,1.0,0.08871863365777378,"[0.9166589975357056, 0.8575332164764404, 0.9236933588981628, 0.9696747064590454, 0.9464842081069946, 0.9328585863113403, 0.7351632714271545, 0.9890173077583313, 0.9608715176582336, 1.0109825134277344, 0.9830012321472168, 1.065233588218689, 0.9428820610046387, 1.0654313564300537, 1.0190829038619995, 1.0613107681274414, 1.0597307682037354, 1.1587775945663452, 1.1099084615707397, 1.1620548963546753, 1.1553760766983032, 1.274430274963379]",40.0,0.011089829207221723,True,31415,0.6076388955116272,0.2777777910232544,0.7222222089767456,12.806266784667969,12.815524101257324,0.08871865272521973,21.268028259277344,0.7311848998069763,"[0.8333333333333334, 0.5833333333333334, 0.3472222222222222, 0.6666666666666666]","[0.6527777777777778, 0.05555555555555555, 0.1388888888888889, 0.2638888888888889]",0.0,1,False,0.9972473178994918,,,,,-0.046842082679342145,-0.046984513626460826,-0.00014243094711868104,"['Pz', 'FC4', 'C6', 'C5', 'CP3']","['Pz', 'FC4', 'C6', 'C5', 'CP3']",,,,9,Mamba
PGD_LP,True,gaussian,3.0,Linf,2.0,0.17743726731554757,"[1.8333179950714111, 1.7150664329528809, 1.8473867177963257, 1.9393494129180908, 1.8929684162139893, 1.8657171726226807, 1.470326542854309, 1.9780346155166626, 1.9217430353164673, 2.0219650268554688, 1.9660024642944336, 2.130467176437378, 1.8857641220092773, 2.1308627128601074, 2.038165807723999, 2.122621536254883, 2.1194615364074707, 2.3175551891326904, 2.2198169231414795, 2.3241097927093506, 2.3107521533966064, 2.548860549926758]",40.0,0.022179658414443446,True,31415,0.6076388955116272,0.0659722238779068,0.9340277761220932,24.099853515625,24.093000411987305,0.17743730545043945,15.78593635559082,0.6743850708007812,"[0.8333333333333334, 0.5833333333333334, 0.3472222222222222, 0.6666666666666666]","[0.125, 0.013888888888888888, 0.08333333333333333, 0.041666666666666664]",0.0,1,False,0.9972473178994918,,,,,-0.046842082679342145,-0.046984513626460826,-0.00014243094711868104,"['Pz', 'FC4', 'C6', 'C5', 'CP3']","['Pz', 'FC4', 'C6', 'C5', 'CP3']",,,,9,Mamba
DeepFool_L2,,,,L2,,,,50.0,,,31415,0.6076388955116272,0.0694444477558136,0.9305555522441864,100.37064361572266,69.01913452148438,2.3224496841430664,112.64320373535156,137.22332763671875,,,0.0,1,False,0.7605254799548278,,,,,-0.046842082679342145,-0.053194808344548566,-0.006352725665206421,"['Pz', 'FC4', 'C6', 'C5', 'CP3']","['Pz', 'FC4', 'C6', 'CP3', 'CP1']",,,,9,Mamba
FGSM,False,,,Linf,0.25,0.022179658414443446,"[0.2291647493839264, 0.2143833041191101, 0.2309233397245407, 0.24241867661476135, 0.23662105202674866, 0.23321464657783508, 0.18379081785678864, 0.24725432693958282, 0.2402178794145584, 0.2527456283569336, 0.2457503080368042, 0.26630839705467224, 0.23572051525115967, 0.2663578391075134, 0.2547707259654999, 0.26532769203186035, 0.26493269205093384, 0.2896943986415863, 0.27747711539268494, 0.2905137240886688, 0.2888440191745758, 0.3186075687408447]",,,False,999,0.5381944179534912,0.15625,0.84375,113.61052703857422,113.12379455566406,3.805781841278076,2.399272918701172,0.11915397644042969,"[0.7638888888888888, 0.3611111111111111, 0.4444444444444444, 0.5833333333333334]","[0.1527777777777778, 0.0, 0.4722222222222222, 0.0]",0.0,1,False,0.7985424901185773,,,,,0.13969963244956687,0.009508113102284405,-0.13019151934728246,"['P1', 'CPz', 'CP4', 'C6', 'P2']","['P1', 'C6', 'CPz', 'CP4', 'P2']",,,,9,Mamba
FGSM,False,,,Linf,0.5,0.04435931682888689,"[0.4583294987678528, 0.4287666082382202, 0.4618466794490814, 0.4848373532295227, 0.4732421040534973, 0.46642929315567017, 0.36758163571357727, 0.49450865387916565, 0.4804357588291168, 0.5054912567138672, 0.4915006160736084, 0.5326167941093445, 0.47144103050231934, 0.5327156782150269, 0.5095414519309998, 0.5306553840637207, 0.5298653841018677, 0.5793887972831726, 0.5549542307853699, 0.5810274481773376, 0.5776880383491516, 0.6372151374816895]",,,False,999,0.5381944179534912,0.0416666679084301,0.9583333320915699,113.08924865722656,113.18368530273438,3.805781841278076,2.3945422172546387,0.1180986762046814,"[0.7638888888888888, 0.3611111111111111, 0.4444444444444444, 0.5833333333333334]","[0.05555555555555555, 0.0, 0.1111111111111111, 0.0]",0.0,1,False,0.7985424901185773,,,,,0.13969963244956687,0.009508113102284405,-0.13019151934728246,"['P1', 'CPz', 'CP4', 'C6', 'P2']","['P1', 'C6', 'CPz', 'CP4', 'P2']",,,,9,Mamba
FGSM,False,,,Linf,1.0,0.08871863365777378,"[0.9166589975357056, 0.8575332164764404, 0.9236933588981628, 0.9696747064590454, 0.9464842081069946, 0.9328585863113403, 0.7351632714271545, 0.9890173077583313, 0.9608715176582336, 1.0109825134277344, 0.9830012321472168, 1.065233588218689, 0.9428820610046387, 1.0654313564300537, 1.0190829038619995, 1.0613107681274414, 1.0597307682037354, 1.1587775945663452, 1.1099084615707397, 1.1620548963546753, 1.1553760766983032, 1.274430274963379]",,,False,999,0.5381944179534912,0.0034722222480922937,0.9965277777519077,112.76565551757812,113.42255401611328,3.805781841278076,2.375704765319824,0.11395923048257828,"[0.7638888888888888, 0.3611111111111111, 0.4444444444444444, 0.5833333333333334]","[0.0, 0.0, 0.013888888888888888, 0.0]",0.0,1,False,0.7985424901185773,,,,,0.13969963244956687,0.009508113102284405,-0.13019151934728246,"['P1', 'CPz', 'CP4', 'C6', 'P2']","['P1', 'C6', 'CPz', 'CP4', 'P2']",,,,9,Mamba
FGSM,False,,,Linf,2.0,0.17743726731554757,"[1.8333179950714111, 1.7150664329528809, 1.8473867177963257, 1.9393494129180908, 1.8929684162139893, 1.8657171726226807, 1.470326542854309, 1.9780346155166626, 1.9217430353164673, 2.0219650268554688, 1.9660024642944336, 2.130467176437378, 1.8857641220092773, 2.1308627128601074, 2.038165807723999, 2.122621536254883, 2.1194615364074707, 2.3175551891326904, 2.2198169231414795, 2.3241097927093506, 2.3107521533966064, 2.548860549926758]",,,False,999,0.5381944179534912,0.0,1.0,113.70230102539062,114.36634826660156,3.805781841278076,2.3017191886901855,0.09878836572170258,"[0.7638888888888888, 0.3611111111111111, 0.4444444444444444, 0.5833333333333334]","[0.0, 0.0, 0.0, 0.0]",0.0,1,False,0.7985424901185773,,,,,0.13969963244956687,0.009508113102284405,-0.13019151934728246,"['P1', 'CPz', 'CP4', 'C6', 'P2']","['P1', 'C6', 'CPz', 'CP4', 'P2']",,,,9,Mamba
PGD,False,,,Linf,0.25,0.022179658414443446,"[0.2291647493839264, 0.2143833041191101, 0.2309233397245407, 0.24241867661476135, 0.23662105202674866, 0.23321464657783508, 0.18379081785678864, 0.24725432693958282, 0.2402178794145584, 0.2527456283569336, 0.2457503080368042, 0.26630839705467224, 0.23572051525115967, 0.2663578391075134, 0.2547707259654999, 0.26532769203186035, 0.26493269205093384, 0.2896943986415863, 0.27747711539268494, 0.2905137240886688, 0.2888440191745758, 0.3186075687408447]",40.0,0.0027724573018054308,True,999,0.5381944179534912,0.0451388880610466,0.9548611119389534,113.28141021728516,113.12376403808594,3.805781841278076,2.399275779724121,0.1191546842455864,"[0.7638888888888888, 0.3611111111111111, 0.4444444444444444, 0.5833333333333334]","[0.013888888888888888, 0.0, 0.16666666666666666, 0.0]",0.0,1,False,0.7975367024280069,,,,,0.13969963244956687,0.0073579840189375535,-0.13234164843062932,"['P1', 'CPz', 'CP4', 'C6', 'P2']","['P1', 'C6', 'CPz', 'CP4', 'P2']",,,,9,Mamba
PGD,False,,,Linf,0.5,0.04435931682888689,"[0.4583294987678528, 0.4287666082382202, 0.4618466794490814, 0.4848373532295227, 0.4732421040534973, 0.46642929315567017, 0.36758163571357727, 0.49450865387916565, 0.4804357588291168, 0.5054912567138672, 0.4915006160736084, 0.5326167941093445, 0.47144103050231934, 0.5327156782150269, 0.5095414519309998, 0.5306553840637207, 0.5298653841018677, 0.5793887972831726, 0.5549542307853699, 0.5810274481773376, 0.5776880383491516, 0.6372151374816895]",40.0,0.0055449146036108616,True,999,0.5381944179534912,0.0,1.0,112.55534362792969,113.18329620361328,3.805781841278076,2.39457368850708,0.118109792470932,"[0.7638888888888888, 0.3611111111111111, 0.4444444444444444, 0.5833333333333334]","[0.0, 0.0, 0.0, 0.0]",0.0,1,False,0.7975367024280069,,,,,0.13969963244956687,0.0073579840189375535,-0.13234164843062932,"['P1', 'CPz', 'CP4', 'C6', 'P2']","['P1', 'C6', 'CPz', 'CP4', 'P2']",,,,9,Mamba
PGD,False,,,Linf,1.0,0.08871863365777378,"[0.9166589975357056, 0.8575332164764404, 0.9236933588981628, 0.9696747064590454, 0.9464842081069946, 0.9328585863113403, 0.7351632714271545, 0.9890173077583313, 0.9608715176582336, 1.0109825134277344, 0.9830012321472168, 1.065233588218689, 0.9428820610046387, 1.0654313564300537, 1.0190829038619995, 1.0613107681274414, 1.0597307682037354, 1.1587775945663452, 1.1099084615707397, 1.1620548963546753, 1.1553760766983032, 1.274430274963379]",40.0,0.011089829207221723,True,999,0.5381944179534912,0.0,1.0,112.77658081054688,113.40586853027344,3.805781841278076,2.377066135406494,0.11452978104352951,"[0.7638888888888888, 0.3611111111111111, 0.4444444444444444, 0.5833333333333334]","[0.0, 0.0, 0.0, 0.0]",0.0,1,False,0.7975367024280069,,,,,0.13969963244956687,0.0073579840189375535,-0.13234164843062932,"['P1', 'CPz', 'CP4', 'C6', 'P2']","['P1', 'C6', 'CPz', 'CP4', 'P2']",,,,9,Mamba
PGD,False,,,Linf,2.0,0.17743726731554757,"[1.8333179950714111, 1.7150664329528809, 1.8473867177963257, 1.9393494129180908, 1.8929684162139893, 1.8657171726226807, 1.470326542854309, 1.9780346155166626, 1.9217430353164673, 2.0219650268554688, 1.9660024642944336, 2.130467176437378, 1.8857641220092773, 2.1308627128601074, 2.038165807723999, 2.122621536254883, 2.1194615364074707, 2.3175551891326904, 2.2198169231414795, 2.3241097927093506, 2.3107521533966064, 2.548860549926758]",40.0,0.022179658414443446,True,999,0.5381944179534912,0.0,1.0,113.3731918334961,114.0009765625,3.805781841278076,2.3306162357330322,0.10658704489469528,"[0.7638888888888888, 0.3611111111111111, 0.4444444444444444, 0.5833333333333334]","[0.0, 0.0, 0.0, 0.0]",0.0,1,False,0.7975367024280069,,,,,0.13969963244956687,0.0073579840189375535,-0.13234164843062932,"['P1', 'CPz', 'CP4', 'C6', 'P2']","['P1', 'C6', 'CPz', 'CP4', 'P2']",,,,9,Mamba
FGSM_LP,True,gaussian,3.0,Linf,0.25,0.022179658414443446,"[0.2291647493839264, 0.2143833041191101, 0.2309233397245407, 0.24241867661476135, 0.23662105202674866, 0.23321464657783508, 0.18379081785678864, 0.24725432693958282, 0.2402178794145584, 0.2527456283569336, 0.2457503080368042, 0.26630839705467224, 0.23572051525115967, 0.2663578391075134, 0.2547707259654999, 0.26532769203186035, 0.26493269205093384, 0.2896943986415863, 0.27747711539268494, 0.2905137240886688, 0.2888440191745758, 0.3186075687408447]",,,False,999,0.5381944179534912,0.4583333432674408,0.5416666567325592,3.3749074935913086,3.3753809928894043,0.02217966318130493,32.85595703125,0.7689231634140015,"[0.7638888888888888, 0.3611111111111111, 0.4444444444444444, 0.5833333333333334]","[0.6805555555555556, 0.2638888888888889, 0.3888888888888889, 0.5]",0.0,1,False,0.99805900621118,,,,,0.13969963244956687,0.13694764974392787,-0.0027519827056390056,"['P1', 'CPz', 'CP4', 'C6', 'P2']","['P1', 'CPz', 'CP4', 'C6', 'P2']",,,,9,Mamba
FGSM_LP,True,gaussian,3.0,Linf,0.5,0.04435931682888689,"[0.4583294987678528, 0.4287666082382202, 0.4618466794490814, 0.4848373532295227, 0.4732421040534973, 0.46642929315567017, 0.36758163571357727, 0.49450865387916565, 0.4804357588291168, 0.5054912567138672, 0.4915006160736084, 0.5326167941093445, 0.47144103050231934, 0.5327156782150269, 0.5095414519309998, 0.5306553840637207, 0.5298653841018677, 0.5793887972831726, 0.5549542307853699, 0.5810274481773376, 0.5776880383491516, 0.6372151374816895]",,,False,999,0.5381944179534912,0.3055555522441864,0.6944444477558136,6.615852355957031,6.621609210968018,0.04435932636260986,27.00324821472168,0.754176139831543,"[0.7638888888888888, 0.3611111111111111, 0.4444444444444444, 0.5833333333333334]","[0.5138888888888888, 0.09722222222222222, 0.2361111111111111, 0.375]",0.0,1,False,0.99805900621118,,,,,0.13969963244956687,0.13694764974392787,-0.0027519827056390056,"['P1', 'CPz', 'CP4', 'C6', 'P2']","['P1', 'CPz', 'CP4', 'C6', 'P2']",,,,9,Mamba
FGSM_LP,True,gaussian,3.0,Linf,1.0,0.08871863365777378,"[0.9166589975357056, 0.8575332164764404, 0.9236933588981628, 0.9696747064590454, 0.9464842081069946, 0.9328585863113403, 0.7351632714271545, 0.9890173077583313, 0.9608715176582336, 1.0109825134277344, 0.9830012321472168, 1.065233588218689, 0.9428820610046387, 1.0654313564300537, 1.0190829038619995, 1.0613107681274414, 1.0597307682037354, 1.1587775945663452, 1.1099084615707397, 1.1620548963546753, 1.1553760766983032, 1.274430274963379]",,,False,999,0.5381944179534912,0.1145833358168602,0.8854166641831398,12.846084594726562,12.852420806884766,0.08871865272521973,21.242984771728516,0.7363912463188171,"[0.7638888888888888, 0.3611111111111111, 0.4444444444444444, 0.5833333333333334]","[0.20833333333333334, 0.027777777777777776, 0.09722222222222222, 0.125]",0.0,1,False,0.99805900621118,,,,,0.13969963244956687,0.13694764974392787,-0.0027519827056390056,"['P1', 'CPz', 'CP4', 'C6', 'P2']","['P1', 'CPz', 'CP4', 'C6', 'P2']",,,,9,Mamba
FGSM_LP,True,gaussian,3.0,Linf,2.0,0.17743726731554757,"[1.8333179950714111, 1.7150664329528809, 1.8473867177963257, 1.9393494129180908, 1.8929684162139893, 1.8657171726226807, 1.470326542854309, 1.9780346155166626, 1.9217430353164673, 2.0219650268554688, 1.9660024642944336, 2.130467176437378, 1.8857641220092773, 2.1308627128601074, 2.038165807723999, 2.122621536254883, 2.1194615364074707, 2.3175551891326904, 2.2198169231414795, 2.3241097927093506, 2.3107521533966064, 2.548860549926758]",,,False,999,0.5381944179534912,0.0034722222480922937,0.9965277777519077,24.565814971923828,24.554115295410156,0.17743730545043945,15.620429039001465,0.718538761138916,"[0.7638888888888888, 0.3611111111111111, 0.4444444444444444, 0.5833333333333334]","[0.0, 0.013888888888888888, 0.0, 0.0]",0.0,1,False,0.99805900621118,,,,,0.13969963244956687,0.13694764974392787,-0.0027519827056390056,"['P1', 'CPz', 'CP4', 'C6', 'P2']","['P1', 'CPz', 'CP4', 'C6', 'P2']",,,,9,Mamba
PGD_LP,True,gaussian,3.0,Linf,0.25,0.022179658414443446,"[0.2291647493839264, 0.2143833041191101, 0.2309233397245407, 0.24241867661476135, 0.23662105202674866, 0.23321464657783508, 0.18379081785678864, 0.24725432693958282, 0.2402178794145584, 0.2527456283569336, 0.2457503080368042, 0.26630839705467224, 0.23572051525115967, 0.2663578391075134, 0.2547707259654999, 0.26532769203186035, 0.26493269205093384, 0.2896943986415863, 0.27747711539268494, 0.2905137240886688, 0.2888440191745758, 0.3186075687408447]",40.0,0.0027724573018054308,True,999,0.5381944179534912,0.4826388955116272,0.5173611044883728,3.3733105659484863,3.3744091987609863,0.02217966318130493,32.858463287353516,0.7681086659431458,"[0.7638888888888888, 0.3611111111111111, 0.4444444444444444, 0.5833333333333334]","[0.7222222222222222, 0.2777777777777778, 0.4027777777777778, 0.5277777777777778]",0.0,1,False,0.9981648785996612,,,,,0.13969963244956687,0.1371278601026063,-0.0025717723469605713,"['P1', 'CPz', 'CP4', 'C6', 'P2']","['P1', 'CPz', 'CP4', 'C6', 'P2']",,,,9,Mamba
PGD_LP,True,gaussian,3.0,Linf,0.5,0.04435931682888689,"[0.4583294987678528, 0.4287666082382202, 0.4618466794490814, 0.4848373532295227, 0.4732421040534973, 0.46642929315567017, 0.36758163571357727, 0.49450865387916565, 0.4804357588291168, 0.5054912567138672, 0.4915006160736084, 0.5326167941093445, 0.47144103050231934, 0.5327156782150269, 0.5095414519309998, 0.5306553840637207, 0.5298653841018677, 0.5793887972831726, 0.5549542307853699, 0.5810274481773376, 0.5776880383491516, 0.6372151374816895]",40.0,0.0055449146036108616,True,999,0.5381944179534912,0.3888888955116272,0.6111111044883728,6.609428405761719,6.617457866668701,0.04435932636260986,27.008705139160156,0.7528715133666992,"[0.7638888888888888, 0.3611111111111111, 0.4444444444444444, 0.5833333333333334]","[0.5972222222222222, 0.18055555555555555, 0.3055555555555556, 0.4722222222222222]",0.0,1,False,0.9981648785996612,,,,,0.13969963244956687,0.1371278601026063,-0.0025717723469605713,"['P1', 'CPz', 'CP4', 'C6', 'P2']","['P1', 'CPz', 'CP4', 'C6', 'P2']",,,,9,Mamba
PGD_LP,True,gaussian,3.0,Linf,1.0,0.08871863365777378,"[0.9166589975357056, 0.8575332164764404, 0.9236933588981628, 0.9696747064590454, 0.9464842081069946, 0.9328585863113403, 0.7351632714271545, 0.9890173077583313, 0.9608715176582336, 1.0109825134277344, 0.9830012321472168, 1.065233588218689, 0.9428820610046387, 1.0654313564300537, 1.0190829038619995, 1.0613107681274414, 1.0597307682037354, 1.1587775945663452, 1.1099084615707397, 1.1620548963546753, 1.1553760766983032, 1.274430274963379]",40.0,0.011089829207221723,True,999,0.5381944179534912,0.2326388955116272,0.7673611044883728,12.79926872253418,12.818428993225098,0.08871865272521973,21.266090393066406,0.7278923988342285,"[0.7638888888888888, 0.3611111111111111, 0.4444444444444444, 0.5833333333333334]","[0.3888888888888889, 0.06944444444444445, 0.16666666666666666, 0.3055555555555556]",0.0,1,False,0.9981648785996612,,,,,0.13969963244956687,0.1371278601026063,-0.0025717723469605713,"['P1', 'CPz', 'CP4', 'C6', 'P2']","['P1', 'CPz', 'CP4', 'C6', 'P2']",,,,9,Mamba
PGD_LP,True,gaussian,3.0,Linf,2.0,0.17743726731554757,"[1.8333179950714111, 1.7150664329528809, 1.8473867177963257, 1.9393494129180908, 1.8929684162139893, 1.8657171726226807, 1.470326542854309, 1.9780346155166626, 1.9217430353164673, 2.0219650268554688, 1.9660024642944336, 2.130467176437378, 1.8857641220092773, 2.1308627128601074, 2.038165807723999, 2.122621536254883, 2.1194615364074707, 2.3175551891326904, 2.2198169231414795, 2.3241097927093506, 2.3107521533966064, 2.548860549926758]",40.0,0.022179658414443446,True,999,0.5381944179534912,0.0555555559694767,0.9444444440305233,24.08220672607422,24.108482360839844,0.17743730545043945,15.780373573303223,0.6714140772819519,"[0.7638888888888888, 0.3611111111111111, 0.4444444444444444, 0.5833333333333334]","[0.06944444444444445, 0.013888888888888888, 0.05555555555555555, 0.08333333333333333]",0.0,1,False,0.9981648785996612,,,,,0.13969963244956687,0.1371278601026063,-0.0025717723469605713,"['P1', 'CPz', 'CP4', 'C6', 'P2']","['P1', 'CPz', 'CP4', 'C6', 'P2']",,,,9,Mamba
DeepFool_L2,,,,L2,,,,50.0,,,999,0.5381944179534912,0.1145833358168602,0.8854166641831398,0.0,61.12678909301758,2.0506858825683594,132.15866088867188,140.08541870117188,,,0.0,1,False,0.8970126341050254,,,,,0.13969963244956687,0.09526616184781854,-0.044433470601748334,"['P1', 'CPz', 'CP4', 'C6', 'P2']","['P1', 'C6', 'CPz', 'CP4', 'P2']",,,,9,Mamba
