attack,smooth,smooth_type,smooth_sigma_t,norm,muV_budget,eps_z,eps_uV_per_channel,steps,alpha,random_start,seed,clean_acc,adv_acc,ASR,median_L2_success,mean_L2_all,mean_Linf_delta,snr_db_mean,snr_db_std,clean_acc_per_class,adv_acc_per_class,frac_at_boundary,restarts,targeted,spearman_IG,roi_share_clean_IG,roi_share_adv_IG,roi_delta_share_IG,roi_spearman_IG,laterality_clean_IG,laterality_adv_IG,laterality_delta_IG,top5_clean_IG,top5_adv_IG,top5_roi_share_clean_IG,top5_roi_share_adv_IG,top5_roi_share_delta_IG,subject_id,model_name
FGSM,False,,,Linf,0.25,0.02342281921771265,"[0.24871696531772614, 0.22645851969718933, 0.24924810230731964, 0.26279327273368835, 0.2566395401954651, 0.2504960298538208, 0.1744140088558197, 0.2088831216096878, 0.23810744285583496, 0.2622508704662323, 0.25287508964538574, 0.249503955245018, 0.23829449713230133, 0.22093139588832855, 0.2340979278087616, 0.25446581840515137, 0.2568988800048828, 0.2687363028526306, 0.23729097843170166, 0.2564050853252411, 0.25836241245269775, 0.26236599683761597]",,,False,42,0.7395833134651184,0.013888888992369175,0.9861111110076308,113.65640258789062,114.33087921142578,3.767502784729004,2.4136545658111572,0.10254070162773132,"[0.6527777777777778, 0.7083333333333334, 0.7361111111111112, 0.8611111111111112]","[0.041666666666666664, 0.0, 0.013888888888888888, 0.0]",0.0,1,False,0.941981931112366,,,,,-0.046287746330900034,-0.0023500874982333255,0.04393765883266671,"['CPz', 'POz', 'CP4', 'Pz', 'C6']","['CPz', 'POz', 'CP4', 'Pz', 'FC4']",,,,8,EEGNet
FGSM,False,,,Linf,0.5,0.0468456384354253,"[0.49743393063545227, 0.45291703939437866, 0.4984962046146393, 0.5255865454673767, 0.5132790803909302, 0.5009920597076416, 0.3488280177116394, 0.4177662432193756, 0.4762148857116699, 0.5245017409324646, 0.5057501792907715, 0.499007910490036, 0.47658899426460266, 0.4418627917766571, 0.4681958556175232, 0.5089316368103027, 0.5137977600097656, 0.5374726057052612, 0.4745819568634033, 0.5128101706504822, 0.5167248249053955, 0.5247319936752319]",,,False,42,0.7395833134651184,0.0,1.0,113.71778869628906,114.39501953125,3.767502784729004,2.4087095260620117,0.10179893672466278,"[0.6527777777777778, 0.7083333333333334, 0.7361111111111112, 0.8611111111111112]","[0.0, 0.0, 0.0, 0.0]",0.0,1,False,0.941981931112366,,,,,-0.046287746330900034,-0.0023500874982333255,0.04393765883266671,"['CPz', 'POz', 'CP4', 'Pz', 'C6']","['CPz', 'POz', 'CP4', 'Pz', 'FC4']",,,,8,EEGNet
FGSM,False,,,Linf,1.0,0.0936912768708506,"[0.9948678612709045, 0.9058340787887573, 0.9969924092292786, 1.0511730909347534, 1.0265581607818604, 1.0019841194152832, 0.6976560354232788, 0.8355324864387512, 0.9524297714233398, 1.0490034818649292, 1.011500358581543, 0.998015820980072, 0.9531779885292053, 0.8837255835533142, 0.9363917112350464, 1.0178632736206055, 1.0275955200195312, 1.0749452114105225, 0.9491639137268066, 1.0256203413009644, 1.033449649810791, 1.0494639873504639]",,,False,42,0.7395833134651184,0.0,1.0,113.96296691894531,114.65082550048828,3.767502784729004,2.3890135288238525,0.09889931976795197,"[0.6527777777777778, 0.7083333333333334, 0.7361111111111112, 0.8611111111111112]","[0.0, 0.0, 0.0, 0.0]",0.0,1,False,0.941981931112366,,,,,-0.046287746330900034,-0.0023500874982333255,0.04393765883266671,"['CPz', 'POz', 'CP4', 'Pz', 'C6']","['CPz', 'POz', 'CP4', 'Pz', 'FC4']",,,,8,EEGNet
FGSM,False,,,Linf,2.0,0.1873825537417012,"[1.989735722541809, 1.8116681575775146, 1.9939848184585571, 2.102346181869507, 2.0531163215637207, 2.0039682388305664, 1.3953120708465576, 1.6710649728775024, 1.9048595428466797, 2.0980069637298584, 2.023000717163086, 1.996031641960144, 1.9063559770584106, 1.7674511671066284, 1.8727834224700928, 2.035726547241211, 2.0551910400390625, 2.149890422821045, 1.8983278274536133, 2.0512406826019287, 2.066899299621582, 2.0989279747009277]",,,False,42,0.7395833134651184,0.0,1.0,114.93494415283203,115.66140747070312,3.767502784729004,2.3116655349731445,0.08835195749998093,"[0.6527777777777778, 0.7083333333333334, 0.7361111111111112, 0.8611111111111112]","[0.0, 0.0, 0.0, 0.0]",0.0,1,False,0.941981931112366,,,,,-0.046287746330900034,-0.0023500874982333255,0.04393765883266671,"['CPz', 'POz', 'CP4', 'Pz', 'C6']","['CPz', 'POz', 'CP4', 'Pz', 'FC4']",,,,8,EEGNet
PGD,False,,,Linf,0.25,0.02342281921771265,"[0.24871696531772614, 0.22645851969718933, 0.24924810230731964, 0.26279327273368835, 0.2566395401954651, 0.2504960298538208, 0.1744140088558197, 0.2088831216096878, 0.23810744285583496, 0.2622508704662323, 0.25287508964538574, 0.249503955245018, 0.23829449713230133, 0.22093139588832855, 0.2340979278087616, 0.25446581840515137, 0.2568988800048828, 0.2687363028526306, 0.23729097843170166, 0.2564050853252411, 0.25836241245269775, 0.26236599683761597]",40.0,0.0029278524022140814,True,42,0.7395833134651184,0.0,1.0,113.65637969970703,114.33086395263672,3.767502784729004,2.4136555194854736,0.10254112631082535,"[0.6527777777777778, 0.7083333333333334, 0.7361111111111112, 0.8611111111111112]","[0.0, 0.0, 0.0, 0.0]",0.0,1,False,0.9396968520609826,,,,,-0.046287746330900034,0.004723567887833321,0.05101131421873335,"['CPz', 'POz', 'CP4', 'Pz', 'C6']","['CPz', 'POz', 'CP4', 'Pz', 'FC4']",,,,8,EEGNet
PGD,False,,,Linf,0.5,0.0468456384354253,"[0.49743393063545227, 0.45291703939437866, 0.4984962046146393, 0.5255865454673767, 0.5132790803909302, 0.5009920597076416, 0.3488280177116394, 0.4177662432193756, 0.4762148857116699, 0.5245017409324646, 0.5057501792907715, 0.499007910490036, 0.47658899426460266, 0.4418627917766571, 0.4681958556175232, 0.5089316368103027, 0.5137977600097656, 0.5374726057052612, 0.4745819568634033, 0.5128101706504822, 0.5167248249053955, 0.5247319936752319]",40.0,0.005855704804428163,True,42,0.7395833134651184,0.0,1.0,113.71757507324219,114.39488220214844,3.767502784729004,2.408719778060913,0.10180232673883438,"[0.6527777777777778, 0.7083333333333334, 0.7361111111111112, 0.8611111111111112]","[0.0, 0.0, 0.0, 0.0]",0.0,1,False,0.9396968520609826,,,,,-0.046287746330900034,0.004723567887833321,0.05101131421873335,"['CPz', 'POz', 'CP4', 'Pz', 'C6']","['CPz', 'POz', 'CP4', 'Pz', 'FC4']",,,,8,EEGNet
PGD,False,,,Linf,1.0,0.0936912768708506,"[0.9948678612709045, 0.9058340787887573, 0.9969924092292786, 1.0511730909347534, 1.0265581607818604, 1.0019841194152832, 0.6976560354232788, 0.8355324864387512, 0.9524297714233398, 1.0490034818649292, 1.011500358581543, 0.998015820980072, 0.9531779885292053, 0.8837255835533142, 0.9363917112350464, 1.0178632736206055, 1.0275955200195312, 1.0749452114105225, 0.9491639137268066, 1.0256203413009644, 1.033449649810791, 1.0494639873504639]",40.0,0.011711409608856325,True,42,0.7395833134651184,0.0,1.0,113.96115112304688,114.64976501464844,3.767502784729004,2.389094829559326,0.09891926497220993,"[0.6527777777777778, 0.7083333333333334, 0.7361111111111112, 0.8611111111111112]","[0.0, 0.0, 0.0, 0.0]",0.0,1,False,0.9396968520609826,,,,,-0.046287746330900034,0.004723567887833321,0.05101131421873335,"['CPz', 'POz', 'CP4', 'Pz', 'C6']","['CPz', 'POz', 'CP4', 'Pz', 'FC4']",,,,8,EEGNet
PGD,False,,,Linf,2.0,0.1873825537417012,"[1.989735722541809, 1.8116681575775146, 1.9939848184585571, 2.102346181869507, 2.0531163215637207, 2.0039682388305664, 1.3953120708465576, 1.6710649728775024, 1.9048595428466797, 2.0980069637298584, 2.023000717163086, 1.996031641960144, 1.9063559770584106, 1.7674511671066284, 1.8727834224700928, 2.035726547241211, 2.0551910400390625, 2.149890422821045, 1.8983278274536133, 2.0512406826019287, 2.066899299621582, 2.0989279747009277]",40.0,0.02342281921771265,True,42,0.7395833134651184,0.0,1.0,114.92892456054688,115.65438079833984,3.767502784729004,2.3122024536132812,0.08842536807060242,"[0.6527777777777778, 0.7083333333333334, 0.7361111111111112, 0.8611111111111112]","[0.0, 0.0, 0.0, 0.0]",0.0,1,False,0.9396968520609826,,,,,-0.046287746330900034,0.004723567887833321,0.05101131421873335,"['CPz', 'POz', 'CP4', 'Pz', 'C6']","['CPz', 'POz', 'CP4', 'Pz', 'FC4']",,,,8,EEGNet
FGSM_LP,True,gaussian,3.0,Linf,0.25,0.02342281921771265,"[0.24871696531772614, 0.22645851969718933, 0.24924810230731964, 0.26279327273368835, 0.2566395401954651, 0.2504960298538208, 0.1744140088558197, 0.2088831216096878, 0.23810744285583496, 0.2622508704662323, 0.25287508964538574, 0.249503955245018, 0.23829449713230133, 0.22093139588832855, 0.2340979278087616, 0.25446581840515137, 0.2568988800048828, 0.2687363028526306, 0.23729097843170166, 0.2564050853252411, 0.25836241245269775, 0.26236599683761597]",,,False,42,0.7395833134651184,0.6597222089767456,0.3402777910232544,3.609015703201294,3.6090054512023926,0.023422837257385254,32.40321350097656,0.5743992328643799,"[0.6527777777777778, 0.7083333333333334, 0.7361111111111112, 0.8611111111111112]","[0.5416666666666666, 0.625, 0.7083333333333334, 0.7638888888888888]",0.0,1,False,0.9985354319593449,,,,,-0.046287746330900034,-0.04682564118985824,-0.0005378948589582072,"['CPz', 'POz', 'CP4', 'Pz', 'C6']","['CPz', 'POz', 'CP4', 'Pz', 'C6']",,,,8,EEGNet
FGSM_LP,True,gaussian,3.0,Linf,0.5,0.0468456384354253,"[0.49743393063545227, 0.45291703939437866, 0.4984962046146393, 0.5255865454673767, 0.5132790803909302, 0.5009920597076416, 0.3488280177116394, 0.4177662432193756, 0.4762148857116699, 0.5245017409324646, 0.5057501792907715, 0.499007910490036, 0.47658899426460266, 0.4418627917766571, 0.4681958556175232, 0.5089316368103027, 0.5137977600097656, 0.5374726057052612, 0.4745819568634033, 0.5128101706504822, 0.5167248249053955, 0.5247319936752319]",,,False,42,0.7395833134651184,0.46875,0.53125,7.091697692871094,7.093786716461182,0.04684567451477051,26.53343963623047,0.5663568377494812,"[0.6527777777777778, 0.7083333333333334, 0.7361111111111112, 0.8611111111111112]","[0.3611111111111111, 0.4027777777777778, 0.5416666666666666, 0.5694444444444444]",0.0,1,False,0.9985354319593449,,,,,-0.046287746330900034,-0.04682564118985824,-0.0005378948589582072,"['CPz', 'POz', 'CP4', 'Pz', 'C6']","['CPz', 'POz', 'CP4', 'Pz', 'C6']",,,,8,EEGNet
FGSM_LP,True,gaussian,3.0,Linf,1.0,0.0936912768708506,"[0.9948678612709045, 0.9058340787887573, 0.9969924092292786, 1.0511730909347534, 1.0265581607818604, 1.0019841194152832, 0.6976560354232788, 0.8355324864387512, 0.9524297714233398, 1.0490034818649292, 1.011500358581543, 0.998015820980072, 0.9531779885292053, 0.8837255835533142, 0.9363917112350464, 1.0178632736206055, 1.0275955200195312, 1.0749452114105225, 0.9491639137268066, 1.0256203413009644, 1.033449649810791, 1.0494639873504639]",,,False,42,0.7395833134651184,0.0659722238779068,0.9340277761220932,13.750012397766113,13.754300117492676,0.09369134902954102,20.78230094909668,0.5540035367012024,"[0.6527777777777778, 0.7083333333333334, 0.7361111111111112, 0.8611111111111112]","[0.027777777777777776, 0.013888888888888888, 0.041666666666666664, 0.18055555555555555]",0.0,1,False,0.9985354319593449,,,,,-0.046287746330900034,-0.04682564118985824,-0.0005378948589582072,"['CPz', 'POz', 'CP4', 'Pz', 'C6']","['CPz', 'POz', 'CP4', 'Pz', 'C6']",,,,8,EEGNet
FGSM_LP,True,gaussian,3.0,Linf,2.0,0.1873825537417012,"[1.989735722541809, 1.8116681575775146, 1.9939848184585571, 2.102346181869507, 2.0531163215637207, 2.0039682388305664, 1.3953120708465576, 1.6710649728775024, 1.9048595428466797, 2.0980069637298584, 2.023000717163086, 1.996031641960144, 1.9063559770584106, 1.7674511671066284, 1.8727834224700928, 2.035726547241211, 2.0551910400390625, 2.149890422821045, 1.8983278274536133, 2.0512406826019287, 2.066899299621582, 2.0989279747009277]",,,False,42,0.7395833134651184,0.0034722222480922937,0.9965277777519077,26.05613899230957,26.060115814208984,0.18738260865211487,15.231684684753418,0.5359904766082764,"[0.6527777777777778, 0.7083333333333334, 0.7361111111111112, 0.8611111111111112]","[0.0, 0.0, 0.0, 0.013888888888888888]",0.0,1,False,0.9985354319593449,,,,,-0.046287746330900034,-0.04682564118985824,-0.0005378948589582072,"['CPz', 'POz', 'CP4', 'Pz', 'C6']","['CPz', 'POz', 'CP4', 'Pz', 'C6']",,,,8,EEGNet
PGD_LP,True,gaussian,3.0,Linf,0.25,0.02342281921771265,"[0.24871696531772614, 0.22645851969718933, 0.24924810230731964, 0.26279327273368835, 0.2566395401954651, 0.2504960298538208, 0.1744140088558197, 0.2088831216096878, 0.23810744285583496, 0.2622508704662323, 0.25287508964538574, 0.249503955245018, 0.23829449713230133, 0.22093139588832855, 0.2340979278087616, 0.25446581840515137, 0.2568988800048828, 0.2687363028526306, 0.23729097843170166, 0.2564050853252411, 0.25836241245269775, 0.26236599683761597]",40.0,0.0029278524022140814,True,42,0.7395833134651184,0.6875,0.3125,3.6100528240203857,3.6096653938293457,0.023422837257385254,32.40162658691406,0.5747299194335938,"[0.6527777777777778, 0.7083333333333334, 0.7361111111111112, 0.8611111111111112]","[0.5833333333333334, 0.6388888888888888, 0.7361111111111112, 0.7916666666666666]",0.0,1,False,0.9982972190852626,,,,,-0.046287746330900034,-0.046602467384912395,-0.000314721054012361,"['CPz', 'POz', 'CP4', 'Pz', 'C6']","['CPz', 'POz', 'CP4', 'Pz', 'C6']",,,,8,EEGNet
PGD_LP,True,gaussian,3.0,Linf,0.5,0.0468456384354253,"[0.49743393063545227, 0.45291703939437866, 0.4984962046146393, 0.5255865454673767, 0.5132790803909302, 0.5009920597076416, 0.3488280177116394, 0.4177662432193756, 0.4762148857116699, 0.5245017409324646, 0.5057501792907715, 0.499007910490036, 0.47658899426460266, 0.4418627917766571, 0.4681958556175232, 0.5089316368103027, 0.5137977600097656, 0.5374726057052612, 0.4745819568634033, 0.5128101706504822, 0.5167248249053955, 0.5247319936752319]",40.0,0.005855704804428163,True,42,0.7395833134651184,0.5104166865348816,0.4895833134651184,7.096856594085693,7.097383975982666,0.04684567451477051,26.529029846191406,0.5670685768127441,"[0.6527777777777778, 0.7083333333333334, 0.7361111111111112, 0.8611111111111112]","[0.4027777777777778, 0.4305555555555556, 0.5972222222222222, 0.6111111111111112]",0.0,1,False,0.9982972190852626,,,,,-0.046287746330900034,-0.046602467384912395,-0.000314721054012361,"['CPz', 'POz', 'CP4', 'Pz', 'C6']","['CPz', 'POz', 'CP4', 'Pz', 'C6']",,,,8,EEGNet
PGD_LP,True,gaussian,3.0,Linf,1.0,0.0936912768708506,"[0.9948678612709045, 0.9058340787887573, 0.9969924092292786, 1.0511730909347534, 1.0265581607818604, 1.0019841194152832, 0.6976560354232788, 0.8355324864387512, 0.9524297714233398, 1.0490034818649292, 1.011500358581543, 0.998015820980072, 0.9531779885292053, 0.8837255835533142, 0.9363917112350464, 1.0178632736206055, 1.0275955200195312, 1.0749452114105225, 0.9491639137268066, 1.0256203413009644, 1.033449649810791, 1.0494639873504639]",40.0,0.011711409608856325,True,42,0.7395833134651184,0.0972222238779068,0.9027777761220932,13.768835067749023,13.774133682250977,0.09369134902954102,20.76976776123047,0.5557988286018372,"[0.6527777777777778, 0.7083333333333334, 0.7361111111111112, 0.8611111111111112]","[0.027777777777777776, 0.013888888888888888, 0.06944444444444445, 0.2777777777777778]",0.0,1,False,0.9982972190852626,,,,,-0.046287746330900034,-0.046602467384912395,-0.000314721054012361,"['CPz', 'POz', 'CP4', 'Pz', 'C6']","['CPz', 'POz', 'CP4', 'Pz', 'C6']",,,,8,EEGNet
PGD_LP,True,gaussian,3.0,Linf,2.0,0.1873825537417012,"[1.989735722541809, 1.8116681575775146, 1.9939848184585571, 2.102346181869507, 2.0531163215637207, 2.0039682388305664, 1.3953120708465576, 1.6710649728775024, 1.9048595428466797, 2.0980069637298584, 2.023000717163086, 1.996031641960144, 1.9063559770584106, 1.7674511671066284, 1.8727834224700928, 2.035726547241211, 2.0551910400390625, 2.149890422821045, 1.8983278274536133, 2.0512406826019287, 2.066899299621582, 2.0989279747009277]",40.0,0.02342281921771265,True,42,0.7395833134651184,0.0,1.0,26.140533447265625,26.153682708740234,0.18738260865211487,15.20051097869873,0.5399780869483948,"[0.6527777777777778, 0.7083333333333334, 0.7361111111111112, 0.8611111111111112]","[0.0, 0.0, 0.0, 0.0]",0.0,1,False,0.9982972190852626,,,,,-0.046287746330900034,-0.046602467384912395,-0.000314721054012361,"['CPz', 'POz', 'CP4', 'Pz', 'C6']","['CPz', 'POz', 'CP4', 'Pz', 'C6']",,,,8,EEGNet
DeepFool_L2,,,,L2,,,,50.0,,,42,0.7395833134651184,0.1041666641831398,0.8958333358168602,109.24659729003906,84.51166534423828,2.7858400344848633,75.63023376464844,123.38742065429688,,,0.0,1,False,0.9592391304347827,,,,,-0.046287746330900034,-0.02902550554758748,0.017262240783312555,"['CPz', 'POz', 'CP4', 'Pz', 'C6']","['CPz', 'POz', 'CP4', 'Pz', 'C6']",,,,8,EEGNet
FGSM,False,,,Linf,0.25,0.02342281921771265,"[0.24871696531772614, 0.22645851969718933, 0.24924810230731964, 0.26279327273368835, 0.2566395401954651, 0.2504960298538208, 0.1744140088558197, 0.2088831216096878, 0.23810744285583496, 0.2622508704662323, 0.25287508964538574, 0.249503955245018, 0.23829449713230133, 0.22093139588832855, 0.2340979278087616, 0.25446581840515137, 0.2568988800048828, 0.2687363028526306, 0.23729097843170166, 0.2564050853252411, 0.25836241245269775, 0.26236599683761597]",,,False,123,0.7291666865348816,0.02777777798473835,0.9722222220152617,113.56297302246094,114.33087921142578,3.767502784729004,2.4136548042297363,0.10254088044166565,"[0.625, 0.75, 0.8194444444444444, 0.7222222222222222]","[0.0, 0.06944444444444445, 0.013888888888888888, 0.027777777777777776]",0.0,1,False,0.9432876905702994,,,,,-0.17486753324054,-0.13332822596044658,0.04153930728009342,"['POz', 'Pz', 'CP2', 'CPz', 'Cz']","['POz', 'Pz', 'CP2', 'CPz', 'Cz']",,,,8,EEGNet
FGSM,False,,,Linf,0.5,0.0468456384354253,"[0.49743393063545227, 0.45291703939437866, 0.4984962046146393, 0.5255865454673767, 0.5132790803909302, 0.5009920597076416, 0.3488280177116394, 0.4177662432193756, 0.4762148857116699, 0.5245017409324646, 0.5057501792907715, 0.499007910490036, 0.47658899426460266, 0.4418627917766571, 0.4681958556175232, 0.5089316368103027, 0.5137977600097656, 0.5374726057052612, 0.4745819568634033, 0.5128101706504822, 0.5167248249053955, 0.5247319936752319]",,,False,123,0.7291666865348816,0.0,1.0,113.71766662597656,114.39500427246094,3.767502784729004,2.40871000289917,0.10179970413446426,"[0.625, 0.75, 0.8194444444444444, 0.7222222222222222]","[0.0, 0.0, 0.0, 0.0]",0.0,1,False,0.9432876905702994,,,,,-0.17486753324054,-0.13332822596044658,0.04153930728009342,"['POz', 'Pz', 'CP2', 'CPz', 'Cz']","['POz', 'Pz', 'CP2', 'CPz', 'Cz']",,,,8,EEGNet
FGSM,False,,,Linf,1.0,0.0936912768708506,"[0.9948678612709045, 0.9058340787887573, 0.9969924092292786, 1.0511730909347534, 1.0265581607818604, 1.0019841194152832, 0.6976560354232788, 0.8355324864387512, 0.9524297714233398, 1.0490034818649292, 1.011500358581543, 0.998015820980072, 0.9531779885292053, 0.8837255835533142, 0.9363917112350464, 1.0178632736206055, 1.0275955200195312, 1.0749452114105225, 0.9491639137268066, 1.0256203413009644, 1.033449649810791, 1.0494639873504639]",,,False,123,0.7291666865348816,0.0,1.0,113.9624252319336,114.65071868896484,3.767502784729004,2.3890228271484375,0.09890159219503403,"[0.625, 0.75, 0.8194444444444444, 0.7222222222222222]","[0.0, 0.0, 0.0, 0.0]",0.0,1,False,0.9432876905702994,,,,,-0.17486753324054,-0.13332822596044658,0.04153930728009342,"['POz', 'Pz', 'CP2', 'CPz', 'Cz']","['POz', 'Pz', 'CP2', 'CPz', 'Cz']",,,,8,EEGNet
FGSM,False,,,Linf,2.0,0.1873825537417012,"[1.989735722541809, 1.8116681575775146, 1.9939848184585571, 2.102346181869507, 2.0531163215637207, 2.0039682388305664, 1.3953120708465576, 1.6710649728775024, 1.9048595428466797, 2.0980069637298584, 2.023000717163086, 1.996031641960144, 1.9063559770584106, 1.7674511671066284, 1.8727834224700928, 2.035726547241211, 2.0551910400390625, 2.149890422821045, 1.8983278274536133, 2.0512406826019287, 2.066899299621582, 2.0989279747009277]",,,False,123,0.7291666865348816,0.0,1.0,114.93377685546875,115.66091918945312,3.767502784729004,2.311702013015747,0.0883651077747345,"[0.625, 0.75, 0.8194444444444444, 0.7222222222222222]","[0.0, 0.0, 0.0, 0.0]",0.0,1,False,0.9432876905702994,,,,,-0.17486753324054,-0.13332822596044658,0.04153930728009342,"['POz', 'Pz', 'CP2', 'CPz', 'Cz']","['POz', 'Pz', 'CP2', 'CPz', 'Cz']",,,,8,EEGNet
PGD,False,,,Linf,0.25,0.02342281921771265,"[0.24871696531772614, 0.22645851969718933, 0.24924810230731964, 0.26279327273368835, 0.2566395401954651, 0.2504960298538208, 0.1744140088558197, 0.2088831216096878, 0.23810744285583496, 0.2622508704662323, 0.25287508964538574, 0.249503955245018, 0.23829449713230133, 0.22093139588832855, 0.2340979278087616, 0.25446581840515137, 0.2568988800048828, 0.2687363028526306, 0.23729097843170166, 0.2564050853252411, 0.25836241245269775, 0.26236599683761597]",40.0,0.0029278524022140814,True,123,0.7291666865348816,0.0034722222480922937,0.9965277777519077,113.65090942382812,114.33082580566406,3.767502784729004,2.41365909576416,0.10254129022359848,"[0.625, 0.75, 0.8194444444444444, 0.7222222222222222]","[0.0, 0.0, 0.0, 0.013888888888888888]",0.0,1,False,0.9422642574816489,,,,,-0.17486753324054,-0.13012273585595446,0.04474479738458553,"['POz', 'Pz', 'CP2', 'CPz', 'Cz']","['POz', 'Pz', 'CP2', 'CPz', 'Cz']",,,,8,EEGNet
PGD,False,,,Linf,0.5,0.0468456384354253,"[0.49743393063545227, 0.45291703939437866, 0.4984962046146393, 0.5255865454673767, 0.5132790803909302, 0.5009920597076416, 0.3488280177116394, 0.4177662432193756, 0.4762148857116699, 0.5245017409324646, 0.5057501792907715, 0.499007910490036, 0.47658899426460266, 0.4418627917766571, 0.4681958556175232, 0.5089316368103027, 0.5137977600097656, 0.5374726057052612, 0.4745819568634033, 0.5128101706504822, 0.5167248249053955, 0.5247319936752319]",40.0,0.005855704804428163,True,123,0.7291666865348816,0.0,1.0,113.71742248535156,114.39474487304688,3.767502784729004,2.408728837966919,0.10180258750915527,"[0.625, 0.75, 0.8194444444444444, 0.7222222222222222]","[0.0, 0.0, 0.0, 0.0]",0.0,1,False,0.9422642574816489,,,,,-0.17486753324054,-0.13012273585595446,0.04474479738458553,"['POz', 'Pz', 'CP2', 'CPz', 'Cz']","['POz', 'Pz', 'CP2', 'CPz', 'Cz']",,,,8,EEGNet
PGD,False,,,Linf,1.0,0.0936912768708506,"[0.9948678612709045, 0.9058340787887573, 0.9969924092292786, 1.0511730909347534, 1.0265581607818604, 1.0019841194152832, 0.6976560354232788, 0.8355324864387512, 0.9524297714233398, 1.0490034818649292, 1.011500358581543, 0.998015820980072, 0.9531779885292053, 0.8837255835533142, 0.9363917112350464, 1.0178632736206055, 1.0275955200195312, 1.0749452114105225, 0.9491639137268066, 1.0256203413009644, 1.033449649810791, 1.0494639873504639]",40.0,0.011711409608856325,True,123,0.7291666865348816,0.0,1.0,113.95918273925781,114.648681640625,3.767502784729004,2.389179229736328,0.09892552345991135,"[0.625, 0.75, 0.8194444444444444, 0.7222222222222222]","[0.0, 0.0, 0.0, 0.0]",0.0,1,False,0.9422642574816489,,,,,-0.17486753324054,-0.13012273585595446,0.04474479738458553,"['POz', 'Pz', 'CP2', 'CPz', 'Cz']","['POz', 'Pz', 'CP2', 'CPz', 'Cz']",,,,8,EEGNet
PGD,False,,,Linf,2.0,0.1873825537417012,"[1.989735722541809, 1.8116681575775146, 1.9939848184585571, 2.102346181869507, 2.0531163215637207, 2.0039682388305664, 1.3953120708465576, 1.6710649728775024, 1.9048595428466797, 2.0980069637298584, 2.023000717163086, 1.996031641960144, 1.9063559770584106, 1.7674511671066284, 1.8727834224700928, 2.035726547241211, 2.0551910400390625, 2.149890422821045, 1.8983278274536133, 2.0512406826019287, 2.066899299621582, 2.0989279747009277]",40.0,0.02342281921771265,True,123,0.7291666865348816,0.0,1.0,114.91224670410156,115.64622497558594,3.767502784729004,2.312819480895996,0.0884941890835762,"[0.625, 0.75, 0.8194444444444444, 0.7222222222222222]","[0.0, 0.0, 0.0, 0.0]",0.0,1,False,0.9422642574816489,,,,,-0.17486753324054,-0.13012273585595446,0.04474479738458553,"['POz', 'Pz', 'CP2', 'CPz', 'Cz']","['POz', 'Pz', 'CP2', 'CPz', 'Cz']",,,,8,EEGNet
FGSM_LP,True,gaussian,3.0,Linf,0.25,0.02342281921771265,"[0.24871696531772614, 0.22645851969718933, 0.24924810230731964, 0.26279327273368835, 0.2566395401954651, 0.2504960298538208, 0.1744140088558197, 0.2088831216096878, 0.23810744285583496, 0.2622508704662323, 0.25287508964538574, 0.249503955245018, 0.23829449713230133, 0.22093139588832855, 0.2340979278087616, 0.25446581840515137, 0.2568988800048828, 0.2687363028526306, 0.23729097843170166, 0.2564050853252411, 0.25836241245269775, 0.26236599683761597]",,,False,123,0.7291666865348816,0.6527777910232544,0.3472222089767456,3.6081650257110596,3.6090240478515625,0.023422837257385254,32.40316390991211,0.5744129419326782,"[0.625, 0.75, 0.8194444444444444, 0.7222222222222222]","[0.4861111111111111, 0.6805555555555556, 0.7638888888888888, 0.6805555555555556]",0.0,1,False,0.9993030067758328,,,,,-0.17486753324054,-0.17370947170443152,0.001158061536108479,"['POz', 'Pz', 'CP2', 'CPz', 'Cz']","['POz', 'Pz', 'CP2', 'CPz', 'Cz']",,,,8,EEGNet
FGSM_LP,True,gaussian,3.0,Linf,0.5,0.0468456384354253,"[0.49743393063545227, 0.45291703939437866, 0.4984962046146393, 0.5255865454673767, 0.5132790803909302, 0.5009920597076416, 0.3488280177116394, 0.4177662432193756, 0.4762148857116699, 0.5245017409324646, 0.5057501792907715, 0.499007910490036, 0.47658899426460266, 0.4418627917766571, 0.4681958556175232, 0.5089316368103027, 0.5137977600097656, 0.5374726057052612, 0.4745819568634033, 0.5128101706504822, 0.5167248249053955, 0.5247319936752319]",,,False,123,0.7291666865348816,0.4791666567325592,0.5208333432674408,7.093821048736572,7.093954086303711,0.04684567451477051,26.533231735229492,0.5662133693695068,"[0.625, 0.75, 0.8194444444444444, 0.7222222222222222]","[0.2777777777777778, 0.5833333333333334, 0.5138888888888888, 0.5416666666666666]",0.0,1,False,0.9993030067758328,,,,,-0.17486753324054,-0.17370947170443152,0.001158061536108479,"['POz', 'Pz', 'CP2', 'CPz', 'Cz']","['POz', 'Pz', 'CP2', 'CPz', 'Cz']",,,,8,EEGNet
FGSM_LP,True,gaussian,3.0,Linf,1.0,0.0936912768708506,"[0.9948678612709045, 0.9058340787887573, 0.9969924092292786, 1.0511730909347534, 1.0265581607818604, 1.0019841194152832, 0.6976560354232788, 0.8355324864387512, 0.9524297714233398, 1.0490034818649292, 1.011500358581543, 0.998015820980072, 0.9531779885292053, 0.8837255835533142, 0.9363917112350464, 1.0178632736206055, 1.0275955200195312, 1.0749452114105225, 0.9491639137268066, 1.0256203413009644, 1.033449649810791, 1.0494639873504639]",,,False,123,0.7291666865348816,0.0590277761220932,0.9409722238779068,13.755596160888672,13.756781578063965,0.09369134902954102,20.780733108520508,0.5537452101707458,"[0.625, 0.75, 0.8194444444444444, 0.7222222222222222]","[0.0, 0.06944444444444445, 0.013888888888888888, 0.1527777777777778]",0.0,1,False,0.9993030067758328,,,,,-0.17486753324054,-0.17370947170443152,0.001158061536108479,"['POz', 'Pz', 'CP2', 'CPz', 'Cz']","['POz', 'Pz', 'CP2', 'CPz', 'Cz']",,,,8,EEGNet
FGSM_LP,True,gaussian,3.0,Linf,2.0,0.1873825537417012,"[1.989735722541809, 1.8116681575775146, 1.9939848184585571, 2.102346181869507, 2.0531163215637207, 2.0039682388305664, 1.3953120708465576, 1.6710649728775024, 1.9048595428466797, 2.0980069637298584, 2.023000717163086, 1.996031641960144, 1.9063559770584106, 1.7674511671066284, 1.8727834224700928, 2.035726547241211, 2.0551910400390625, 2.149890422821045, 1.8983278274536133, 2.0512406826019287, 2.066899299621582, 2.0989279747009277]",,,False,123,0.7291666865348816,0.0034722222480922937,0.9965277777519077,26.06136131286621,26.07501220703125,0.18738260865211487,15.22671890258789,0.5356467366218567,"[0.625, 0.75, 0.8194444444444444, 0.7222222222222222]","[0.0, 0.0, 0.0, 0.013888888888888888]",0.0,1,False,0.9993030067758328,,,,,-0.17486753324054,-0.17370947170443152,0.001158061536108479,"['POz', 'Pz', 'CP2', 'CPz', 'Cz']","['POz', 'Pz', 'CP2', 'CPz', 'Cz']",,,,8,EEGNet
PGD_LP,True,gaussian,3.0,Linf,0.25,0.02342281921771265,"[0.24871696531772614, 0.22645851969718933, 0.24924810230731964, 0.26279327273368835, 0.2566395401954651, 0.2504960298538208, 0.1744140088558197, 0.2088831216096878, 0.23810744285583496, 0.2622508704662323, 0.25287508964538574, 0.249503955245018, 0.23829449713230133, 0.22093139588832855, 0.2340979278087616, 0.25446581840515137, 0.2568988800048828, 0.2687363028526306, 0.23729097843170166, 0.2564050853252411, 0.25836241245269775, 0.26236599683761597]",40.0,0.0029278524022140814,True,123,0.7291666865348816,0.6770833134651184,0.3229166865348816,3.608799695968628,3.609266519546509,0.023422837257385254,32.40258026123047,0.5745822787284851,"[0.625, 0.75, 0.8194444444444444, 0.7222222222222222]","[0.5277777777777778, 0.7222222222222222, 0.7638888888888888, 0.6944444444444444]",0.0,1,False,0.9992588932806323,,,,,-0.17486753324054,-0.17347336213363,0.0013941711069100082,"['POz', 'Pz', 'CP2', 'CPz', 'Cz']","['POz', 'Pz', 'CP2', 'CPz', 'Cz']",,,,8,EEGNet
PGD_LP,True,gaussian,3.0,Linf,0.5,0.0468456384354253,"[0.49743393063545227, 0.45291703939437866, 0.4984962046146393, 0.5255865454673767, 0.5132790803909302, 0.5009920597076416, 0.3488280177116394, 0.4177662432193756, 0.4762148857116699, 0.5245017409324646, 0.5057501792907715, 0.499007910490036, 0.47658899426460266, 0.4418627917766571, 0.4681958556175232, 0.5089316368103027, 0.5137977600097656, 0.5374726057052612, 0.4745819568634033, 0.5128101706504822, 0.5167248249053955, 0.5247319936752319]",40.0,0.005855704804428163,True,123,0.7291666865348816,0.5381944179534912,0.4618055820465088,7.092597961425781,7.094919204711914,0.04684567451477051,26.53205108642578,0.5664604306221008,"[0.625, 0.75, 0.8194444444444444, 0.7222222222222222]","[0.3055555555555556, 0.6527777777777778, 0.5833333333333334, 0.6111111111111112]",0.0,1,False,0.9992588932806323,,,,,-0.17486753324054,-0.17347336213363,0.0013941711069100082,"['POz', 'Pz', 'CP2', 'CPz', 'Cz']","['POz', 'Pz', 'CP2', 'CPz', 'Cz']",,,,8,EEGNet
PGD_LP,True,gaussian,3.0,Linf,1.0,0.0936912768708506,"[0.9948678612709045, 0.9058340787887573, 0.9969924092292786, 1.0511730909347534, 1.0265581607818604, 1.0019841194152832, 0.6976560354232788, 0.8355324864387512, 0.9524297714233398, 1.0490034818649292, 1.011500358581543, 0.998015820980072, 0.9531779885292053, 0.8837255835533142, 0.9363917112350464, 1.0178632736206055, 1.0275955200195312, 1.0749452114105225, 0.9491639137268066, 1.0256203413009644, 1.033449649810791, 1.0494639873504639]",40.0,0.011711409608856325,True,123,0.7291666865348816,0.1770833283662796,0.8229166716337204,13.757137298583984,13.762105941772461,0.09369134902954102,20.77736473083496,0.5554219484329224,"[0.625, 0.75, 0.8194444444444444, 0.7222222222222222]","[0.027777777777777776, 0.3194444444444444, 0.125, 0.2361111111111111]",0.0,1,False,0.9992588932806323,,,,,-0.17486753324054,-0.17347336213363,0.0013941711069100082,"['POz', 'Pz', 'CP2', 'CPz', 'Cz']","['POz', 'Pz', 'CP2', 'CPz', 'Cz']",,,,8,EEGNet
PGD_LP,True,gaussian,3.0,Linf,2.0,0.1873825537417012,"[1.989735722541809, 1.8116681575775146, 1.9939848184585571, 2.102346181869507, 2.0531163215637207, 2.0039682388305664, 1.3953120708465576, 1.6710649728775024, 1.9048595428466797, 2.0980069637298584, 2.023000717163086, 1.996031641960144, 1.9063559770584106, 1.7674511671066284, 1.8727834224700928, 2.035726547241211, 2.0551910400390625, 2.149890422821045, 1.8983278274536133, 2.0512406826019287, 2.066899299621582, 2.0989279747009277]",40.0,0.02342281921771265,True,123,0.7291666865348816,0.0034722222480922937,0.9965277777519077,26.096294403076172,26.0983943939209,0.18738260865211487,15.218913078308105,0.5400117039680481,"[0.625, 0.75, 0.8194444444444444, 0.7222222222222222]","[0.0, 0.0, 0.0, 0.013888888888888888]",0.0,1,False,0.9992588932806323,,,,,-0.17486753324054,-0.17347336213363,0.0013941711069100082,"['POz', 'Pz', 'CP2', 'CPz', 'Cz']","['POz', 'Pz', 'CP2', 'CPz', 'Cz']",,,,8,EEGNet
DeepFool_L2,,,,L2,,,,50.0,,,123,0.7291666865348816,0.1284722238779068,0.8715277761220932,107.81639099121094,83.36333465576172,2.7420365810394287,78.55661010742188,124.93983459472656,,,0.0,1,False,0.9600861095426314,,,,,-0.17486753324054,-0.15955636335180837,0.01531116988873163,"['POz', 'Pz', 'CP2', 'CPz', 'Cz']","['POz', 'Pz', 'CP2', 'CPz', 'Cz']",,,,8,EEGNet
FGSM,False,,,Linf,0.25,0.02342281921771265,"[0.24871696531772614, 0.22645851969718933, 0.24924810230731964, 0.26279327273368835, 0.2566395401954651, 0.2504960298538208, 0.1744140088558197, 0.2088831216096878, 0.23810744285583496, 0.2622508704662323, 0.25287508964538574, 0.249503955245018, 0.23829449713230133, 0.22093139588832855, 0.2340979278087616, 0.25446581840515137, 0.2568988800048828, 0.2687363028526306, 0.23729097843170166, 0.2564050853252411, 0.25836241245269775, 0.26236599683761597]",,,False,2024,0.6944444179534912,0.1423611044883728,0.8576388955116272,113.60749053955078,114.33089447021484,3.767502784729004,2.4136548042297363,0.10254067182540894,"[0.5694444444444444, 0.6666666666666666, 0.8055555555555556, 0.7361111111111112]","[0.013888888888888888, 0.5555555555555556, 0.0, 0.0]",0.0,1,False,0.8669889892715981,,,,,-0.03579562405436759,0.014616390726735368,0.05041201478110296,"['CP2', 'POz', 'Cz', 'P1', 'C1']","['CP2', 'POz', 'Cz', 'P1', 'Fz']",,,,8,EEGNet
FGSM,False,,,Linf,0.5,0.0468456384354253,"[0.49743393063545227, 0.45291703939437866, 0.4984962046146393, 0.5255865454673767, 0.5132790803909302, 0.5009920597076416, 0.3488280177116394, 0.4177662432193756, 0.4762148857116699, 0.5245017409324646, 0.5057501792907715, 0.499007910490036, 0.47658899426460266, 0.4418627917766571, 0.4681958556175232, 0.5089316368103027, 0.5137977600097656, 0.5374726057052612, 0.4745819568634033, 0.5128101706504822, 0.5167248249053955, 0.5247319936752319]",,,False,2024,0.6944444179534912,0.0069444444961845875,0.9930555555038154,113.69183349609375,114.39500427246094,3.767502784729004,2.408709764480591,0.10179900377988815,"[0.5694444444444444, 0.6666666666666666, 0.8055555555555556, 0.7361111111111112]","[0.0, 0.027777777777777776, 0.0, 0.0]",0.0,1,False,0.8669889892715981,,,,,-0.03579562405436759,0.014616390726735368,0.05041201478110296,"['CP2', 'POz', 'Cz', 'P1', 'C1']","['CP2', 'POz', 'Cz', 'P1', 'Fz']",,,,8,EEGNet
FGSM,False,,,Linf,1.0,0.0936912768708506,"[0.9948678612709045, 0.9058340787887573, 0.9969924092292786, 1.0511730909347534, 1.0265581607818604, 1.0019841194152832, 0.6976560354232788, 0.8355324864387512, 0.9524297714233398, 1.0490034818649292, 1.011500358581543, 0.998015820980072, 0.9531779885292053, 0.8837255835533142, 0.9363917112350464, 1.0178632736206055, 1.0275955200195312, 1.0749452114105225, 0.9491639137268066, 1.0256203413009644, 1.033449649810791, 1.0494639873504639]",,,False,2024,0.6944444179534912,0.0,1.0,113.96250915527344,114.6507568359375,3.767502784729004,2.3890185356140137,0.09890201687812805,"[0.5694444444444444, 0.6666666666666666, 0.8055555555555556, 0.7361111111111112]","[0.0, 0.0, 0.0, 0.0]",0.0,1,False,0.8669889892715981,,,,,-0.03579562405436759,0.014616390726735368,0.05041201478110296,"['CP2', 'POz', 'Cz', 'P1', 'C1']","['CP2', 'POz', 'Cz', 'P1', 'Fz']",,,,8,EEGNet
FGSM,False,,,Linf,2.0,0.1873825537417012,"[1.989735722541809, 1.8116681575775146, 1.9939848184585571, 2.102346181869507, 2.0531163215637207, 2.0039682388305664, 1.3953120708465576, 1.6710649728775024, 1.9048595428466797, 2.0980069637298584, 2.023000717163086, 1.996031641960144, 1.9063559770584106, 1.7674511671066284, 1.8727834224700928, 2.035726547241211, 2.0551910400390625, 2.149890422821045, 1.8983278274536133, 2.0512406826019287, 2.066899299621582, 2.0989279747009277]",,,False,2024,0.6944444179534912,0.0,1.0,114.93488311767578,115.66148376464844,3.767502784729004,2.311661720275879,0.08838292211294174,"[0.5694444444444444, 0.6666666666666666, 0.8055555555555556, 0.7361111111111112]","[0.0, 0.0, 0.0, 0.0]",0.0,1,False,0.8669889892715981,,,,,-0.03579562405436759,0.014616390726735368,0.05041201478110296,"['CP2', 'POz', 'Cz', 'P1', 'C1']","['CP2', 'POz', 'Cz', 'P1', 'Fz']",,,,8,EEGNet
PGD,False,,,Linf,0.25,0.02342281921771265,"[0.24871696531772614, 0.22645851969718933, 0.24924810230731964, 0.26279327273368835, 0.2566395401954651, 0.2504960298538208, 0.1744140088558197, 0.2088831216096878, 0.23810744285583496, 0.2622508704662323, 0.25287508964538574, 0.249503955245018, 0.23829449713230133, 0.22093139588832855, 0.2340979278087616, 0.25446581840515137, 0.2568988800048828, 0.2687363028526306, 0.23729097843170166, 0.2564050853252411, 0.25836241245269775, 0.26236599683761597]",40.0,0.0029278524022140814,True,2024,0.6944444179534912,0.0798611119389534,0.9201388880610466,113.4921646118164,114.33086395263672,3.767502784729004,2.413655996322632,0.1025407537817955,"[0.5694444444444444, 0.6666666666666666, 0.8055555555555556, 0.7361111111111112]","[0.0, 0.3194444444444444, 0.0, 0.0]",0.0,1,False,0.8666096132128742,,,,,-0.03579562405436759,0.010224717791547079,0.04602034184591467,"['CP2', 'POz', 'Cz', 'P1', 'C1']","['CP2', 'POz', 'Cz', 'P1', 'Fz']",,,,8,EEGNet
PGD,False,,,Linf,0.5,0.0468456384354253,"[0.49743393063545227, 0.45291703939437866, 0.4984962046146393, 0.5255865454673767, 0.5132790803909302, 0.5009920597076416, 0.3488280177116394, 0.4177662432193756, 0.4762148857116699, 0.5245017409324646, 0.5057501792907715, 0.499007910490036, 0.47658899426460266, 0.4418627917766571, 0.4681958556175232, 0.5089316368103027, 0.5137977600097656, 0.5374726057052612, 0.4745819568634033, 0.5128101706504822, 0.5167248249053955, 0.5247319936752319]",40.0,0.005855704804428163,True,2024,0.6944444179534912,0.0,1.0,113.71761322021484,114.39485931396484,3.767502784729004,2.4087209701538086,0.10180068761110306,"[0.5694444444444444, 0.6666666666666666, 0.8055555555555556, 0.7361111111111112]","[0.0, 0.0, 0.0, 0.0]",0.0,1,False,0.8666096132128742,,,,,-0.03579562405436759,0.010224717791547079,0.04602034184591467,"['CP2', 'POz', 'Cz', 'P1', 'C1']","['CP2', 'POz', 'Cz', 'P1', 'Fz']",,,,8,EEGNet
PGD,False,,,Linf,1.0,0.0936912768708506,"[0.9948678612709045, 0.9058340787887573, 0.9969924092292786, 1.0511730909347534, 1.0265581607818604, 1.0019841194152832, 0.6976560354232788, 0.8355324864387512, 0.9524297714233398, 1.0490034818649292, 1.011500358581543, 0.998015820980072, 0.9531779885292053, 0.8837255835533142, 0.9363917112350464, 1.0178632736206055, 1.0275955200195312, 1.0749452114105225, 0.9491639137268066, 1.0256203413009644, 1.033449649810791, 1.0494639873504639]",40.0,0.011711409608856325,True,2024,0.6944444179534912,0.0,1.0,113.96106719970703,114.64950561523438,3.767502784729004,2.389115571975708,0.09891992062330246,"[0.5694444444444444, 0.6666666666666666, 0.8055555555555556, 0.7361111111111112]","[0.0, 0.0, 0.0, 0.0]",0.0,1,False,0.8666096132128742,,,,,-0.03579562405436759,0.010224717791547079,0.04602034184591467,"['CP2', 'POz', 'Cz', 'P1', 'C1']","['CP2', 'POz', 'Cz', 'P1', 'Fz']",,,,8,EEGNet
PGD,False,,,Linf,2.0,0.1873825537417012,"[1.989735722541809, 1.8116681575775146, 1.9939848184585571, 2.102346181869507, 2.0531163215637207, 2.0039682388305664, 1.3953120708465576, 1.6710649728775024, 1.9048595428466797, 2.0980069637298584, 2.023000717163086, 1.996031641960144, 1.9063559770584106, 1.7674511671066284, 1.8727834224700928, 2.035726547241211, 2.0551910400390625, 2.149890422821045, 1.8983278274536133, 2.0512406826019287, 2.066899299621582, 2.0989279747009277]",40.0,0.02342281921771265,True,2024,0.6944444179534912,0.0,1.0,114.92434692382812,115.65101623535156,3.767502784729004,2.3124618530273438,0.08852475136518478,"[0.5694444444444444, 0.6666666666666666, 0.8055555555555556, 0.7361111111111112]","[0.0, 0.0, 0.0, 0.0]",0.0,1,False,0.8666096132128742,,,,,-0.03579562405436759,0.010224717791547079,0.04602034184591467,"['CP2', 'POz', 'Cz', 'P1', 'C1']","['CP2', 'POz', 'Cz', 'P1', 'Fz']",,,,8,EEGNet
FGSM_LP,True,gaussian,3.0,Linf,0.25,0.02342281921771265,"[0.24871696531772614, 0.22645851969718933, 0.24924810230731964, 0.26279327273368835, 0.2566395401954651, 0.2504960298538208, 0.1744140088558197, 0.2088831216096878, 0.23810744285583496, 0.2622508704662323, 0.25287508964538574, 0.249503955245018, 0.23829449713230133, 0.22093139588832855, 0.2340979278087616, 0.25446581840515137, 0.2568988800048828, 0.2687363028526306, 0.23729097843170166, 0.2564050853252411, 0.25836241245269775, 0.26236599683761597]",,,False,2024,0.6944444179534912,0.6388888955116272,0.3611111044883728,3.6097888946533203,3.6089885234832764,0.023422837257385254,32.40325164794922,0.5737099647521973,"[0.5694444444444444, 0.6666666666666666, 0.8055555555555556, 0.7361111111111112]","[0.5555555555555556, 0.625, 0.7638888888888888, 0.6111111111111112]",0.0,1,False,0.9978913749294185,,,,,-0.03579562405436759,-0.034616307219652864,0.0011793168347147276,"['CP2', 'POz', 'Cz', 'P1', 'C1']","['CP2', 'POz', 'Cz', 'P1', 'C1']",,,,8,EEGNet
FGSM_LP,True,gaussian,3.0,Linf,0.5,0.0468456384354253,"[0.49743393063545227, 0.45291703939437866, 0.4984962046146393, 0.5255865454673767, 0.5132790803909302, 0.5009920597076416, 0.3488280177116394, 0.4177662432193756, 0.4762148857116699, 0.5245017409324646, 0.5057501792907715, 0.499007910490036, 0.47658899426460266, 0.4418627917766571, 0.4681958556175232, 0.5089316368103027, 0.5137977600097656, 0.5374726057052612, 0.4745819568634033, 0.5128101706504822, 0.5167248249053955, 0.5247319936752319]",,,False,2024,0.6944444179534912,0.4895833432674408,0.5104166567325592,7.092544078826904,7.094087600708008,0.04684567451477051,26.53307342529297,0.5650753974914551,"[0.5694444444444444, 0.6666666666666666, 0.8055555555555556, 0.7361111111111112]","[0.4305555555555556, 0.4583333333333333, 0.5555555555555556, 0.5138888888888888]",0.0,1,False,0.9978913749294185,,,,,-0.03579562405436759,-0.034616307219652864,0.0011793168347147276,"['CP2', 'POz', 'Cz', 'P1', 'C1']","['CP2', 'POz', 'Cz', 'P1', 'C1']",,,,8,EEGNet
FGSM_LP,True,gaussian,3.0,Linf,1.0,0.0936912768708506,"[0.9948678612709045, 0.9058340787887573, 0.9969924092292786, 1.0511730909347534, 1.0265581607818604, 1.0019841194152832, 0.6976560354232788, 0.8355324864387512, 0.9524297714233398, 1.0490034818649292, 1.011500358581543, 0.998015820980072, 0.9531779885292053, 0.8837255835533142, 0.9363917112350464, 1.0178632736206055, 1.0275955200195312, 1.0749452114105225, 0.9491639137268066, 1.0256203413009644, 1.033449649810791, 1.0494639873504639]",,,False,2024,0.6944444179534912,0.1180555522441864,0.8819444477558136,13.747617721557617,13.75687313079834,0.09369134902954102,20.78067970275879,0.5530412197113037,"[0.5694444444444444, 0.6666666666666666, 0.8055555555555556, 0.7361111111111112]","[0.09722222222222222, 0.041666666666666664, 0.125, 0.20833333333333334]",0.0,1,False,0.9978913749294185,,,,,-0.03579562405436759,-0.034616307219652864,0.0011793168347147276,"['CP2', 'POz', 'Cz', 'P1', 'C1']","['CP2', 'POz', 'Cz', 'P1', 'C1']",,,,8,EEGNet
FGSM_LP,True,gaussian,3.0,Linf,2.0,0.1873825537417012,"[1.989735722541809, 1.8116681575775146, 1.9939848184585571, 2.102346181869507, 2.0531163215637207, 2.0039682388305664, 1.3953120708465576, 1.6710649728775024, 1.9048595428466797, 2.0980069637298584, 2.023000717163086, 1.996031641960144, 1.9063559770584106, 1.7674511671066284, 1.8727834224700928, 2.035726547241211, 2.0551910400390625, 2.149890422821045, 1.8983278274536133, 2.0512406826019287, 2.066899299621582, 2.0989279747009277]",,,False,2024,0.6944444179534912,0.0069444444961845875,0.9930555555038154,26.07586669921875,26.07539176940918,0.18738260865211487,15.226606369018555,0.5354858040809631,"[0.5694444444444444, 0.6666666666666666, 0.8055555555555556, 0.7361111111111112]","[0.0, 0.0, 0.0, 0.027777777777777776]",0.0,1,False,0.9978913749294185,,,,,-0.03579562405436759,-0.034616307219652864,0.0011793168347147276,"['CP2', 'POz', 'Cz', 'P1', 'C1']","['CP2', 'POz', 'Cz', 'P1', 'C1']",,,,8,EEGNet
PGD_LP,True,gaussian,3.0,Linf,0.25,0.02342281921771265,"[0.24871696531772614, 0.22645851969718933, 0.24924810230731964, 0.26279327273368835, 0.2566395401954651, 0.2504960298538208, 0.1744140088558197, 0.2088831216096878, 0.23810744285583496, 0.2622508704662323, 0.25287508964538574, 0.249503955245018, 0.23829449713230133, 0.22093139588832855, 0.2340979278087616, 0.25446581840515137, 0.2568988800048828, 0.2687363028526306, 0.23729097843170166, 0.2564050853252411, 0.25836241245269775, 0.26236599683761597]",40.0,0.0029278524022140814,True,2024,0.6944444179534912,0.6736111044883728,0.3263888955116272,3.61134672164917,3.609915018081665,0.023422837257385254,32.40102005004883,0.5746408700942993,"[0.5694444444444444, 0.6666666666666666, 0.8055555555555556, 0.7361111111111112]","[0.5833333333333334, 0.6666666666666666, 0.7638888888888888, 0.6805555555555556]",0.0,1,False,0.9979178430265387,,,,,-0.03579562405436759,-0.03543876568952073,0.0003568583648468626,"['CP2', 'POz', 'Cz', 'P1', 'C1']","['CP2', 'POz', 'Cz', 'P1', 'C1']",,,,8,EEGNet
PGD_LP,True,gaussian,3.0,Linf,0.5,0.0468456384354253,"[0.49743393063545227, 0.45291703939437866, 0.4984962046146393, 0.5255865454673767, 0.5132790803909302, 0.5009920597076416, 0.3488280177116394, 0.4177662432193756, 0.4762148857116699, 0.5245017409324646, 0.5057501792907715, 0.499007910490036, 0.47658899426460266, 0.4418627917766571, 0.4681958556175232, 0.5089316368103027, 0.5137977600097656, 0.5374726057052612, 0.4745819568634033, 0.5128101706504822, 0.5167248249053955, 0.5247319936752319]",40.0,0.005855704804428163,True,2024,0.6944444179534912,0.5555555820465088,0.4444444179534912,7.099326133728027,7.097955703735352,0.04684567451477051,26.52832794189453,0.5662454962730408,"[0.5694444444444444, 0.6666666666666666, 0.8055555555555556, 0.7361111111111112]","[0.5138888888888888, 0.4722222222222222, 0.6527777777777778, 0.5833333333333334]",0.0,1,False,0.9979178430265387,,,,,-0.03579562405436759,-0.03543876568952073,0.0003568583648468626,"['CP2', 'POz', 'Cz', 'P1', 'C1']","['CP2', 'POz', 'Cz', 'P1', 'C1']",,,,8,EEGNet
PGD_LP,True,gaussian,3.0,Linf,1.0,0.0936912768708506,"[0.9948678612709045, 0.9058340787887573, 0.9969924092292786, 1.0511730909347534, 1.0265581607818604, 1.0019841194152832, 0.6976560354232788, 0.8355324864387512, 0.9524297714233398, 1.0490034818649292, 1.011500358581543, 0.998015820980072, 0.9531779885292053, 0.8837255835533142, 0.9363917112350464, 1.0178632736206055, 1.0275955200195312, 1.0749452114105225, 0.9491639137268066, 1.0256203413009644, 1.033449649810791, 1.0494639873504639]",40.0,0.011711409608856325,True,2024,0.6944444179534912,0.2048611044883728,0.7951388955116272,13.767359733581543,13.771845817565918,0.09369134902954102,20.77121353149414,0.5547394156455994,"[0.5694444444444444, 0.6666666666666666, 0.8055555555555556, 0.7361111111111112]","[0.20833333333333334, 0.041666666666666664, 0.2361111111111111, 0.3333333333333333]",0.0,1,False,0.9979178430265387,,,,,-0.03579562405436759,-0.03543876568952073,0.0003568583648468626,"['CP2', 'POz', 'Cz', 'P1', 'C1']","['CP2', 'POz', 'Cz', 'P1', 'C1']",,,,8,EEGNet
PGD_LP,True,gaussian,3.0,Linf,2.0,0.1873825537417012,"[1.989735722541809, 1.8116681575775146, 1.9939848184585571, 2.102346181869507, 2.0531163215637207, 2.0039682388305664, 1.3953120708465576, 1.6710649728775024, 1.9048595428466797, 2.0980069637298584, 2.023000717163086, 1.996031641960144, 1.9063559770584106, 1.7674511671066284, 1.8727834224700928, 2.035726547241211, 2.0551910400390625, 2.149890422821045, 1.8983278274536133, 2.0512406826019287, 2.066899299621582, 2.0989279747009277]",40.0,0.02342281921771265,True,2024,0.6944444179534912,0.0034722222480922937,0.9965277777519077,26.12786293029785,26.127050399780273,0.18738260865211487,15.20938777923584,0.5369244813919067,"[0.5694444444444444, 0.6666666666666666, 0.8055555555555556, 0.7361111111111112]","[0.0, 0.0, 0.0, 0.013888888888888888]",0.0,1,False,0.9979178430265387,,,,,-0.03579562405436759,-0.03543876568952073,0.0003568583648468626,"['CP2', 'POz', 'Cz', 'P1', 'C1']","['CP2', 'POz', 'Cz', 'P1', 'C1']",,,,8,EEGNet
DeepFool_L2,,,,L2,,,,50.0,,,2024,0.6944444179534912,0.0902777761220932,0.9097222238779068,109.0230712890625,79.7669448852539,2.5984675884246826,88.29014587402344,129.47535705566406,,,0.0,1,False,0.9102202145680407,,,,,-0.03579562405436759,-0.010517039615974125,0.025278584438393467,"['CP2', 'POz', 'Cz', 'P1', 'C1']","['CP2', 'POz', 'Cz', 'P1', 'Fz']",,,,8,EEGNet
FGSM,False,,,Linf,0.25,0.02342281921771265,"[0.24871696531772614, 0.22645851969718933, 0.24924810230731964, 0.26279327273368835, 0.2566395401954651, 0.2504960298538208, 0.1744140088558197, 0.2088831216096878, 0.23810744285583496, 0.2622508704662323, 0.25287508964538574, 0.249503955245018, 0.23829449713230133, 0.22093139588832855, 0.2340979278087616, 0.25446581840515137, 0.2568988800048828, 0.2687363028526306, 0.23729097843170166, 0.2564050853252411, 0.25836241245269775, 0.26236599683761597]",,,False,31415,0.6979166865348816,0.0243055559694767,0.9756944440305233,113.60747528076172,114.33087921142578,3.767502784729004,2.4136548042297363,0.10254082083702087,"[0.5277777777777778, 0.7361111111111112, 0.8055555555555556, 0.7222222222222222]","[0.0, 0.0, 0.08333333333333333, 0.013888888888888888]",0.0,1,False,0.9330092461885942,,,,,-0.35735560737159305,-0.3350285084509969,0.022327098920596145,"['P1', 'CPz', 'CP2', 'FC3', 'CP4']","['CPz', 'P1', 'CP2', 'CP4', 'C6']",,,,8,EEGNet
FGSM,False,,,Linf,0.5,0.0468456384354253,"[0.49743393063545227, 0.45291703939437866, 0.4984962046146393, 0.5255865454673767, 0.5132790803909302, 0.5009920597076416, 0.3488280177116394, 0.4177662432193756, 0.4762148857116699, 0.5245017409324646, 0.5057501792907715, 0.499007910490036, 0.47658899426460266, 0.4418627917766571, 0.4681958556175232, 0.5089316368103027, 0.5137977600097656, 0.5374726057052612, 0.4745819568634033, 0.5128101706504822, 0.5167248249053955, 0.5247319936752319]",,,False,31415,0.6979166865348816,0.0034722222480922937,0.9965277777519077,113.71233367919922,114.39498901367188,3.767502784729004,2.408710479736328,0.10179880261421204,"[0.5277777777777778, 0.7361111111111112, 0.8055555555555556, 0.7222222222222222]","[0.0, 0.0, 0.0, 0.013888888888888888]",0.0,1,False,0.9330092461885942,,,,,-0.35735560737159305,-0.3350285084509969,0.022327098920596145,"['P1', 'CPz', 'CP2', 'FC3', 'CP4']","['CPz', 'P1', 'CP2', 'CP4', 'C6']",,,,8,EEGNet
FGSM,False,,,Linf,1.0,0.0936912768708506,"[0.9948678612709045, 0.9058340787887573, 0.9969924092292786, 1.0511730909347534, 1.0265581607818604, 1.0019841194152832, 0.6976560354232788, 0.8355324864387512, 0.9524297714233398, 1.0490034818649292, 1.011500358581543, 0.998015820980072, 0.9531779885292053, 0.8837255835533142, 0.9363917112350464, 1.0178632736206055, 1.0275955200195312, 1.0749452114105225, 0.9491639137268066, 1.0256203413009644, 1.033449649810791, 1.0494639873504639]",,,False,31415,0.6979166865348816,0.0,1.0,113.9615478515625,114.65068817138672,3.767502784729004,2.389024019241333,0.0988980084657669,"[0.5277777777777778, 0.7361111111111112, 0.8055555555555556, 0.7222222222222222]","[0.0, 0.0, 0.0, 0.0]",0.0,1,False,0.9330092461885942,,,,,-0.35735560737159305,-0.3350285084509969,0.022327098920596145,"['P1', 'CPz', 'CP2', 'FC3', 'CP4']","['CPz', 'P1', 'CP2', 'CP4', 'C6']",,,,8,EEGNet
FGSM,False,,,Linf,2.0,0.1873825537417012,"[1.989735722541809, 1.8116681575775146, 1.9939848184585571, 2.102346181869507, 2.0531163215637207, 2.0039682388305664, 1.3953120708465576, 1.6710649728775024, 1.9048595428466797, 2.0980069637298584, 2.023000717163086, 1.996031641960144, 1.9063559770584106, 1.7674511671066284, 1.8727834224700928, 2.035726547241211, 2.0551910400390625, 2.149890422821045, 1.8983278274536133, 2.0512406826019287, 2.066899299621582, 2.0989279747009277]",,,False,31415,0.6979166865348816,0.0,1.0,114.93461608886719,115.66072845458984,3.767502784729004,2.3117175102233887,0.08837820589542389,"[0.5277777777777778, 0.7361111111111112, 0.8055555555555556, 0.7222222222222222]","[0.0, 0.0, 0.0, 0.0]",0.0,1,False,0.9330092461885942,,,,,-0.35735560737159305,-0.3350285084509969,0.022327098920596145,"['P1', 'CPz', 'CP2', 'FC3', 'CP4']","['CPz', 'P1', 'CP2', 'CP4', 'C6']",,,,8,EEGNet
PGD,False,,,Linf,0.25,0.02342281921771265,"[0.24871696531772614, 0.22645851969718933, 0.24924810230731964, 0.26279327273368835, 0.2566395401954651, 0.2504960298538208, 0.1744140088558197, 0.2088831216096878, 0.23810744285583496, 0.2622508704662323, 0.25287508964538574, 0.249503955245018, 0.23829449713230133, 0.22093139588832855, 0.2340979278087616, 0.25446581840515137, 0.2568988800048828, 0.2687363028526306, 0.23729097843170166, 0.2564050853252411, 0.25836241245269775, 0.26236599683761597]",40.0,0.0029278524022140814,True,31415,0.6979166865348816,0.0034722222480922937,0.9965277777519077,113.6509017944336,114.33082580566406,3.767502784729004,2.413658618927002,0.10254130512475967,"[0.5277777777777778, 0.7361111111111112, 0.8055555555555556, 0.7222222222222222]","[0.0, 0.0, 0.0, 0.013888888888888888]",0.0,1,False,0.9451404573687184,,,,,-0.35735560737159305,-0.3456492661824472,0.011706341189145875,"['P1', 'CPz', 'CP2', 'FC3', 'CP4']","['CPz', 'P1', 'CP2', 'CP4', 'C6']",,,,8,EEGNet
PGD,False,,,Linf,0.5,0.0468456384354253,"[0.49743393063545227, 0.45291703939437866, 0.4984962046146393, 0.5255865454673767, 0.5132790803909302, 0.5009920597076416, 0.3488280177116394, 0.4177662432193756, 0.4762148857116699, 0.5245017409324646, 0.5057501792907715, 0.499007910490036, 0.47658899426460266, 0.4418627917766571, 0.4681958556175232, 0.5089316368103027, 0.5137977600097656, 0.5374726057052612, 0.4745819568634033, 0.5128101706504822, 0.5167248249053955, 0.5247319936752319]",40.0,0.005855704804428163,True,31415,0.6979166865348816,0.0,1.0,113.71753692626953,114.39469146728516,3.767502784729004,2.408733367919922,0.10180230438709259,"[0.5277777777777778, 0.7361111111111112, 0.8055555555555556, 0.7222222222222222]","[0.0, 0.0, 0.0, 0.0]",0.0,1,False,0.9451404573687184,,,,,-0.35735560737159305,-0.3456492661824472,0.011706341189145875,"['P1', 'CPz', 'CP2', 'FC3', 'CP4']","['CPz', 'P1', 'CP2', 'CP4', 'C6']",,,,8,EEGNet
PGD,False,,,Linf,1.0,0.0936912768708506,"[0.9948678612709045, 0.9058340787887573, 0.9969924092292786, 1.0511730909347534, 1.0265581607818604, 1.0019841194152832, 0.6976560354232788, 0.8355324864387512, 0.9524297714233398, 1.0490034818649292, 1.011500358581543, 0.998015820980072, 0.9531779885292053, 0.8837255835533142, 0.9363917112350464, 1.0178632736206055, 1.0275955200195312, 1.0749452114105225, 0.9491639137268066, 1.0256203413009644, 1.033449649810791, 1.0494639873504639]",40.0,0.011711409608856325,True,31415,0.6979166865348816,0.0,1.0,113.96060943603516,114.6484375,3.767502784729004,2.3891983032226562,0.0989304780960083,"[0.5277777777777778, 0.7361111111111112, 0.8055555555555556, 0.7222222222222222]","[0.0, 0.0, 0.0, 0.0]",0.0,1,False,0.9451404573687184,,,,,-0.35735560737159305,-0.3456492661824472,0.011706341189145875,"['P1', 'CPz', 'CP2', 'FC3', 'CP4']","['CPz', 'P1', 'CP2', 'CP4', 'C6']",,,,8,EEGNet
PGD,False,,,Linf,2.0,0.1873825537417012,"[1.989735722541809, 1.8116681575775146, 1.9939848184585571, 2.102346181869507, 2.0531163215637207, 2.0039682388305664, 1.3953120708465576, 1.6710649728775024, 1.9048595428466797, 2.0980069637298584, 2.023000717163086, 1.996031641960144, 1.9063559770584106, 1.7674511671066284, 1.8727834224700928, 2.035726547241211, 2.0551910400390625, 2.149890422821045, 1.8983278274536133, 2.0512406826019287, 2.066899299621582, 2.0989279747009277]",40.0,0.02342281921771265,True,31415,0.6979166865348816,0.0,1.0,114.9236068725586,115.64273834228516,3.767502784729004,2.313086748123169,0.08849382400512695,"[0.5277777777777778, 0.7361111111111112, 0.8055555555555556, 0.7222222222222222]","[0.0, 0.0, 0.0, 0.0]",0.0,1,False,0.9451404573687184,,,,,-0.35735560737159305,-0.3456492661824472,0.011706341189145875,"['P1', 'CPz', 'CP2', 'FC3', 'CP4']","['CPz', 'P1', 'CP2', 'CP4', 'C6']",,,,8,EEGNet
FGSM_LP,True,gaussian,3.0,Linf,0.25,0.02342281921771265,"[0.24871696531772614, 0.22645851969718933, 0.24924810230731964, 0.26279327273368835, 0.2566395401954651, 0.2504960298538208, 0.1744140088558197, 0.2088831216096878, 0.23810744285583496, 0.2622508704662323, 0.25287508964538574, 0.249503955245018, 0.23829449713230133, 0.22093139588832855, 0.2340979278087616, 0.25446581840515137, 0.2568988800048828, 0.2687363028526306, 0.23729097843170166, 0.2564050853252411, 0.25836241245269775, 0.26236599683761597]",,,False,31415,0.6979166865348816,0.6006944179534912,0.3993055820465088,3.6090757846832275,3.609724998474121,0.023422837257385254,32.40147399902344,0.574444055557251,"[0.5277777777777778, 0.7361111111111112, 0.8055555555555556, 0.7222222222222222]","[0.3611111111111111, 0.6666666666666666, 0.7083333333333334, 0.6666666666666666]",0.0,1,False,0.9983589779785431,,,,,-0.35735560737159305,-0.35628242059756926,0.0010731867740237933,"['P1', 'CPz', 'CP2', 'FC3', 'CP4']","['P1', 'CPz', 'CP2', 'FC3', 'CP4']",,,,8,EEGNet
FGSM_LP,True,gaussian,3.0,Linf,0.5,0.0468456384354253,"[0.49743393063545227, 0.45291703939437866, 0.4984962046146393, 0.5255865454673767, 0.5132790803909302, 0.5009920597076416, 0.3488280177116394, 0.4177662432193756, 0.4762148857116699, 0.5245017409324646, 0.5057501792907715, 0.499007910490036, 0.47658899426460266, 0.4418627917766571, 0.4681958556175232, 0.5089316368103027, 0.5137977600097656, 0.5374726057052612, 0.4745819568634033, 0.5128101706504822, 0.5167248249053955, 0.5247319936752319]",,,False,31415,0.6979166865348816,0.3194444477558136,0.6805555522441864,7.0948486328125,7.09682035446167,0.04684567451477051,26.52971649169922,0.5665686726570129,"[0.5277777777777778, 0.7361111111111112, 0.8055555555555556, 0.7222222222222222]","[0.05555555555555555, 0.3472222222222222, 0.4861111111111111, 0.3888888888888889]",0.0,1,False,0.9983589779785431,,,,,-0.35735560737159305,-0.35628242059756926,0.0010731867740237933,"['P1', 'CPz', 'CP2', 'FC3', 'CP4']","['P1', 'CPz', 'CP2', 'FC3', 'CP4']",,,,8,EEGNet
FGSM_LP,True,gaussian,3.0,Linf,1.0,0.0936912768708506,"[0.9948678612709045, 0.9058340787887573, 0.9969924092292786, 1.0511730909347534, 1.0265581607818604, 1.0019841194152832, 0.6976560354232788, 0.8355324864387512, 0.9524297714233398, 1.0490034818649292, 1.011500358581543, 0.998015820980072, 0.9531779885292053, 0.8837255835533142, 0.9363917112350464, 1.0178632736206055, 1.0275955200195312, 1.0749452114105225, 0.9491639137268066, 1.0256203413009644, 1.033449649810791, 1.0494639873504639]",,,False,31415,0.6979166865348816,0.03125,0.96875,13.764909744262695,13.767608642578125,0.09369134902954102,20.773887634277344,0.5546826720237732,"[0.5277777777777778, 0.7361111111111112, 0.8055555555555556, 0.7222222222222222]","[0.0, 0.0, 0.013888888888888888, 0.1111111111111111]",0.0,1,False,0.9983589779785431,,,,,-0.35735560737159305,-0.35628242059756926,0.0010731867740237933,"['P1', 'CPz', 'CP2', 'FC3', 'CP4']","['P1', 'CPz', 'CP2', 'FC3', 'CP4']",,,,8,EEGNet
FGSM_LP,True,gaussian,3.0,Linf,2.0,0.1873825537417012,"[1.989735722541809, 1.8116681575775146, 1.9939848184585571, 2.102346181869507, 2.0531163215637207, 2.0039682388305664, 1.3953120708465576, 1.6710649728775024, 1.9048595428466797, 2.0980069637298584, 2.023000717163086, 1.996031641960144, 1.9063559770584106, 1.7674511671066284, 1.8727834224700928, 2.035726547241211, 2.0551910400390625, 2.149890422821045, 1.8983278274536133, 2.0512406826019287, 2.066899299621582, 2.0989279747009277]",,,False,31415,0.6979166865348816,0.0034722222480922937,0.9965277777519077,26.119707107543945,26.119855880737305,0.18738260865211487,15.21177864074707,0.5371589660644531,"[0.5277777777777778, 0.7361111111111112, 0.8055555555555556, 0.7222222222222222]","[0.0, 0.0, 0.0, 0.013888888888888888]",0.0,1,False,0.9983589779785431,,,,,-0.35735560737159305,-0.35628242059756926,0.0010731867740237933,"['P1', 'CPz', 'CP2', 'FC3', 'CP4']","['P1', 'CPz', 'CP2', 'FC3', 'CP4']",,,,8,EEGNet
PGD_LP,True,gaussian,3.0,Linf,0.25,0.02342281921771265,"[0.24871696531772614, 0.22645851969718933, 0.24924810230731964, 0.26279327273368835, 0.2566395401954651, 0.2504960298538208, 0.1744140088558197, 0.2088831216096878, 0.23810744285583496, 0.2622508704662323, 0.25287508964538574, 0.249503955245018, 0.23829449713230133, 0.22093139588832855, 0.2340979278087616, 0.25446581840515137, 0.2568988800048828, 0.2687363028526306, 0.23729097843170166, 0.2564050853252411, 0.25836241245269775, 0.26236599683761597]",40.0,0.0029278524022140814,True,31415,0.6979166865348816,0.6319444179534912,0.3680555820465088,3.6088197231292725,3.609940767288208,0.023422837257385254,32.40095520019531,0.5745461583137512,"[0.5277777777777778, 0.7361111111111112, 0.8055555555555556, 0.7222222222222222]","[0.4027777777777778, 0.7083333333333334, 0.7361111111111112, 0.6805555555555556]",0.0,1,False,0.9986413043478259,,,,,-0.35735560737159305,-0.35756799637819353,-0.00021238900660047744,"['P1', 'CPz', 'CP2', 'FC3', 'CP4']","['P1', 'CPz', 'CP2', 'FC3', 'CP4']",,,,8,EEGNet
PGD_LP,True,gaussian,3.0,Linf,0.5,0.0468456384354253,"[0.49743393063545227, 0.45291703939437866, 0.4984962046146393, 0.5255865454673767, 0.5132790803909302, 0.5009920597076416, 0.3488280177116394, 0.4177662432193756, 0.4762148857116699, 0.5245017409324646, 0.5057501792907715, 0.499007910490036, 0.47658899426460266, 0.4418627917766571, 0.4681958556175232, 0.5089316368103027, 0.5137977600097656, 0.5374726057052612, 0.4745819568634033, 0.5128101706504822, 0.5167248249053955, 0.5247319936752319]",40.0,0.005855704804428163,True,31415,0.6979166865348816,0.3854166567325592,0.6145833432674408,7.093808650970459,7.097904682159424,0.04684567451477051,26.528390884399414,0.5661944150924683,"[0.5277777777777778, 0.7361111111111112, 0.8055555555555556, 0.7222222222222222]","[0.1111111111111111, 0.3888888888888889, 0.5833333333333334, 0.4583333333333333]",0.0,1,False,0.9986413043478259,,,,,-0.35735560737159305,-0.35756799637819353,-0.00021238900660047744,"['P1', 'CPz', 'CP2', 'FC3', 'CP4']","['P1', 'CPz', 'CP2', 'FC3', 'CP4']",,,,8,EEGNet
PGD_LP,True,gaussian,3.0,Linf,1.0,0.0936912768708506,"[0.9948678612709045, 0.9058340787887573, 0.9969924092292786, 1.0511730909347534, 1.0265581607818604, 1.0019841194152832, 0.6976560354232788, 0.8355324864387512, 0.9524297714233398, 1.0490034818649292, 1.011500358581543, 0.998015820980072, 0.9531779885292053, 0.8837255835533142, 0.9363917112350464, 1.0178632736206055, 1.0275955200195312, 1.0749452114105225, 0.9491639137268066, 1.0256203413009644, 1.033449649810791, 1.0494639873504639]",40.0,0.011711409608856325,True,31415,0.6979166865348816,0.0381944440305233,0.9618055559694767,13.767088890075684,13.769034385681152,0.09369134902954102,20.772991180419922,0.5537511110305786,"[0.5277777777777778, 0.7361111111111112, 0.8055555555555556, 0.7222222222222222]","[0.0, 0.013888888888888888, 0.013888888888888888, 0.125]",0.0,1,False,0.9986413043478259,,,,,-0.35735560737159305,-0.35756799637819353,-0.00021238900660047744,"['P1', 'CPz', 'CP2', 'FC3', 'CP4']","['P1', 'CPz', 'CP2', 'FC3', 'CP4']",,,,8,EEGNet
PGD_LP,True,gaussian,3.0,Linf,2.0,0.1873825537417012,"[1.989735722541809, 1.8116681575775146, 1.9939848184585571, 2.102346181869507, 2.0531163215637207, 2.0039682388305664, 1.3953120708465576, 1.6710649728775024, 1.9048595428466797, 2.0980069637298584, 2.023000717163086, 1.996031641960144, 1.9063559770584106, 1.7674511671066284, 1.8727834224700928, 2.035726547241211, 2.0551910400390625, 2.149890422821045, 1.8983278274536133, 2.0512406826019287, 2.066899299621582, 2.0989279747009277]",40.0,0.02342281921771265,True,31415,0.6979166865348816,0.0,1.0,26.115108489990234,26.11488151550293,0.18738260865211487,15.213446617126465,0.5349168181419373,"[0.5277777777777778, 0.7361111111111112, 0.8055555555555556, 0.7222222222222222]","[0.0, 0.0, 0.0, 0.0]",0.0,1,False,0.9986413043478259,,,,,-0.35735560737159305,-0.35756799637819353,-0.00021238900660047744,"['P1', 'CPz', 'CP2', 'FC3', 'CP4']","['P1', 'CPz', 'CP2', 'FC3', 'CP4']",,,,8,EEGNet
DeepFool_L2,,,,L2,,,,50.0,,,31415,0.6979166865348816,0.1527777761220932,0.8472222238779068,107.4466552734375,79.9341812133789,2.6150200366973877,87.3319320678711,129.0762176513672,,,0.0,1,False,0.9725614059853191,,,,,-0.35735560737159305,-0.34581673698940923,0.011538870382183819,"['P1', 'CPz', 'CP2', 'FC3', 'CP4']","['P1', 'CPz', 'CP2', 'FC3', 'CP4']",,,,8,EEGNet
FGSM,False,,,Linf,0.25,0.02342281921771265,"[0.24871696531772614, 0.22645851969718933, 0.24924810230731964, 0.26279327273368835, 0.2566395401954651, 0.2504960298538208, 0.1744140088558197, 0.2088831216096878, 0.23810744285583496, 0.2622508704662323, 0.25287508964538574, 0.249503955245018, 0.23829449713230133, 0.22093139588832855, 0.2340979278087616, 0.25446581840515137, 0.2568988800048828, 0.2687363028526306, 0.23729097843170166, 0.2564050853252411, 0.25836241245269775, 0.26236599683761597]",,,False,999,0.7638888955116272,0.010416666977107525,0.9895833330228925,113.60746765136719,114.33087921142578,3.767502784729004,2.413654327392578,0.10254064947366714,"[0.6805555555555556, 0.8055555555555556, 0.8055555555555556, 0.7638888888888888]","[0.041666666666666664, 0.0, 0.0, 0.0]",0.0,1,False,0.9391057312252965,,,,,0.012670125898856638,0.004106769948962282,-0.008563355949894356,"['CPz', 'CP1', 'Cz', 'P1', 'CP3']","['CPz', 'CP1', 'P1', 'Cz', 'CP3']",,,,8,EEGNet
FGSM,False,,,Linf,0.5,0.0468456384354253,"[0.49743393063545227, 0.45291703939437866, 0.4984962046146393, 0.5255865454673767, 0.5132790803909302, 0.5009920597076416, 0.3488280177116394, 0.4177662432193756, 0.4762148857116699, 0.5245017409324646, 0.5057501792907715, 0.499007910490036, 0.47658899426460266, 0.4418627917766571, 0.4681958556175232, 0.5089316368103027, 0.5137977600097656, 0.5374726057052612, 0.4745819568634033, 0.5128101706504822, 0.5167248249053955, 0.5247319936752319]",,,False,999,0.7638888955116272,0.0,1.0,113.71788024902344,114.39501953125,3.767502784729004,2.4087088108062744,0.10179900377988815,"[0.6805555555555556, 0.8055555555555556, 0.8055555555555556, 0.7638888888888888]","[0.0, 0.0, 0.0, 0.0]",0.0,1,False,0.9391057312252965,,,,,0.012670125898856638,0.004106769948962282,-0.008563355949894356,"['CPz', 'CP1', 'Cz', 'P1', 'CP3']","['CPz', 'CP1', 'P1', 'Cz', 'CP3']",,,,8,EEGNet
FGSM,False,,,Linf,1.0,0.0936912768708506,"[0.9948678612709045, 0.9058340787887573, 0.9969924092292786, 1.0511730909347534, 1.0265581607818604, 1.0019841194152832, 0.6976560354232788, 0.8355324864387512, 0.9524297714233398, 1.0490034818649292, 1.011500358581543, 0.998015820980072, 0.9531779885292053, 0.8837255835533142, 0.9363917112350464, 1.0178632736206055, 1.0275955200195312, 1.0749452114105225, 0.9491639137268066, 1.0256203413009644, 1.033449649810791, 1.0494639873504639]",,,False,999,0.7638888955116272,0.0,1.0,113.96349334716797,114.65084075927734,3.767502784729004,2.389012336730957,0.0988989770412445,"[0.6805555555555556, 0.8055555555555556, 0.8055555555555556, 0.7638888888888888]","[0.0, 0.0, 0.0, 0.0]",0.0,1,False,0.9391057312252965,,,,,0.012670125898856638,0.004106769948962282,-0.008563355949894356,"['CPz', 'CP1', 'Cz', 'P1', 'CP3']","['CPz', 'CP1', 'P1', 'Cz', 'CP3']",,,,8,EEGNet
FGSM,False,,,Linf,2.0,0.1873825537417012,"[1.989735722541809, 1.8116681575775146, 1.9939848184585571, 2.102346181869507, 2.0531163215637207, 2.0039682388305664, 1.3953120708465576, 1.6710649728775024, 1.9048595428466797, 2.0980069637298584, 2.023000717163086, 1.996031641960144, 1.9063559770584106, 1.7674511671066284, 1.8727834224700928, 2.035726547241211, 2.0551910400390625, 2.149890422821045, 1.8983278274536133, 2.0512406826019287, 2.066899299621582, 2.0989279747009277]",,,False,999,0.7638888955116272,0.0,1.0,114.9391098022461,115.66159057617188,3.767502784729004,2.3116531372070312,0.08836614340543747,"[0.6805555555555556, 0.8055555555555556, 0.8055555555555556, 0.7638888888888888]","[0.0, 0.0, 0.0, 0.0]",0.0,1,False,0.9391057312252965,,,,,0.012670125898856638,0.004106769948962282,-0.008563355949894356,"['CPz', 'CP1', 'Cz', 'P1', 'CP3']","['CPz', 'CP1', 'P1', 'Cz', 'CP3']",,,,8,EEGNet
PGD,False,,,Linf,0.25,0.02342281921771265,"[0.24871696531772614, 0.22645851969718933, 0.24924810230731964, 0.26279327273368835, 0.2566395401954651, 0.2504960298538208, 0.1744140088558197, 0.2088831216096878, 0.23810744285583496, 0.2622508704662323, 0.25287508964538574, 0.249503955245018, 0.23829449713230133, 0.22093139588832855, 0.2340979278087616, 0.25446581840515137, 0.2568988800048828, 0.2687363028526306, 0.23729097843170166, 0.2564050853252411, 0.25836241245269775, 0.26236599683761597]",40.0,0.0029278524022140814,True,999,0.7638888955116272,0.0,1.0,113.65638732910156,114.33086395263672,3.767502784729004,2.413655996322632,0.10254069417715073,"[0.6805555555555556, 0.8055555555555556, 0.8055555555555556, 0.7638888888888888]","[0.0, 0.0, 0.0, 0.0]",0.0,1,False,0.9382058159232074,,,,,0.012670125898856638,0.004828079989934966,-0.007842045908921671,"['CPz', 'CP1', 'Cz', 'P1', 'CP3']","['CPz', 'CP1', 'P1', 'Cz', 'CP3']",,,,8,EEGNet
PGD,False,,,Linf,0.5,0.0468456384354253,"[0.49743393063545227, 0.45291703939437866, 0.4984962046146393, 0.5255865454673767, 0.5132790803909302, 0.5009920597076416, 0.3488280177116394, 0.4177662432193756, 0.4762148857116699, 0.5245017409324646, 0.5057501792907715, 0.499007910490036, 0.47658899426460266, 0.4418627917766571, 0.4681958556175232, 0.5089316368103027, 0.5137977600097656, 0.5374726057052612, 0.4745819568634033, 0.5128101706504822, 0.5167248249053955, 0.5247319936752319]",40.0,0.005855704804428163,True,999,0.7638888955116272,0.0,1.0,113.71766662597656,114.39488220214844,3.767502784729004,2.4087185859680176,0.10179954022169113,"[0.6805555555555556, 0.8055555555555556, 0.8055555555555556, 0.7638888888888888]","[0.0, 0.0, 0.0, 0.0]",0.0,1,False,0.9382058159232074,,,,,0.012670125898856638,0.004828079989934966,-0.007842045908921671,"['CPz', 'CP1', 'Cz', 'P1', 'CP3']","['CPz', 'CP1', 'P1', 'Cz', 'CP3']",,,,8,EEGNet
PGD,False,,,Linf,1.0,0.0936912768708506,"[0.9948678612709045, 0.9058340787887573, 0.9969924092292786, 1.0511730909347534, 1.0265581607818604, 1.0019841194152832, 0.6976560354232788, 0.8355324864387512, 0.9524297714233398, 1.0490034818649292, 1.011500358581543, 0.998015820980072, 0.9531779885292053, 0.8837255835533142, 0.9363917112350464, 1.0178632736206055, 1.0275955200195312, 1.0749452114105225, 0.9491639137268066, 1.0256203413009644, 1.033449649810791, 1.0494639873504639]",40.0,0.011711409608856325,True,999,0.7638888955116272,0.0,1.0,113.96197509765625,114.64979553222656,3.767502784729004,2.3890933990478516,0.09890986979007721,"[0.6805555555555556, 0.8055555555555556, 0.8055555555555556, 0.7638888888888888]","[0.0, 0.0, 0.0, 0.0]",0.0,1,False,0.9382058159232074,,,,,0.012670125898856638,0.004828079989934966,-0.007842045908921671,"['CPz', 'CP1', 'Cz', 'P1', 'CP3']","['CPz', 'CP1', 'P1', 'Cz', 'CP3']",,,,8,EEGNet
PGD,False,,,Linf,2.0,0.1873825537417012,"[1.989735722541809, 1.8116681575775146, 1.9939848184585571, 2.102346181869507, 2.0531163215637207, 2.0039682388305664, 1.3953120708465576, 1.6710649728775024, 1.9048595428466797, 2.0980069637298584, 2.023000717163086, 1.996031641960144, 1.9063559770584106, 1.7674511671066284, 1.8727834224700928, 2.035726547241211, 2.0551910400390625, 2.149890422821045, 1.8983278274536133, 2.0512406826019287, 2.066899299621582, 2.0989279747009277]",40.0,0.02342281921771265,True,999,0.7638888955116272,0.0,1.0,114.93649291992188,115.65396881103516,3.767502784729004,2.312232494354248,0.08845346421003342,"[0.6805555555555556, 0.8055555555555556, 0.8055555555555556, 0.7638888888888888]","[0.0, 0.0, 0.0, 0.0]",0.0,1,False,0.9382058159232074,,,,,0.012670125898856638,0.004828079989934966,-0.007842045908921671,"['CPz', 'CP1', 'Cz', 'P1', 'CP3']","['CPz', 'CP1', 'P1', 'Cz', 'CP3']",,,,8,EEGNet
FGSM_LP,True,gaussian,3.0,Linf,0.25,0.02342281921771265,"[0.24871696531772614, 0.22645851969718933, 0.24924810230731964, 0.26279327273368835, 0.2566395401954651, 0.2504960298538208, 0.1744140088558197, 0.2088831216096878, 0.23810744285583496, 0.2622508704662323, 0.25287508964538574, 0.249503955245018, 0.23829449713230133, 0.22093139588832855, 0.2340979278087616, 0.25446581840515137, 0.2568988800048828, 0.2687363028526306, 0.23729097843170166, 0.2564050853252411, 0.25836241245269775, 0.26236599683761597]",,,False,999,0.7638888955116272,0.6597222089767456,0.3402777910232544,3.6073079109191895,3.6093978881835938,0.023422837257385254,32.40226745605469,0.5748534798622131,"[0.6805555555555556, 0.8055555555555556, 0.8055555555555556, 0.7638888888888888]","[0.4583333333333333, 0.7638888888888888, 0.6666666666666666, 0.75]",0.0,1,False,0.9989412761151892,,,,,0.012670125898856638,0.01179536543206602,-0.000874760466790617,"['CPz', 'CP1', 'Cz', 'P1', 'CP3']","['CPz', 'CP1', 'Cz', 'P1', 'CP3']",,,,8,EEGNet
FGSM_LP,True,gaussian,3.0,Linf,0.5,0.0468456384354253,"[0.49743393063545227, 0.45291703939437866, 0.4984962046146393, 0.5255865454673767, 0.5132790803909302, 0.5009920597076416, 0.3488280177116394, 0.4177662432193756, 0.4762148857116699, 0.5245017409324646, 0.5057501792907715, 0.499007910490036, 0.47658899426460266, 0.4418627917766571, 0.4681958556175232, 0.5089316368103027, 0.5137977600097656, 0.5374726057052612, 0.4745819568634033, 0.5128101706504822, 0.5167248249053955, 0.5247319936752319]",,,False,999,0.7638888955116272,0.4826388955116272,0.5173611044883728,7.094411849975586,7.095490455627441,0.04684567451477051,26.531349182128906,0.5671696066856384,"[0.6805555555555556, 0.8055555555555556, 0.8055555555555556, 0.7638888888888888]","[0.3194444444444444, 0.5694444444444444, 0.4861111111111111, 0.5555555555555556]",0.0,1,False,0.9989412761151892,,,,,0.012670125898856638,0.01179536543206602,-0.000874760466790617,"['CPz', 'CP1', 'Cz', 'P1', 'CP3']","['CPz', 'CP1', 'Cz', 'P1', 'CP3']",,,,8,EEGNet
FGSM_LP,True,gaussian,3.0,Linf,1.0,0.0936912768708506,"[0.9948678612709045, 0.9058340787887573, 0.9969924092292786, 1.0511730909347534, 1.0265581607818604, 1.0019841194152832, 0.6976560354232788, 0.8355324864387512, 0.9524297714233398, 1.0490034818649292, 1.011500358581543, 0.998015820980072, 0.9531779885292053, 0.8837255835533142, 0.9363917112350464, 1.0178632736206055, 1.0275955200195312, 1.0749452114105225, 0.9491639137268066, 1.0256203413009644, 1.033449649810791, 1.0494639873504639]",,,False,999,0.7638888955116272,0.0694444477558136,0.9305555522441864,13.757399559020996,13.761393547058105,0.09369134902954102,20.77781867980957,0.555124819278717,"[0.6805555555555556, 0.8055555555555556, 0.8055555555555556, 0.7638888888888888]","[0.013888888888888888, 0.06944444444444445, 0.027777777777777776, 0.16666666666666666]",0.0,1,False,0.9989412761151892,,,,,0.012670125898856638,0.01179536543206602,-0.000874760466790617,"['CPz', 'CP1', 'Cz', 'P1', 'CP3']","['CPz', 'CP1', 'Cz', 'P1', 'CP3']",,,,8,EEGNet
FGSM_LP,True,gaussian,3.0,Linf,2.0,0.1873825537417012,"[1.989735722541809, 1.8116681575775146, 1.9939848184585571, 2.102346181869507, 2.0531163215637207, 2.0039682388305664, 1.3953120708465576, 1.6710649728775024, 1.9048595428466797, 2.0980069637298584, 2.023000717163086, 1.996031641960144, 1.9063559770584106, 1.7674511671066284, 1.8727834224700928, 2.035726547241211, 2.0551910400390625, 2.149890422821045, 1.8983278274536133, 2.0512406826019287, 2.066899299621582, 2.0989279747009277]",,,False,999,0.7638888955116272,0.0034722222480922937,0.9965277777519077,26.091510772705078,26.094200134277344,0.18738260865211487,15.220325469970703,0.5375846028327942,"[0.6805555555555556, 0.8055555555555556, 0.8055555555555556, 0.7638888888888888]","[0.0, 0.0, 0.0, 0.013888888888888888]",0.0,1,False,0.9989412761151892,,,,,0.012670125898856638,0.01179536543206602,-0.000874760466790617,"['CPz', 'CP1', 'Cz', 'P1', 'CP3']","['CPz', 'CP1', 'Cz', 'P1', 'CP3']",,,,8,EEGNet
PGD_LP,True,gaussian,3.0,Linf,0.25,0.02342281921771265,"[0.24871696531772614, 0.22645851969718933, 0.24924810230731964, 0.26279327273368835, 0.2566395401954651, 0.2504960298538208, 0.1744140088558197, 0.2088831216096878, 0.23810744285583496, 0.2622508704662323, 0.25287508964538574, 0.249503955245018, 0.23829449713230133, 0.22093139588832855, 0.2340979278087616, 0.25446581840515137, 0.2568988800048828, 0.2687363028526306, 0.23729097843170166, 0.2564050853252411, 0.25836241245269775, 0.26236599683761597]",40.0,0.0029278524022140814,True,999,0.7638888955116272,0.7118055820465088,0.2881944179534912,3.6084773540496826,3.609557628631592,0.023422837257385254,32.40188217163086,0.5743963718414307,"[0.6805555555555556, 0.8055555555555556, 0.8055555555555556, 0.7638888888888888]","[0.5694444444444444, 0.7916666666666666, 0.7222222222222222, 0.7638888888888888]",0.0,1,False,0.99902068040655,,,,,0.012670125898856638,0.011835481086965678,-0.0008346448118909597,"['CPz', 'CP1', 'Cz', 'P1', 'CP3']","['CPz', 'CP1', 'Cz', 'P1', 'CP3']",,,,8,EEGNet
PGD_LP,True,gaussian,3.0,Linf,0.5,0.0468456384354253,"[0.49743393063545227, 0.45291703939437866, 0.4984962046146393, 0.5255865454673767, 0.5132790803909302, 0.5009920597076416, 0.3488280177116394, 0.4177662432193756, 0.4762148857116699, 0.5245017409324646, 0.5057501792907715, 0.499007910490036, 0.47658899426460266, 0.4418627917766571, 0.4681958556175232, 0.5089316368103027, 0.5137977600097656, 0.5374726057052612, 0.4745819568634033, 0.5128101706504822, 0.5167248249053955, 0.5247319936752319]",40.0,0.005855704804428163,True,999,0.7638888955116272,0.5520833134651184,0.4479166865348816,7.09395694732666,7.096266746520996,0.04684567451477051,26.530399322509766,0.5666199326515198,"[0.6805555555555556, 0.8055555555555556, 0.8055555555555556, 0.7638888888888888]","[0.3333333333333333, 0.6666666666666666, 0.5972222222222222, 0.6111111111111112]",0.0,1,False,0.99902068040655,,,,,0.012670125898856638,0.011835481086965678,-0.0008346448118909597,"['CPz', 'CP1', 'Cz', 'P1', 'CP3']","['CPz', 'CP1', 'Cz', 'P1', 'CP3']",,,,8,EEGNet
PGD_LP,True,gaussian,3.0,Linf,1.0,0.0936912768708506,"[0.9948678612709045, 0.9058340787887573, 0.9969924092292786, 1.0511730909347534, 1.0265581607818604, 1.0019841194152832, 0.6976560354232788, 0.8355324864387512, 0.9524297714233398, 1.0490034818649292, 1.011500358581543, 0.998015820980072, 0.9531779885292053, 0.8837255835533142, 0.9363917112350464, 1.0178632736206055, 1.0275955200195312, 1.0749452114105225, 0.9491639137268066, 1.0256203413009644, 1.033449649810791, 1.0494639873504639]",40.0,0.011711409608856325,True,999,0.7638888955116272,0.0972222238779068,0.9027777761220932,13.757587432861328,13.765960693359375,0.09369134902954102,20.77493667602539,0.5548113584518433,"[0.6805555555555556, 0.8055555555555556, 0.8055555555555556, 0.7638888888888888]","[0.013888888888888888, 0.05555555555555555, 0.09722222222222222, 0.2222222222222222]",0.0,1,False,0.99902068040655,,,,,0.012670125898856638,0.011835481086965678,-0.0008346448118909597,"['CPz', 'CP1', 'Cz', 'P1', 'CP3']","['CPz', 'CP1', 'Cz', 'P1', 'CP3']",,,,8,EEGNet
PGD_LP,True,gaussian,3.0,Linf,2.0,0.1873825537417012,"[1.989735722541809, 1.8116681575775146, 1.9939848184585571, 2.102346181869507, 2.0531163215637207, 2.0039682388305664, 1.3953120708465576, 1.6710649728775024, 1.9048595428466797, 2.0980069637298584, 2.023000717163086, 1.996031641960144, 1.9063559770584106, 1.7674511671066284, 1.8727834224700928, 2.035726547241211, 2.0551910400390625, 2.149890422821045, 1.8983278274536133, 2.0512406826019287, 2.066899299621582, 2.0989279747009277]",40.0,0.02342281921771265,True,999,0.7638888955116272,0.0034722222480922937,0.9965277777519077,26.104690551757812,26.113094329833984,0.18738260865211487,15.214030265808105,0.5386336445808411,"[0.6805555555555556, 0.8055555555555556, 0.8055555555555556, 0.7638888888888888]","[0.0, 0.0, 0.0, 0.013888888888888888]",0.0,1,False,0.99902068040655,,,,,0.012670125898856638,0.011835481086965678,-0.0008346448118909597,"['CPz', 'CP1', 'Cz', 'P1', 'CP3']","['CPz', 'CP1', 'Cz', 'P1', 'CP3']",,,,8,EEGNet
DeepFool_L2,,,,L2,,,,50.0,,,999,0.7638888955116272,0.1319444477558136,0.8680555522441864,109.722900390625,87.27277374267578,2.8646512031555176,68.79891967773438,119.40678405761719,,,0.0,1,False,0.9545101637492943,,,,,0.012670125898856638,0.005793365805752673,-0.006876760093103965,"['CPz', 'CP1', 'Cz', 'P1', 'CP3']","['CPz', 'CP1', 'P1', 'Cz', 'CP3']",,,,8,EEGNet
FGSM,False,,,Linf,0.25,0.02342281921771265,"[0.24871696531772614, 0.22645851969718933, 0.24924810230731964, 0.26279327273368835, 0.2566395401954651, 0.2504960298538208, 0.1744140088558197, 0.2088831216096878, 0.23810744285583496, 0.2622508704662323, 0.25287508964538574, 0.249503955245018, 0.23829449713230133, 0.22093139588832855, 0.2340979278087616, 0.25446581840515137, 0.2568988800048828, 0.2687363028526306, 0.23729097843170166, 0.2564050853252411, 0.25836241245269775, 0.26236599683761597]",,,False,42,0.7048611044883728,0.2361111044883728,0.7638888955116272,115.08442687988281,114.3302001953125,3.767502784729004,2.413706064224243,0.102548748254776,"[0.6388888888888888, 0.8194444444444444, 0.9305555555555556, 0.4305555555555556]","[0.8194444444444444, 0.0, 0.125, 0.0]",0.0,1,False,0.960633116883117,,,,,-0.020581958946767395,-0.10935968247385017,-0.08877772352708277,"['CP3', 'CP4', 'CP2', 'CPz', 'Cz']","['CP4', 'CP3', 'CP2', 'CPz', 'Cz']",,,,8,DeepConvNet
FGSM,False,,,Linf,0.5,0.0468456384354253,"[0.49743393063545227, 0.45291703939437866, 0.4984962046146393, 0.5255865454673767, 0.5132790803909302, 0.5009920597076416, 0.3488280177116394, 0.4177662432193756, 0.4762148857116699, 0.5245017409324646, 0.5057501792907715, 0.499007910490036, 0.47658899426460266, 0.4418627917766571, 0.4681958556175232, 0.5089316368103027, 0.5137977600097656, 0.5374726057052612, 0.4745819568634033, 0.5128101706504822, 0.5167248249053955, 0.5247319936752319]",,,False,42,0.7048611044883728,0.1805555522441864,0.8194444477558136,115.01634216308594,114.392333984375,3.767502784729004,2.4089152812957764,0.1018315926194191,"[0.6388888888888888, 0.8194444444444444, 0.9305555555555556, 0.4305555555555556]","[0.6388888888888888, 0.0, 0.08333333333333333, 0.0]",0.0,1,False,0.960633116883117,,,,,-0.020581958946767395,-0.10935968247385017,-0.08877772352708277,"['CP3', 'CP4', 'CP2', 'CPz', 'Cz']","['CP4', 'CP3', 'CP2', 'CPz', 'Cz']",,,,8,DeepConvNet
FGSM,False,,,Linf,1.0,0.0936912768708506,"[0.9948678612709045, 0.9058340787887573, 0.9969924092292786, 1.0511730909347534, 1.0265581607818604, 1.0019841194152832, 0.6976560354232788, 0.8355324864387512, 0.9524297714233398, 1.0490034818649292, 1.011500358581543, 0.998015820980072, 0.9531779885292053, 0.8837255835533142, 0.9363917112350464, 1.0178632736206055, 1.0275955200195312, 1.0749452114105225, 0.9491639137268066, 1.0256203413009644, 1.033449649810791, 1.0494639873504639]",,,False,42,0.7048611044883728,0.0243055559694767,0.9756944440305233,113.94711303710938,114.64019012451172,3.767502784729004,2.389831304550171,0.09902866184711456,"[0.6388888888888888, 0.8194444444444444, 0.9305555555555556, 0.4305555555555556]","[0.08333333333333333, 0.0, 0.013888888888888888, 0.0]",0.0,1,False,0.960633116883117,,,,,-0.020581958946767395,-0.10935968247385017,-0.08877772352708277,"['CP3', 'CP4', 'CP2', 'CPz', 'Cz']","['CP4', 'CP3', 'CP2', 'CPz', 'Cz']",,,,8,DeepConvNet
FGSM,False,,,Linf,2.0,0.1873825537417012,"[1.989735722541809, 1.8116681575775146, 1.9939848184585571, 2.102346181869507, 2.0531163215637207, 2.0039682388305664, 1.3953120708465576, 1.6710649728775024, 1.9048595428466797, 2.0980069637298584, 2.023000717163086, 1.996031641960144, 1.9063559770584106, 1.7674511671066284, 1.8727834224700928, 2.035726547241211, 2.0551910400390625, 2.149890422821045, 1.8983278274536133, 2.0512406826019287, 2.066899299621582, 2.0989279747009277]",,,False,42,0.7048611044883728,0.0,1.0,114.90311431884766,115.62034606933594,3.767502784729004,2.314793348312378,0.08880699425935745,"[0.6388888888888888, 0.8194444444444444, 0.9305555555555556, 0.4305555555555556]","[0.0, 0.0, 0.0, 0.0]",0.0,1,False,0.960633116883117,,,,,-0.020581958946767395,-0.10935968247385017,-0.08877772352708277,"['CP3', 'CP4', 'CP2', 'CPz', 'Cz']","['CP4', 'CP3', 'CP2', 'CPz', 'Cz']",,,,8,DeepConvNet
PGD,False,,,Linf,0.25,0.02342281921771265,"[0.24871696531772614, 0.22645851969718933, 0.24924810230731964, 0.26279327273368835, 0.2566395401954651, 0.2504960298538208, 0.1744140088558197, 0.2088831216096878, 0.23810744285583496, 0.2622508704662323, 0.25287508964538574, 0.249503955245018, 0.23829449713230133, 0.22093139588832855, 0.2340979278087616, 0.25446581840515137, 0.2568988800048828, 0.2687363028526306, 0.23729097843170166, 0.2564050853252411, 0.25836241245269775, 0.26236599683761597]",40.0,0.0029278524022140814,True,42,0.7048611044883728,0.2048611044883728,0.7951388955116272,115.06828308105469,114.33004760742188,3.767502784729004,2.4137182235717773,0.10255138576030731,"[0.6388888888888888, 0.8194444444444444, 0.9305555555555556, 0.4305555555555556]","[0.7638888888888888, 0.0, 0.05555555555555555, 0.0]",0.0,1,False,0.959168548842462,,,,,-0.020581958946767395,-0.1128141802819932,-0.09223222133522581,"['CP3', 'CP4', 'CP2', 'CPz', 'Cz']","['CP4', 'CP3', 'CP2', 'CPz', 'Cz']",,,,8,DeepConvNet
PGD,False,,,Linf,0.5,0.0468456384354253,"[0.49743393063545227, 0.45291703939437866, 0.4984962046146393, 0.5255865454673767, 0.5132790803909302, 0.5009920597076416, 0.3488280177116394, 0.4177662432193756, 0.4762148857116699, 0.5245017409324646, 0.5057501792907715, 0.499007910490036, 0.47658899426460266, 0.4418627917766571, 0.4681958556175232, 0.5089316368103027, 0.5137977600097656, 0.5374726057052612, 0.4745819568634033, 0.5128101706504822, 0.5167248249053955, 0.5247319936752319]",40.0,0.005855704804428163,True,42,0.7048611044883728,0.0868055522441864,0.9131944477558136,114.2646255493164,114.39092254638672,3.767502784729004,2.409024477005005,0.10185406357049942,"[0.6388888888888888, 0.8194444444444444, 0.9305555555555556, 0.4305555555555556]","[0.3333333333333333, 0.0, 0.013888888888888888, 0.0]",0.0,1,False,0.959168548842462,,,,,-0.020581958946767395,-0.1128141802819932,-0.09223222133522581,"['CP3', 'CP4', 'CP2', 'CPz', 'Cz']","['CP4', 'CP3', 'CP2', 'CPz', 'Cz']",,,,8,DeepConvNet
PGD,False,,,Linf,1.0,0.0936912768708506,"[0.9948678612709045, 0.9058340787887573, 0.9969924092292786, 1.0511730909347534, 1.0265581607818604, 1.0019841194152832, 0.6976560354232788, 0.8355324864387512, 0.9524297714233398, 1.0490034818649292, 1.011500358581543, 0.998015820980072, 0.9531779885292053, 0.8837255835533142, 0.9363917112350464, 1.0178632736206055, 1.0275955200195312, 1.0749452114105225, 0.9491639137268066, 1.0256203413009644, 1.033449649810791, 1.0494639873504639]",40.0,0.011711409608856325,True,42,0.7048611044883728,0.0,1.0,113.94287109375,114.62996673583984,3.767502784729004,2.3906219005584717,0.09916827827692032,"[0.6388888888888888, 0.8194444444444444, 0.9305555555555556, 0.4305555555555556]","[0.0, 0.0, 0.0, 0.0]",0.0,1,False,0.959168548842462,,,,,-0.020581958946767395,-0.1128141802819932,-0.09223222133522581,"['CP3', 'CP4', 'CP2', 'CPz', 'Cz']","['CP4', 'CP3', 'CP2', 'CPz', 'Cz']",,,,8,DeepConvNet
PGD,False,,,Linf,2.0,0.1873825537417012,"[1.989735722541809, 1.8116681575775146, 1.9939848184585571, 2.102346181869507, 2.0531163215637207, 2.0039682388305664, 1.3953120708465576, 1.6710649728775024, 1.9048595428466797, 2.0980069637298584, 2.023000717163086, 1.996031641960144, 1.9063559770584106, 1.7674511671066284, 1.8727834224700928, 2.035726547241211, 2.0551910400390625, 2.149890422821045, 1.8983278274536133, 2.0512406826019287, 2.066899299621582, 2.0989279747009277]",40.0,0.02342281921771265,True,42,0.7048611044883728,0.0,1.0,114.83584594726562,115.54847717285156,3.767502784729004,2.3202786445617676,0.08950424194335938,"[0.6388888888888888, 0.8194444444444444, 0.9305555555555556, 0.4305555555555556]","[0.0, 0.0, 0.0, 0.0]",0.0,1,False,0.959168548842462,,,,,-0.020581958946767395,-0.1128141802819932,-0.09223222133522581,"['CP3', 'CP4', 'CP2', 'CPz', 'Cz']","['CP4', 'CP3', 'CP2', 'CPz', 'Cz']",,,,8,DeepConvNet
FGSM_LP,True,gaussian,3.0,Linf,0.25,0.02342281921771265,"[0.24871696531772614, 0.22645851969718933, 0.24924810230731964, 0.26279327273368835, 0.2566395401954651, 0.2504960298538208, 0.1744140088558197, 0.2088831216096878, 0.23810744285583496, 0.2622508704662323, 0.25287508964538574, 0.249503955245018, 0.23829449713230133, 0.22093139588832855, 0.2340979278087616, 0.25446581840515137, 0.2568988800048828, 0.2687363028526306, 0.23729097843170166, 0.2564050853252411, 0.25836241245269775, 0.26236599683761597]",,,False,42,0.7048611044883728,0.6770833134651184,0.3229166865348816,3.6053245067596436,3.604814291000366,0.023422837257385254,32.41331481933594,0.5726495981216431,"[0.6388888888888888, 0.8194444444444444, 0.9305555555555556, 0.4305555555555556]","[0.625, 0.7777777777777778, 0.9305555555555556, 0.375]",0.0,1,False,0.9992324251835121,,,,,-0.020581958946767395,-0.021186262511770082,-0.0006043035650026875,"['CP3', 'CP4', 'CP2', 'CPz', 'Cz']","['CP3', 'CP4', 'CP2', 'CPz', 'Cz']",,,,8,DeepConvNet
FGSM_LP,True,gaussian,3.0,Linf,0.5,0.0468456384354253,"[0.49743393063545227, 0.45291703939437866, 0.4984962046146393, 0.5255865454673767, 0.5132790803909302, 0.5009920597076416, 0.3488280177116394, 0.4177662432193756, 0.4762148857116699, 0.5245017409324646, 0.5057501792907715, 0.499007910490036, 0.47658899426460266, 0.4418627917766571, 0.4681958556175232, 0.5089316368103027, 0.5137977600097656, 0.5374726057052612, 0.4745819568634033, 0.5128101706504822, 0.5167248249053955, 0.5247319936752319]",,,False,42,0.7048611044883728,0.6388888955116272,0.3611111044883728,7.0803375244140625,7.076676368713379,0.04684567451477051,26.55445098876953,0.5627967119216919,"[0.6388888888888888, 0.8194444444444444, 0.9305555555555556, 0.4305555555555556]","[0.5833333333333334, 0.7222222222222222, 0.9166666666666666, 0.3333333333333333]",0.0,1,False,0.9992324251835121,,,,,-0.020581958946767395,-0.021186262511770082,-0.0006043035650026875,"['CP3', 'CP4', 'CP2', 'CPz', 'Cz']","['CP3', 'CP4', 'CP2', 'CPz', 'Cz']",,,,8,DeepConvNet
FGSM_LP,True,gaussian,3.0,Linf,1.0,0.0936912768708506,"[0.9948678612709045, 0.9058340787887573, 0.9969924092292786, 1.0511730909347534, 1.0265581607818604, 1.0019841194152832, 0.6976560354232788, 0.8355324864387512, 0.9524297714233398, 1.0490034818649292, 1.011500358581543, 0.998015820980072, 0.9531779885292053, 0.8837255835533142, 0.9363917112350464, 1.0178632736206055, 1.0275955200195312, 1.0749452114105225, 0.9491639137268066, 1.0256203413009644, 1.033449649810791, 1.0494639873504639]",,,False,42,0.7048611044883728,0.5034722089767456,0.4965277910232544,13.682455062866211,13.683327674865723,0.09369134902954102,20.82732391357422,0.5470831394195557,"[0.6388888888888888, 0.8194444444444444, 0.9305555555555556, 0.4305555555555556]","[0.4166666666666667, 0.5833333333333334, 0.8194444444444444, 0.19444444444444445]",0.0,1,False,0.9992324251835121,,,,,-0.020581958946767395,-0.021186262511770082,-0.0006043035650026875,"['CP3', 'CP4', 'CP2', 'CPz', 'Cz']","['CP3', 'CP4', 'CP2', 'CPz', 'Cz']",,,,8,DeepConvNet
FGSM_LP,True,gaussian,3.0,Linf,2.0,0.1873825537417012,"[1.989735722541809, 1.8116681575775146, 1.9939848184585571, 2.102346181869507, 2.0531163215637207, 2.0039682388305664, 1.3953120708465576, 1.6710649728775024, 1.9048595428466797, 2.0980069637298584, 2.023000717163086, 1.996031641960144, 1.9063559770584106, 1.7674511671066284, 1.8727834224700928, 2.035726547241211, 2.0551910400390625, 2.149890422821045, 1.8983278274536133, 2.0512406826019287, 2.066899299621582, 2.0989279747009277]",,,False,42,0.7048611044883728,0.1631944477558136,0.8368055522441864,25.769819259643555,25.770673751831055,0.18738260865211487,15.328883171081543,0.5224649310112,"[0.6388888888888888, 0.8194444444444444, 0.9305555555555556, 0.4305555555555556]","[0.05555555555555555, 0.18055555555555555, 0.3333333333333333, 0.08333333333333333]",0.0,1,False,0.9992324251835121,,,,,-0.020581958946767395,-0.021186262511770082,-0.0006043035650026875,"['CP3', 'CP4', 'CP2', 'CPz', 'Cz']","['CP3', 'CP4', 'CP2', 'CPz', 'Cz']",,,,8,DeepConvNet
PGD_LP,True,gaussian,3.0,Linf,0.25,0.02342281921771265,"[0.24871696531772614, 0.22645851969718933, 0.24924810230731964, 0.26279327273368835, 0.2566395401954651, 0.2504960298538208, 0.1744140088558197, 0.2088831216096878, 0.23810744285583496, 0.2622508704662323, 0.25287508964538574, 0.249503955245018, 0.23829449713230133, 0.22093139588832855, 0.2340979278087616, 0.25446581840515137, 0.2568988800048828, 0.2687363028526306, 0.23729097843170166, 0.2564050853252411, 0.25836241245269775, 0.26236599683761597]",40.0,0.0029278524022140814,True,42,0.7048611044883728,0.6770833134651184,0.3229166865348816,3.605325937271118,3.604620933532715,0.023422837257385254,32.41378402709961,0.5725873112678528,"[0.6388888888888888, 0.8194444444444444, 0.9305555555555556, 0.4305555555555556]","[0.625, 0.7777777777777778, 0.9305555555555556, 0.375]",0.0,1,False,0.9992147797854318,,,,,-0.020581958946767395,-0.021363769170417886,-0.0007818102236504913,"['CP3', 'CP4', 'CP2', 'CPz', 'Cz']","['CP3', 'CP4', 'CP2', 'CPz', 'Cz']",,,,8,DeepConvNet
PGD_LP,True,gaussian,3.0,Linf,0.5,0.0468456384354253,"[0.49743393063545227, 0.45291703939437866, 0.4984962046146393, 0.5255865454673767, 0.5132790803909302, 0.5009920597076416, 0.3488280177116394, 0.4177662432193756, 0.4762148857116699, 0.5245017409324646, 0.5057501792907715, 0.499007910490036, 0.47658899426460266, 0.4418627917766571, 0.4681958556175232, 0.5089316368103027, 0.5137977600097656, 0.5374726057052612, 0.4745819568634033, 0.5128101706504822, 0.5167248249053955, 0.5247319936752319]",40.0,0.005855704804428163,True,42,0.7048611044883728,0.65625,0.34375,7.079254627227783,7.075777530670166,0.04684567451477051,26.555551528930664,0.5626686811447144,"[0.6388888888888888, 0.8194444444444444, 0.9305555555555556, 0.4305555555555556]","[0.6111111111111112, 0.7222222222222222, 0.9305555555555556, 0.3611111111111111]",0.0,1,False,0.9992147797854318,,,,,-0.020581958946767395,-0.021363769170417886,-0.0007818102236504913,"['CP3', 'CP4', 'CP2', 'CPz', 'Cz']","['CP3', 'CP4', 'CP2', 'CPz', 'Cz']",,,,8,DeepConvNet
PGD_LP,True,gaussian,3.0,Linf,1.0,0.0936912768708506,"[0.9948678612709045, 0.9058340787887573, 0.9969924092292786, 1.0511730909347534, 1.0265581607818604, 1.0019841194152832, 0.6976560354232788, 0.8355324864387512, 0.9524297714233398, 1.0490034818649292, 1.011500358581543, 0.998015820980072, 0.9531779885292053, 0.8837255835533142, 0.9363917112350464, 1.0178632736206055, 1.0275955200195312, 1.0749452114105225, 0.9491639137268066, 1.0256203413009644, 1.033449649810791, 1.0494639873504639]",40.0,0.011711409608856325,True,42,0.7048611044883728,0.5416666865348816,0.4583333134651184,13.681507110595703,13.679017066955566,0.09369134902954102,20.830059051513672,0.5471068024635315,"[0.6388888888888888, 0.8194444444444444, 0.9305555555555556, 0.4305555555555556]","[0.5, 0.5972222222222222, 0.8333333333333334, 0.2361111111111111]",0.0,1,False,0.9992147797854318,,,,,-0.020581958946767395,-0.021363769170417886,-0.0007818102236504913,"['CP3', 'CP4', 'CP2', 'CPz', 'Cz']","['CP3', 'CP4', 'CP2', 'CPz', 'Cz']",,,,8,DeepConvNet
PGD_LP,True,gaussian,3.0,Linf,2.0,0.1873825537417012,"[1.989735722541809, 1.8116681575775146, 1.9939848184585571, 2.102346181869507, 2.0531163215637207, 2.0039682388305664, 1.3953120708465576, 1.6710649728775024, 1.9048595428466797, 2.0980069637298584, 2.023000717163086, 1.996031641960144, 1.9063559770584106, 1.7674511671066284, 1.8727834224700928, 2.035726547241211, 2.0551910400390625, 2.149890422821045, 1.8983278274536133, 2.0512406826019287, 2.066899299621582, 2.0989279747009277]",40.0,0.02342281921771265,True,42,0.7048611044883728,0.2291666716337204,0.7708333283662796,25.729412078857422,25.74436378479004,0.18738260865211487,15.337770462036133,0.5204823017120361,"[0.6388888888888888, 0.8194444444444444, 0.9305555555555556, 0.4305555555555556]","[0.1388888888888889, 0.2361111111111111, 0.4166666666666667, 0.125]",0.0,1,False,0.9992147797854318,,,,,-0.020581958946767395,-0.021363769170417886,-0.0007818102236504913,"['CP3', 'CP4', 'CP2', 'CPz', 'Cz']","['CP3', 'CP4', 'CP2', 'CPz', 'Cz']",,,,8,DeepConvNet
DeepFool_L2,,,,L2,,,,50.0,,,42,0.7048611044883728,0.1354166716337204,0.8645833283662796,107.939453125,80.20047760009766,2.6286425590515137,85.41781616210938,128.2761688232422,,,0.0,1,False,0.9712203557312253,,,,,-0.020581958946767395,-0.08322295568987086,-0.06264099674310346,"['CP3', 'CP4', 'CP2', 'CPz', 'Cz']","['CP4', 'CP3', 'CP2', 'CPz', 'Cz']",,,,8,DeepConvNet
FGSM,False,,,Linf,0.25,0.02342281921771265,"[0.24871696531772614, 0.22645851969718933, 0.24924810230731964, 0.26279327273368835, 0.2566395401954651, 0.2504960298538208, 0.1744140088558197, 0.2088831216096878, 0.23810744285583496, 0.2622508704662323, 0.25287508964538574, 0.249503955245018, 0.23829449713230133, 0.22093139588832855, 0.2340979278087616, 0.25446581840515137, 0.2568988800048828, 0.2687363028526306, 0.23729097843170166, 0.2564050853252411, 0.25836241245269775, 0.26236599683761597]",,,False,123,0.6736111044883728,0.2534722089767456,0.7465277910232544,114.40961456298828,114.33021545410156,3.767502784729004,2.4137063026428223,0.10254858434200287,"[0.7777777777777778, 0.7361111111111112, 0.8472222222222222, 0.3333333333333333]","[0.375, 0.0, 0.6388888888888888, 0.0]",0.0,1,False,0.9452022162619991,,,,,-0.07243301914370182,-0.07326794638454205,-0.0008349272408402358,"['CP3', 'CPz', 'CP2', 'CP4', 'Cz']","['CP3', 'CP2', 'CPz', 'CP4', 'Cz']",,,,8,DeepConvNet
FGSM,False,,,Linf,0.5,0.0468456384354253,"[0.49743393063545227, 0.45291703939437866, 0.4984962046146393, 0.5255865454673767, 0.5132790803909302, 0.5009920597076416, 0.3488280177116394, 0.4177662432193756, 0.4762148857116699, 0.5245017409324646, 0.5057501792907715, 0.499007910490036, 0.47658899426460266, 0.4418627917766571, 0.4681958556175232, 0.5089316368103027, 0.5137977600097656, 0.5374726057052612, 0.4745819568634033, 0.5128101706504822, 0.5167248249053955, 0.5247319936752319]",,,False,123,0.6736111044883728,0.1319444477558136,0.8680555522441864,114.12420654296875,114.392333984375,3.767502784729004,2.4089155197143555,0.10183056443929672,"[0.7777777777777778, 0.7361111111111112, 0.8472222222222222, 0.3333333333333333]","[0.25, 0.0, 0.2777777777777778, 0.0]",0.0,1,False,0.9452022162619991,,,,,-0.07243301914370182,-0.07326794638454205,-0.0008349272408402358,"['CP3', 'CPz', 'CP2', 'CP4', 'Cz']","['CP3', 'CP2', 'CPz', 'CP4', 'Cz']",,,,8,DeepConvNet
FGSM,False,,,Linf,1.0,0.0936912768708506,"[0.9948678612709045, 0.9058340787887573, 0.9969924092292786, 1.0511730909347534, 1.0265581607818604, 1.0019841194152832, 0.6976560354232788, 0.8355324864387512, 0.9524297714233398, 1.0490034818649292, 1.011500358581543, 0.998015820980072, 0.9531779885292053, 0.8837255835533142, 0.9363917112350464, 1.0178632736206055, 1.0275955200195312, 1.0749452114105225, 0.9491639137268066, 1.0256203413009644, 1.033449649810791, 1.0494639873504639]",,,False,123,0.6736111044883728,0.0729166641831398,0.9270833358168602,114.36182403564453,114.64022064208984,3.767502784729004,2.38982892036438,0.09902358055114746,"[0.7777777777777778, 0.7361111111111112, 0.8472222222222222, 0.3333333333333333]","[0.16666666666666666, 0.0, 0.125, 0.0]",0.0,1,False,0.9452022162619991,,,,,-0.07243301914370182,-0.07326794638454205,-0.0008349272408402358,"['CP3', 'CPz', 'CP2', 'CP4', 'Cz']","['CP3', 'CP2', 'CPz', 'CP4', 'Cz']",,,,8,DeepConvNet
FGSM,False,,,Linf,2.0,0.1873825537417012,"[1.989735722541809, 1.8116681575775146, 1.9939848184585571, 2.102346181869507, 2.0531163215637207, 2.0039682388305664, 1.3953120708465576, 1.6710649728775024, 1.9048595428466797, 2.0980069637298584, 2.023000717163086, 1.996031641960144, 1.9063559770584106, 1.7674511671066284, 1.8727834224700928, 2.035726547241211, 2.0551910400390625, 2.149890422821045, 1.8983278274536133, 2.0512406826019287, 2.066899299621582, 2.0989279747009277]",,,False,123,0.6736111044883728,0.0034722222480922937,0.9965277777519077,114.89103698730469,115.62049865722656,3.767502784729004,2.3147799968719482,0.08881538361310959,"[0.7777777777777778, 0.7361111111111112, 0.8472222222222222, 0.3333333333333333]","[0.0, 0.0, 0.013888888888888888, 0.0]",0.0,1,False,0.9452022162619991,,,,,-0.07243301914370182,-0.07326794638454205,-0.0008349272408402358,"['CP3', 'CPz', 'CP2', 'CP4', 'Cz']","['CP3', 'CP2', 'CPz', 'CP4', 'Cz']",,,,8,DeepConvNet
PGD,False,,,Linf,0.25,0.02342281921771265,"[0.24871696531772614, 0.22645851969718933, 0.24924810230731964, 0.26279327273368835, 0.2566395401954651, 0.2504960298538208, 0.1744140088558197, 0.2088831216096878, 0.23810744285583496, 0.2622508704662323, 0.25287508964538574, 0.249503955245018, 0.23829449713230133, 0.22093139588832855, 0.2340979278087616, 0.25446581840515137, 0.2568988800048828, 0.2687363028526306, 0.23729097843170166, 0.2564050853252411, 0.25836241245269775, 0.26236599683761597]",40.0,0.0029278524022140814,True,123,0.6736111044883728,0.1770833283662796,0.8229166716337204,114.20343780517578,114.33004760742188,3.767502784729004,2.41371750831604,0.10255112498998642,"[0.7777777777777778, 0.7361111111111112, 0.8472222222222222, 0.3333333333333333]","[0.20833333333333334, 0.0, 0.5, 0.0]",0.0,1,False,0.9424760022586111,,,,,-0.07243301914370182,-0.07753540657722456,-0.005102387433522745,"['CP3', 'CPz', 'CP2', 'CP4', 'Cz']","['CP3', 'CP2', 'CPz', 'CP4', 'Cz']",,,,8,DeepConvNet
PGD,False,,,Linf,0.5,0.0468456384354253,"[0.49743393063545227, 0.45291703939437866, 0.4984962046146393, 0.5255865454673767, 0.5132790803909302, 0.5009920597076416, 0.3488280177116394, 0.4177662432193756, 0.4762148857116699, 0.5245017409324646, 0.5057501792907715, 0.499007910490036, 0.47658899426460266, 0.4418627917766571, 0.4681958556175232, 0.5089316368103027, 0.5137977600097656, 0.5374726057052612, 0.4745819568634033, 0.5128101706504822, 0.5167248249053955, 0.5247319936752319]",40.0,0.005855704804428163,True,123,0.6736111044883728,0.0347222238779068,0.9652777761220932,113.68746948242188,114.39081573486328,3.767502784729004,2.4090330600738525,0.10185754299163818,"[0.7777777777777778, 0.7361111111111112, 0.8472222222222222, 0.3333333333333333]","[0.013888888888888888, 0.0, 0.125, 0.0]",0.0,1,False,0.9424760022586111,,,,,-0.07243301914370182,-0.07753540657722456,-0.005102387433522745,"['CP3', 'CPz', 'CP2', 'CP4', 'Cz']","['CP3', 'CP2', 'CPz', 'CP4', 'Cz']",,,,8,DeepConvNet
PGD,False,,,Linf,1.0,0.0936912768708506,"[0.9948678612709045, 0.9058340787887573, 0.9969924092292786, 1.0511730909347534, 1.0265581607818604, 1.0019841194152832, 0.6976560354232788, 0.8355324864387512, 0.9524297714233398, 1.0490034818649292, 1.011500358581543, 0.998015820980072, 0.9531779885292053, 0.8837255835533142, 0.9363917112350464, 1.0178632736206055, 1.0275955200195312, 1.0749452114105225, 0.9491639137268066, 1.0256203413009644, 1.033449649810791, 1.0494639873504639]",40.0,0.011711409608856325,True,123,0.6736111044883728,0.0,1.0,113.94131469726562,114.62904357910156,3.767502784729004,2.3906917572021484,0.09916803985834122,"[0.7777777777777778, 0.7361111111111112, 0.8472222222222222, 0.3333333333333333]","[0.0, 0.0, 0.0, 0.0]",0.0,1,False,0.9424760022586111,,,,,-0.07243301914370182,-0.07753540657722456,-0.005102387433522745,"['CP3', 'CPz', 'CP2', 'CP4', 'Cz']","['CP3', 'CP2', 'CPz', 'CP4', 'Cz']",,,,8,DeepConvNet
PGD,False,,,Linf,2.0,0.1873825537417012,"[1.989735722541809, 1.8116681575775146, 1.9939848184585571, 2.102346181869507, 2.0531163215637207, 2.0039682388305664, 1.3953120708465576, 1.6710649728775024, 1.9048595428466797, 2.0980069637298584, 2.023000717163086, 1.996031641960144, 1.9063559770584106, 1.7674511671066284, 1.8727834224700928, 2.035726547241211, 2.0551910400390625, 2.149890422821045, 1.8983278274536133, 2.0512406826019287, 2.066899299621582, 2.0989279747009277]",40.0,0.02342281921771265,True,123,0.6736111044883728,0.0,1.0,114.81613159179688,115.5406494140625,3.767502784729004,2.320871114730835,0.08947797119617462,"[0.7777777777777778, 0.7361111111111112, 0.8472222222222222, 0.3333333333333333]","[0.0, 0.0, 0.0, 0.0]",0.0,1,False,0.9424760022586111,,,,,-0.07243301914370182,-0.07753540657722456,-0.005102387433522745,"['CP3', 'CPz', 'CP2', 'CP4', 'Cz']","['CP3', 'CP2', 'CPz', 'CP4', 'Cz']",,,,8,DeepConvNet
FGSM_LP,True,gaussian,3.0,Linf,0.25,0.02342281921771265,"[0.24871696531772614, 0.22645851969718933, 0.24924810230731964, 0.26279327273368835, 0.2566395401954651, 0.2504960298538208, 0.1744140088558197, 0.2088831216096878, 0.23810744285583496, 0.2622508704662323, 0.25287508964538574, 0.249503955245018, 0.23829449713230133, 0.22093139588832855, 0.2340979278087616, 0.25446581840515137, 0.2568988800048828, 0.2687363028526306, 0.23729097843170166, 0.2564050853252411, 0.25836241245269775, 0.26236599683761597]",,,False,123,0.6736111044883728,0.6493055820465088,0.3506944179534912,3.607039213180542,3.6041173934936523,0.023422837257385254,32.415000915527344,0.572371780872345,"[0.7777777777777778, 0.7361111111111112, 0.8472222222222222, 0.3333333333333333]","[0.7361111111111112, 0.7083333333333334, 0.8333333333333334, 0.3194444444444444]",0.0,1,False,0.9988354037267081,,,,,-0.07243301914370182,-0.07221293765774958,0.00022008148595223376,"['CP3', 'CPz', 'CP2', 'CP4', 'Cz']","['CP3', 'CPz', 'CP2', 'CP4', 'Cz']",,,,8,DeepConvNet
FGSM_LP,True,gaussian,3.0,Linf,0.5,0.0468456384354253,"[0.49743393063545227, 0.45291703939437866, 0.4984962046146393, 0.5255865454673767, 0.5132790803909302, 0.5009920597076416, 0.3488280177116394, 0.4177662432193756, 0.4762148857116699, 0.5245017409324646, 0.5057501792907715, 0.499007910490036, 0.47658899426460266, 0.4418627917766571, 0.4681958556175232, 0.5089316368103027, 0.5137977600097656, 0.5374726057052612, 0.4745819568634033, 0.5128101706504822, 0.5167248249053955, 0.5247319936752319]",,,False,123,0.6736111044883728,0.6215277910232544,0.3784722089767456,7.078854560852051,7.073253631591797,0.04684567451477051,26.55866241455078,0.5622138977050781,"[0.7777777777777778, 0.7361111111111112, 0.8472222222222222, 0.3333333333333333]","[0.7222222222222222, 0.6805555555555556, 0.8194444444444444, 0.2638888888888889]",0.0,1,False,0.9988354037267081,,,,,-0.07243301914370182,-0.07221293765774958,0.00022008148595223376,"['CP3', 'CPz', 'CP2', 'CP4', 'Cz']","['CP3', 'CPz', 'CP2', 'CP4', 'Cz']",,,,8,DeepConvNet
FGSM_LP,True,gaussian,3.0,Linf,1.0,0.0936912768708506,"[0.9948678612709045, 0.9058340787887573, 0.9969924092292786, 1.0511730909347534, 1.0265581607818604, 1.0019841194152832, 0.6976560354232788, 0.8355324864387512, 0.9524297714233398, 1.0490034818649292, 1.011500358581543, 0.998015820980072, 0.9531779885292053, 0.8837255835533142, 0.9363917112350464, 1.0178632736206055, 1.0275955200195312, 1.0749452114105225, 0.9491639137268066, 1.0256203413009644, 1.033449649810791, 1.0494639873504639]",,,False,123,0.6736111044883728,0.5347222089767456,0.4652777910232544,13.671231269836426,13.667061805725098,0.09369134902954102,20.837677001953125,0.5460261106491089,"[0.7777777777777778, 0.7361111111111112, 0.8472222222222222, 0.3333333333333333]","[0.5555555555555556, 0.5833333333333334, 0.7777777777777778, 0.2222222222222222]",0.0,1,False,0.9988354037267081,,,,,-0.07243301914370182,-0.07221293765774958,0.00022008148595223376,"['CP3', 'CPz', 'CP2', 'CP4', 'Cz']","['CP3', 'CPz', 'CP2', 'CP4', 'Cz']",,,,8,DeepConvNet
FGSM_LP,True,gaussian,3.0,Linf,2.0,0.1873825537417012,"[1.989735722541809, 1.8116681575775146, 1.9939848184585571, 2.102346181869507, 2.0531163215637207, 2.0039682388305664, 1.3953120708465576, 1.6710649728775024, 1.9048595428466797, 2.0980069637298584, 2.023000717163086, 1.996031641960144, 1.9063559770584106, 1.7674511671066284, 1.8727834224700928, 2.035726547241211, 2.0551910400390625, 2.149890422821045, 1.8983278274536133, 2.0512406826019287, 2.066899299621582, 2.0989279747009277]",,,False,123,0.6736111044883728,0.2256944477558136,0.7743055522441864,25.68350601196289,25.704381942749023,0.18738260865211487,15.351301193237305,0.5194194912910461,"[0.7777777777777778, 0.7361111111111112, 0.8472222222222222, 0.3333333333333333]","[0.20833333333333334, 0.2222222222222222, 0.3611111111111111, 0.1111111111111111]",0.0,1,False,0.9988354037267081,,,,,-0.07243301914370182,-0.07221293765774958,0.00022008148595223376,"['CP3', 'CPz', 'CP2', 'CP4', 'Cz']","['CP3', 'CPz', 'CP2', 'CP4', 'Cz']",,,,8,DeepConvNet
PGD_LP,True,gaussian,3.0,Linf,0.25,0.02342281921771265,"[0.24871696531772614, 0.22645851969718933, 0.24924810230731964, 0.26279327273368835, 0.2566395401954651, 0.2504960298538208, 0.1744140088558197, 0.2088831216096878, 0.23810744285583496, 0.2622508704662323, 0.25287508964538574, 0.249503955245018, 0.23829449713230133, 0.22093139588832855, 0.2340979278087616, 0.25446581840515137, 0.2568988800048828, 0.2687363028526306, 0.23729097843170166, 0.2564050853252411, 0.25836241245269775, 0.26236599683761597]",40.0,0.0029278524022140814,True,123,0.6736111044883728,0.6527777910232544,0.3472222089767456,3.606661319732666,3.603997230529785,0.023422837257385254,32.41529083251953,0.5723164677619934,"[0.7777777777777778, 0.7361111111111112, 0.8472222222222222, 0.3333333333333333]","[0.75, 0.7083333333333334, 0.8333333333333334, 0.3194444444444444]",0.0,1,False,0.9988442264257482,,,,,-0.07243301914370182,-0.07242231320974167,1.0705933960145075e-05,"['CP3', 'CPz', 'CP2', 'CP4', 'Cz']","['CP3', 'CPz', 'CP2', 'CP4', 'Cz']",,,,8,DeepConvNet
PGD_LP,True,gaussian,3.0,Linf,0.5,0.0468456384354253,"[0.49743393063545227, 0.45291703939437866, 0.4984962046146393, 0.5255865454673767, 0.5132790803909302, 0.5009920597076416, 0.3488280177116394, 0.4177662432193756, 0.4762148857116699, 0.5245017409324646, 0.5057501792907715, 0.499007910490036, 0.47658899426460266, 0.4418627917766571, 0.4681958556175232, 0.5089316368103027, 0.5137977600097656, 0.5374726057052612, 0.4745819568634033, 0.5128101706504822, 0.5167248249053955, 0.5247319936752319]",40.0,0.005855704804428163,True,123,0.6736111044883728,0.6284722089767456,0.3715277910232544,7.077201843261719,7.073033332824707,0.04684567451477051,26.558929443359375,0.5625193119049072,"[0.7777777777777778, 0.7361111111111112, 0.8472222222222222, 0.3333333333333333]","[0.7361111111111112, 0.6805555555555556, 0.8194444444444444, 0.2777777777777778]",0.0,1,False,0.9988442264257482,,,,,-0.07243301914370182,-0.07242231320974167,1.0705933960145075e-05,"['CP3', 'CPz', 'CP2', 'CP4', 'Cz']","['CP3', 'CPz', 'CP2', 'CP4', 'Cz']",,,,8,DeepConvNet
PGD_LP,True,gaussian,3.0,Linf,1.0,0.0936912768708506,"[0.9948678612709045, 0.9058340787887573, 0.9969924092292786, 1.0511730909347534, 1.0265581607818604, 1.0019841194152832, 0.6976560354232788, 0.8355324864387512, 0.9524297714233398, 1.0490034818649292, 1.011500358581543, 0.998015820980072, 0.9531779885292053, 0.8837255835533142, 0.9363917112350464, 1.0178632736206055, 1.0275955200195312, 1.0749452114105225, 0.9491639137268066, 1.0256203413009644, 1.033449649810791, 1.0494639873504639]",40.0,0.011711409608856325,True,123,0.6736111044883728,0.5763888955116272,0.4236111044883728,13.674625396728516,13.666291236877441,0.09369134902954102,20.838165283203125,0.5467543601989746,"[0.7777777777777778, 0.7361111111111112, 0.8472222222222222, 0.3333333333333333]","[0.6666666666666666, 0.625, 0.7777777777777778, 0.2361111111111111]",0.0,1,False,0.9988442264257482,,,,,-0.07243301914370182,-0.07242231320974167,1.0705933960145075e-05,"['CP3', 'CPz', 'CP2', 'CP4', 'Cz']","['CP3', 'CPz', 'CP2', 'CP4', 'Cz']",,,,8,DeepConvNet
PGD_LP,True,gaussian,3.0,Linf,2.0,0.1873825537417012,"[1.989735722541809, 1.8116681575775146, 1.9939848184585571, 2.102346181869507, 2.0531163215637207, 2.0039682388305664, 1.3953120708465576, 1.6710649728775024, 1.9048595428466797, 2.0980069637298584, 2.023000717163086, 1.996031641960144, 1.9063559770584106, 1.7674511671066284, 1.8727834224700928, 2.035726547241211, 2.0551910400390625, 2.149890422821045, 1.8983278274536133, 2.0512406826019287, 2.066899299621582, 2.0989279747009277]",40.0,0.02342281921771265,True,123,0.6736111044883728,0.3159722089767456,0.6840277910232544,25.655986785888672,25.684947967529297,0.18738260865211487,15.357879638671875,0.5202746391296387,"[0.7777777777777778, 0.7361111111111112, 0.8472222222222222, 0.3333333333333333]","[0.3055555555555556, 0.3472222222222222, 0.4722222222222222, 0.1388888888888889]",0.0,1,False,0.9988442264257482,,,,,-0.07243301914370182,-0.07242231320974167,1.0705933960145075e-05,"['CP3', 'CPz', 'CP2', 'CP4', 'Cz']","['CP3', 'CPz', 'CP2', 'CP4', 'Cz']",,,,8,DeepConvNet
DeepFool_L2,,,,L2,,,,50.0,,,123,0.6736111044883728,0.1354166716337204,0.8645833283662796,106.77143859863281,76.39549255371094,2.5045166015625,94.22061920166016,131.8839569091797,,,0.0,1,False,0.9603684359119142,,,,,-0.07243301914370182,-0.0768301912950013,-0.004397172151299478,"['CP3', 'CPz', 'CP2', 'CP4', 'Cz']","['CP3', 'CPz', 'CP2', 'CP4', 'Cz']",,,,8,DeepConvNet
FGSM,False,,,Linf,0.25,0.02342281921771265,"[0.24871696531772614, 0.22645851969718933, 0.24924810230731964, 0.26279327273368835, 0.2566395401954651, 0.2504960298538208, 0.1744140088558197, 0.2088831216096878, 0.23810744285583496, 0.2622508704662323, 0.25287508964538574, 0.249503955245018, 0.23829449713230133, 0.22093139588832855, 0.2340979278087616, 0.25446581840515137, 0.2568988800048828, 0.2687363028526306, 0.23729097843170166, 0.2564050853252411, 0.25836241245269775, 0.26236599683761597]",,,False,2024,0.6805555820465088,0.21875,0.78125,114.84112548828125,114.3302001953125,3.767502784729004,2.4137063026428223,0.1025487557053566,"[0.625, 0.7638888888888888, 0.9027777777777778, 0.4305555555555556]","[0.5555555555555556, 0.0, 0.3194444444444444, 0.0]",0.0,1,False,0.9521897939017506,,,,,-0.02238345225734227,-0.1209841143008323,-0.09860066204349002,"['CP3', 'CP4', 'CP2', 'CPz', 'Cz']","['CP4', 'CP3', 'CP2', 'CPz', 'Cz']",,,,8,DeepConvNet
FGSM,False,,,Linf,0.5,0.0468456384354253,"[0.49743393063545227, 0.45291703939437866, 0.4984962046146393, 0.5255865454673767, 0.5132790803909302, 0.5009920597076416, 0.3488280177116394, 0.4177662432193756, 0.4762148857116699, 0.5245017409324646, 0.5057501792907715, 0.499007910490036, 0.47658899426460266, 0.4418627917766571, 0.4681958556175232, 0.5089316368103027, 0.5137977600097656, 0.5374726057052612, 0.4745819568634033, 0.5128101706504822, 0.5167248249053955, 0.5247319936752319]",,,False,2024,0.6805555820465088,0.1006944477558136,0.8993055522441864,114.11488342285156,114.39231872558594,3.767502784729004,2.4089159965515137,0.10183124244213104,"[0.625, 0.7638888888888888, 0.9027777777777778, 0.4305555555555556]","[0.25, 0.0, 0.1527777777777778, 0.0]",0.0,1,False,0.9521897939017506,,,,,-0.02238345225734227,-0.1209841143008323,-0.09860066204349002,"['CP3', 'CP4', 'CP2', 'CPz', 'Cz']","['CP4', 'CP3', 'CP2', 'CPz', 'Cz']",,,,8,DeepConvNet
FGSM,False,,,Linf,1.0,0.0936912768708506,"[0.9948678612709045, 0.9058340787887573, 0.9969924092292786, 1.0511730909347534, 1.0265581607818604, 1.0019841194152832, 0.6976560354232788, 0.8355324864387512, 0.9524297714233398, 1.0490034818649292, 1.011500358581543, 0.998015820980072, 0.9531779885292053, 0.8837255835533142, 0.9363917112350464, 1.0178632736206055, 1.0275955200195312, 1.0749452114105225, 0.9491639137268066, 1.0256203413009644, 1.033449649810791, 1.0494639873504639]",,,False,2024,0.6805555820465088,0.02777777798473835,0.9722222220152617,113.97919464111328,114.64015197753906,3.767502784729004,2.389834403991699,0.09902775287628174,"[0.625, 0.7638888888888888, 0.9027777777777778, 0.4305555555555556]","[0.06944444444444445, 0.0, 0.041666666666666664, 0.0]",0.0,1,False,0.9521897939017506,,,,,-0.02238345225734227,-0.1209841143008323,-0.09860066204349002,"['CP3', 'CP4', 'CP2', 'CPz', 'Cz']","['CP4', 'CP3', 'CP2', 'CPz', 'Cz']",,,,8,DeepConvNet
FGSM,False,,,Linf,2.0,0.1873825537417012,"[1.989735722541809, 1.8116681575775146, 1.9939848184585571, 2.102346181869507, 2.0531163215637207, 2.0039682388305664, 1.3953120708465576, 1.6710649728775024, 1.9048595428466797, 2.0980069637298584, 2.023000717163086, 1.996031641960144, 1.9063559770584106, 1.7674511671066284, 1.8727834224700928, 2.035726547241211, 2.0551910400390625, 2.149890422821045, 1.8983278274536133, 2.0512406826019287, 2.066899299621582, 2.0989279747009277]",,,False,2024,0.6805555820465088,0.0034722222480922937,0.9965277777519077,114.89363861083984,115.61997985839844,3.767502784729004,2.3148231506347656,0.08882568031549454,"[0.625, 0.7638888888888888, 0.9027777777777778, 0.4305555555555556]","[0.0, 0.0, 0.013888888888888888, 0.0]",0.0,1,False,0.9521897939017506,,,,,-0.02238345225734227,-0.1209841143008323,-0.09860066204349002,"['CP3', 'CP4', 'CP2', 'CPz', 'Cz']","['CP4', 'CP3', 'CP2', 'CPz', 'Cz']",,,,8,DeepConvNet
PGD,False,,,Linf,0.25,0.02342281921771265,"[0.24871696531772614, 0.22645851969718933, 0.24924810230731964, 0.26279327273368835, 0.2566395401954651, 0.2504960298538208, 0.1744140088558197, 0.2088831216096878, 0.23810744285583496, 0.2622508704662323, 0.25287508964538574, 0.249503955245018, 0.23829449713230133, 0.22093139588832855, 0.2340979278087616, 0.25446581840515137, 0.2568988800048828, 0.2687363028526306, 0.23729097843170166, 0.2564050853252411, 0.25836241245269775, 0.26236599683761597]",40.0,0.0029278524022140814,True,2024,0.6805555820465088,0.1493055522441864,0.8506944477558136,114.40949249267578,114.33010864257812,3.767502784729004,2.4137144088745117,0.10255026072263718,"[0.625, 0.7638888888888888, 0.9027777777777778, 0.4305555555555556]","[0.3611111111111111, 0.0, 0.2361111111111111, 0.0]",0.0,1,False,0.9520750988142295,,,,,-0.02238345225734227,-0.12242487292034479,-0.10004142066300252,"['CP3', 'CP4', 'CP2', 'CPz', 'Cz']","['CP4', 'CP3', 'CP2', 'CPz', 'Cz']",,,,8,DeepConvNet
PGD,False,,,Linf,0.5,0.0468456384354253,"[0.49743393063545227, 0.45291703939437866, 0.4984962046146393, 0.5255865454673767, 0.5132790803909302, 0.5009920597076416, 0.3488280177116394, 0.4177662432193756, 0.4762148857116699, 0.5245017409324646, 0.5057501792907715, 0.499007910490036, 0.47658899426460266, 0.4418627917766571, 0.4681958556175232, 0.5089316368103027, 0.5137977600097656, 0.5374726057052612, 0.4745819568634033, 0.5128101706504822, 0.5167248249053955, 0.5247319936752319]",40.0,0.005855704804428163,True,2024,0.6805555820465088,0.02083333395421505,0.979166666045785,113.71420288085938,114.39116668701172,3.767502784729004,2.409006357192993,0.10184677690267563,"[0.625, 0.7638888888888888, 0.9027777777777778, 0.4305555555555556]","[0.041666666666666664, 0.0, 0.041666666666666664, 0.0]",0.0,1,False,0.9520750988142295,,,,,-0.02238345225734227,-0.12242487292034479,-0.10004142066300252,"['CP3', 'CP4', 'CP2', 'CPz', 'Cz']","['CP4', 'CP3', 'CP2', 'CPz', 'Cz']",,,,8,DeepConvNet
PGD,False,,,Linf,1.0,0.0936912768708506,"[0.9948678612709045, 0.9058340787887573, 0.9969924092292786, 1.0511730909347534, 1.0265581607818604, 1.0019841194152832, 0.6976560354232788, 0.8355324864387512, 0.9524297714233398, 1.0490034818649292, 1.011500358581543, 0.998015820980072, 0.9531779885292053, 0.8837255835533142, 0.9363917112350464, 1.0178632736206055, 1.0275955200195312, 1.0749452114105225, 0.9491639137268066, 1.0256203413009644, 1.033449649810791, 1.0494639873504639]",40.0,0.011711409608856325,True,2024,0.6805555820465088,0.0,1.0,113.94215393066406,114.63077545166016,3.767502784729004,2.390558958053589,0.09915471822023392,"[0.625, 0.7638888888888888, 0.9027777777777778, 0.4305555555555556]","[0.0, 0.0, 0.0, 0.0]",0.0,1,False,0.9520750988142295,,,,,-0.02238345225734227,-0.12242487292034479,-0.10004142066300252,"['CP3', 'CP4', 'CP2', 'CPz', 'Cz']","['CP4', 'CP3', 'CP2', 'CPz', 'Cz']",,,,8,DeepConvNet
PGD,False,,,Linf,2.0,0.1873825537417012,"[1.989735722541809, 1.8116681575775146, 1.9939848184585571, 2.102346181869507, 2.0531163215637207, 2.0039682388305664, 1.3953120708465576, 1.6710649728775024, 1.9048595428466797, 2.0980069637298584, 2.023000717163086, 1.996031641960144, 1.9063559770584106, 1.7674511671066284, 1.8727834224700928, 2.035726547241211, 2.0551910400390625, 2.149890422821045, 1.8983278274536133, 2.0512406826019287, 2.066899299621582, 2.0989279747009277]",40.0,0.02342281921771265,True,2024,0.6805555820465088,0.0,1.0,114.82968139648438,115.55091857910156,3.767502784729004,2.3201026916503906,0.08961526304483414,"[0.625, 0.7638888888888888, 0.9027777777777778, 0.4305555555555556]","[0.0, 0.0, 0.0, 0.0]",0.0,1,False,0.9520750988142295,,,,,-0.02238345225734227,-0.12242487292034479,-0.10004142066300252,"['CP3', 'CP4', 'CP2', 'CPz', 'Cz']","['CP4', 'CP3', 'CP2', 'CPz', 'Cz']",,,,8,DeepConvNet
FGSM_LP,True,gaussian,3.0,Linf,0.25,0.02342281921771265,"[0.24871696531772614, 0.22645851969718933, 0.24924810230731964, 0.26279327273368835, 0.2566395401954651, 0.2504960298538208, 0.1744140088558197, 0.2088831216096878, 0.23810744285583496, 0.2622508704662323, 0.25287508964538574, 0.249503955245018, 0.23829449713230133, 0.22093139588832855, 0.2340979278087616, 0.25446581840515137, 0.2568988800048828, 0.2687363028526306, 0.23729097843170166, 0.2564050853252411, 0.25836241245269775, 0.26236599683761597]",,,False,2024,0.6805555820465088,0.6736111044883728,0.3263888955116272,3.6051292419433594,3.6047422885894775,0.023422837257385254,32.41349411010742,0.5729270577430725,"[0.625, 0.7638888888888888, 0.9027777777777778, 0.4305555555555556]","[0.625, 0.75, 0.9027777777777778, 0.4166666666666667]",0.0,1,False,0.9989412761151891,,,,,-0.02238345225734227,-0.02294821997632775,-0.0005647677189854795,"['CP3', 'CP4', 'CP2', 'CPz', 'Cz']","['CP3', 'CP4', 'CP2', 'CPz', 'Cz']",,,,8,DeepConvNet
FGSM_LP,True,gaussian,3.0,Linf,0.5,0.0468456384354253,"[0.49743393063545227, 0.45291703939437866, 0.4984962046146393, 0.5255865454673767, 0.5132790803909302, 0.5009920597076416, 0.3488280177116394, 0.4177662432193756, 0.4762148857116699, 0.5245017409324646, 0.5057501792907715, 0.499007910490036, 0.47658899426460266, 0.4418627917766571, 0.4681958556175232, 0.5089316368103027, 0.5137977600097656, 0.5374726057052612, 0.4745819568634033, 0.5128101706504822, 0.5167248249053955, 0.5247319936752319]",,,False,2024,0.6805555820465088,0.6076388955116272,0.3923611044883728,7.078536510467529,7.076261043548584,0.04684567451477051,26.554954528808594,0.5634915232658386,"[0.625, 0.7638888888888888, 0.9027777777777778, 0.4305555555555556]","[0.5555555555555556, 0.6666666666666666, 0.8888888888888888, 0.3194444444444444]",0.0,1,False,0.9989412761151891,,,,,-0.02238345225734227,-0.02294821997632775,-0.0005647677189854795,"['CP3', 'CP4', 'CP2', 'CPz', 'Cz']","['CP3', 'CP4', 'CP2', 'CPz', 'Cz']",,,,8,DeepConvNet
FGSM_LP,True,gaussian,3.0,Linf,1.0,0.0936912768708506,"[0.9948678612709045, 0.9058340787887573, 0.9969924092292786, 1.0511730909347534, 1.0265581607818604, 1.0019841194152832, 0.6976560354232788, 0.8355324864387512, 0.9524297714233398, 1.0490034818649292, 1.011500358581543, 0.998015820980072, 0.9531779885292053, 0.8837255835533142, 0.9363917112350464, 1.0178632736206055, 1.0275955200195312, 1.0749452114105225, 0.9491639137268066, 1.0256203413009644, 1.033449649810791, 1.0494639873504639]",,,False,2024,0.6805555820465088,0.4791666567325592,0.5208333432674408,13.680682182312012,13.682398796081543,0.09369134902954102,20.827903747558594,0.548285722732544,"[0.625, 0.7638888888888888, 0.9027777777777778, 0.4305555555555556]","[0.3888888888888889, 0.5, 0.8055555555555556, 0.2222222222222222]",0.0,1,False,0.9989412761151891,,,,,-0.02238345225734227,-0.02294821997632775,-0.0005647677189854795,"['CP3', 'CP4', 'CP2', 'CPz', 'Cz']","['CP3', 'CP4', 'CP2', 'CPz', 'Cz']",,,,8,DeepConvNet
FGSM_LP,True,gaussian,3.0,Linf,2.0,0.1873825537417012,"[1.989735722541809, 1.8116681575775146, 1.9939848184585571, 2.102346181869507, 2.0531163215637207, 2.0039682388305664, 1.3953120708465576, 1.6710649728775024, 1.9048595428466797, 2.0980069637298584, 2.023000717163086, 1.996031641960144, 1.9063559770584106, 1.7674511671066284, 1.8727834224700928, 2.035726547241211, 2.0551910400390625, 2.149890422821045, 1.8983278274536133, 2.0512406826019287, 2.066899299621582, 2.0989279747009277]",,,False,2024,0.6805555820465088,0.1354166716337204,0.8645833283662796,25.76859474182129,25.77301025390625,0.18738260865211487,15.328083038330078,0.5236344933509827,"[0.625, 0.7638888888888888, 0.9027777777777778, 0.4305555555555556]","[0.06944444444444445, 0.1111111111111111, 0.2638888888888889, 0.09722222222222222]",0.0,1,False,0.9989412761151891,,,,,-0.02238345225734227,-0.02294821997632775,-0.0005647677189854795,"['CP3', 'CP4', 'CP2', 'CPz', 'Cz']","['CP3', 'CP4', 'CP2', 'CPz', 'Cz']",,,,8,DeepConvNet
PGD_LP,True,gaussian,3.0,Linf,0.25,0.02342281921771265,"[0.24871696531772614, 0.22645851969718933, 0.24924810230731964, 0.26279327273368835, 0.2566395401954651, 0.2504960298538208, 0.1744140088558197, 0.2088831216096878, 0.23810744285583496, 0.2622508704662323, 0.25287508964538574, 0.249503955245018, 0.23829449713230133, 0.22093139588832855, 0.2340979278087616, 0.25446581840515137, 0.2568988800048828, 0.2687363028526306, 0.23729097843170166, 0.2564050853252411, 0.25836241245269775, 0.26236599683761597]",40.0,0.0029278524022140814,True,2024,0.6805555820465088,0.6770833134651184,0.3229166865348816,3.605132579803467,3.6044209003448486,0.023422837257385254,32.41426467895508,0.5725586414337158,"[0.625, 0.7638888888888888, 0.9027777777777778, 0.4305555555555556]","[0.625, 0.75, 0.9027777777777778, 0.4305555555555556]",0.0,1,False,0.9989589215132693,,,,,-0.02238345225734227,-0.022881735548507223,-0.0004982832911649519,"['CP3', 'CP4', 'CP2', 'CPz', 'Cz']","['CP3', 'CP4', 'CP2', 'CPz', 'Cz']",,,,8,DeepConvNet
PGD_LP,True,gaussian,3.0,Linf,0.5,0.0468456384354253,"[0.49743393063545227, 0.45291703939437866, 0.4984962046146393, 0.5255865454673767, 0.5132790803909302, 0.5009920597076416, 0.3488280177116394, 0.4177662432193756, 0.4762148857116699, 0.5245017409324646, 0.5057501792907715, 0.499007910490036, 0.47658899426460266, 0.4418627917766571, 0.4681958556175232, 0.5089316368103027, 0.5137977600097656, 0.5374726057052612, 0.4745819568634033, 0.5128101706504822, 0.5167248249053955, 0.5247319936752319]",40.0,0.005855704804428163,True,2024,0.6805555820465088,0.6319444179534912,0.3680555820465088,7.076381683349609,7.075036525726318,0.04684567451477051,26.55646514892578,0.5629578828811646,"[0.625, 0.7638888888888888, 0.9027777777777778, 0.4305555555555556]","[0.5972222222222222, 0.6666666666666666, 0.8888888888888888, 0.375]",0.0,1,False,0.9989589215132693,,,,,-0.02238345225734227,-0.022881735548507223,-0.0004982832911649519,"['CP3', 'CP4', 'CP2', 'CPz', 'Cz']","['CP3', 'CP4', 'CP2', 'CPz', 'Cz']",,,,8,DeepConvNet
PGD_LP,True,gaussian,3.0,Linf,1.0,0.0936912768708506,"[0.9948678612709045, 0.9058340787887573, 0.9969924092292786, 1.0511730909347534, 1.0265581607818604, 1.0019841194152832, 0.6976560354232788, 0.8355324864387512, 0.9524297714233398, 1.0490034818649292, 1.011500358581543, 0.998015820980072, 0.9531779885292053, 0.8837255835533142, 0.9363917112350464, 1.0178632736206055, 1.0275955200195312, 1.0749452114105225, 0.9491639137268066, 1.0256203413009644, 1.033449649810791, 1.0494639873504639]",40.0,0.011711409608856325,True,2024,0.6805555820465088,0.5069444179534912,0.4930555820465088,13.679580688476562,13.6759033203125,0.09369134902954102,20.832040786743164,0.5465788245201111,"[0.625, 0.7638888888888888, 0.9027777777777778, 0.4305555555555556]","[0.4722222222222222, 0.5277777777777778, 0.8055555555555556, 0.2222222222222222]",0.0,1,False,0.9989589215132693,,,,,-0.02238345225734227,-0.022881735548507223,-0.0004982832911649519,"['CP3', 'CP4', 'CP2', 'CPz', 'Cz']","['CP3', 'CP4', 'CP2', 'CPz', 'Cz']",,,,8,DeepConvNet
PGD_LP,True,gaussian,3.0,Linf,2.0,0.1873825537417012,"[1.989735722541809, 1.8116681575775146, 1.9939848184585571, 2.102346181869507, 2.0531163215637207, 2.0039682388305664, 1.3953120708465576, 1.6710649728775024, 1.9048595428466797, 2.0980069637298584, 2.023000717163086, 1.996031641960144, 1.9063559770584106, 1.7674511671066284, 1.8727834224700928, 2.035726547241211, 2.0551910400390625, 2.149890422821045, 1.8983278274536133, 2.0512406826019287, 2.066899299621582, 2.0989279747009277]",40.0,0.02342281921771265,True,2024,0.6805555820465088,0.1944444477558136,0.8055555522441864,25.69825553894043,25.72859764099121,0.18738260865211487,15.343098640441895,0.5197418332099915,"[0.625, 0.7638888888888888, 0.9027777777777778, 0.4305555555555556]","[0.1527777777777778, 0.1388888888888889, 0.375, 0.1111111111111111]",0.0,1,False,0.9989589215132693,,,,,-0.02238345225734227,-0.022881735548507223,-0.0004982832911649519,"['CP3', 'CP4', 'CP2', 'CPz', 'Cz']","['CP3', 'CP4', 'CP2', 'CPz', 'Cz']",,,,8,DeepConvNet
DeepFool_L2,,,,L2,,,,50.0,,,2024,0.6805555820465088,0.1458333283662796,0.8541666716337204,107.04440307617188,77.346435546875,2.5422770977020264,92.25687408447266,131.1322479248047,,,0.0,1,False,0.9664296301524562,,,,,-0.02238345225734227,-0.0737397292903305,-0.05135627703298823,"['CP3', 'CP4', 'CP2', 'CPz', 'Cz']","['CP4', 'CP3', 'CP2', 'CPz', 'Cz']",,,,8,DeepConvNet
FGSM,False,,,Linf,0.25,0.02342281921771265,"[0.24871696531772614, 0.22645851969718933, 0.24924810230731964, 0.26279327273368835, 0.2566395401954651, 0.2504960298538208, 0.1744140088558197, 0.2088831216096878, 0.23810744285583496, 0.2622508704662323, 0.25287508964538574, 0.249503955245018, 0.23829449713230133, 0.22093139588832855, 0.2340979278087616, 0.25446581840515137, 0.2568988800048828, 0.2687363028526306, 0.23729097843170166, 0.2564050853252411, 0.25836241245269775, 0.26236599683761597]",,,False,31415,0.6805555820465088,0.2118055522441864,0.7881944477558136,114.31067657470703,114.3302001953125,3.767502784729004,2.4137065410614014,0.10254887491464615,"[0.6527777777777778, 0.7916666666666666, 0.8611111111111112, 0.4166666666666667]","[0.4444444444444444, 0.0, 0.4027777777777778, 0.0]",0.0,1,False,0.9459345002823265,,,,,0.04539623126942143,0.035757529867369055,-0.009638701402052377,"['CP3', 'CPz', 'CP4', 'CP2', 'Cz']","['CP3', 'CPz', 'CP2', 'CP4', 'Cz']",,,,8,DeepConvNet
FGSM,False,,,Linf,0.5,0.0468456384354253,"[0.49743393063545227, 0.45291703939437866, 0.4984962046146393, 0.5255865454673767, 0.5132790803909302, 0.5009920597076416, 0.3488280177116394, 0.4177662432193756, 0.4762148857116699, 0.5245017409324646, 0.5057501792907715, 0.499007910490036, 0.47658899426460266, 0.4418627917766571, 0.4681958556175232, 0.5089316368103027, 0.5137977600097656, 0.5374726057052612, 0.4745819568634033, 0.5128101706504822, 0.5167248249053955, 0.5247319936752319]",,,False,31415,0.6805555820465088,0.1006944477558136,0.8993055522441864,113.73629760742188,114.392333984375,3.767502784729004,2.4089155197143555,0.10183164477348328,"[0.6527777777777778, 0.7916666666666666, 0.8611111111111112, 0.4166666666666667]","[0.2638888888888889, 0.0, 0.1388888888888889, 0.0]",0.0,1,False,0.9459345002823265,,,,,0.04539623126942143,0.035757529867369055,-0.009638701402052377,"['CP3', 'CPz', 'CP4', 'CP2', 'Cz']","['CP3', 'CPz', 'CP2', 'CP4', 'Cz']",,,,8,DeepConvNet
FGSM,False,,,Linf,1.0,0.0936912768708506,"[0.9948678612709045, 0.9058340787887573, 0.9969924092292786, 1.0511730909347534, 1.0265581607818604, 1.0019841194152832, 0.6976560354232788, 0.8355324864387512, 0.9524297714233398, 1.0490034818649292, 1.011500358581543, 0.998015820980072, 0.9531779885292053, 0.8837255835533142, 0.9363917112350464, 1.0178632736206055, 1.0275955200195312, 1.0749452114105225, 0.9491639137268066, 1.0256203413009644, 1.033449649810791, 1.0494639873504639]",,,False,31415,0.6805555820465088,0.013888888992369175,0.9861111110076308,113.97957611083984,114.64022064208984,3.767502784729004,2.389828681945801,0.09902472794055939,"[0.6527777777777778, 0.7916666666666666, 0.8611111111111112, 0.4166666666666667]","[0.027777777777777776, 0.0, 0.027777777777777776, 0.0]",0.0,1,False,0.9459345002823265,,,,,0.04539623126942143,0.035757529867369055,-0.009638701402052377,"['CP3', 'CPz', 'CP4', 'CP2', 'Cz']","['CP3', 'CPz', 'CP2', 'CP4', 'Cz']",,,,8,DeepConvNet
FGSM,False,,,Linf,2.0,0.1873825537417012,"[1.989735722541809, 1.8116681575775146, 1.9939848184585571, 2.102346181869507, 2.0531163215637207, 2.0039682388305664, 1.3953120708465576, 1.6710649728775024, 1.9048595428466797, 2.0980069637298584, 2.023000717163086, 1.996031641960144, 1.9063559770584106, 1.7674511671066284, 1.8727834224700928, 2.035726547241211, 2.0551910400390625, 2.149890422821045, 1.8983278274536133, 2.0512406826019287, 2.066899299621582, 2.0989279747009277]",,,False,31415,0.6805555820465088,0.0,1.0,114.90248107910156,115.62020874023438,3.767502784729004,2.3148033618927,0.08879726380109787,"[0.6527777777777778, 0.7916666666666666, 0.8611111111111112, 0.4166666666666667]","[0.0, 0.0, 0.0, 0.0]",0.0,1,False,0.9459345002823265,,,,,0.04539623126942143,0.035757529867369055,-0.009638701402052377,"['CP3', 'CPz', 'CP4', 'CP2', 'Cz']","['CP3', 'CPz', 'CP2', 'CP4', 'Cz']",,,,8,DeepConvNet
PGD,False,,,Linf,0.25,0.02342281921771265,"[0.24871696531772614, 0.22645851969718933, 0.24924810230731964, 0.26279327273368835, 0.2566395401954651, 0.2504960298538208, 0.1744140088558197, 0.2088831216096878, 0.23810744285583496, 0.2622508704662323, 0.25287508964538574, 0.249503955245018, 0.23829449713230133, 0.22093139588832855, 0.2340979278087616, 0.25446581840515137, 0.2568988800048828, 0.2687363028526306, 0.23729097843170166, 0.2564050853252411, 0.25836241245269775, 0.26236599683761597]",40.0,0.0029278524022140814,True,31415,0.6805555820465088,0.1284722238779068,0.8715277761220932,113.66114807128906,114.33002471923828,3.767502784729004,2.4137203693389893,0.10255103558301926,"[0.6527777777777778, 0.7916666666666666, 0.8611111111111112, 0.4166666666666667]","[0.2222222222222222, 0.0, 0.2916666666666667, 0.0]",0.0,1,False,0.9444964003387917,,,,,0.04539623126942143,0.03302492625155184,-0.012371305017869594,"['CP3', 'CPz', 'CP4', 'CP2', 'Cz']","['CP3', 'CPz', 'CP2', 'CP4', 'Cz']",,,,8,DeepConvNet
PGD,False,,,Linf,0.5,0.0468456384354253,"[0.49743393063545227, 0.45291703939437866, 0.4984962046146393, 0.5255865454673767, 0.5132790803909302, 0.5009920597076416, 0.3488280177116394, 0.4177662432193756, 0.4762148857116699, 0.5245017409324646, 0.5057501792907715, 0.499007910490036, 0.47658899426460266, 0.4418627917766571, 0.4681958556175232, 0.5089316368103027, 0.5137977600097656, 0.5374726057052612, 0.4745819568634033, 0.5128101706504822, 0.5167248249053955, 0.5247319936752319]",40.0,0.005855704804428163,True,31415,0.6805555820465088,0.013888888992369175,0.9861111110076308,113.71405792236328,114.39067840576172,3.767502784729004,2.409043550491333,0.10185012221336365,"[0.6527777777777778, 0.7916666666666666, 0.8611111111111112, 0.4166666666666667]","[0.013888888888888888, 0.0, 0.041666666666666664, 0.0]",0.0,1,False,0.9444964003387917,,,,,0.04539623126942143,0.03302492625155184,-0.012371305017869594,"['CP3', 'CPz', 'CP4', 'CP2', 'Cz']","['CP3', 'CPz', 'CP2', 'CP4', 'Cz']",,,,8,DeepConvNet
PGD,False,,,Linf,1.0,0.0936912768708506,"[0.9948678612709045, 0.9058340787887573, 0.9969924092292786, 1.0511730909347534, 1.0265581607818604, 1.0019841194152832, 0.6976560354232788, 0.8355324864387512, 0.9524297714233398, 1.0490034818649292, 1.011500358581543, 0.998015820980072, 0.9531779885292053, 0.8837255835533142, 0.9363917112350464, 1.0178632736206055, 1.0275955200195312, 1.0749452114105225, 0.9491639137268066, 1.0256203413009644, 1.033449649810791, 1.0494639873504639]",40.0,0.011711409608856325,True,31415,0.6805555820465088,0.0,1.0,113.94219970703125,114.62869262695312,3.767502784729004,2.390718460083008,0.09915109723806381,"[0.6527777777777778, 0.7916666666666666, 0.8611111111111112, 0.4166666666666667]","[0.0, 0.0, 0.0, 0.0]",0.0,1,False,0.9444964003387917,,,,,0.04539623126942143,0.03302492625155184,-0.012371305017869594,"['CP3', 'CPz', 'CP4', 'CP2', 'Cz']","['CP3', 'CPz', 'CP2', 'CP4', 'Cz']",,,,8,DeepConvNet
PGD,False,,,Linf,2.0,0.1873825537417012,"[1.989735722541809, 1.8116681575775146, 1.9939848184585571, 2.102346181869507, 2.0531163215637207, 2.0039682388305664, 1.3953120708465576, 1.6710649728775024, 1.9048595428466797, 2.0980069637298584, 2.023000717163086, 1.996031641960144, 1.9063559770584106, 1.7674511671066284, 1.8727834224700928, 2.035726547241211, 2.0551910400390625, 2.149890422821045, 1.8983278274536133, 2.0512406826019287, 2.066899299621582, 2.0989279747009277]",40.0,0.02342281921771265,True,31415,0.6805555820465088,0.0,1.0,114.82608032226562,115.54183197021484,3.767502784729004,2.320789337158203,0.08958691358566284,"[0.6527777777777778, 0.7916666666666666, 0.8611111111111112, 0.4166666666666667]","[0.0, 0.0, 0.0, 0.0]",0.0,1,False,0.9444964003387917,,,,,0.04539623126942143,0.03302492625155184,-0.012371305017869594,"['CP3', 'CPz', 'CP4', 'CP2', 'Cz']","['CP3', 'CPz', 'CP2', 'CP4', 'Cz']",,,,8,DeepConvNet
FGSM_LP,True,gaussian,3.0,Linf,0.25,0.02342281921771265,"[0.24871696531772614, 0.22645851969718933, 0.24924810230731964, 0.26279327273368835, 0.2566395401954651, 0.2504960298538208, 0.1744140088558197, 0.2088831216096878, 0.23810744285583496, 0.2622508704662323, 0.25287508964538574, 0.249503955245018, 0.23829449713230133, 0.22093139588832855, 0.2340979278087616, 0.25446581840515137, 0.2568988800048828, 0.2687363028526306, 0.23729097843170166, 0.2564050853252411, 0.25836241245269775, 0.26236599683761597]",,,False,31415,0.6805555820465088,0.6770833134651184,0.3229166865348816,3.6061172485351562,3.6049036979675293,0.023422837257385254,32.41310119628906,0.5726413726806641,"[0.6527777777777778, 0.7916666666666666, 0.8611111111111112, 0.4166666666666667]","[0.6527777777777778, 0.7777777777777778, 0.8611111111111112, 0.4166666666666667]",0.0,1,False,0.9990118577075099,,,,,0.04539623126942143,0.04525939923357124,-0.00013683203585019427,"['CP3', 'CPz', 'CP4', 'CP2', 'Cz']","['CP3', 'CPz', 'CP4', 'CP2', 'Cz']",,,,8,DeepConvNet
FGSM_LP,True,gaussian,3.0,Linf,0.5,0.0468456384354253,"[0.49743393063545227, 0.45291703939437866, 0.4984962046146393, 0.5255865454673767, 0.5132790803909302, 0.5009920597076416, 0.3488280177116394, 0.4177662432193756, 0.4762148857116699, 0.5245017409324646, 0.5057501792907715, 0.499007910490036, 0.47658899426460266, 0.4418627917766571, 0.4681958556175232, 0.5089316368103027, 0.5137977600097656, 0.5374726057052612, 0.4745819568634033, 0.5128101706504822, 0.5167248249053955, 0.5247319936752319]",,,False,31415,0.6805555820465088,0.6111111044883728,0.3888888955116272,7.08077335357666,7.076742649078369,0.04684567451477051,26.554365158081055,0.5628376603126526,"[0.6527777777777778, 0.7916666666666666, 0.8611111111111112, 0.4166666666666667]","[0.6111111111111112, 0.6805555555555556, 0.8472222222222222, 0.3055555555555556]",0.0,1,False,0.9990118577075099,,,,,0.04539623126942143,0.04525939923357124,-0.00013683203585019427,"['CP3', 'CPz', 'CP4', 'CP2', 'Cz']","['CP3', 'CPz', 'CP4', 'CP2', 'Cz']",,,,8,DeepConvNet
FGSM_LP,True,gaussian,3.0,Linf,1.0,0.0936912768708506,"[0.9948678612709045, 0.9058340787887573, 0.9969924092292786, 1.0511730909347534, 1.0265581607818604, 1.0019841194152832, 0.6976560354232788, 0.8355324864387512, 0.9524297714233398, 1.0490034818649292, 1.011500358581543, 0.998015820980072, 0.9531779885292053, 0.8837255835533142, 0.9363917112350464, 1.0178632736206055, 1.0275955200195312, 1.0749452114105225, 0.9491639137268066, 1.0256203413009644, 1.033449649810791, 1.0494639873504639]",,,False,31415,0.6805555820465088,0.4652777910232544,0.5347222089767456,13.688007354736328,13.681866645812988,0.09369134902954102,20.828243255615234,0.5466688871383667,"[0.6527777777777778, 0.7916666666666666, 0.8611111111111112, 0.4166666666666667]","[0.4166666666666667, 0.5416666666666666, 0.6388888888888888, 0.2638888888888889]",0.0,1,False,0.9990118577075099,,,,,0.04539623126942143,0.04525939923357124,-0.00013683203585019427,"['CP3', 'CPz', 'CP4', 'CP2', 'Cz']","['CP3', 'CPz', 'CP4', 'CP2', 'Cz']",,,,8,DeepConvNet
FGSM_LP,True,gaussian,3.0,Linf,2.0,0.1873825537417012,"[1.989735722541809, 1.8116681575775146, 1.9939848184585571, 2.102346181869507, 2.0531163215637207, 2.0039682388305664, 1.3953120708465576, 1.6710649728775024, 1.9048595428466797, 2.0980069637298584, 2.023000717163086, 1.996031641960144, 1.9063559770584106, 1.7674511671066284, 1.8727834224700928, 2.035726547241211, 2.0551910400390625, 2.149890422821045, 1.8983278274536133, 2.0512406826019287, 2.066899299621582, 2.0989279747009277]",,,False,31415,0.6805555820465088,0.1319444477558136,0.8680555522441864,25.736732482910156,25.762535095214844,0.18738260865211487,15.33161449432373,0.5211566090583801,"[0.6527777777777778, 0.7916666666666666, 0.8611111111111112, 0.4166666666666667]","[0.05555555555555555, 0.18055555555555555, 0.18055555555555555, 0.1111111111111111]",0.0,1,False,0.9990118577075099,,,,,0.04539623126942143,0.04525939923357124,-0.00013683203585019427,"['CP3', 'CPz', 'CP4', 'CP2', 'Cz']","['CP3', 'CPz', 'CP4', 'CP2', 'Cz']",,,,8,DeepConvNet
PGD_LP,True,gaussian,3.0,Linf,0.25,0.02342281921771265,"[0.24871696531772614, 0.22645851969718933, 0.24924810230731964, 0.26279327273368835, 0.2566395401954651, 0.2504960298538208, 0.1744140088558197, 0.2088831216096878, 0.23810744285583496, 0.2622508704662323, 0.25287508964538574, 0.249503955245018, 0.23829449713230133, 0.22093139588832855, 0.2340979278087616, 0.25446581840515137, 0.2568988800048828, 0.2687363028526306, 0.23729097843170166, 0.2564050853252411, 0.25836241245269775, 0.26236599683761597]",40.0,0.0029278524022140814,True,31415,0.6805555820465088,0.6770833134651184,0.3229166865348816,3.6063051223754883,3.604663372039795,0.023422837257385254,32.41368103027344,0.5728241205215454,"[0.6527777777777778, 0.7916666666666666, 0.8611111111111112, 0.4166666666666667]","[0.6527777777777778, 0.7777777777777778, 0.8611111111111112, 0.4166666666666667]",0.0,1,False,0.99902950310559,,,,,0.04539623126942143,0.045404813310346626,8.582040925193823e-06,"['CP3', 'CPz', 'CP4', 'CP2', 'Cz']","['CP3', 'CPz', 'CP4', 'CP2', 'Cz']",,,,8,DeepConvNet
PGD_LP,True,gaussian,3.0,Linf,0.5,0.0468456384354253,"[0.49743393063545227, 0.45291703939437866, 0.4984962046146393, 0.5255865454673767, 0.5132790803909302, 0.5009920597076416, 0.3488280177116394, 0.4177662432193756, 0.4762148857116699, 0.5245017409324646, 0.5057501792907715, 0.499007910490036, 0.47658899426460266, 0.4418627917766571, 0.4681958556175232, 0.5089316368103027, 0.5137977600097656, 0.5374726057052612, 0.4745819568634033, 0.5128101706504822, 0.5167248249053955, 0.5247319936752319]",40.0,0.005855704804428163,True,31415,0.6805555820465088,0.6319444179534912,0.3680555820465088,7.081447601318359,7.0759758949279785,0.04684567451477051,26.555307388305664,0.5630605816841125,"[0.6527777777777778, 0.7916666666666666, 0.8611111111111112, 0.4166666666666667]","[0.625, 0.7361111111111112, 0.8472222222222222, 0.3194444444444444]",0.0,1,False,0.99902950310559,,,,,0.04539623126942143,0.045404813310346626,8.582040925193823e-06,"['CP3', 'CPz', 'CP4', 'CP2', 'Cz']","['CP3', 'CPz', 'CP4', 'CP2', 'Cz']",,,,8,DeepConvNet
PGD_LP,True,gaussian,3.0,Linf,1.0,0.0936912768708506,"[0.9948678612709045, 0.9058340787887573, 0.9969924092292786, 1.0511730909347534, 1.0265581607818604, 1.0019841194152832, 0.6976560354232788, 0.8355324864387512, 0.9524297714233398, 1.0490034818649292, 1.011500358581543, 0.998015820980072, 0.9531779885292053, 0.8837255835533142, 0.9363917112350464, 1.0178632736206055, 1.0275955200195312, 1.0749452114105225, 0.9491639137268066, 1.0256203413009644, 1.033449649810791, 1.0494639873504639]",40.0,0.011711409608856325,True,31415,0.6805555820465088,0.5138888955116272,0.4861111044883728,13.689043045043945,13.68058967590332,0.09369134902954102,20.829057693481445,0.5474094152450562,"[0.6527777777777778, 0.7916666666666666, 0.8611111111111112, 0.4166666666666667]","[0.5, 0.5833333333333334, 0.6805555555555556, 0.2916666666666667]",0.0,1,False,0.99902950310559,,,,,0.04539623126942143,0.045404813310346626,8.582040925193823e-06,"['CP3', 'CPz', 'CP4', 'CP2', 'Cz']","['CP3', 'CPz', 'CP4', 'CP2', 'Cz']",,,,8,DeepConvNet
PGD_LP,True,gaussian,3.0,Linf,2.0,0.1873825537417012,"[1.989735722541809, 1.8116681575775146, 1.9939848184585571, 2.102346181869507, 2.0531163215637207, 2.0039682388305664, 1.3953120708465576, 1.6710649728775024, 1.9048595428466797, 2.0980069637298584, 2.023000717163086, 1.996031641960144, 1.9063559770584106, 1.7674511671066284, 1.8727834224700928, 2.035726547241211, 2.0551910400390625, 2.149890422821045, 1.8983278274536133, 2.0512406826019287, 2.066899299621582, 2.0989279747009277]",40.0,0.02342281921771265,True,31415,0.6805555820465088,0.1840277761220932,0.8159722238779068,25.715824127197266,25.743824005126953,0.18738260865211487,15.33794116973877,0.521898090839386,"[0.6527777777777778, 0.7916666666666666, 0.8611111111111112, 0.4166666666666667]","[0.08333333333333333, 0.2916666666666667, 0.2361111111111111, 0.125]",0.0,1,False,0.99902950310559,,,,,0.04539623126942143,0.045404813310346626,8.582040925193823e-06,"['CP3', 'CPz', 'CP4', 'CP2', 'Cz']","['CP3', 'CPz', 'CP4', 'CP2', 'Cz']",,,,8,DeepConvNet
DeepFool_L2,,,,L2,,,,50.0,,,31415,0.6805555820465088,0.1076388880610466,0.8923611119389534,106.38984680175781,77.31248474121094,2.5365524291992188,92.26046752929688,131.1378173828125,,,0.0,1,False,0.9603772586109542,,,,,0.04539623126942143,0.022751362882439997,-0.022644868386981435,"['CP3', 'CPz', 'CP4', 'CP2', 'Cz']","['CP3', 'CPz', 'CP4', 'CP2', 'Cz']",,,,8,DeepConvNet
FGSM,False,,,Linf,0.25,0.02342281921771265,"[0.24871696531772614, 0.22645851969718933, 0.24924810230731964, 0.26279327273368835, 0.2566395401954651, 0.2504960298538208, 0.1744140088558197, 0.2088831216096878, 0.23810744285583496, 0.2622508704662323, 0.25287508964538574, 0.249503955245018, 0.23829449713230133, 0.22093139588832855, 0.2340979278087616, 0.25446581840515137, 0.2568988800048828, 0.2687363028526306, 0.23729097843170166, 0.2564050853252411, 0.25836241245269775, 0.26236599683761597]",,,False,999,0.7222222089767456,0.2361111044883728,0.7638888955116272,115.10409545898438,114.33021545410156,3.767502784729004,2.4137063026428223,0.10254845768213272,"[0.7083333333333334, 0.8611111111111112, 0.8888888888888888, 0.4305555555555556]","[0.6666666666666666, 0.041666666666666664, 0.2361111111111111, 0.0]",0.0,1,False,0.9472843732354603,,,,,0.031521223672791684,0.12207219471386035,0.09055097104106867,"['CP2', 'CP3', 'CP4', 'CPz', 'C6']","['CP2', 'CP3', 'CP4', 'CPz', 'POz']",,,,8,DeepConvNet
FGSM,False,,,Linf,0.5,0.0468456384354253,"[0.49743393063545227, 0.45291703939437866, 0.4984962046146393, 0.5255865454673767, 0.5132790803909302, 0.5009920597076416, 0.3488280177116394, 0.4177662432193756, 0.4762148857116699, 0.5245017409324646, 0.5057501792907715, 0.499007910490036, 0.47658899426460266, 0.4418627917766571, 0.4681958556175232, 0.5089316368103027, 0.5137977600097656, 0.5374726057052612, 0.4745819568634033, 0.5128101706504822, 0.5167248249053955, 0.5247319936752319]",,,False,999,0.7222222089767456,0.1076388880610466,0.8923611119389534,113.73627471923828,114.392333984375,3.767502784729004,2.4089152812957764,0.10183008760213852,"[0.7083333333333334, 0.8611111111111112, 0.8888888888888888, 0.4305555555555556]","[0.3055555555555556, 0.0, 0.125, 0.0]",0.0,1,False,0.9472843732354603,,,,,0.031521223672791684,0.12207219471386035,0.09055097104106867,"['CP2', 'CP3', 'CP4', 'CPz', 'C6']","['CP2', 'CP3', 'CP4', 'CPz', 'POz']",,,,8,DeepConvNet
FGSM,False,,,Linf,1.0,0.0936912768708506,"[0.9948678612709045, 0.9058340787887573, 0.9969924092292786, 1.0511730909347534, 1.0265581607818604, 1.0019841194152832, 0.6976560354232788, 0.8355324864387512, 0.9524297714233398, 1.0490034818649292, 1.011500358581543, 0.998015820980072, 0.9531779885292053, 0.8837255835533142, 0.9363917112350464, 1.0178632736206055, 1.0275955200195312, 1.0749452114105225, 0.9491639137268066, 1.0256203413009644, 1.033449649810791, 1.0494639873504639]",,,False,999,0.7222222089767456,0.0069444444961845875,0.9930555555038154,113.95440673828125,114.64024353027344,3.767502784729004,2.3898260593414307,0.09902173280715942,"[0.7083333333333334, 0.8611111111111112, 0.8888888888888888, 0.4305555555555556]","[0.0, 0.0, 0.027777777777777776, 0.0]",0.0,1,False,0.9472843732354603,,,,,0.031521223672791684,0.12207219471386035,0.09055097104106867,"['CP2', 'CP3', 'CP4', 'CPz', 'C6']","['CP2', 'CP3', 'CP4', 'CPz', 'POz']",,,,8,DeepConvNet
FGSM,False,,,Linf,2.0,0.1873825537417012,"[1.989735722541809, 1.8116681575775146, 1.9939848184585571, 2.102346181869507, 2.0531163215637207, 2.0039682388305664, 1.3953120708465576, 1.6710649728775024, 1.9048595428466797, 2.0980069637298584, 2.023000717163086, 1.996031641960144, 1.9063559770584106, 1.7674511671066284, 1.8727834224700928, 2.035726547241211, 2.0551910400390625, 2.149890422821045, 1.8983278274536133, 2.0512406826019287, 2.066899299621582, 2.0989279747009277]",,,False,999,0.7222222089767456,0.0034722222480922937,0.9965277777519077,114.91463470458984,115.62065887451172,3.767502784729004,2.3147687911987305,0.08879932761192322,"[0.7083333333333334, 0.8611111111111112, 0.8888888888888888, 0.4305555555555556]","[0.0, 0.0, 0.013888888888888888, 0.0]",0.0,1,False,0.9472843732354603,,,,,0.031521223672791684,0.12207219471386035,0.09055097104106867,"['CP2', 'CP3', 'CP4', 'CPz', 'C6']","['CP2', 'CP3', 'CP4', 'CPz', 'POz']",,,,8,DeepConvNet
PGD,False,,,Linf,0.25,0.02342281921771265,"[0.24871696531772614, 0.22645851969718933, 0.24924810230731964, 0.26279327273368835, 0.2566395401954651, 0.2504960298538208, 0.1744140088558197, 0.2088831216096878, 0.23810744285583496, 0.2622508704662323, 0.25287508964538574, 0.249503955245018, 0.23829449713230133, 0.22093139588832855, 0.2340979278087616, 0.25446581840515137, 0.2568988800048828, 0.2687363028526306, 0.23729097843170166, 0.2564050853252411, 0.25836241245269775, 0.26236599683761597]",40.0,0.0029278524022140814,True,999,0.7222222089767456,0.1840277761220932,0.8159722238779068,114.50931549072266,114.330078125,3.767502784729004,2.4137158393859863,0.10255075991153717,"[0.7083333333333334, 0.8611111111111112, 0.8888888888888888, 0.4305555555555556]","[0.5972222222222222, 0.0, 0.1388888888888889, 0.0]",0.0,1,False,0.9463050536420103,,,,,0.031521223672791684,0.11896418199786907,0.08744295832507738,"['CP2', 'CP3', 'CP4', 'CPz', 'C6']","['CP2', 'CP3', 'CP4', 'CPz', 'POz']",,,,8,DeepConvNet
PGD,False,,,Linf,0.5,0.0468456384354253,"[0.49743393063545227, 0.45291703939437866, 0.4984962046146393, 0.5255865454673767, 0.5132790803909302, 0.5009920597076416, 0.3488280177116394, 0.4177662432193756, 0.4762148857116699, 0.5245017409324646, 0.5057501792907715, 0.499007910490036, 0.47658899426460266, 0.4418627917766571, 0.4681958556175232, 0.5089316368103027, 0.5137977600097656, 0.5374726057052612, 0.4745819568634033, 0.5128101706504822, 0.5167248249053955, 0.5247319936752319]",40.0,0.005855704804428163,True,999,0.7222222089767456,0.013888888992369175,0.9861111110076308,113.68768310546875,114.39105987548828,3.767502784729004,2.4090137481689453,0.10184760391712189,"[0.7083333333333334, 0.8611111111111112, 0.8888888888888888, 0.4305555555555556]","[0.041666666666666664, 0.0, 0.013888888888888888, 0.0]",0.0,1,False,0.9463050536420103,,,,,0.031521223672791684,0.11896418199786907,0.08744295832507738,"['CP2', 'CP3', 'CP4', 'CPz', 'C6']","['CP2', 'CP3', 'CP4', 'CPz', 'POz']",,,,8,DeepConvNet
PGD,False,,,Linf,1.0,0.0936912768708506,"[0.9948678612709045, 0.9058340787887573, 0.9969924092292786, 1.0511730909347534, 1.0265581607818604, 1.0019841194152832, 0.6976560354232788, 0.8355324864387512, 0.9524297714233398, 1.0490034818649292, 1.011500358581543, 0.998015820980072, 0.9531779885292053, 0.8837255835533142, 0.9363917112350464, 1.0178632736206055, 1.0275955200195312, 1.0749452114105225, 0.9491639137268066, 1.0256203413009644, 1.033449649810791, 1.0494639873504639]",40.0,0.011711409608856325,True,999,0.7222222089767456,0.0,1.0,113.94378662109375,114.63004302978516,3.767502784729004,2.3906145095825195,0.09916244447231293,"[0.7083333333333334, 0.8611111111111112, 0.8888888888888888, 0.4305555555555556]","[0.0, 0.0, 0.0, 0.0]",0.0,1,False,0.9463050536420103,,,,,0.031521223672791684,0.11896418199786907,0.08744295832507738,"['CP2', 'CP3', 'CP4', 'CPz', 'C6']","['CP2', 'CP3', 'CP4', 'CPz', 'POz']",,,,8,DeepConvNet
PGD,False,,,Linf,2.0,0.1873825537417012,"[1.989735722541809, 1.8116681575775146, 1.9939848184585571, 2.102346181869507, 2.0531163215637207, 2.0039682388305664, 1.3953120708465576, 1.6710649728775024, 1.9048595428466797, 2.0980069637298584, 2.023000717163086, 1.996031641960144, 1.9063559770584106, 1.7674511671066284, 1.8727834224700928, 2.035726547241211, 2.0551910400390625, 2.149890422821045, 1.8983278274536133, 2.0512406826019287, 2.066899299621582, 2.0989279747009277]",40.0,0.02342281921771265,True,999,0.7222222089767456,0.0,1.0,114.83586120605469,115.54708862304688,3.767502784729004,2.3203821182250977,0.08952276408672333,"[0.7083333333333334, 0.8611111111111112, 0.8888888888888888, 0.4305555555555556]","[0.0, 0.0, 0.0, 0.0]",0.0,1,False,0.9463050536420103,,,,,0.031521223672791684,0.11896418199786907,0.08744295832507738,"['CP2', 'CP3', 'CP4', 'CPz', 'C6']","['CP2', 'CP3', 'CP4', 'CPz', 'POz']",,,,8,DeepConvNet
FGSM_LP,True,gaussian,3.0,Linf,0.25,0.02342281921771265,"[0.24871696531772614, 0.22645851969718933, 0.24924810230731964, 0.26279327273368835, 0.2566395401954651, 0.2504960298538208, 0.1744140088558197, 0.2088831216096878, 0.23810744285583496, 0.2622508704662323, 0.25287508964538574, 0.249503955245018, 0.23829449713230133, 0.22093139588832855, 0.2340979278087616, 0.25446581840515137, 0.2568988800048828, 0.2687363028526306, 0.23729097843170166, 0.2564050853252411, 0.25836241245269775, 0.26236599683761597]",,,False,999,0.7222222089767456,0.6770833134651184,0.3229166865348816,3.6067190170288086,3.604727029800415,0.023422837257385254,32.41352844238281,0.5731273293495178,"[0.7083333333333334, 0.8611111111111112, 0.8888888888888888, 0.4305555555555556]","[0.6527777777777778, 0.8333333333333334, 0.8611111111111112, 0.3611111111111111]",0.0,1,False,0.9992765386787126,,,,,0.031521223672791684,0.03220668573236905,0.0006854620595773686,"['CP2', 'CP3', 'CP4', 'CPz', 'C6']","['CP2', 'CP3', 'CP4', 'CPz', 'C6']",,,,8,DeepConvNet
FGSM_LP,True,gaussian,3.0,Linf,0.5,0.0468456384354253,"[0.49743393063545227, 0.45291703939437866, 0.4984962046146393, 0.5255865454673767, 0.5132790803909302, 0.5009920597076416, 0.3488280177116394, 0.4177662432193756, 0.4762148857116699, 0.5245017409324646, 0.5057501792907715, 0.499007910490036, 0.47658899426460266, 0.4418627917766571, 0.4681958556175232, 0.5089316368103027, 0.5137977600097656, 0.5374726057052612, 0.4745819568634033, 0.5128101706504822, 0.5167248249053955, 0.5247319936752319]",,,False,999,0.7222222089767456,0.6423611044883728,0.3576388955116272,7.078658580780029,7.076177597045898,0.04684567451477051,26.5550594329834,0.5634575486183167,"[0.7083333333333334, 0.8611111111111112, 0.8888888888888888, 0.4305555555555556]","[0.625, 0.7638888888888888, 0.8611111111111112, 0.3194444444444444]",0.0,1,False,0.9992765386787126,,,,,0.031521223672791684,0.03220668573236905,0.0006854620595773686,"['CP2', 'CP3', 'CP4', 'CPz', 'C6']","['CP2', 'CP3', 'CP4', 'CPz', 'C6']",,,,8,DeepConvNet
FGSM_LP,True,gaussian,3.0,Linf,1.0,0.0936912768708506,"[0.9948678612709045, 0.9058340787887573, 0.9969924092292786, 1.0511730909347534, 1.0265581607818604, 1.0019841194152832, 0.6976560354232788, 0.8355324864387512, 0.9524297714233398, 1.0490034818649292, 1.011500358581543, 0.998015820980072, 0.9531779885292053, 0.8837255835533142, 0.9363917112350464, 1.0178632736206055, 1.0275955200195312, 1.0749452114105225, 0.9491639137268066, 1.0256203413009644, 1.033449649810791, 1.0494639873504639]",,,False,999,0.7222222089767456,0.5243055820465088,0.4756944179534912,13.684528350830078,13.68076229095459,0.09369134902954102,20.82894515991211,0.5479415059089661,"[0.7083333333333334, 0.8611111111111112, 0.8888888888888888, 0.4305555555555556]","[0.4722222222222222, 0.6805555555555556, 0.7361111111111112, 0.20833333333333334]",0.0,1,False,0.9992765386787126,,,,,0.031521223672791684,0.03220668573236905,0.0006854620595773686,"['CP2', 'CP3', 'CP4', 'CPz', 'C6']","['CP2', 'CP3', 'CP4', 'CPz', 'C6']",,,,8,DeepConvNet
FGSM_LP,True,gaussian,3.0,Linf,2.0,0.1873825537417012,"[1.989735722541809, 1.8116681575775146, 1.9939848184585571, 2.102346181869507, 2.0531163215637207, 2.0039682388305664, 1.3953120708465576, 1.6710649728775024, 1.9048595428466797, 2.0980069637298584, 2.023000717163086, 1.996031641960144, 1.9063559770584106, 1.7674511671066284, 1.8727834224700928, 2.035726547241211, 2.0551910400390625, 2.149890422821045, 1.8983278274536133, 2.0512406826019287, 2.066899299621582, 2.0989279747009277]",,,False,999,0.7222222089767456,0.1770833283662796,0.8229166716337204,25.75465202331543,25.761962890625,0.18738260865211487,15.33180046081543,0.5231623649597168,"[0.7083333333333334, 0.8611111111111112, 0.8888888888888888, 0.4305555555555556]","[0.027777777777777776, 0.2638888888888889, 0.3194444444444444, 0.09722222222222222]",0.0,1,False,0.9992765386787126,,,,,0.031521223672791684,0.03220668573236905,0.0006854620595773686,"['CP2', 'CP3', 'CP4', 'CPz', 'C6']","['CP2', 'CP3', 'CP4', 'CPz', 'C6']",,,,8,DeepConvNet
PGD_LP,True,gaussian,3.0,Linf,0.25,0.02342281921771265,"[0.24871696531772614, 0.22645851969718933, 0.24924810230731964, 0.26279327273368835, 0.2566395401954651, 0.2504960298538208, 0.1744140088558197, 0.2088831216096878, 0.23810744285583496, 0.2622508704662323, 0.25287508964538574, 0.249503955245018, 0.23829449713230133, 0.22093139588832855, 0.2340979278087616, 0.25446581840515137, 0.2568988800048828, 0.2687363028526306, 0.23729097843170166, 0.2564050853252411, 0.25836241245269775, 0.26236599683761597]",40.0,0.0029278524022140814,True,999,0.7222222089767456,0.6840277910232544,0.3159722089767456,3.6075632572174072,3.604609489440918,0.023422837257385254,32.41381072998047,0.5728248953819275,"[0.7083333333333334, 0.8611111111111112, 0.8888888888888888, 0.4305555555555556]","[0.6666666666666666, 0.8472222222222222, 0.8611111111111112, 0.3611111111111111]",0.0,1,False,0.9992588932806323,,,,,0.031521223672791684,0.032083335702784294,0.0005621120299926091,"['CP2', 'CP3', 'CP4', 'CPz', 'C6']","['CP2', 'CP3', 'CP4', 'CPz', 'C6']",,,,8,DeepConvNet
PGD_LP,True,gaussian,3.0,Linf,0.5,0.0468456384354253,"[0.49743393063545227, 0.45291703939437866, 0.4984962046146393, 0.5255865454673767, 0.5132790803909302, 0.5009920597076416, 0.3488280177116394, 0.4177662432193756, 0.4762148857116699, 0.5245017409324646, 0.5057501792907715, 0.499007910490036, 0.47658899426460266, 0.4418627917766571, 0.4681958556175232, 0.5089316368103027, 0.5137977600097656, 0.5374726057052612, 0.4745819568634033, 0.5128101706504822, 0.5167248249053955, 0.5247319936752319]",40.0,0.005855704804428163,True,999,0.7222222089767456,0.65625,0.34375,7.079712867736816,7.07592248916626,0.04684567451477051,26.55537223815918,0.5634532570838928,"[0.7083333333333334, 0.8611111111111112, 0.8888888888888888, 0.4305555555555556]","[0.6388888888888888, 0.8055555555555556, 0.8611111111111112, 0.3194444444444444]",0.0,1,False,0.9992588932806323,,,,,0.031521223672791684,0.032083335702784294,0.0005621120299926091,"['CP2', 'CP3', 'CP4', 'CPz', 'C6']","['CP2', 'CP3', 'CP4', 'CPz', 'C6']",,,,8,DeepConvNet
PGD_LP,True,gaussian,3.0,Linf,1.0,0.0936912768708506,"[0.9948678612709045, 0.9058340787887573, 0.9969924092292786, 1.0511730909347534, 1.0265581607818604, 1.0019841194152832, 0.6976560354232788, 0.8355324864387512, 0.9524297714233398, 1.0490034818649292, 1.011500358581543, 0.998015820980072, 0.9531779885292053, 0.8837255835533142, 0.9363917112350464, 1.0178632736206055, 1.0275955200195312, 1.0749452114105225, 0.9491639137268066, 1.0256203413009644, 1.033449649810791, 1.0494639873504639]",40.0,0.011711409608856325,True,999,0.7222222089767456,0.5486111044883728,0.4513888955116272,13.687496185302734,13.680866241455078,0.09369134902954102,20.828880310058594,0.5482326745986938,"[0.7083333333333334, 0.8611111111111112, 0.8888888888888888, 0.4305555555555556]","[0.5138888888888888, 0.6944444444444444, 0.7638888888888888, 0.2222222222222222]",0.0,1,False,0.9992588932806323,,,,,0.031521223672791684,0.032083335702784294,0.0005621120299926091,"['CP2', 'CP3', 'CP4', 'CPz', 'C6']","['CP2', 'CP3', 'CP4', 'CPz', 'C6']",,,,8,DeepConvNet
PGD_LP,True,gaussian,3.0,Linf,2.0,0.1873825537417012,"[1.989735722541809, 1.8116681575775146, 1.9939848184585571, 2.102346181869507, 2.0531163215637207, 2.0039682388305664, 1.3953120708465576, 1.6710649728775024, 1.9048595428466797, 2.0980069637298584, 2.023000717163086, 1.996031641960144, 1.9063559770584106, 1.7674511671066284, 1.8727834224700928, 2.035726547241211, 2.0551910400390625, 2.149890422821045, 1.8983278274536133, 2.0512406826019287, 2.066899299621582, 2.0989279747009277]",40.0,0.02342281921771265,True,999,0.7222222089767456,0.2673611044883728,0.7326388955116272,25.730318069458008,25.750503540039062,0.18738260865211487,15.335686683654785,0.522963285446167,"[0.7083333333333334, 0.8611111111111112, 0.8888888888888888, 0.4305555555555556]","[0.1111111111111111, 0.4166666666666667, 0.4027777777777778, 0.1388888888888889]",0.0,1,False,0.9992588932806323,,,,,0.031521223672791684,0.032083335702784294,0.0005621120299926091,"['CP2', 'CP3', 'CP4', 'CPz', 'C6']","['CP2', 'CP3', 'CP4', 'CPz', 'C6']",,,,8,DeepConvNet
DeepFool_L2,,,,L2,,,,50.0,,,999,0.7222222089767456,0.1388888955116272,0.8611111044883728,107.21349334716797,81.93110656738281,2.697617530822754,80.55717468261719,125.99898529052734,,,0.0,1,False,0.9591332580463016,,,,,0.031521223672791684,0.06802290422439754,0.03650168055160585,"['CP2', 'CP3', 'CP4', 'CPz', 'C6']","['CP2', 'CP3', 'CP4', 'CPz', 'C6']",,,,8,DeepConvNet
FGSM,False,,,Linf,0.25,0.02342281921771265,"[0.24871696531772614, 0.22645851969718933, 0.24924810230731964, 0.26279327273368835, 0.2566395401954651, 0.2504960298538208, 0.1744140088558197, 0.2088831216096878, 0.23810744285583496, 0.2622508704662323, 0.25287508964538574, 0.249503955245018, 0.23829449713230133, 0.22093139588832855, 0.2340979278087616, 0.25446581840515137, 0.2568988800048828, 0.2687363028526306, 0.23729097843170166, 0.2564050853252411, 0.25836241245269775, 0.26236599683761597]",,,False,42,0.7291666865348816,0.1527777761220932,0.8472222238779068,113.05992126464844,114.33087921142578,3.767502784729004,2.413654327392578,0.10254056751728058,"[0.7777777777777778, 0.6666666666666666, 0.7083333333333334, 0.7638888888888888]","[0.0, 0.0, 0.027777777777777776, 0.5833333333333334]",0.0,1,False,0.9267010163749296,,,,,-0.052962715007790956,-0.02258895679205547,0.030373758215735486,"['P1', 'CP2', 'C2', 'CP1', 'C5']","['P1', 'C2', 'CP2', 'C5', 'Fz']",,,,8,CTNet
FGSM,False,,,Linf,0.5,0.0468456384354253,"[0.49743393063545227, 0.45291703939437866, 0.4984962046146393, 0.5255865454673767, 0.5132790803909302, 0.5009920597076416, 0.3488280177116394, 0.4177662432193756, 0.4762148857116699, 0.5245017409324646, 0.5057501792907715, 0.499007910490036, 0.47658899426460266, 0.4418627917766571, 0.4681958556175232, 0.5089316368103027, 0.5137977600097656, 0.5374726057052612, 0.4745819568634033, 0.5128101706504822, 0.5167248249053955, 0.5247319936752319]",,,False,42,0.7291666865348816,0.0520833320915699,0.9479166679084301,113.44656372070312,114.39501953125,3.767502784729004,2.4087088108062744,0.10179793834686279,"[0.7777777777777778, 0.6666666666666666, 0.7083333333333334, 0.7638888888888888]","[0.0, 0.0, 0.0, 0.20833333333333334]",0.0,1,False,0.9267010163749296,,,,,-0.052962715007790956,-0.02258895679205547,0.030373758215735486,"['P1', 'CP2', 'C2', 'CP1', 'C5']","['P1', 'C2', 'CP2', 'C5', 'Fz']",,,,8,CTNet
FGSM,False,,,Linf,1.0,0.0936912768708506,"[0.9948678612709045, 0.9058340787887573, 0.9969924092292786, 1.0511730909347534, 1.0265581607818604, 1.0019841194152832, 0.6976560354232788, 0.8355324864387512, 0.9524297714233398, 1.0490034818649292, 1.011500358581543, 0.998015820980072, 0.9531779885292053, 0.8837255835533142, 0.9363917112350464, 1.0178632736206055, 1.0275955200195312, 1.0749452114105225, 0.9491639137268066, 1.0256203413009644, 1.033449649810791, 1.0494639873504639]",,,False,42,0.7291666865348816,0.0,1.0,113.96261596679688,114.65082550048828,3.767502784729004,2.3890140056610107,0.09889646619558334,"[0.7777777777777778, 0.6666666666666666, 0.7083333333333334, 0.7638888888888888]","[0.0, 0.0, 0.0, 0.0]",0.0,1,False,0.9267010163749296,,,,,-0.052962715007790956,-0.02258895679205547,0.030373758215735486,"['P1', 'CP2', 'C2', 'CP1', 'C5']","['P1', 'C2', 'CP2', 'C5', 'Fz']",,,,8,CTNet
FGSM,False,,,Linf,2.0,0.1873825537417012,"[1.989735722541809, 1.8116681575775146, 1.9939848184585571, 2.102346181869507, 2.0531163215637207, 2.0039682388305664, 1.3953120708465576, 1.6710649728775024, 1.9048595428466797, 2.0980069637298584, 2.023000717163086, 1.996031641960144, 1.9063559770584106, 1.7674511671066284, 1.8727834224700928, 2.035726547241211, 2.0551910400390625, 2.149890422821045, 1.8983278274536133, 2.0512406826019287, 2.066899299621582, 2.0989279747009277]",,,False,42,0.7291666865348816,0.0,1.0,114.93556213378906,115.66151428222656,3.767502784729004,2.3116562366485596,0.08833590149879456,"[0.7777777777777778, 0.6666666666666666, 0.7083333333333334, 0.7638888888888888]","[0.0, 0.0, 0.0, 0.0]",0.0,1,False,0.9267010163749296,,,,,-0.052962715007790956,-0.02258895679205547,0.030373758215735486,"['P1', 'CP2', 'C2', 'CP1', 'C5']","['P1', 'C2', 'CP2', 'C5', 'Fz']",,,,8,CTNet
PGD,False,,,Linf,0.25,0.02342281921771265,"[0.24871696531772614, 0.22645851969718933, 0.24924810230731964, 0.26279327273368835, 0.2566395401954651, 0.2504960298538208, 0.1744140088558197, 0.2088831216096878, 0.23810744285583496, 0.2622508704662323, 0.25287508964538574, 0.249503955245018, 0.23829449713230133, 0.22093139588832855, 0.2340979278087616, 0.25446581840515137, 0.2568988800048828, 0.2687363028526306, 0.23729097843170166, 0.2564050853252411, 0.25836241245269775, 0.26236599683761597]",40.0,0.0029278524022140814,True,42,0.7291666865348816,0.0694444477558136,0.9305555522441864,113.16767883300781,114.330810546875,3.767502784729004,2.41365909576416,0.10254177451133728,"[0.7777777777777778, 0.6666666666666666, 0.7083333333333334, 0.7638888888888888]","[0.0, 0.0, 0.0, 0.2777777777777778]",0.0,1,False,0.9263216403162056,,,,,-0.052962715007790956,-0.01928604603523057,0.033676668972560386,"['P1', 'CP2', 'C2', 'CP1', 'C5']","['P1', 'C2', 'CP2', 'C5', 'Fz']",,,,8,CTNet
PGD,False,,,Linf,0.5,0.0468456384354253,"[0.49743393063545227, 0.45291703939437866, 0.4984962046146393, 0.5255865454673767, 0.5132790803909302, 0.5009920597076416, 0.3488280177116394, 0.4177662432193756, 0.4762148857116699, 0.5245017409324646, 0.5057501792907715, 0.499007910490036, 0.47658899426460266, 0.4418627917766571, 0.4681958556175232, 0.5089316368103027, 0.5137977600097656, 0.5374726057052612, 0.4745819568634033, 0.5128101706504822, 0.5167248249053955, 0.5247319936752319]",40.0,0.005855704804428163,True,42,0.7291666865348816,0.0034722222480922937,0.9965277777519077,113.71212768554688,114.39463806152344,3.767502784729004,2.408737897872925,0.1018013134598732,"[0.7777777777777778, 0.6666666666666666, 0.7083333333333334, 0.7638888888888888]","[0.0, 0.0, 0.0, 0.013888888888888888]",0.0,1,False,0.9263216403162056,,,,,-0.052962715007790956,-0.01928604603523057,0.033676668972560386,"['P1', 'CP2', 'C2', 'CP1', 'C5']","['P1', 'C2', 'CP2', 'C5', 'Fz']",,,,8,CTNet
PGD,False,,,Linf,1.0,0.0936912768708506,"[0.9948678612709045, 0.9058340787887573, 0.9969924092292786, 1.0511730909347534, 1.0265581607818604, 1.0019841194152832, 0.6976560354232788, 0.8355324864387512, 0.9524297714233398, 1.0490034818649292, 1.011500358581543, 0.998015820980072, 0.9531779885292053, 0.8837255835533142, 0.9363917112350464, 1.0178632736206055, 1.0275955200195312, 1.0749452114105225, 0.9491639137268066, 1.0256203413009644, 1.033449649810791, 1.0494639873504639]",40.0,0.011711409608856325,True,42,0.7291666865348816,0.0,1.0,113.95985412597656,114.6475830078125,3.767502784729004,2.389263153076172,0.09892749041318893,"[0.7777777777777778, 0.6666666666666666, 0.7083333333333334, 0.7638888888888888]","[0.0, 0.0, 0.0, 0.0]",0.0,1,False,0.9263216403162056,,,,,-0.052962715007790956,-0.01928604603523057,0.033676668972560386,"['P1', 'CP2', 'C2', 'CP1', 'C5']","['P1', 'C2', 'CP2', 'C5', 'Fz']",,,,8,CTNet
PGD,False,,,Linf,2.0,0.1873825537417012,"[1.989735722541809, 1.8116681575775146, 1.9939848184585571, 2.102346181869507, 2.0531163215637207, 2.0039682388305664, 1.3953120708465576, 1.6710649728775024, 1.9048595428466797, 2.0980069637298584, 2.023000717163086, 1.996031641960144, 1.9063559770584106, 1.7674511671066284, 1.8727834224700928, 2.035726547241211, 2.0551910400390625, 2.149890422821045, 1.8983278274536133, 2.0512406826019287, 2.066899299621582, 2.0989279747009277]",40.0,0.02342281921771265,True,42,0.7291666865348816,0.0,1.0,114.90982055664062,115.63650512695312,3.767502784729004,2.3135578632354736,0.08852242678403854,"[0.7777777777777778, 0.6666666666666666, 0.7083333333333334, 0.7638888888888888]","[0.0, 0.0, 0.0, 0.0]",0.0,1,False,0.9263216403162056,,,,,-0.052962715007790956,-0.01928604603523057,0.033676668972560386,"['P1', 'CP2', 'C2', 'CP1', 'C5']","['P1', 'C2', 'CP2', 'C5', 'Fz']",,,,8,CTNet
FGSM_LP,True,gaussian,3.0,Linf,0.25,0.02342281921771265,"[0.24871696531772614, 0.22645851969718933, 0.24924810230731964, 0.26279327273368835, 0.2566395401954651, 0.2504960298538208, 0.1744140088558197, 0.2088831216096878, 0.23810744285583496, 0.2622508704662323, 0.25287508964538574, 0.249503955245018, 0.23829449713230133, 0.22093139588832855, 0.2340979278087616, 0.25446581840515137, 0.2568988800048828, 0.2687363028526306, 0.23729097843170166, 0.2564050853252411, 0.25836241245269775, 0.26236599683761597]",,,False,42,0.7291666865348816,0.6736111044883728,0.3263888955116272,3.605700969696045,3.607010841369629,0.023422837257385254,32.40802001953125,0.573715329170227,"[0.7777777777777778, 0.6666666666666666, 0.7083333333333334, 0.7638888888888888]","[0.6388888888888888, 0.625, 0.6805555555555556, 0.75]",0.0,1,False,0.998932453416149,,,,,-0.052962715007790956,-0.05163554007997422,0.0013271749278167336,"['P1', 'CP2', 'C2', 'CP1', 'C5']","['P1', 'CP2', 'C2', 'CP1', 'C5']",,,,8,CTNet
FGSM_LP,True,gaussian,3.0,Linf,0.5,0.0468456384354253,"[0.49743393063545227, 0.45291703939437866, 0.4984962046146393, 0.5255865454673767, 0.5132790803909302, 0.5009920597076416, 0.3488280177116394, 0.4177662432193756, 0.4762148857116699, 0.5245017409324646, 0.5057501792907715, 0.499007910490036, 0.47658899426460266, 0.4418627917766571, 0.4681958556175232, 0.5089316368103027, 0.5137977600097656, 0.5374726057052612, 0.4745819568634033, 0.5128101706504822, 0.5167248249053955, 0.5247319936752319]",,,False,42,0.7291666865348816,0.5277777910232544,0.4722222089767456,7.081498146057129,7.085215091705322,0.04684567451477051,26.543954849243164,0.5649970769882202,"[0.7777777777777778, 0.6666666666666666, 0.7083333333333334, 0.7638888888888888]","[0.4861111111111111, 0.4861111111111111, 0.4444444444444444, 0.6944444444444444]",0.0,1,False,0.998932453416149,,,,,-0.052962715007790956,-0.05163554007997422,0.0013271749278167336,"['P1', 'CP2', 'C2', 'CP1', 'C5']","['P1', 'CP2', 'C2', 'CP1', 'C5']",,,,8,CTNet
FGSM_LP,True,gaussian,3.0,Linf,1.0,0.0936912768708506,"[0.9948678612709045, 0.9058340787887573, 0.9969924092292786, 1.0511730909347534, 1.0265581607818604, 1.0019841194152832, 0.6976560354232788, 0.8355324864387512, 0.9524297714233398, 1.0490034818649292, 1.011500358581543, 0.998015820980072, 0.9531779885292053, 0.8837255835533142, 0.9363917112350464, 1.0178632736206055, 1.0275955200195312, 1.0749452114105225, 0.9491639137268066, 1.0256203413009644, 1.033449649810791, 1.0494639873504639]",,,False,42,0.7291666865348816,0.1979166716337204,0.8020833283662796,13.715479850769043,13.71884536743164,0.09369134902954102,20.80475616455078,0.55137699842453,"[0.7777777777777778, 0.6666666666666666, 0.7083333333333334, 0.7638888888888888]","[0.08333333333333333, 0.1527777777777778, 0.06944444444444445, 0.4861111111111111]",0.0,1,False,0.998932453416149,,,,,-0.052962715007790956,-0.05163554007997422,0.0013271749278167336,"['P1', 'CP2', 'C2', 'CP1', 'C5']","['P1', 'CP2', 'C2', 'CP1', 'C5']",,,,8,CTNet
FGSM_LP,True,gaussian,3.0,Linf,2.0,0.1873825537417012,"[1.989735722541809, 1.8116681575775146, 1.9939848184585571, 2.102346181869507, 2.0531163215637207, 2.0039682388305664, 1.3953120708465576, 1.6710649728775024, 1.9048595428466797, 2.0980069637298584, 2.023000717163086, 1.996031641960144, 1.9063559770584106, 1.7674511671066284, 1.8727834224700928, 2.035726547241211, 2.0551910400390625, 2.149890422821045, 1.8983278274536133, 2.0512406826019287, 2.066899299621582, 2.0989279747009277]",,,False,42,0.7291666865348816,0.0347222238779068,0.9652777761220932,25.914400100708008,25.91796112060547,0.18738260865211487,15.27925968170166,0.5305714011192322,"[0.7777777777777778, 0.6666666666666666, 0.7083333333333334, 0.7638888888888888]","[0.0, 0.0, 0.0, 0.1388888888888889]",0.0,1,False,0.998932453416149,,,,,-0.052962715007790956,-0.05163554007997422,0.0013271749278167336,"['P1', 'CP2', 'C2', 'CP1', 'C5']","['P1', 'CP2', 'C2', 'CP1', 'C5']",,,,8,CTNet
PGD_LP,True,gaussian,3.0,Linf,0.25,0.02342281921771265,"[0.24871696531772614, 0.22645851969718933, 0.24924810230731964, 0.26279327273368835, 0.2566395401954651, 0.2504960298538208, 0.1744140088558197, 0.2088831216096878, 0.23810744285583496, 0.2622508704662323, 0.25287508964538574, 0.249503955245018, 0.23829449713230133, 0.22093139588832855, 0.2340979278087616, 0.25446581840515137, 0.2568988800048828, 0.2687363028526306, 0.23729097843170166, 0.2564050853252411, 0.25836241245269775, 0.26236599683761597]",40.0,0.0029278524022140814,True,42,0.7291666865348816,0.6944444179534912,0.3055555820465088,3.606386184692383,3.6076762676239014,0.023422837257385254,32.40641403198242,0.5737597942352295,"[0.7777777777777778, 0.6666666666666666, 0.7083333333333334, 0.7638888888888888]","[0.6388888888888888, 0.6527777777777778, 0.7083333333333334, 0.7777777777777778]",0.0,1,False,0.9987559994353472,,,,,-0.052962715007790956,-0.05125791490273794,0.0017048001050530143,"['P1', 'CP2', 'C2', 'CP1', 'C5']","['P1', 'CP2', 'C2', 'CP1', 'C5']",,,,8,CTNet
PGD_LP,True,gaussian,3.0,Linf,0.5,0.0468456384354253,"[0.49743393063545227, 0.45291703939437866, 0.4984962046146393, 0.5255865454673767, 0.5132790803909302, 0.5009920597076416, 0.3488280177116394, 0.4177662432193756, 0.4762148857116699, 0.5245017409324646, 0.5057501792907715, 0.499007910490036, 0.47658899426460266, 0.4418627917766571, 0.4681958556175232, 0.5089316368103027, 0.5137977600097656, 0.5374726057052612, 0.4745819568634033, 0.5128101706504822, 0.5167248249053955, 0.5247319936752319]",40.0,0.005855704804428163,True,42,0.7291666865348816,0.5902777910232544,0.4097222089767456,7.085256576538086,7.088379859924316,0.04684567451477051,26.54007339477539,0.564978301525116,"[0.7777777777777778, 0.6666666666666666, 0.7083333333333334, 0.7638888888888888]","[0.5416666666666666, 0.5416666666666666, 0.5555555555555556, 0.7222222222222222]",0.0,1,False,0.9987559994353472,,,,,-0.052962715007790956,-0.05125791490273794,0.0017048001050530143,"['P1', 'CP2', 'C2', 'CP1', 'C5']","['P1', 'CP2', 'C2', 'CP1', 'C5']",,,,8,CTNet
PGD_LP,True,gaussian,3.0,Linf,1.0,0.0936912768708506,"[0.9948678612709045, 0.9058340787887573, 0.9969924092292786, 1.0511730909347534, 1.0265581607818604, 1.0019841194152832, 0.6976560354232788, 0.8355324864387512, 0.9524297714233398, 1.0490034818649292, 1.011500358581543, 0.998015820980072, 0.9531779885292053, 0.8837255835533142, 0.9363917112350464, 1.0178632736206055, 1.0275955200195312, 1.0749452114105225, 0.9491639137268066, 1.0256203413009644, 1.033449649810791, 1.0494639873504639]",40.0,0.011711409608856325,True,42,0.7291666865348816,0.3090277910232544,0.6909722089767456,13.722665786743164,13.730968475341797,0.09369134902954102,20.797075271606445,0.5518808364868164,"[0.7777777777777778, 0.6666666666666666, 0.7083333333333334, 0.7638888888888888]","[0.1388888888888889, 0.3055555555555556, 0.19444444444444445, 0.5972222222222222]",0.0,1,False,0.9987559994353472,,,,,-0.052962715007790956,-0.05125791490273794,0.0017048001050530143,"['P1', 'CP2', 'C2', 'CP1', 'C5']","['P1', 'CP2', 'C2', 'CP1', 'C5']",,,,8,CTNet
PGD_LP,True,gaussian,3.0,Linf,2.0,0.1873825537417012,"[1.989735722541809, 1.8116681575775146, 1.9939848184585571, 2.102346181869507, 2.0531163215637207, 2.0039682388305664, 1.3953120708465576, 1.6710649728775024, 1.9048595428466797, 2.0980069637298584, 2.023000717163086, 1.996031641960144, 1.9063559770584106, 1.7674511671066284, 1.8727834224700928, 2.035726547241211, 2.0551910400390625, 2.149890422821045, 1.8983278274536133, 2.0512406826019287, 2.066899299621582, 2.0989279747009277]",40.0,0.02342281921771265,True,42,0.7291666865348816,0.03125,0.96875,25.9373779296875,25.94388771057129,0.18738260865211487,15.27056884765625,0.5321771502494812,"[0.7777777777777778, 0.6666666666666666, 0.7083333333333334, 0.7638888888888888]","[0.0, 0.0, 0.0, 0.125]",0.0,1,False,0.9987559994353472,,,,,-0.052962715007790956,-0.05125791490273794,0.0017048001050530143,"['P1', 'CP2', 'C2', 'CP1', 'C5']","['P1', 'CP2', 'C2', 'CP1', 'C5']",,,,8,CTNet
DeepFool_L2,,,,L2,,,,50.0,,,42,0.7291666865348816,0.0520833320915699,0.9479166679084301,108.89690399169922,83.25425720214844,2.7348499298095703,78.5640869140625,124.94576263427734,,,0.0,1,False,0.9494635798983626,,,,,-0.052962715007790956,-0.047270978813242694,0.005691736194548262,"['P1', 'CP2', 'C2', 'CP1', 'C5']","['P1', 'CP2', 'C2', 'CP1', 'C5']",,,,8,CTNet
FGSM,False,,,Linf,0.25,0.02342281921771265,"[0.24871696531772614, 0.22645851969718933, 0.24924810230731964, 0.26279327273368835, 0.2566395401954651, 0.2504960298538208, 0.1744140088558197, 0.2088831216096878, 0.23810744285583496, 0.2622508704662323, 0.25287508964538574, 0.249503955245018, 0.23829449713230133, 0.22093139588832855, 0.2340979278087616, 0.25446581840515137, 0.2568988800048828, 0.2687363028526306, 0.23729097843170166, 0.2564050853252411, 0.25836241245269775, 0.26236599683761597]",,,False,123,0.7083333134651184,0.2430555522441864,0.7569444477558136,113.65641784667969,114.33089447021484,3.767502784729004,2.4136545658111572,0.10254068672657013,"[0.5277777777777778, 0.7777777777777778, 0.7638888888888888, 0.7638888888888888]","[0.0, 0.0, 0.9722222222222222, 0.0]",0.0,1,False,0.8375299971767364,,,,,0.014249466105462565,0.0421347076314643,0.027885241526001733,"['CP4', 'Cz', 'CPz', 'C3', 'C4']","['CP4', 'Cz', 'C3', 'FC4', 'C4']",,,,8,CTNet
FGSM,False,,,Linf,0.5,0.0468456384354253,"[0.49743393063545227, 0.45291703939437866, 0.4984962046146393, 0.5255865454673767, 0.5132790803909302, 0.5009920597076416, 0.3488280177116394, 0.4177662432193756, 0.4762148857116699, 0.5245017409324646, 0.5057501792907715, 0.499007910490036, 0.47658899426460266, 0.4418627917766571, 0.4681958556175232, 0.5089316368103027, 0.5137977600097656, 0.5374726057052612, 0.4745819568634033, 0.5128101706504822, 0.5167248249053955, 0.5247319936752319]",,,False,123,0.7083333134651184,0.2048611044883728,0.7951388955116272,114.11665344238281,114.39500427246094,3.767502784729004,2.4087095260620117,0.10179882496595383,"[0.5277777777777778, 0.7777777777777778, 0.7638888888888888, 0.7638888888888888]","[0.0, 0.0, 0.8194444444444444, 0.0]",0.0,1,False,0.8375299971767364,,,,,0.014249466105462565,0.0421347076314643,0.027885241526001733,"['CP4', 'Cz', 'CPz', 'C3', 'C4']","['CP4', 'Cz', 'C3', 'FC4', 'C4']",,,,8,CTNet
FGSM,False,,,Linf,1.0,0.0936912768708506,"[0.9948678612709045, 0.9058340787887573, 0.9969924092292786, 1.0511730909347534, 1.0265581607818604, 1.0019841194152832, 0.6976560354232788, 0.8355324864387512, 0.9524297714233398, 1.0490034818649292, 1.011500358581543, 0.998015820980072, 0.9531779885292053, 0.8837255835533142, 0.9363917112350464, 1.0178632736206055, 1.0275955200195312, 1.0749452114105225, 0.9491639137268066, 1.0256203413009644, 1.033449649810791, 1.0494639873504639]",,,False,123,0.7083333134651184,0.0069444444961845875,0.9930555555038154,113.962646484375,114.65077209472656,3.767502784729004,2.3890175819396973,0.09889892488718033,"[0.5277777777777778, 0.7777777777777778, 0.7638888888888888, 0.7638888888888888]","[0.0, 0.0, 0.027777777777777776, 0.0]",0.0,1,False,0.8375299971767364,,,,,0.014249466105462565,0.0421347076314643,0.027885241526001733,"['CP4', 'Cz', 'CPz', 'C3', 'C4']","['CP4', 'Cz', 'C3', 'FC4', 'C4']",,,,8,CTNet
FGSM,False,,,Linf,2.0,0.1873825537417012,"[1.989735722541809, 1.8116681575775146, 1.9939848184585571, 2.102346181869507, 2.0531163215637207, 2.0039682388305664, 1.3953120708465576, 1.6710649728775024, 1.9048595428466797, 2.0980069637298584, 2.023000717163086, 1.996031641960144, 1.9063559770584106, 1.7674511671066284, 1.8727834224700928, 2.035726547241211, 2.0551910400390625, 2.149890422821045, 1.8983278274536133, 2.0512406826019287, 2.066899299621582, 2.0989279747009277]",,,False,123,0.7083333134651184,0.0,1.0,114.93476867675781,115.6611328125,3.767502784729004,2.3116862773895264,0.0883684977889061,"[0.5277777777777778, 0.7777777777777778, 0.7638888888888888, 0.7638888888888888]","[0.0, 0.0, 0.0, 0.0]",0.0,1,False,0.8375299971767364,,,,,0.014249466105462565,0.0421347076314643,0.027885241526001733,"['CP4', 'Cz', 'CPz', 'C3', 'C4']","['CP4', 'Cz', 'C3', 'FC4', 'C4']",,,,8,CTNet
PGD,False,,,Linf,0.25,0.02342281921771265,"[0.24871696531772614, 0.22645851969718933, 0.24924810230731964, 0.26279327273368835, 0.2566395401954651, 0.2504960298538208, 0.1744140088558197, 0.2088831216096878, 0.23810744285583496, 0.2622508704662323, 0.25287508964538574, 0.249503955245018, 0.23829449713230133, 0.22093139588832855, 0.2340979278087616, 0.25446581840515137, 0.2568988800048828, 0.2687363028526306, 0.23729097843170166, 0.2564050853252411, 0.25836241245269775, 0.26236599683761597]",40.0,0.0029278524022140814,True,123,0.7083333134651184,0.2395833283662796,0.7604166716337204,113.6618423461914,114.33084869384766,3.767502784729004,2.4136571884155273,0.10254106670618057,"[0.5277777777777778, 0.7777777777777778, 0.7638888888888888, 0.7638888888888888]","[0.0, 0.0, 0.9583333333333334, 0.0]",0.0,1,False,0.8390739695087523,,,,,0.014249466105462565,0.03902502557617576,0.024775559470713193,"['CP4', 'Cz', 'CPz', 'C3', 'C4']","['CP4', 'Cz', 'FC4', 'C3', 'C4']",,,,8,CTNet
PGD,False,,,Linf,0.5,0.0468456384354253,"[0.49743393063545227, 0.45291703939437866, 0.4984962046146393, 0.5255865454673767, 0.5132790803909302, 0.5009920597076416, 0.3488280177116394, 0.4177662432193756, 0.4762148857116699, 0.5245017409324646, 0.5057501792907715, 0.499007910490036, 0.47658899426460266, 0.4418627917766571, 0.4681958556175232, 0.5089316368103027, 0.5137977600097656, 0.5374726057052612, 0.4745819568634033, 0.5128101706504822, 0.5167248249053955, 0.5247319936752319]",40.0,0.005855704804428163,True,123,0.7083333134651184,0.1458333283662796,0.8541666716337204,114.12617492675781,114.39470672607422,3.767502784729004,2.408733367919922,0.10180282592773438,"[0.5277777777777778, 0.7777777777777778, 0.7638888888888888, 0.7638888888888888]","[0.0, 0.0, 0.5833333333333334, 0.0]",0.0,1,False,0.8390739695087523,,,,,0.014249466105462565,0.03902502557617576,0.024775559470713193,"['CP4', 'Cz', 'CPz', 'C3', 'C4']","['CP4', 'Cz', 'FC4', 'C3', 'C4']",,,,8,CTNet
PGD,False,,,Linf,1.0,0.0936912768708506,"[0.9948678612709045, 0.9058340787887573, 0.9969924092292786, 1.0511730909347534, 1.0265581607818604, 1.0019841194152832, 0.6976560354232788, 0.8355324864387512, 0.9524297714233398, 1.0490034818649292, 1.011500358581543, 0.998015820980072, 0.9531779885292053, 0.8837255835533142, 0.9363917112350464, 1.0178632736206055, 1.0275955200195312, 1.0749452114105225, 0.9491639137268066, 1.0256203413009644, 1.033449649810791, 1.0494639873504639]",40.0,0.011711409608856325,True,123,0.7083333134651184,0.0,1.0,113.96075439453125,114.64808654785156,3.767502784729004,2.389223337173462,0.09893181920051575,"[0.5277777777777778, 0.7777777777777778, 0.7638888888888888, 0.7638888888888888]","[0.0, 0.0, 0.0, 0.0]",0.0,1,False,0.8390739695087523,,,,,0.014249466105462565,0.03902502557617576,0.024775559470713193,"['CP4', 'Cz', 'CPz', 'C3', 'C4']","['CP4', 'Cz', 'FC4', 'C3', 'C4']",,,,8,CTNet
PGD,False,,,Linf,2.0,0.1873825537417012,"[1.989735722541809, 1.8116681575775146, 1.9939848184585571, 2.102346181869507, 2.0531163215637207, 2.0039682388305664, 1.3953120708465576, 1.6710649728775024, 1.9048595428466797, 2.0980069637298584, 2.023000717163086, 1.996031641960144, 1.9063559770584106, 1.7674511671066284, 1.8727834224700928, 2.035726547241211, 2.0551910400390625, 2.149890422821045, 1.8983278274536133, 2.0512406826019287, 2.066899299621582, 2.0989279747009277]",40.0,0.02342281921771265,True,123,0.7083333134651184,0.0,1.0,114.91990661621094,115.6396484375,3.767502784729004,2.313324451446533,0.088568776845932,"[0.5277777777777778, 0.7777777777777778, 0.7638888888888888, 0.7638888888888888]","[0.0, 0.0, 0.0, 0.0]",0.0,1,False,0.8390739695087523,,,,,0.014249466105462565,0.03902502557617576,0.024775559470713193,"['CP4', 'Cz', 'CPz', 'C3', 'C4']","['CP4', 'Cz', 'FC4', 'C3', 'C4']",,,,8,CTNet
FGSM_LP,True,gaussian,3.0,Linf,0.25,0.02342281921771265,"[0.24871696531772614, 0.22645851969718933, 0.24924810230731964, 0.26279327273368835, 0.2566395401954651, 0.2504960298538208, 0.1744140088558197, 0.2088831216096878, 0.23810744285583496, 0.2622508704662323, 0.25287508964538574, 0.249503955245018, 0.23829449713230133, 0.22093139588832855, 0.2340979278087616, 0.25446581840515137, 0.2568988800048828, 0.2687363028526306, 0.23729097843170166, 0.2564050853252411, 0.25836241245269775, 0.26236599683761597]",,,False,123,0.7083333134651184,0.6527777910232544,0.3472222089767456,3.609055995941162,3.6074273586273193,0.023422837257385254,32.40701675415039,0.574226975440979,"[0.5277777777777778, 0.7777777777777778, 0.7638888888888888, 0.7638888888888888]","[0.4166666666666667, 0.7083333333333334, 0.75, 0.7361111111111112]",0.0,1,False,0.9982266374929417,,,,,0.014249466105462565,0.015632673550982436,0.0013832074455198719,"['CP4', 'Cz', 'CPz', 'C3', 'C4']","['CP4', 'Cz', 'CPz', 'C3', 'C4']",,,,8,CTNet
FGSM_LP,True,gaussian,3.0,Linf,0.5,0.0468456384354253,"[0.49743393063545227, 0.45291703939437866, 0.4984962046146393, 0.5255865454673767, 0.5132790803909302, 0.5009920597076416, 0.3488280177116394, 0.4177662432193756, 0.4762148857116699, 0.5245017409324646, 0.5057501792907715, 0.499007910490036, 0.47658899426460266, 0.4418627917766571, 0.4681958556175232, 0.5089316368103027, 0.5137977600097656, 0.5374726057052612, 0.4745819568634033, 0.5128101706504822, 0.5167248249053955, 0.5247319936752319]",,,False,123,0.7083333134651184,0.5277777910232544,0.4722222089767456,7.088529586791992,7.086974620819092,0.04684567451477051,26.541791915893555,0.5658703446388245,"[0.5277777777777778, 0.7777777777777778, 0.7638888888888888, 0.7638888888888888]","[0.20833333333333334, 0.5972222222222222, 0.6388888888888888, 0.6666666666666666]",0.0,1,False,0.9982266374929417,,,,,0.014249466105462565,0.015632673550982436,0.0013832074455198719,"['CP4', 'Cz', 'CPz', 'C3', 'C4']","['CP4', 'Cz', 'CPz', 'C3', 'C4']",,,,8,CTNet
FGSM_LP,True,gaussian,3.0,Linf,1.0,0.0936912768708506,"[0.9948678612709045, 0.9058340787887573, 0.9969924092292786, 1.0511730909347534, 1.0265581607818604, 1.0019841194152832, 0.6976560354232788, 0.8355324864387512, 0.9524297714233398, 1.0490034818649292, 1.011500358581543, 0.998015820980072, 0.9531779885292053, 0.8837255835533142, 0.9363917112350464, 1.0178632736206055, 1.0275955200195312, 1.0749452114105225, 0.9491639137268066, 1.0256203413009644, 1.033449649810791, 1.0494639873504639]",,,False,123,0.7083333134651184,0.28125,0.71875,13.719828605651855,13.724930763244629,0.09369134902954102,20.800893783569336,0.5526443719863892,"[0.5277777777777778, 0.7777777777777778, 0.7638888888888888, 0.7638888888888888]","[0.05555555555555555, 0.375, 0.3333333333333333, 0.3611111111111111]",0.0,1,False,0.9982266374929417,,,,,0.014249466105462565,0.015632673550982436,0.0013832074455198719,"['CP4', 'Cz', 'CPz', 'C3', 'C4']","['CP4', 'Cz', 'CPz', 'C3', 'C4']",,,,8,CTNet
FGSM_LP,True,gaussian,3.0,Linf,2.0,0.1873825537417012,"[1.989735722541809, 1.8116681575775146, 1.9939848184585571, 2.102346181869507, 2.0531163215637207, 2.0039682388305664, 1.3953120708465576, 1.6710649728775024, 1.9048595428466797, 2.0980069637298584, 2.023000717163086, 1.996031641960144, 1.9063559770584106, 1.7674511671066284, 1.8727834224700928, 2.035726547241211, 2.0551910400390625, 2.149890422821045, 1.8983278274536133, 2.0512406826019287, 2.066899299621582, 2.0989279747009277]",,,False,123,0.7083333134651184,0.03125,0.96875,25.941585540771484,25.940866470336914,0.18738260865211487,15.27157974243164,0.5318498015403748,"[0.5277777777777778, 0.7777777777777778, 0.7638888888888888, 0.7638888888888888]","[0.0, 0.0, 0.0, 0.125]",0.0,1,False,0.9982266374929417,,,,,0.014249466105462565,0.015632673550982436,0.0013832074455198719,"['CP4', 'Cz', 'CPz', 'C3', 'C4']","['CP4', 'Cz', 'CPz', 'C3', 'C4']",,,,8,CTNet
PGD_LP,True,gaussian,3.0,Linf,0.25,0.02342281921771265,"[0.24871696531772614, 0.22645851969718933, 0.24924810230731964, 0.26279327273368835, 0.2566395401954651, 0.2504960298538208, 0.1744140088558197, 0.2088831216096878, 0.23810744285583496, 0.2622508704662323, 0.25287508964538574, 0.249503955245018, 0.23829449713230133, 0.22093139588832855, 0.2340979278087616, 0.25446581840515137, 0.2568988800048828, 0.2687363028526306, 0.23729097843170166, 0.2564050853252411, 0.25836241245269775, 0.26236599683761597]",40.0,0.0029278524022140814,True,123,0.7083333134651184,0.6770833134651184,0.3229166865348816,3.6097118854522705,3.6078927516937256,0.023422837257385254,32.40589141845703,0.574275553226471,"[0.5277777777777778, 0.7777777777777778, 0.7638888888888888, 0.7638888888888888]","[0.4583333333333333, 0.7222222222222222, 0.7777777777777778, 0.75]",0.0,1,False,0.9981384105025408,,,,,0.014249466105462565,0.015666845233134927,0.0014173791276723621,"['CP4', 'Cz', 'CPz', 'C3', 'C4']","['CP4', 'Cz', 'CPz', 'C3', 'C4']",,,,8,CTNet
PGD_LP,True,gaussian,3.0,Linf,0.5,0.0468456384354253,"[0.49743393063545227, 0.45291703939437866, 0.4984962046146393, 0.5255865454673767, 0.5132790803909302, 0.5009920597076416, 0.3488280177116394, 0.4177662432193756, 0.4762148857116699, 0.5245017409324646, 0.5057501792907715, 0.499007910490036, 0.47658899426460266, 0.4418627917766571, 0.4681958556175232, 0.5089316368103027, 0.5137977600097656, 0.5374726057052612, 0.4745819568634033, 0.5128101706504822, 0.5167248249053955, 0.5247319936752319]",40.0,0.005855704804428163,True,123,0.7083333134651184,0.59375,0.40625,7.0905327796936035,7.088667392730713,0.04684567451477051,26.539716720581055,0.5658887028694153,"[0.5277777777777778, 0.7777777777777778, 0.7638888888888888, 0.7638888888888888]","[0.2638888888888889, 0.6666666666666666, 0.75, 0.6944444444444444]",0.0,1,False,0.9981384105025408,,,,,0.014249466105462565,0.015666845233134927,0.0014173791276723621,"['CP4', 'Cz', 'CPz', 'C3', 'C4']","['CP4', 'Cz', 'CPz', 'C3', 'C4']",,,,8,CTNet
PGD_LP,True,gaussian,3.0,Linf,1.0,0.0936912768708506,"[0.9948678612709045, 0.9058340787887573, 0.9969924092292786, 1.0511730909347534, 1.0265581607818604, 1.0019841194152832, 0.6976560354232788, 0.8355324864387512, 0.9524297714233398, 1.0490034818649292, 1.011500358581543, 0.998015820980072, 0.9531779885292053, 0.8837255835533142, 0.9363917112350464, 1.0178632736206055, 1.0275955200195312, 1.0749452114105225, 0.9491639137268066, 1.0256203413009644, 1.033449649810791, 1.0494639873504639]",40.0,0.011711409608856325,True,123,0.7083333134651184,0.375,0.625,13.724803924560547,13.73130989074707,0.09369134902954102,20.79685401916504,0.552783727645874,"[0.5277777777777778, 0.7777777777777778, 0.7638888888888888, 0.7638888888888888]","[0.06944444444444445, 0.4861111111111111, 0.5138888888888888, 0.4305555555555556]",0.0,1,False,0.9981384105025408,,,,,0.014249466105462565,0.015666845233134927,0.0014173791276723621,"['CP4', 'Cz', 'CPz', 'C3', 'C4']","['CP4', 'Cz', 'CPz', 'C3', 'C4']",,,,8,CTNet
PGD_LP,True,gaussian,3.0,Linf,2.0,0.1873825537417012,"[1.989735722541809, 1.8116681575775146, 1.9939848184585571, 2.102346181869507, 2.0531163215637207, 2.0039682388305664, 1.3953120708465576, 1.6710649728775024, 1.9048595428466797, 2.0980069637298584, 2.023000717163086, 1.996031641960144, 1.9063559770584106, 1.7674511671066284, 1.8727834224700928, 2.035726547241211, 2.0551910400390625, 2.149890422821045, 1.8983278274536133, 2.0512406826019287, 2.066899299621582, 2.0989279747009277]",40.0,0.02342281921771265,True,123,0.7083333134651184,0.0416666679084301,0.9583333320915699,25.945499420166016,25.95679473876953,0.18738260865211487,15.266246795654297,0.5324597954750061,"[0.5277777777777778, 0.7777777777777778, 0.7638888888888888, 0.7638888888888888]","[0.0, 0.041666666666666664, 0.0, 0.125]",0.0,1,False,0.9981384105025408,,,,,0.014249466105462565,0.015666845233134927,0.0014173791276723621,"['CP4', 'Cz', 'CPz', 'C3', 'C4']","['CP4', 'Cz', 'CPz', 'C3', 'C4']",,,,8,CTNet
DeepFool_L2,,,,L2,,,,50.0,,,123,0.7083333134651184,0.010416666977107525,0.9895833330228925,108.904296875,80.88692474365234,2.654472827911377,84.4197769165039,127.81671142578125,,,0.0,1,False,0.8968450028232637,,,,,0.014249466105462565,0.012823872321775908,-0.0014255937836866565,"['CP4', 'Cz', 'CPz', 'C3', 'C4']","['CP4', 'Cz', 'CPz', 'C3', 'C4']",,,,8,CTNet
FGSM,False,,,Linf,0.25,0.02342281921771265,"[0.24871696531772614, 0.22645851969718933, 0.24924810230731964, 0.26279327273368835, 0.2566395401954651, 0.2504960298538208, 0.1744140088558197, 0.2088831216096878, 0.23810744285583496, 0.2622508704662323, 0.25287508964538574, 0.249503955245018, 0.23829449713230133, 0.22093139588832855, 0.2340979278087616, 0.25446581840515137, 0.2568988800048828, 0.2687363028526306, 0.23729097843170166, 0.2564050853252411, 0.25836241245269775, 0.26236599683761597]",,,False,2024,0.6944444179534912,0.0347222238779068,0.9652777761220932,113.8624267578125,114.33087921142578,3.767502784729004,2.413654327392578,0.10254068672657013,"[0.6666666666666666, 0.7083333333333334, 0.8194444444444444, 0.5833333333333334]","[0.09722222222222222, 0.0, 0.041666666666666664, 0.0]",0.0,1,False,0.939546866177301,,,,,-0.06347267634059127,-0.03854571255915732,0.02492696378143395,"['C2', 'FCz', 'P1', 'CPz', 'C1']","['C2', 'FCz', 'P1', 'CPz', 'CP4']",,,,8,CTNet
FGSM,False,,,Linf,0.5,0.0468456384354253,"[0.49743393063545227, 0.45291703939437866, 0.4984962046146393, 0.5255865454673767, 0.5132790803909302, 0.5009920597076416, 0.3488280177116394, 0.4177662432193756, 0.4762148857116699, 0.5245017409324646, 0.5057501792907715, 0.499007910490036, 0.47658899426460266, 0.4418627917766571, 0.4681958556175232, 0.5089316368103027, 0.5137977600097656, 0.5374726057052612, 0.4745819568634033, 0.5128101706504822, 0.5167248249053955, 0.5247319936752319]",,,False,2024,0.6944444179534912,0.0,1.0,113.71772766113281,114.39505004882812,3.767502784729004,2.4087071418762207,0.10179878026247025,"[0.6666666666666666, 0.7083333333333334, 0.8194444444444444, 0.5833333333333334]","[0.0, 0.0, 0.0, 0.0]",0.0,1,False,0.939546866177301,,,,,-0.06347267634059127,-0.03854571255915732,0.02492696378143395,"['C2', 'FCz', 'P1', 'CPz', 'C1']","['C2', 'FCz', 'P1', 'CPz', 'CP4']",,,,8,CTNet
FGSM,False,,,Linf,1.0,0.0936912768708506,"[0.9948678612709045, 0.9058340787887573, 0.9969924092292786, 1.0511730909347534, 1.0265581607818604, 1.0019841194152832, 0.6976560354232788, 0.8355324864387512, 0.9524297714233398, 1.0490034818649292, 1.011500358581543, 0.998015820980072, 0.9531779885292053, 0.8837255835533142, 0.9363917112350464, 1.0178632736206055, 1.0275955200195312, 1.0749452114105225, 0.9491639137268066, 1.0256203413009644, 1.033449649810791, 1.0494639873504639]",,,False,2024,0.6944444179534912,0.0,1.0,113.96243286132812,114.65101623535156,3.767502784729004,2.3889987468719482,0.09889698028564453,"[0.6666666666666666, 0.7083333333333334, 0.8194444444444444, 0.5833333333333334]","[0.0, 0.0, 0.0, 0.0]",0.0,1,False,0.939546866177301,,,,,-0.06347267634059127,-0.03854571255915732,0.02492696378143395,"['C2', 'FCz', 'P1', 'CPz', 'C1']","['C2', 'FCz', 'P1', 'CPz', 'CP4']",,,,8,CTNet
FGSM,False,,,Linf,2.0,0.1873825537417012,"[1.989735722541809, 1.8116681575775146, 1.9939848184585571, 2.102346181869507, 2.0531163215637207, 2.0039682388305664, 1.3953120708465576, 1.6710649728775024, 1.9048595428466797, 2.0980069637298584, 2.023000717163086, 1.996031641960144, 1.9063559770584106, 1.7674511671066284, 1.8727834224700928, 2.035726547241211, 2.0551910400390625, 2.149890422821045, 1.8983278274536133, 2.0512406826019287, 2.066899299621582, 2.0989279747009277]",,,False,2024,0.6944444179534912,0.0,1.0,114.93167877197266,115.66310119628906,3.767502784729004,2.3115358352661133,0.08836010843515396,"[0.6666666666666666, 0.7083333333333334, 0.8194444444444444, 0.5833333333333334]","[0.0, 0.0, 0.0, 0.0]",0.0,1,False,0.939546866177301,,,,,-0.06347267634059127,-0.03854571255915732,0.02492696378143395,"['C2', 'FCz', 'P1', 'CPz', 'C1']","['C2', 'FCz', 'P1', 'CPz', 'CP4']",,,,8,CTNet
PGD,False,,,Linf,0.25,0.02342281921771265,"[0.24871696531772614, 0.22645851969718933, 0.24924810230731964, 0.26279327273368835, 0.2566395401954651, 0.2504960298538208, 0.1744140088558197, 0.2088831216096878, 0.23810744285583496, 0.2622508704662323, 0.25287508964538574, 0.249503955245018, 0.23829449713230133, 0.22093139588832855, 0.2340979278087616, 0.25446581840515137, 0.2568988800048828, 0.2687363028526306, 0.23729097843170166, 0.2564050853252411, 0.25836241245269775, 0.26236599683761597]",40.0,0.0029278524022140814,True,2024,0.6944444179534912,0.0,1.0,113.65638732910156,114.33084869384766,3.767502784729004,2.4136569499969482,0.10254133492708206,"[0.6666666666666666, 0.7083333333333334, 0.8194444444444444, 0.5833333333333334]","[0.0, 0.0, 0.0, 0.0]",0.0,1,False,0.9391851355166574,,,,,-0.06347267634059127,-0.04024308163517596,0.02322959470541531,"['C2', 'FCz', 'P1', 'CPz', 'C1']","['C2', 'FCz', 'P1', 'CPz', 'CP4']",,,,8,CTNet
PGD,False,,,Linf,0.5,0.0468456384354253,"[0.49743393063545227, 0.45291703939437866, 0.4984962046146393, 0.5255865454673767, 0.5132790803909302, 0.5009920597076416, 0.3488280177116394, 0.4177662432193756, 0.4762148857116699, 0.5245017409324646, 0.5057501792907715, 0.499007910490036, 0.47658899426460266, 0.4418627917766571, 0.4681958556175232, 0.5089316368103027, 0.5137977600097656, 0.5374726057052612, 0.4745819568634033, 0.5128101706504822, 0.5167248249053955, 0.5247319936752319]",40.0,0.005855704804428163,True,2024,0.6944444179534912,0.0,1.0,113.71751403808594,114.394775390625,3.767502784729004,2.4087276458740234,0.10180279612541199,"[0.6666666666666666, 0.7083333333333334, 0.8194444444444444, 0.5833333333333334]","[0.0, 0.0, 0.0, 0.0]",0.0,1,False,0.9391851355166574,,,,,-0.06347267634059127,-0.04024308163517596,0.02322959470541531,"['C2', 'FCz', 'P1', 'CPz', 'C1']","['C2', 'FCz', 'P1', 'CPz', 'CP4']",,,,8,CTNet
PGD,False,,,Linf,1.0,0.0936912768708506,"[0.9948678612709045, 0.9058340787887573, 0.9969924092292786, 1.0511730909347534, 1.0265581607818604, 1.0019841194152832, 0.6976560354232788, 0.8355324864387512, 0.9524297714233398, 1.0490034818649292, 1.011500358581543, 0.998015820980072, 0.9531779885292053, 0.8837255835533142, 0.9363917112350464, 1.0178632736206055, 1.0275955200195312, 1.0749452114105225, 0.9491639137268066, 1.0256203413009644, 1.033449649810791, 1.0494639873504639]",40.0,0.011711409608856325,True,2024,0.6944444179534912,0.0,1.0,113.95973205566406,114.64857482910156,3.767502784729004,2.389187812805176,0.09893663972616196,"[0.6666666666666666, 0.7083333333333334, 0.8194444444444444, 0.5833333333333334]","[0.0, 0.0, 0.0, 0.0]",0.0,1,False,0.9391851355166574,,,,,-0.06347267634059127,-0.04024308163517596,0.02322959470541531,"['C2', 'FCz', 'P1', 'CPz', 'C1']","['C2', 'FCz', 'P1', 'CPz', 'CP4']",,,,8,CTNet
PGD,False,,,Linf,2.0,0.1873825537417012,"[1.989735722541809, 1.8116681575775146, 1.9939848184585571, 2.102346181869507, 2.0531163215637207, 2.0039682388305664, 1.3953120708465576, 1.6710649728775024, 1.9048595428466797, 2.0980069637298584, 2.023000717163086, 1.996031641960144, 1.9063559770584106, 1.7674511671066284, 1.8727834224700928, 2.035726547241211, 2.0551910400390625, 2.149890422821045, 1.8983278274536133, 2.0512406826019287, 2.066899299621582, 2.0989279747009277]",40.0,0.02342281921771265,True,2024,0.6944444179534912,0.0,1.0,114.91617584228516,115.64198303222656,3.767502784729004,2.313159942626953,0.0886821448802948,"[0.6666666666666666, 0.7083333333333334, 0.8194444444444444, 0.5833333333333334]","[0.0, 0.0, 0.0, 0.0]",0.0,1,False,0.9391851355166574,,,,,-0.06347267634059127,-0.04024308163517596,0.02322959470541531,"['C2', 'FCz', 'P1', 'CPz', 'C1']","['C2', 'FCz', 'P1', 'CPz', 'CP4']",,,,8,CTNet
FGSM_LP,True,gaussian,3.0,Linf,0.25,0.02342281921771265,"[0.24871696531772614, 0.22645851969718933, 0.24924810230731964, 0.26279327273368835, 0.2566395401954651, 0.2504960298538208, 0.1744140088558197, 0.2088831216096878, 0.23810744285583496, 0.2622508704662323, 0.25287508964538574, 0.249503955245018, 0.23829449713230133, 0.22093139588832855, 0.2340979278087616, 0.25446581840515137, 0.2568988800048828, 0.2687363028526306, 0.23729097843170166, 0.2564050853252411, 0.25836241245269775, 0.26236599683761597]",,,False,2024,0.6944444179534912,0.625,0.375,3.608480930328369,3.6078758239746094,0.023422837257385254,32.40593338012695,0.5737361907958984,"[0.6666666666666666, 0.7083333333333334, 0.8194444444444444, 0.5833333333333334]","[0.625, 0.5972222222222222, 0.75, 0.5277777777777778]",0.0,1,False,0.9981031197063805,,,,,-0.06347267634059127,-0.06106319767001592,0.002409478670575352,"['C2', 'FCz', 'P1', 'CPz', 'C1']","['C2', 'FCz', 'P1', 'CPz', 'C1']",,,,8,CTNet
FGSM_LP,True,gaussian,3.0,Linf,0.5,0.0468456384354253,"[0.49743393063545227, 0.45291703939437866, 0.4984962046146393, 0.5255865454673767, 0.5132790803909302, 0.5009920597076416, 0.3488280177116394, 0.4177662432193756, 0.4762148857116699, 0.5245017409324646, 0.5057501792907715, 0.499007910490036, 0.47658899426460266, 0.4418627917766571, 0.4681958556175232, 0.5089316368103027, 0.5137977600097656, 0.5374726057052612, 0.4745819568634033, 0.5128101706504822, 0.5167248249053955, 0.5247319936752319]",,,False,2024,0.6944444179534912,0.5,0.5,7.089689254760742,7.088303089141846,0.04684567451477051,26.540164947509766,0.5652312636375427,"[0.6666666666666666, 0.7083333333333334, 0.8194444444444444, 0.5833333333333334]","[0.4861111111111111, 0.4722222222222222, 0.6805555555555556, 0.3611111111111111]",0.0,1,False,0.9981031197063805,,,,,-0.06347267634059127,-0.06106319767001592,0.002409478670575352,"['C2', 'FCz', 'P1', 'CPz', 'C1']","['C2', 'FCz', 'P1', 'CPz', 'C1']",,,,8,CTNet
FGSM_LP,True,gaussian,3.0,Linf,1.0,0.0936912768708506,"[0.9948678612709045, 0.9058340787887573, 0.9969924092292786, 1.0511730909347534, 1.0265581607818604, 1.0019841194152832, 0.6976560354232788, 0.8355324864387512, 0.9524297714233398, 1.0490034818649292, 1.011500358581543, 0.998015820980072, 0.9531779885292053, 0.8837255835533142, 0.9363917112350464, 1.0178632736206055, 1.0275955200195312, 1.0749452114105225, 0.9491639137268066, 1.0256203413009644, 1.033449649810791, 1.0494639873504639]",,,False,2024,0.6944444179534912,0.1423611044883728,0.8576388955116272,13.72919750213623,13.730161666870117,0.09369134902954102,20.79758071899414,0.5515604019165039,"[0.6666666666666666, 0.7083333333333334, 0.8194444444444444, 0.5833333333333334]","[0.125, 0.08333333333333333, 0.2361111111111111, 0.125]",0.0,1,False,0.9981031197063805,,,,,-0.06347267634059127,-0.06106319767001592,0.002409478670575352,"['C2', 'FCz', 'P1', 'CPz', 'C1']","['C2', 'FCz', 'P1', 'CPz', 'C1']",,,,8,CTNet
FGSM_LP,True,gaussian,3.0,Linf,2.0,0.1873825537417012,"[1.989735722541809, 1.8116681575775146, 1.9939848184585571, 2.102346181869507, 2.0531163215637207, 2.0039682388305664, 1.3953120708465576, 1.6710649728775024, 1.9048595428466797, 2.0980069637298584, 2.023000717163086, 1.996031641960144, 1.9063559770584106, 1.7674511671066284, 1.8727834224700928, 2.035726547241211, 2.0551910400390625, 2.149890422821045, 1.8983278274536133, 2.0512406826019287, 2.066899299621582, 2.0989279747009277]",,,False,2024,0.6944444179534912,0.0034722222480922937,0.9965277777519077,25.96405792236328,25.96829605102539,0.18738260865211487,15.262401580810547,0.5311071276664734,"[0.6666666666666666, 0.7083333333333334, 0.8194444444444444, 0.5833333333333334]","[0.0, 0.0, 0.0, 0.013888888888888888]",0.0,1,False,0.9981031197063805,,,,,-0.06347267634059127,-0.06106319767001592,0.002409478670575352,"['C2', 'FCz', 'P1', 'CPz', 'C1']","['C2', 'FCz', 'P1', 'CPz', 'C1']",,,,8,CTNet
PGD_LP,True,gaussian,3.0,Linf,0.25,0.02342281921771265,"[0.24871696531772614, 0.22645851969718933, 0.24924810230731964, 0.26279327273368835, 0.2566395401954651, 0.2504960298538208, 0.1744140088558197, 0.2088831216096878, 0.23810744285583496, 0.2622508704662323, 0.25287508964538574, 0.249503955245018, 0.23829449713230133, 0.22093139588832855, 0.2340979278087616, 0.25446581840515137, 0.2568988800048828, 0.2687363028526306, 0.23729097843170166, 0.2564050853252411, 0.25836241245269775, 0.26236599683761597]",40.0,0.0029278524022140814,True,2024,0.6944444179534912,0.6284722089767456,0.3715277910232544,3.6097331047058105,3.608912229537964,0.023422837257385254,32.40343475341797,0.5739933252334595,"[0.6666666666666666, 0.7083333333333334, 0.8194444444444444, 0.5833333333333334]","[0.625, 0.6111111111111112, 0.75, 0.5277777777777778]",0.0,1,False,0.9979707792207793,,,,,-0.06347267634059127,-0.061268730544415825,0.002203945796175444,"['C2', 'FCz', 'P1', 'CPz', 'C1']","['C2', 'FCz', 'P1', 'CPz', 'C1']",,,,8,CTNet
PGD_LP,True,gaussian,3.0,Linf,0.5,0.0468456384354253,"[0.49743393063545227, 0.45291703939437866, 0.4984962046146393, 0.5255865454673767, 0.5132790803909302, 0.5009920597076416, 0.3488280177116394, 0.4177662432193756, 0.4762148857116699, 0.5245017409324646, 0.5057501792907715, 0.499007910490036, 0.47658899426460266, 0.4418627917766571, 0.4681958556175232, 0.5089316368103027, 0.5137977600097656, 0.5374726057052612, 0.4745819568634033, 0.5128101706504822, 0.5167248249053955, 0.5247319936752319]",40.0,0.005855704804428163,True,2024,0.6944444179534912,0.5104166865348816,0.4895833134651184,7.093236923217773,7.092712879180908,0.04684567451477051,26.53475570678711,0.5656485557556152,"[0.6666666666666666, 0.7083333333333334, 0.8194444444444444, 0.5833333333333334]","[0.4861111111111111, 0.4861111111111111, 0.6805555555555556, 0.3888888888888889]",0.0,1,False,0.9979707792207793,,,,,-0.06347267634059127,-0.061268730544415825,0.002203945796175444,"['C2', 'FCz', 'P1', 'CPz', 'C1']","['C2', 'FCz', 'P1', 'CPz', 'C1']",,,,8,CTNet
PGD_LP,True,gaussian,3.0,Linf,1.0,0.0936912768708506,"[0.9948678612709045, 0.9058340787887573, 0.9969924092292786, 1.0511730909347534, 1.0265581607818604, 1.0019841194152832, 0.6976560354232788, 0.8355324864387512, 0.9524297714233398, 1.0490034818649292, 1.011500358581543, 0.998015820980072, 0.9531779885292053, 0.8837255835533142, 0.9363917112350464, 1.0178632736206055, 1.0275955200195312, 1.0749452114105225, 0.9491639137268066, 1.0256203413009644, 1.033449649810791, 1.0494639873504639]",40.0,0.011711409608856325,True,2024,0.6944444179534912,0.1319444477558136,0.8680555522441864,13.742448806762695,13.74524974822998,0.09369134902954102,20.788028717041016,0.5520349740982056,"[0.6666666666666666, 0.7083333333333334, 0.8194444444444444, 0.5833333333333334]","[0.09722222222222222, 0.125, 0.1527777777777778, 0.1527777777777778]",0.0,1,False,0.9979707792207793,,,,,-0.06347267634059127,-0.061268730544415825,0.002203945796175444,"['C2', 'FCz', 'P1', 'CPz', 'C1']","['C2', 'FCz', 'P1', 'CPz', 'C1']",,,,8,CTNet
PGD_LP,True,gaussian,3.0,Linf,2.0,0.1873825537417012,"[1.989735722541809, 1.8116681575775146, 1.9939848184585571, 2.102346181869507, 2.0531163215637207, 2.0039682388305664, 1.3953120708465576, 1.6710649728775024, 1.9048595428466797, 2.0980069637298584, 2.023000717163086, 1.996031641960144, 1.9063559770584106, 1.7674511671066284, 1.8727834224700928, 2.035726547241211, 2.0551910400390625, 2.149890422821045, 1.8983278274536133, 2.0512406826019287, 2.066899299621582, 2.0989279747009277]",40.0,0.02342281921771265,True,2024,0.6944444179534912,0.0034722222480922937,0.9965277777519077,26.014297485351562,26.003841400146484,0.18738260865211487,15.250523567199707,0.5281590223312378,"[0.6666666666666666, 0.7083333333333334, 0.8194444444444444, 0.5833333333333334]","[0.0, 0.0, 0.0, 0.013888888888888888]",0.0,1,False,0.9979707792207793,,,,,-0.06347267634059127,-0.061268730544415825,0.002203945796175444,"['C2', 'FCz', 'P1', 'CPz', 'C1']","['C2', 'FCz', 'P1', 'CPz', 'C1']",,,,8,CTNet
DeepFool_L2,,,,L2,,,,50.0,,,2024,0.6944444179534912,0.0763888880610466,0.9236111119389534,107.91220092773438,79.25794219970703,2.6167306900024414,88.32756805419922,129.52337646484375,,,0.0,1,False,0.9603949040090345,,,,,-0.06347267634059127,-0.05503096393700877,0.008441712403582498,"['C2', 'FCz', 'P1', 'CPz', 'C1']","['C2', 'FCz', 'P1', 'CPz', 'C1']",,,,8,CTNet
FGSM,False,,,Linf,0.25,0.02342281921771265,"[0.24871696531772614, 0.22645851969718933, 0.24924810230731964, 0.26279327273368835, 0.2566395401954651, 0.2504960298538208, 0.1744140088558197, 0.2088831216096878, 0.23810744285583496, 0.2622508704662323, 0.25287508964538574, 0.249503955245018, 0.23829449713230133, 0.22093139588832855, 0.2340979278087616, 0.25446581840515137, 0.2568988800048828, 0.2687363028526306, 0.23729097843170166, 0.2564050853252411, 0.25836241245269775, 0.26236599683761597]",,,False,31415,0.7395833134651184,0.0416666679084301,0.9583333320915699,113.6667709350586,114.33086395263672,3.767502784729004,2.4136548042297363,0.10254070162773132,"[0.5, 0.8888888888888888, 0.8611111111111112, 0.7083333333333334]","[0.013888888888888888, 0.013888888888888888, 0.1388888888888889, 0.0]",0.0,1,False,0.9125052936194242,,,,,0.11669051669525819,0.06539848998098473,-0.051292026714273464,"['C1', 'P1', 'CP4', 'CPz', 'CP3']","['C1', 'P1', 'CP4', 'FC3', 'CP2']",,,,8,CTNet
FGSM,False,,,Linf,0.5,0.0468456384354253,"[0.49743393063545227, 0.45291703939437866, 0.4984962046146393, 0.5255865454673767, 0.5132790803909302, 0.5009920597076416, 0.3488280177116394, 0.4177662432193756, 0.4762148857116699, 0.5245017409324646, 0.5057501792907715, 0.499007910490036, 0.47658899426460266, 0.4418627917766571, 0.4681958556175232, 0.5089316368103027, 0.5137977600097656, 0.5374726057052612, 0.4745819568634033, 0.5128101706504822, 0.5167248249053955, 0.5247319936752319]",,,False,31415,0.7395833134651184,0.0034722222480922937,0.9965277777519077,113.72310638427734,114.39500427246094,3.767502784729004,2.408709764480591,0.10179819911718369,"[0.5, 0.8888888888888888, 0.8611111111111112, 0.7083333333333334]","[0.0, 0.0, 0.013888888888888888, 0.0]",0.0,1,False,0.9125052936194242,,,,,0.11669051669525819,0.06539848998098473,-0.051292026714273464,"['C1', 'P1', 'CP4', 'CPz', 'CP3']","['C1', 'P1', 'CP4', 'FC3', 'CP2']",,,,8,CTNet
FGSM,False,,,Linf,1.0,0.0936912768708506,"[0.9948678612709045, 0.9058340787887573, 0.9969924092292786, 1.0511730909347534, 1.0265581607818604, 1.0019841194152832, 0.6976560354232788, 0.8355324864387512, 0.9524297714233398, 1.0490034818649292, 1.011500358581543, 0.998015820980072, 0.9531779885292053, 0.8837255835533142, 0.9363917112350464, 1.0178632736206055, 1.0275955200195312, 1.0749452114105225, 0.9491639137268066, 1.0256203413009644, 1.033449649810791, 1.0494639873504639]",,,False,31415,0.7395833134651184,0.0,1.0,113.96318054199219,114.65081024169922,3.767502784729004,2.38901424407959,0.09888944774866104,"[0.5, 0.8888888888888888, 0.8611111111111112, 0.7083333333333334]","[0.0, 0.0, 0.0, 0.0]",0.0,1,False,0.9125052936194242,,,,,0.11669051669525819,0.06539848998098473,-0.051292026714273464,"['C1', 'P1', 'CP4', 'CPz', 'CP3']","['C1', 'P1', 'CP4', 'FC3', 'CP2']",,,,8,CTNet
FGSM,False,,,Linf,2.0,0.1873825537417012,"[1.989735722541809, 1.8116681575775146, 1.9939848184585571, 2.102346181869507, 2.0531163215637207, 2.0039682388305664, 1.3953120708465576, 1.6710649728775024, 1.9048595428466797, 2.0980069637298584, 2.023000717163086, 1.996031641960144, 1.9063559770584106, 1.7674511671066284, 1.8727834224700928, 2.035726547241211, 2.0551910400390625, 2.149890422821045, 1.8983278274536133, 2.0512406826019287, 2.066899299621582, 2.0989279747009277]",,,False,31415,0.7395833134651184,0.0,1.0,114.93656921386719,115.66159057617188,3.767502784729004,2.31164813041687,0.08832477778196335,"[0.5, 0.8888888888888888, 0.8611111111111112, 0.7083333333333334]","[0.0, 0.0, 0.0, 0.0]",0.0,1,False,0.9125052936194242,,,,,0.11669051669525819,0.06539848998098473,-0.051292026714273464,"['C1', 'P1', 'CP4', 'CPz', 'CP3']","['C1', 'P1', 'CP4', 'FC3', 'CP2']",,,,8,CTNet
PGD,False,,,Linf,0.25,0.02342281921771265,"[0.24871696531772614, 0.22645851969718933, 0.24924810230731964, 0.26279327273368835, 0.2566395401954651, 0.2504960298538208, 0.1744140088558197, 0.2088831216096878, 0.23810744285583496, 0.2622508704662323, 0.25287508964538574, 0.249503955245018, 0.23829449713230133, 0.22093139588832855, 0.2340979278087616, 0.25446581840515137, 0.2568988800048828, 0.2687363028526306, 0.23729097843170166, 0.2564050853252411, 0.25836241245269775, 0.26236599683761597]",40.0,0.0029278524022140814,True,31415,0.7395833134651184,0.010416666977107525,0.9895833330228925,113.66179656982422,114.33082580566406,3.767502784729004,2.41365909576416,0.1025422066450119,"[0.5, 0.8888888888888888, 0.8611111111111112, 0.7083333333333334]","[0.0, 0.0, 0.041666666666666664, 0.0]",0.0,1,False,0.908270398080181,,,,,0.11669051669525819,0.06625534138109951,-0.050435175314158684,"['C1', 'P1', 'CP4', 'CPz', 'CP3']","['C1', 'P1', 'CP4', 'FC3', 'CP3']",,,,8,CTNet
PGD,False,,,Linf,0.5,0.0468456384354253,"[0.49743393063545227, 0.45291703939437866, 0.4984962046146393, 0.5255865454673767, 0.5132790803909302, 0.5009920597076416, 0.3488280177116394, 0.4177662432193756, 0.4762148857116699, 0.5245017409324646, 0.5057501792907715, 0.499007910490036, 0.47658899426460266, 0.4418627917766571, 0.4681958556175232, 0.5089316368103027, 0.5137977600097656, 0.5374726057052612, 0.4745819568634033, 0.5128101706504822, 0.5167248249053955, 0.5247319936752319]",40.0,0.005855704804428163,True,31415,0.7395833134651184,0.0,1.0,113.71722412109375,114.39466857910156,3.767502784729004,2.408735513687134,0.10180168598890305,"[0.5, 0.8888888888888888, 0.8611111111111112, 0.7083333333333334]","[0.0, 0.0, 0.0, 0.0]",0.0,1,False,0.908270398080181,,,,,0.11669051669525819,0.06625534138109951,-0.050435175314158684,"['C1', 'P1', 'CP4', 'CPz', 'CP3']","['C1', 'P1', 'CP4', 'FC3', 'CP3']",,,,8,CTNet
PGD,False,,,Linf,1.0,0.0936912768708506,"[0.9948678612709045, 0.9058340787887573, 0.9969924092292786, 1.0511730909347534, 1.0265581607818604, 1.0019841194152832, 0.6976560354232788, 0.8355324864387512, 0.9524297714233398, 1.0490034818649292, 1.011500358581543, 0.998015820980072, 0.9531779885292053, 0.8837255835533142, 0.9363917112350464, 1.0178632736206055, 1.0275955200195312, 1.0749452114105225, 0.9491639137268066, 1.0256203413009644, 1.033449649810791, 1.0494639873504639]",40.0,0.011711409608856325,True,31415,0.7395833134651184,0.0,1.0,113.95960998535156,114.64805603027344,3.767502784729004,2.389226198196411,0.09891610592603683,"[0.5, 0.8888888888888888, 0.8611111111111112, 0.7083333333333334]","[0.0, 0.0, 0.0, 0.0]",0.0,1,False,0.908270398080181,,,,,0.11669051669525819,0.06625534138109951,-0.050435175314158684,"['C1', 'P1', 'CP4', 'CPz', 'CP3']","['C1', 'P1', 'CP4', 'FC3', 'CP3']",,,,8,CTNet
PGD,False,,,Linf,2.0,0.1873825537417012,"[1.989735722541809, 1.8116681575775146, 1.9939848184585571, 2.102346181869507, 2.0531163215637207, 2.0039682388305664, 1.3953120708465576, 1.6710649728775024, 1.9048595428466797, 2.0980069637298584, 2.023000717163086, 1.996031641960144, 1.9063559770584106, 1.7674511671066284, 1.8727834224700928, 2.035726547241211, 2.0551910400390625, 2.149890422821045, 1.8983278274536133, 2.0512406826019287, 2.066899299621582, 2.0989279747009277]",40.0,0.02342281921771265,True,31415,0.7395833134651184,0.0,1.0,114.91523742675781,115.6392822265625,3.767502784729004,2.313349723815918,0.08848839998245239,"[0.5, 0.8888888888888888, 0.8611111111111112, 0.7083333333333334]","[0.0, 0.0, 0.0, 0.0]",0.0,1,False,0.908270398080181,,,,,0.11669051669525819,0.06625534138109951,-0.050435175314158684,"['C1', 'P1', 'CP4', 'CPz', 'CP3']","['C1', 'P1', 'CP4', 'FC3', 'CP3']",,,,8,CTNet
FGSM_LP,True,gaussian,3.0,Linf,0.25,0.02342281921771265,"[0.24871696531772614, 0.22645851969718933, 0.24924810230731964, 0.26279327273368835, 0.2566395401954651, 0.2504960298538208, 0.1744140088558197, 0.2088831216096878, 0.23810744285583496, 0.2622508704662323, 0.25287508964538574, 0.249503955245018, 0.23829449713230133, 0.22093139588832855, 0.2340979278087616, 0.25446581840515137, 0.2568988800048828, 0.2687363028526306, 0.23729097843170166, 0.2564050853252411, 0.25836241245269775, 0.26236599683761597]",,,False,31415,0.7395833134651184,0.6805555820465088,0.3194444179534912,3.609294891357422,3.608250856399536,0.023422837257385254,32.405029296875,0.5737197995185852,"[0.5, 0.8888888888888888, 0.8611111111111112, 0.7083333333333334]","[0.4027777777777778, 0.8333333333333334, 0.8472222222222222, 0.6388888888888888]",0.0,1,False,0.9989059853190287,,,,,0.11669051669525819,0.1151704828649112,-0.0015200338303469896,"['C1', 'P1', 'CP4', 'CPz', 'CP3']","['C1', 'P1', 'CP4', 'CPz', 'CP3']",,,,8,CTNet
FGSM_LP,True,gaussian,3.0,Linf,0.5,0.0468456384354253,"[0.49743393063545227, 0.45291703939437866, 0.4984962046146393, 0.5255865454673767, 0.5132790803909302, 0.5009920597076416, 0.3488280177116394, 0.4177662432193756, 0.4762148857116699, 0.5245017409324646, 0.5057501792907715, 0.499007910490036, 0.47658899426460266, 0.4418627917766571, 0.4681958556175232, 0.5089316368103027, 0.5137977600097656, 0.5374726057052612, 0.4745819568634033, 0.5128101706504822, 0.5167248249053955, 0.5247319936752319]",,,False,31415,0.7395833134651184,0.5138888955116272,0.4861111044883728,7.092906951904297,7.090476036071777,0.04684567451477051,26.537498474121094,0.565437376499176,"[0.5, 0.8888888888888888, 0.8611111111111112, 0.7083333333333334]","[0.20833333333333334, 0.7083333333333334, 0.7361111111111112, 0.4027777777777778]",0.0,1,False,0.9989059853190287,,,,,0.11669051669525819,0.1151704828649112,-0.0015200338303469896,"['C1', 'P1', 'CP4', 'CPz', 'CP3']","['C1', 'P1', 'CP4', 'CPz', 'CP3']",,,,8,CTNet
FGSM_LP,True,gaussian,3.0,Linf,1.0,0.0936912768708506,"[0.9948678612709045, 0.9058340787887573, 0.9969924092292786, 1.0511730909347534, 1.0265581607818604, 1.0019841194152832, 0.6976560354232788, 0.8355324864387512, 0.9524297714233398, 1.0490034818649292, 1.011500358581543, 0.998015820980072, 0.9531779885292053, 0.8837255835533142, 0.9363917112350464, 1.0178632736206055, 1.0275955200195312, 1.0749452114105225, 0.9491639137268066, 1.0256203413009644, 1.033449649810791, 1.0494639873504639]",,,False,31415,0.7395833134651184,0.1631944477558136,0.8368055522441864,13.731258392333984,13.74128532409668,0.09369134902954102,20.79053497314453,0.5527530312538147,"[0.5, 0.8888888888888888, 0.8611111111111112, 0.7083333333333334]","[0.013888888888888888, 0.2361111111111111, 0.20833333333333334, 0.19444444444444445]",0.0,1,False,0.9989059853190287,,,,,0.11669051669525819,0.1151704828649112,-0.0015200338303469896,"['C1', 'P1', 'CP4', 'CPz', 'CP3']","['C1', 'P1', 'CP4', 'CPz', 'CP3']",,,,8,CTNet
FGSM_LP,True,gaussian,3.0,Linf,2.0,0.1873825537417012,"[1.989735722541809, 1.8116681575775146, 1.9939848184585571, 2.102346181869507, 2.0531163215637207, 2.0039682388305664, 1.3953120708465576, 1.6710649728775024, 1.9048595428466797, 2.0980069637298584, 2.023000717163086, 1.996031641960144, 1.9063559770584106, 1.7674511671066284, 1.8727834224700928, 2.035726547241211, 2.0551910400390625, 2.149890422821045, 1.8983278274536133, 2.0512406826019287, 2.066899299621582, 2.0989279747009277]",,,False,31415,0.7395833134651184,0.0034722222480922937,0.9965277777519077,26.00227165222168,26.009660720825195,0.18738260865211487,15.248530387878418,0.5339446067810059,"[0.5, 0.8888888888888888, 0.8611111111111112, 0.7083333333333334]","[0.0, 0.0, 0.0, 0.013888888888888888]",0.0,1,False,0.9989059853190287,,,,,0.11669051669525819,0.1151704828649112,-0.0015200338303469896,"['C1', 'P1', 'CP4', 'CPz', 'CP3']","['C1', 'P1', 'CP4', 'CPz', 'CP3']",,,,8,CTNet
PGD_LP,True,gaussian,3.0,Linf,0.25,0.02342281921771265,"[0.24871696531772614, 0.22645851969718933, 0.24924810230731964, 0.26279327273368835, 0.2566395401954651, 0.2504960298538208, 0.1744140088558197, 0.2088831216096878, 0.23810744285583496, 0.2622508704662323, 0.25287508964538574, 0.249503955245018, 0.23829449713230133, 0.22093139588832855, 0.2340979278087616, 0.25446581840515137, 0.2568988800048828, 0.2687363028526306, 0.23729097843170166, 0.2564050853252411, 0.25836241245269775, 0.26236599683761597]",40.0,0.0029278524022140814,True,31415,0.7395833134651184,0.6944444179534912,0.3055555820465088,3.6083085536956787,3.6086230278015137,0.023422837257385254,32.40413284301758,0.5743246674537659,"[0.5, 0.8888888888888888, 0.8611111111111112, 0.7083333333333334]","[0.4166666666666667, 0.8472222222222222, 0.8472222222222222, 0.6666666666666666]",0.0,1,False,0.998826581027668,,,,,0.11669051669525819,0.11544377888789849,-0.0012467378073597046,"['C1', 'P1', 'CP4', 'CPz', 'CP3']","['C1', 'P1', 'CP4', 'CPz', 'CP3']",,,,8,CTNet
PGD_LP,True,gaussian,3.0,Linf,0.5,0.0468456384354253,"[0.49743393063545227, 0.45291703939437866, 0.4984962046146393, 0.5255865454673767, 0.5132790803909302, 0.5009920597076416, 0.3488280177116394, 0.4177662432193756, 0.4762148857116699, 0.5245017409324646, 0.5057501792907715, 0.499007910490036, 0.47658899426460266, 0.4418627917766571, 0.4681958556175232, 0.5089316368103027, 0.5137977600097656, 0.5374726057052612, 0.4745819568634033, 0.5128101706504822, 0.5167248249053955, 0.5247319936752319]",40.0,0.005855704804428163,True,31415,0.7395833134651184,0.5833333134651184,0.4166666865348816,7.094178199768066,7.092029571533203,0.04684567451477051,26.535593032836914,0.5653204321861267,"[0.5, 0.8888888888888888, 0.8611111111111112, 0.7083333333333334]","[0.3333333333333333, 0.7777777777777778, 0.7916666666666666, 0.4305555555555556]",0.0,1,False,0.998826581027668,,,,,0.11669051669525819,0.11544377888789849,-0.0012467378073597046,"['C1', 'P1', 'CP4', 'CPz', 'CP3']","['C1', 'P1', 'CP4', 'CPz', 'CP3']",,,,8,CTNet
PGD_LP,True,gaussian,3.0,Linf,1.0,0.0936912768708506,"[0.9948678612709045, 0.9058340787887573, 0.9969924092292786, 1.0511730909347534, 1.0265581607818604, 1.0019841194152832, 0.6976560354232788, 0.8355324864387512, 0.9524297714233398, 1.0490034818649292, 1.011500358581543, 0.998015820980072, 0.9531779885292053, 0.8837255835533142, 0.9363917112350464, 1.0178632736206055, 1.0275955200195312, 1.0749452114105225, 0.9491639137268066, 1.0256203413009644, 1.033449649810791, 1.0494639873504639]",40.0,0.011711409608856325,True,31415,0.7395833134651184,0.2361111044883728,0.7638888955116272,13.738504409790039,13.744765281677246,0.09369134902954102,20.7883358001709,0.551787257194519,"[0.5, 0.8888888888888888, 0.8611111111111112, 0.7083333333333334]","[0.027777777777777776, 0.4027777777777778, 0.2916666666666667, 0.2222222222222222]",0.0,1,False,0.998826581027668,,,,,0.11669051669525819,0.11544377888789849,-0.0012467378073597046,"['C1', 'P1', 'CP4', 'CPz', 'CP3']","['C1', 'P1', 'CP4', 'CPz', 'CP3']",,,,8,CTNet
PGD_LP,True,gaussian,3.0,Linf,2.0,0.1873825537417012,"[1.989735722541809, 1.8116681575775146, 1.9939848184585571, 2.102346181869507, 2.0531163215637207, 2.0039682388305664, 1.3953120708465576, 1.6710649728775024, 1.9048595428466797, 2.0980069637298584, 2.023000717163086, 1.996031641960144, 1.9063559770584106, 1.7674511671066284, 1.8727834224700928, 2.035726547241211, 2.0551910400390625, 2.149890422821045, 1.8983278274536133, 2.0512406826019287, 2.066899299621582, 2.0989279747009277]",40.0,0.02342281921771265,True,31415,0.7395833134651184,0.0034722222480922937,0.9965277777519077,25.996213912963867,25.997934341430664,0.18738260865211487,15.252490997314453,0.5288805961608887,"[0.5, 0.8888888888888888, 0.8611111111111112, 0.7083333333333334]","[0.0, 0.0, 0.0, 0.013888888888888888]",0.0,1,False,0.998826581027668,,,,,0.11669051669525819,0.11544377888789849,-0.0012467378073597046,"['C1', 'P1', 'CP4', 'CPz', 'CP3']","['C1', 'P1', 'CP4', 'CPz', 'CP3']",,,,8,CTNet
DeepFool_L2,,,,L2,,,,50.0,,,31415,0.7395833134651184,0.0520833320915699,0.9479166679084301,109.7831039428711,84.65199279785156,2.7759923934936523,75.61933135986328,123.37286376953125,,,0.0,1,False,0.9403761998870694,,,,,0.11669051669525819,0.08247801463093757,-0.034212502064320624,"['C1', 'P1', 'CP4', 'CPz', 'CP3']","['C1', 'P1', 'CP4', 'CP3', 'FC3']",,,,8,CTNet
FGSM,False,,,Linf,0.25,0.02342281921771265,"[0.24871696531772614, 0.22645851969718933, 0.24924810230731964, 0.26279327273368835, 0.2566395401954651, 0.2504960298538208, 0.1744140088558197, 0.2088831216096878, 0.23810744285583496, 0.2622508704662323, 0.25287508964538574, 0.249503955245018, 0.23829449713230133, 0.22093139588832855, 0.2340979278087616, 0.25446581840515137, 0.2568988800048828, 0.2687363028526306, 0.23729097843170166, 0.2564050853252411, 0.25836241245269775, 0.26236599683761597]",,,False,999,0.7152777910232544,0.0902777761220932,0.9097222238779068,113.65641021728516,114.33089447021484,3.767502784729004,2.413654327392578,0.10254058241844177,"[0.5555555555555556, 0.7361111111111112, 0.8472222222222222, 0.7222222222222222]","[0.3611111111111111, 0.0, 0.0, 0.0]",0.0,1,False,0.9314476284584982,,,,,0.12312964576003566,0.10739305738009587,-0.015736588379939784,"['POz', 'FCz', 'CPz', 'C6', 'FC3']","['POz', 'FCz', 'CPz', 'FC3', 'C6']",,,,8,CTNet
FGSM,False,,,Linf,0.5,0.0468456384354253,"[0.49743393063545227, 0.45291703939437866, 0.4984962046146393, 0.5255865454673767, 0.5132790803909302, 0.5009920597076416, 0.3488280177116394, 0.4177662432193756, 0.4762148857116699, 0.5245017409324646, 0.5057501792907715, 0.499007910490036, 0.47658899426460266, 0.4418627917766571, 0.4681958556175232, 0.5089316368103027, 0.5137977600097656, 0.5374726057052612, 0.4745819568634033, 0.5128101706504822, 0.5167248249053955, 0.5247319936752319]",,,False,999,0.7152777910232544,0.010416666977107525,0.9895833330228925,113.71241760253906,114.39501953125,3.767502784729004,2.4087095260620117,0.10179807245731354,"[0.5555555555555556, 0.7361111111111112, 0.8472222222222222, 0.7222222222222222]","[0.041666666666666664, 0.0, 0.0, 0.0]",0.0,1,False,0.9314476284584982,,,,,0.12312964576003566,0.10739305738009587,-0.015736588379939784,"['POz', 'FCz', 'CPz', 'C6', 'FC3']","['POz', 'FCz', 'CPz', 'FC3', 'C6']",,,,8,CTNet
FGSM,False,,,Linf,1.0,0.0936912768708506,"[0.9948678612709045, 0.9058340787887573, 0.9969924092292786, 1.0511730909347534, 1.0265581607818604, 1.0019841194152832, 0.6976560354232788, 0.8355324864387512, 0.9524297714233398, 1.0490034818649292, 1.011500358581543, 0.998015820980072, 0.9531779885292053, 0.8837255835533142, 0.9363917112350464, 1.0178632736206055, 1.0275955200195312, 1.0749452114105225, 0.9491639137268066, 1.0256203413009644, 1.033449649810791, 1.0494639873504639]",,,False,999,0.7152777910232544,0.0,1.0,113.96200561523438,114.65084838867188,3.767502784729004,2.389012336730957,0.09889161586761475,"[0.5555555555555556, 0.7361111111111112, 0.8472222222222222, 0.7222222222222222]","[0.0, 0.0, 0.0, 0.0]",0.0,1,False,0.9314476284584982,,,,,0.12312964576003566,0.10739305738009587,-0.015736588379939784,"['POz', 'FCz', 'CPz', 'C6', 'FC3']","['POz', 'FCz', 'CPz', 'FC3', 'C6']",,,,8,CTNet
FGSM,False,,,Linf,2.0,0.1873825537417012,"[1.989735722541809, 1.8116681575775146, 1.9939848184585571, 2.102346181869507, 2.0531163215637207, 2.0039682388305664, 1.3953120708465576, 1.6710649728775024, 1.9048595428466797, 2.0980069637298584, 2.023000717163086, 1.996031641960144, 1.9063559770584106, 1.7674511671066284, 1.8727834224700928, 2.035726547241211, 2.0551910400390625, 2.149890422821045, 1.8983278274536133, 2.0512406826019287, 2.066899299621582, 2.0989279747009277]",,,False,999,0.7152777910232544,0.0,1.0,114.93040466308594,115.66191864013672,3.767502784729004,2.3116228580474854,0.08831625431776047,"[0.5555555555555556, 0.7361111111111112, 0.8472222222222222, 0.7222222222222222]","[0.0, 0.0, 0.0, 0.0]",0.0,1,False,0.9314476284584982,,,,,0.12312964576003566,0.10739305738009587,-0.015736588379939784,"['POz', 'FCz', 'CPz', 'C6', 'FC3']","['POz', 'FCz', 'CPz', 'FC3', 'C6']",,,,8,CTNet
PGD,False,,,Linf,0.25,0.02342281921771265,"[0.24871696531772614, 0.22645851969718933, 0.24924810230731964, 0.26279327273368835, 0.2566395401954651, 0.2504960298538208, 0.1744140088558197, 0.2088831216096878, 0.23810744285583496, 0.2622508704662323, 0.25287508964538574, 0.249503955245018, 0.23829449713230133, 0.22093139588832855, 0.2340979278087616, 0.25446581840515137, 0.2568988800048828, 0.2687363028526306, 0.23729097843170166, 0.2564050853252411, 0.25836241245269775, 0.26236599683761597]",40.0,0.0029278524022140814,True,999,0.7152777910232544,0.0243055559694767,0.9756944440305233,113.66182708740234,114.33084106445312,3.767502784729004,2.4136581420898438,0.1025407537817955,"[0.5555555555555556, 0.7361111111111112, 0.8472222222222222, 0.7222222222222222]","[0.09722222222222222, 0.0, 0.0, 0.0]",0.0,1,False,0.9302653867871261,,,,,0.12312964576003566,0.10528348690295564,-0.01784615885708002,"['POz', 'FCz', 'CPz', 'C6', 'FC3']","['POz', 'FCz', 'CPz', 'FC3', 'C6']",,,,8,CTNet
PGD,False,,,Linf,0.5,0.0468456384354253,"[0.49743393063545227, 0.45291703939437866, 0.4984962046146393, 0.5255865454673767, 0.5132790803909302, 0.5009920597076416, 0.3488280177116394, 0.4177662432193756, 0.4762148857116699, 0.5245017409324646, 0.5057501792907715, 0.499007910490036, 0.47658899426460266, 0.4418627917766571, 0.4681958556175232, 0.5089316368103027, 0.5137977600097656, 0.5374726057052612, 0.4745819568634033, 0.5128101706504822, 0.5167248249053955, 0.5247319936752319]",40.0,0.005855704804428163,True,999,0.7152777910232544,0.0,1.0,113.71731567382812,114.39458465576172,3.767502784729004,2.4087421894073486,0.10180086642503738,"[0.5555555555555556, 0.7361111111111112, 0.8472222222222222, 0.7222222222222222]","[0.0, 0.0, 0.0, 0.0]",0.0,1,False,0.9302653867871261,,,,,0.12312964576003566,0.10528348690295564,-0.01784615885708002,"['POz', 'FCz', 'CPz', 'C6', 'FC3']","['POz', 'FCz', 'CPz', 'FC3', 'C6']",,,,8,CTNet
PGD,False,,,Linf,1.0,0.0936912768708506,"[0.9948678612709045, 0.9058340787887573, 0.9969924092292786, 1.0511730909347534, 1.0265581607818604, 1.0019841194152832, 0.6976560354232788, 0.8355324864387512, 0.9524297714233398, 1.0490034818649292, 1.011500358581543, 0.998015820980072, 0.9531779885292053, 0.8837255835533142, 0.9363917112350464, 1.0178632736206055, 1.0275955200195312, 1.0749452114105225, 0.9491639137268066, 1.0256203413009644, 1.033449649810791, 1.0494639873504639]",40.0,0.011711409608856325,True,999,0.7152777910232544,0.0,1.0,113.95915985107422,114.647216796875,3.767502784729004,2.3892908096313477,0.09892831742763519,"[0.5555555555555556, 0.7361111111111112, 0.8472222222222222, 0.7222222222222222]","[0.0, 0.0, 0.0, 0.0]",0.0,1,False,0.9302653867871261,,,,,0.12312964576003566,0.10528348690295564,-0.01784615885708002,"['POz', 'FCz', 'CPz', 'C6', 'FC3']","['POz', 'FCz', 'CPz', 'FC3', 'C6']",,,,8,CTNet
PGD,False,,,Linf,2.0,0.1873825537417012,"[1.989735722541809, 1.8116681575775146, 1.9939848184585571, 2.102346181869507, 2.0531163215637207, 2.0039682388305664, 1.3953120708465576, 1.6710649728775024, 1.9048595428466797, 2.0980069637298584, 2.023000717163086, 1.996031641960144, 1.9063559770584106, 1.7674511671066284, 1.8727834224700928, 2.035726547241211, 2.0551910400390625, 2.149890422821045, 1.8983278274536133, 2.0512406826019287, 2.066899299621582, 2.0989279747009277]",40.0,0.02342281921771265,True,999,0.7152777910232544,0.0,1.0,114.89337921142578,115.62057495117188,3.767502784729004,2.314797878265381,0.08885960280895233,"[0.5555555555555556, 0.7361111111111112, 0.8472222222222222, 0.7222222222222222]","[0.0, 0.0, 0.0, 0.0]",0.0,1,False,0.9302653867871261,,,,,0.12312964576003566,0.10528348690295564,-0.01784615885708002,"['POz', 'FCz', 'CPz', 'C6', 'FC3']","['POz', 'FCz', 'CPz', 'FC3', 'C6']",,,,8,CTNet
FGSM_LP,True,gaussian,3.0,Linf,0.25,0.02342281921771265,"[0.24871696531772614, 0.22645851969718933, 0.24924810230731964, 0.26279327273368835, 0.2566395401954651, 0.2504960298538208, 0.1744140088558197, 0.2088831216096878, 0.23810744285583496, 0.2622508704662323, 0.25287508964538574, 0.249503955245018, 0.23829449713230133, 0.22093139588832855, 0.2340979278087616, 0.25446581840515137, 0.2568988800048828, 0.2687363028526306, 0.23729097843170166, 0.2564050853252411, 0.25836241245269775, 0.26236599683761597]",,,False,999,0.7152777910232544,0.6388888955116272,0.3611111044883728,3.6075258255004883,3.606895923614502,0.023422837257385254,32.408294677734375,0.5740252733230591,"[0.5555555555555556, 0.7361111111111112, 0.8472222222222222, 0.7222222222222222]","[0.5416666666666666, 0.5833333333333334, 0.8194444444444444, 0.6111111111111112]",0.0,1,False,0.9985530773574253,,,,,0.12312964576003566,0.123688103584758,0.0005584578247223443,"['POz', 'FCz', 'CPz', 'C6', 'FC3']","['POz', 'FCz', 'CPz', 'C6', 'FC3']",,,,8,CTNet
FGSM_LP,True,gaussian,3.0,Linf,0.5,0.0468456384354253,"[0.49743393063545227, 0.45291703939437866, 0.4984962046146393, 0.5255865454673767, 0.5132790803909302, 0.5009920597076416, 0.3488280177116394, 0.4177662432193756, 0.4762148857116699, 0.5245017409324646, 0.5057501792907715, 0.499007910490036, 0.47658899426460266, 0.4418627917766571, 0.4681958556175232, 0.5089316368103027, 0.5137977600097656, 0.5374726057052612, 0.4745819568634033, 0.5128101706504822, 0.5167248249053955, 0.5247319936752319]",,,False,999,0.7152777910232544,0.4375,0.5625,7.082805633544922,7.084677696228027,0.04684567451477051,26.544612884521484,0.5657106041908264,"[0.5555555555555556, 0.7361111111111112, 0.8472222222222222, 0.7222222222222222]","[0.4027777777777778, 0.3055555555555556, 0.6527777777777778, 0.3888888888888889]",0.0,1,False,0.9985530773574253,,,,,0.12312964576003566,0.123688103584758,0.0005584578247223443,"['POz', 'FCz', 'CPz', 'C6', 'FC3']","['POz', 'FCz', 'CPz', 'C6', 'FC3']",,,,8,CTNet
FGSM_LP,True,gaussian,3.0,Linf,1.0,0.0936912768708506,"[0.9948678612709045, 0.9058340787887573, 0.9969924092292786, 1.0511730909347534, 1.0265581607818604, 1.0019841194152832, 0.6976560354232788, 0.8355324864387512, 0.9524297714233398, 1.0490034818649292, 1.011500358581543, 0.998015820980072, 0.9531779885292053, 0.8837255835533142, 0.9363917112350464, 1.0178632736206055, 1.0275955200195312, 1.0749452114105225, 0.9491639137268066, 1.0256203413009644, 1.033449649810791, 1.0494639873504639]",,,False,999,0.7152777910232544,0.1354166716337204,0.8645833283662796,13.71369743347168,13.71515941619873,0.09369134902954102,20.80708885192871,0.5529309511184692,"[0.5555555555555556, 0.7361111111111112, 0.8472222222222222, 0.7222222222222222]","[0.08333333333333333, 0.027777777777777776, 0.2361111111111111, 0.19444444444444445]",0.0,1,False,0.9985530773574253,,,,,0.12312964576003566,0.123688103584758,0.0005584578247223443,"['POz', 'FCz', 'CPz', 'C6', 'FC3']","['POz', 'FCz', 'CPz', 'C6', 'FC3']",,,,8,CTNet
FGSM_LP,True,gaussian,3.0,Linf,2.0,0.1873825537417012,"[1.989735722541809, 1.8116681575775146, 1.9939848184585571, 2.102346181869507, 2.0531163215637207, 2.0039682388305664, 1.3953120708465576, 1.6710649728775024, 1.9048595428466797, 2.0980069637298584, 2.023000717163086, 1.996031641960144, 1.9063559770584106, 1.7674511671066284, 1.8727834224700928, 2.035726547241211, 2.0551910400390625, 2.149890422821045, 1.8983278274536133, 2.0512406826019287, 2.066899299621582, 2.0989279747009277]",,,False,999,0.7152777910232544,0.0034722222480922937,0.9965277777519077,25.90458869934082,25.899850845336914,0.18738260865211487,15.28533935546875,0.5331615209579468,"[0.5555555555555556, 0.7361111111111112, 0.8472222222222222, 0.7222222222222222]","[0.0, 0.0, 0.0, 0.013888888888888888]",0.0,1,False,0.9985530773574253,,,,,0.12312964576003566,0.123688103584758,0.0005584578247223443,"['POz', 'FCz', 'CPz', 'C6', 'FC3']","['POz', 'FCz', 'CPz', 'C6', 'FC3']",,,,8,CTNet
PGD_LP,True,gaussian,3.0,Linf,0.25,0.02342281921771265,"[0.24871696531772614, 0.22645851969718933, 0.24924810230731964, 0.26279327273368835, 0.2566395401954651, 0.2504960298538208, 0.1744140088558197, 0.2088831216096878, 0.23810744285583496, 0.2622508704662323, 0.25287508964538574, 0.249503955245018, 0.23829449713230133, 0.22093139588832855, 0.2340979278087616, 0.25446581840515137, 0.2568988800048828, 0.2687363028526306, 0.23729097843170166, 0.2564050853252411, 0.25836241245269775, 0.26236599683761597]",40.0,0.0029278524022140814,True,999,0.7152777910232544,0.6423611044883728,0.3576388955116272,3.6085171699523926,3.607595205307007,0.023422837257385254,32.406612396240234,0.5743094682693481,"[0.5555555555555556, 0.7361111111111112, 0.8472222222222222, 0.7222222222222222]","[0.5416666666666666, 0.5833333333333334, 0.8194444444444444, 0.625]",0.0,1,False,0.9984207368718239,,,,,0.12312964576003566,0.1233610923781332,0.00023144661809754163,"['POz', 'FCz', 'CPz', 'C6', 'FC3']","['POz', 'FCz', 'CPz', 'C6', 'FC3']",,,,8,CTNet
PGD_LP,True,gaussian,3.0,Linf,0.5,0.0468456384354253,"[0.49743393063545227, 0.45291703939437866, 0.4984962046146393, 0.5255865454673767, 0.5132790803909302, 0.5009920597076416, 0.3488280177116394, 0.4177662432193756, 0.4762148857116699, 0.5245017409324646, 0.5057501792907715, 0.499007910490036, 0.47658899426460266, 0.4418627917766571, 0.4681958556175232, 0.5089316368103027, 0.5137977600097656, 0.5374726057052612, 0.4745819568634033, 0.5128101706504822, 0.5167248249053955, 0.5247319936752319]",40.0,0.005855704804428163,True,999,0.7152777910232544,0.4722222089767456,0.5277777910232544,7.086974143981934,7.087592601776123,0.04684567451477051,26.541038513183594,0.5664210915565491,"[0.5555555555555556, 0.7361111111111112, 0.8472222222222222, 0.7222222222222222]","[0.4027777777777778, 0.3194444444444444, 0.6666666666666666, 0.5]",0.0,1,False,0.9984207368718239,,,,,0.12312964576003566,0.1233610923781332,0.00023144661809754163,"['POz', 'FCz', 'CPz', 'C6', 'FC3']","['POz', 'FCz', 'CPz', 'C6', 'FC3']",,,,8,CTNet
PGD_LP,True,gaussian,3.0,Linf,1.0,0.0936912768708506,"[0.9948678612709045, 0.9058340787887573, 0.9969924092292786, 1.0511730909347534, 1.0265581607818604, 1.0019841194152832, 0.6976560354232788, 0.8355324864387512, 0.9524297714233398, 1.0490034818649292, 1.011500358581543, 0.998015820980072, 0.9531779885292053, 0.8837255835533142, 0.9363917112350464, 1.0178632736206055, 1.0275955200195312, 1.0749452114105225, 0.9491639137268066, 1.0256203413009644, 1.033449649810791, 1.0494639873504639]",40.0,0.011711409608856325,True,999,0.7152777910232544,0.1319444477558136,0.8680555522441864,13.716394424438477,13.72310733795166,0.09369134902954102,20.802053451538086,0.554554283618927,"[0.5555555555555556, 0.7361111111111112, 0.8472222222222222, 0.7222222222222222]","[0.1111111111111111, 0.027777777777777776, 0.16666666666666666, 0.2222222222222222]",0.0,1,False,0.9984207368718239,,,,,0.12312964576003566,0.1233610923781332,0.00023144661809754163,"['POz', 'FCz', 'CPz', 'C6', 'FC3']","['POz', 'FCz', 'CPz', 'C6', 'FC3']",,,,8,CTNet
PGD_LP,True,gaussian,3.0,Linf,2.0,0.1873825537417012,"[1.989735722541809, 1.8116681575775146, 1.9939848184585571, 2.102346181869507, 2.0531163215637207, 2.0039682388305664, 1.3953120708465576, 1.6710649728775024, 1.9048595428466797, 2.0980069637298584, 2.023000717163086, 1.996031641960144, 1.9063559770584106, 1.7674511671066284, 1.8727834224700928, 2.035726547241211, 2.0551910400390625, 2.149890422821045, 1.8983278274536133, 2.0512406826019287, 2.066899299621582, 2.0989279747009277]",40.0,0.02342281921771265,True,999,0.7152777910232544,0.0034722222480922937,0.9965277777519077,25.901683807373047,25.913164138793945,0.18738260865211487,15.280863761901855,0.5354751944541931,"[0.5555555555555556, 0.7361111111111112, 0.8472222222222222, 0.7222222222222222]","[0.0, 0.0, 0.0, 0.013888888888888888]",0.0,1,False,0.9984207368718239,,,,,0.12312964576003566,0.1233610923781332,0.00023144661809754163,"['POz', 'FCz', 'CPz', 'C6', 'FC3']","['POz', 'FCz', 'CPz', 'C6', 'FC3']",,,,8,CTNet
DeepFool_L2,,,,L2,,,,50.0,,,999,0.7152777910232544,0.1284722238779068,0.8715277761220932,107.96107482910156,81.87474060058594,2.67077374458313,82.45442962646484,126.86900329589844,,,0.0,1,False,0.9499752964426879,,,,,0.12312964576003566,0.10762104264483666,-0.015508603115198999,"['POz', 'FCz', 'CPz', 'C6', 'FC3']","['POz', 'FCz', 'C6', 'CPz', 'FC3']",,,,8,CTNet
FGSM,False,,,Linf,0.25,0.02342281921771265,"[0.24871696531772614, 0.22645851969718933, 0.24924810230731964, 0.26279327273368835, 0.2566395401954651, 0.2504960298538208, 0.1744140088558197, 0.2088831216096878, 0.23810744285583496, 0.2622508704662323, 0.25287508964538574, 0.249503955245018, 0.23829449713230133, 0.22093139588832855, 0.2340979278087616, 0.25446581840515137, 0.2568988800048828, 0.2687363028526306, 0.23729097843170166, 0.2564050853252411, 0.25836241245269775, 0.26236599683761597]",,,False,42,0.6493055820465088,0.2534722089767456,0.7465277910232544,113.65094757080078,114.33087921142578,3.767502784729004,2.4136548042297363,0.10254080593585968,"[0.5, 0.6944444444444444, 0.6388888888888888, 0.7638888888888888]","[0.0, 0.013888888888888888, 1.0, 0.0]",0.0,1,False,0.5960262563523433,,,,,0.021048389641344055,0.04782211075370721,0.026773721112363154,"['POz', 'P1', 'FC4', 'CP3', 'CP2']","['FC4', 'C6', 'CP3', 'CP1', 'POz']",,,,8,Mamba
FGSM,False,,,Linf,0.5,0.0468456384354253,"[0.49743393063545227, 0.45291703939437866, 0.4984962046146393, 0.5255865454673767, 0.5132790803909302, 0.5009920597076416, 0.3488280177116394, 0.4177662432193756, 0.4762148857116699, 0.5245017409324646, 0.5057501792907715, 0.499007910490036, 0.47658899426460266, 0.4418627917766571, 0.4681958556175232, 0.5089316368103027, 0.5137977600097656, 0.5374726057052612, 0.4745819568634033, 0.5128101706504822, 0.5167248249053955, 0.5247319936752319]",,,False,42,0.6493055820465088,0.2465277761220932,0.7534722238779068,113.67082214355469,114.39498901367188,3.767502784729004,2.4087114334106445,0.10179921239614487,"[0.5, 0.6944444444444444, 0.6388888888888888, 0.7638888888888888]","[0.0, 0.0, 0.9861111111111112, 0.0]",0.0,1,False,0.5960262563523433,,,,,0.021048389641344055,0.04782211075370721,0.026773721112363154,"['POz', 'P1', 'FC4', 'CP3', 'CP2']","['FC4', 'C6', 'CP3', 'CP1', 'POz']",,,,8,Mamba
FGSM,False,,,Linf,1.0,0.0936912768708506,"[0.9948678612709045, 0.9058340787887573, 0.9969924092292786, 1.0511730909347534, 1.0265581607818604, 1.0019841194152832, 0.6976560354232788, 0.8355324864387512, 0.9524297714233398, 1.0490034818649292, 1.011500358581543, 0.998015820980072, 0.9531779885292053, 0.8837255835533142, 0.9363917112350464, 1.0178632736206055, 1.0275955200195312, 1.0749452114105225, 0.9491639137268066, 1.0256203413009644, 1.033449649810791, 1.0494639873504639]",,,False,42,0.6493055820465088,0.1666666716337204,0.8333333283662796,113.69438171386719,114.650634765625,3.767502784729004,2.3890280723571777,0.09890218824148178,"[0.5, 0.6944444444444444, 0.6388888888888888, 0.7638888888888888]","[0.0, 0.0, 0.6666666666666666, 0.0]",0.0,1,False,0.5960262563523433,,,,,0.021048389641344055,0.04782211075370721,0.026773721112363154,"['POz', 'P1', 'FC4', 'CP3', 'CP2']","['FC4', 'C6', 'CP3', 'CP1', 'POz']",,,,8,Mamba
FGSM,False,,,Linf,2.0,0.1873825537417012,"[1.989735722541809, 1.8116681575775146, 1.9939848184585571, 2.102346181869507, 2.0531163215637207, 2.0039682388305664, 1.3953120708465576, 1.6710649728775024, 1.9048595428466797, 2.0980069637298584, 2.023000717163086, 1.996031641960144, 1.9063559770584106, 1.7674511671066284, 1.8727834224700928, 2.035726547241211, 2.0551910400390625, 2.149890422821045, 1.8983278274536133, 2.0512406826019287, 2.066899299621582, 2.0989279747009277]",,,False,42,0.6493055820465088,0.0069444444961845875,0.9930555555038154,114.92179107666016,115.66049194335938,3.767502784729004,2.311732769012451,0.08837335556745529,"[0.5, 0.6944444444444444, 0.6388888888888888, 0.7638888888888888]","[0.0, 0.0, 0.027777777777777776, 0.0]",0.0,1,False,0.5960262563523433,,,,,0.021048389641344055,0.04782211075370721,0.026773721112363154,"['POz', 'P1', 'FC4', 'CP3', 'CP2']","['FC4', 'C6', 'CP3', 'CP1', 'POz']",,,,8,Mamba
PGD,False,,,Linf,0.25,0.02342281921771265,"[0.24871696531772614, 0.22645851969718933, 0.24924810230731964, 0.26279327273368835, 0.2566395401954651, 0.2504960298538208, 0.1744140088558197, 0.2088831216096878, 0.23810744285583496, 0.2622508704662323, 0.25287508964538574, 0.249503955245018, 0.23829449713230133, 0.22093139588832855, 0.2340979278087616, 0.25446581840515137, 0.2568988800048828, 0.2687363028526306, 0.23729097843170166, 0.2564050853252411, 0.25836241245269775, 0.26236599683761597]",40.0,0.0029278524022140814,True,42,0.6493055820465088,0.25,0.75,113.58467102050781,114.33082580566406,3.767502784729004,2.41365909576416,0.10254141688346863,"[0.5, 0.6944444444444444, 0.6388888888888888, 0.7638888888888888]","[0.0, 0.0, 1.0, 0.0]",0.0,1,False,0.600684641445511,,,,,0.021048389641344055,0.05414659067104816,0.03309820102970411,"['POz', 'P1', 'FC4', 'CP3', 'CP2']","['FC4', 'C6', 'CP3', 'CP1', 'FC1']",,,,8,Mamba
PGD,False,,,Linf,0.5,0.0468456384354253,"[0.49743393063545227, 0.45291703939437866, 0.4984962046146393, 0.5255865454673767, 0.5132790803909302, 0.5009920597076416, 0.3488280177116394, 0.4177662432193756, 0.4762148857116699, 0.5245017409324646, 0.5057501792907715, 0.499007910490036, 0.47658899426460266, 0.4418627917766571, 0.4681958556175232, 0.5089316368103027, 0.5137977600097656, 0.5374726057052612, 0.4745819568634033, 0.5128101706504822, 0.5167248249053955, 0.5247319936752319]",40.0,0.005855704804428163,True,42,0.6493055820465088,0.1597222238779068,0.8402777761220932,113.62599182128906,114.39439392089844,3.767502784729004,2.408755302429199,0.10180359333753586,"[0.5, 0.6944444444444444, 0.6388888888888888, 0.7638888888888888]","[0.0, 0.0, 0.6388888888888888, 0.0]",0.0,1,False,0.600684641445511,,,,,0.021048389641344055,0.05414659067104816,0.03309820102970411,"['POz', 'P1', 'FC4', 'CP3', 'CP2']","['FC4', 'C6', 'CP3', 'CP1', 'FC1']",,,,8,Mamba
PGD,False,,,Linf,1.0,0.0936912768708506,"[0.9948678612709045, 0.9058340787887573, 0.9969924092292786, 1.0511730909347534, 1.0265581607818604, 1.0019841194152832, 0.6976560354232788, 0.8355324864387512, 0.9524297714233398, 1.0490034818649292, 1.011500358581543, 0.998015820980072, 0.9531779885292053, 0.8837255835533142, 0.9363917112350464, 1.0178632736206055, 1.0275955200195312, 1.0749452114105225, 0.9491639137268066, 1.0256203413009644, 1.033449649810791, 1.0494639873504639]",40.0,0.011711409608856325,True,42,0.6493055820465088,0.0069444444961845875,0.9930555555038154,113.93375396728516,114.6324462890625,3.767502784729004,2.390406608581543,0.09883476793766022,"[0.5, 0.6944444444444444, 0.6388888888888888, 0.7638888888888888]","[0.0, 0.0, 0.027777777777777776, 0.0]",0.0,1,False,0.600684641445511,,,,,0.021048389641344055,0.05414659067104816,0.03309820102970411,"['POz', 'P1', 'FC4', 'CP3', 'CP2']","['FC4', 'C6', 'CP3', 'CP1', 'FC1']",,,,8,Mamba
PGD,False,,,Linf,2.0,0.1873825537417012,"[1.989735722541809, 1.8116681575775146, 1.9939848184585571, 2.102346181869507, 2.0531163215637207, 2.0039682388305664, 1.3953120708465576, 1.6710649728775024, 1.9048595428466797, 2.0980069637298584, 2.023000717163086, 1.996031641960144, 1.9063559770584106, 1.7674511671066284, 1.8727834224700928, 2.035726547241211, 2.0551910400390625, 2.149890422821045, 1.8983278274536133, 2.0512406826019287, 2.066899299621582, 2.0989279747009277]",40.0,0.02342281921771265,True,42,0.6493055820465088,0.0,1.0,114.75663757324219,115.36851501464844,3.767502784729004,2.333935022354126,0.09040273725986481,"[0.5, 0.6944444444444444, 0.6388888888888888, 0.7638888888888888]","[0.0, 0.0, 0.0, 0.0]",0.0,1,False,0.600684641445511,,,,,0.021048389641344055,0.05414659067104816,0.03309820102970411,"['POz', 'P1', 'FC4', 'CP3', 'CP2']","['FC4', 'C6', 'CP3', 'CP1', 'FC1']",,,,8,Mamba
FGSM_LP,True,gaussian,3.0,Linf,0.25,0.02342281921771265,"[0.24871696531772614, 0.22645851969718933, 0.24924810230731964, 0.26279327273368835, 0.2566395401954651, 0.2504960298538208, 0.1744140088558197, 0.2088831216096878, 0.23810744285583496, 0.2622508704662323, 0.25287508964538574, 0.249503955245018, 0.23829449713230133, 0.22093139588832855, 0.2340979278087616, 0.25446581840515137, 0.2568988800048828, 0.2687363028526306, 0.23729097843170166, 0.2564050853252411, 0.25836241245269775, 0.26236599683761597]",,,False,42,0.6493055820465088,0.6006944179534912,0.3993055820465088,3.6078696250915527,3.606598377227783,0.023422837257385254,32.40901184082031,0.573540449142456,"[0.5, 0.6944444444444444, 0.6388888888888888, 0.7638888888888888]","[0.4444444444444444, 0.6111111111111112, 0.6111111111111112, 0.7361111111111112]",0.0,1,False,0.9964709203839639,,,,,0.021048389641344055,0.02601655562042274,0.004968165979078686,"['POz', 'P1', 'FC4', 'CP3', 'CP2']","['POz', 'P1', 'FC4', 'CP3', 'CP2']",,,,8,Mamba
FGSM_LP,True,gaussian,3.0,Linf,0.5,0.0468456384354253,"[0.49743393063545227, 0.45291703939437866, 0.4984962046146393, 0.5255865454673767, 0.5132790803909302, 0.5009920597076416, 0.3488280177116394, 0.4177662432193756, 0.4762148857116699, 0.5245017409324646, 0.5057501792907715, 0.499007910490036, 0.47658899426460266, 0.4418627917766571, 0.4681958556175232, 0.5089316368103027, 0.5137977600097656, 0.5374726057052612, 0.4745819568634033, 0.5128101706504822, 0.5167248249053955, 0.5247319936752319]",,,False,42,0.6493055820465088,0.5034722089767456,0.4965277910232544,7.080063819885254,7.08400821685791,0.04684567451477051,26.545434951782227,0.5647466778755188,"[0.5, 0.6944444444444444, 0.6388888888888888, 0.7638888888888888]","[0.3194444444444444, 0.5, 0.5416666666666666, 0.6527777777777778]",0.0,1,False,0.9964709203839639,,,,,0.021048389641344055,0.02601655562042274,0.004968165979078686,"['POz', 'P1', 'FC4', 'CP3', 'CP2']","['POz', 'P1', 'FC4', 'CP3', 'CP2']",,,,8,Mamba
FGSM_LP,True,gaussian,3.0,Linf,1.0,0.0936912768708506,"[0.9948678612709045, 0.9058340787887573, 0.9969924092292786, 1.0511730909347534, 1.0265581607818604, 1.0019841194152832, 0.6976560354232788, 0.8355324864387512, 0.9524297714233398, 1.0490034818649292, 1.011500358581543, 0.998015820980072, 0.9531779885292053, 0.8837255835533142, 0.9363917112350464, 1.0178632736206055, 1.0275955200195312, 1.0749452114105225, 0.9491639137268066, 1.0256203413009644, 1.033449649810791, 1.0494639873504639]",,,False,42,0.6493055820465088,0.28125,0.71875,13.703274726867676,13.714923858642578,0.09369134902954102,20.807241439819336,0.5510345101356506,"[0.5, 0.6944444444444444, 0.6388888888888888, 0.7638888888888888]","[0.1388888888888889, 0.18055555555555555, 0.3472222222222222, 0.4583333333333333]",0.0,1,False,0.9964709203839639,,,,,0.021048389641344055,0.02601655562042274,0.004968165979078686,"['POz', 'P1', 'FC4', 'CP3', 'CP2']","['POz', 'P1', 'FC4', 'CP3', 'CP2']",,,,8,Mamba
FGSM_LP,True,gaussian,3.0,Linf,2.0,0.1873825537417012,"[1.989735722541809, 1.8116681575775146, 1.9939848184585571, 2.102346181869507, 2.0531163215637207, 2.0039682388305664, 1.3953120708465576, 1.6710649728775024, 1.9048595428466797, 2.0980069637298584, 2.023000717163086, 1.996031641960144, 1.9063559770584106, 1.7674511671066284, 1.8727834224700928, 2.035726547241211, 2.0551910400390625, 2.149890422821045, 1.8983278274536133, 2.0512406826019287, 2.066899299621582, 2.0989279747009277]",,,False,42,0.6493055820465088,0.0243055559694767,0.9756944440305233,25.90151596069336,25.90567970275879,0.18738260865211487,15.28339672088623,0.5294895172119141,"[0.5, 0.6944444444444444, 0.6388888888888888, 0.7638888888888888]","[0.0, 0.0, 0.013888888888888888, 0.08333333333333333]",0.0,1,False,0.9964709203839639,,,,,0.021048389641344055,0.02601655562042274,0.004968165979078686,"['POz', 'P1', 'FC4', 'CP3', 'CP2']","['POz', 'P1', 'FC4', 'CP3', 'CP2']",,,,8,Mamba
PGD_LP,True,gaussian,3.0,Linf,0.25,0.02342281921771265,"[0.24871696531772614, 0.22645851969718933, 0.24924810230731964, 0.26279327273368835, 0.2566395401954651, 0.2504960298538208, 0.1744140088558197, 0.2088831216096878, 0.23810744285583496, 0.2622508704662323, 0.25287508964538574, 0.249503955245018, 0.23829449713230133, 0.22093139588832855, 0.2340979278087616, 0.25446581840515137, 0.2568988800048828, 0.2687363028526306, 0.23729097843170166, 0.2564050853252411, 0.25836241245269775, 0.26236599683761597]",40.0,0.0029278524022140814,True,42,0.6493055820465088,0.6319444179534912,0.3680555820465088,3.6072568893432617,3.606947898864746,0.023422837257385254,32.40816879272461,0.5724694132804871,"[0.5, 0.6944444444444444, 0.6388888888888888, 0.7638888888888888]","[0.4861111111111111, 0.6388888888888888, 0.6527777777777778, 0.75]",0.0,1,False,0.9965503246753247,,,,,0.021048389641344055,0.02623236732930292,0.005183977687958866,"['POz', 'P1', 'FC4', 'CP3', 'CP2']","['POz', 'P1', 'FC4', 'CP3', 'CP2']",,,,8,Mamba
PGD_LP,True,gaussian,3.0,Linf,0.5,0.0468456384354253,"[0.49743393063545227, 0.45291703939437866, 0.4984962046146393, 0.5255865454673767, 0.5132790803909302, 0.5009920597076416, 0.3488280177116394, 0.4177662432193756, 0.4762148857116699, 0.5245017409324646, 0.5057501792907715, 0.499007910490036, 0.47658899426460266, 0.4418627917766571, 0.4681958556175232, 0.5089316368103027, 0.5137977600097656, 0.5374726057052612, 0.4745819568634033, 0.5128101706504822, 0.5167248249053955, 0.5247319936752319]",40.0,0.005855704804428163,True,42,0.6493055820465088,0.5659722089767456,0.4340277910232544,7.077175140380859,7.08235502243042,0.04684567451477051,26.547470092773438,0.5611611008644104,"[0.5, 0.6944444444444444, 0.6388888888888888, 0.7638888888888888]","[0.375, 0.5416666666666666, 0.5972222222222222, 0.75]",0.0,1,False,0.9965503246753247,,,,,0.021048389641344055,0.02623236732930292,0.005183977687958866,"['POz', 'P1', 'FC4', 'CP3', 'CP2']","['POz', 'P1', 'FC4', 'CP3', 'CP2']",,,,8,Mamba
PGD_LP,True,gaussian,3.0,Linf,1.0,0.0936912768708506,"[0.9948678612709045, 0.9058340787887573, 0.9969924092292786, 1.0511730909347534, 1.0265581607818604, 1.0019841194152832, 0.6976560354232788, 0.8355324864387512, 0.9524297714233398, 1.0490034818649292, 1.011500358581543, 0.998015820980072, 0.9531779885292053, 0.8837255835533142, 0.9363917112350464, 1.0178632736206055, 1.0275955200195312, 1.0749452114105225, 0.9491639137268066, 1.0256203413009644, 1.033449649810791, 1.0494639873504639]",40.0,0.011711409608856325,True,42,0.6493055820465088,0.4375,0.5625,13.674113273620605,13.68397045135498,0.09369134902954102,20.826921463012695,0.5416422486305237,"[0.5, 0.6944444444444444, 0.6388888888888888, 0.7638888888888888]","[0.2916666666666667, 0.3472222222222222, 0.4305555555555556, 0.6805555555555556]",0.0,1,False,0.9965503246753247,,,,,0.021048389641344055,0.02623236732930292,0.005183977687958866,"['POz', 'P1', 'FC4', 'CP3', 'CP2']","['POz', 'P1', 'FC4', 'CP3', 'CP2']",,,,8,Mamba
PGD_LP,True,gaussian,3.0,Linf,2.0,0.1873825537417012,"[1.989735722541809, 1.8116681575775146, 1.9939848184585571, 2.102346181869507, 2.0531163215637207, 2.0039682388305664, 1.3953120708465576, 1.6710649728775024, 1.9048595428466797, 2.0980069637298584, 2.023000717163086, 1.996031641960144, 1.9063559770584106, 1.7674511671066284, 1.8727834224700928, 2.035726547241211, 2.0551910400390625, 2.149890422821045, 1.8983278274536133, 2.0512406826019287, 2.066899299621582, 2.0989279747009277]",40.0,0.02342281921771265,True,42,0.6493055820465088,0.15625,0.84375,25.62837028503418,25.638221740722656,0.18738260865211487,15.37376594543457,0.5110056400299072,"[0.5, 0.6944444444444444, 0.6388888888888888, 0.7638888888888888]","[0.05555555555555555, 0.027777777777777776, 0.06944444444444445, 0.4722222222222222]",0.0,1,False,0.9965503246753247,,,,,0.021048389641344055,0.02623236732930292,0.005183977687958866,"['POz', 'P1', 'FC4', 'CP3', 'CP2']","['POz', 'P1', 'FC4', 'CP3', 'CP2']",,,,8,Mamba
DeepFool_L2,,,,L2,,,,50.0,,,42,0.6493055820465088,0.010416666977107525,0.9895833330228925,106.99617767333984,74.28018951416016,2.44490909576416,101.00526428222656,134.16778564453125,,,0.0,1,False,0.7175501129305478,,,,,0.021048389641344055,0.03185592882843414,0.010807539187090084,"['POz', 'P1', 'FC4', 'CP3', 'CP2']","['FC4', 'CP3', 'C6', 'CP1', 'POz']",,,,8,Mamba
FGSM,False,,,Linf,0.25,0.02342281921771265,"[0.24871696531772614, 0.22645851969718933, 0.24924810230731964, 0.26279327273368835, 0.2566395401954651, 0.2504960298538208, 0.1744140088558197, 0.2088831216096878, 0.23810744285583496, 0.2622508704662323, 0.25287508964538574, 0.249503955245018, 0.23829449713230133, 0.22093139588832855, 0.2340979278087616, 0.25446581840515137, 0.2568988800048828, 0.2687363028526306, 0.23729097843170166, 0.2564050853252411, 0.25836241245269775, 0.26236599683761597]",,,False,123,0.6076388955116272,0.2604166567325592,0.7395833432674408,113.66191101074219,114.33087921142578,3.767502784729004,2.413654327392578,0.10254054516553879,"[0.6111111111111112, 0.5833333333333334, 0.5, 0.7361111111111112]","[0.0, 0.041666666666666664, 1.0, 0.0]",0.0,1,False,0.6760481366459629,,,,,-0.335081711832808,-0.49122338384047187,-0.15614167200766388,"['C4', 'C6', 'CP3', 'POz', 'FC4']","['C4', 'FC4', 'CPz', 'P2', 'CP3']",,,,8,Mamba
FGSM,False,,,Linf,0.5,0.0468456384354253,"[0.49743393063545227, 0.45291703939437866, 0.4984962046146393, 0.5255865454673767, 0.5132790803909302, 0.5009920597076416, 0.3488280177116394, 0.4177662432193756, 0.4762148857116699, 0.5245017409324646, 0.5057501792907715, 0.499007910490036, 0.47658899426460266, 0.4418627917766571, 0.4681958556175232, 0.5089316368103027, 0.5137977600097656, 0.5374726057052612, 0.4745819568634033, 0.5128101706504822, 0.5167248249053955, 0.5247319936752319]",,,False,123,0.6076388955116272,0.2326388955116272,0.7673611044883728,113.67101287841797,114.39500427246094,3.767502784729004,2.4087095260620117,0.10179813951253891,"[0.6111111111111112, 0.5833333333333334, 0.5, 0.7361111111111112]","[0.0, 0.0, 0.9305555555555556, 0.0]",0.0,1,False,0.6760481366459629,,,,,-0.335081711832808,-0.49122338384047187,-0.15614167200766388,"['C4', 'C6', 'CP3', 'POz', 'FC4']","['C4', 'FC4', 'CPz', 'P2', 'CP3']",,,,8,Mamba
FGSM,False,,,Linf,1.0,0.0936912768708506,"[0.9948678612709045, 0.9058340787887573, 0.9969924092292786, 1.0511730909347534, 1.0265581607818604, 1.0019841194152832, 0.6976560354232788, 0.8355324864387512, 0.9524297714233398, 1.0490034818649292, 1.011500358581543, 0.998015820980072, 0.9531779885292053, 0.8837255835533142, 0.9363917112350464, 1.0178632736206055, 1.0275955200195312, 1.0749452114105225, 0.9491639137268066, 1.0256203413009644, 1.033449649810791, 1.0494639873504639]",,,False,123,0.6076388955116272,0.0590277761220932,0.9409722238779068,113.92308044433594,114.65071868896484,3.767502784729004,2.389021396636963,0.09889650344848633,"[0.6111111111111112, 0.5833333333333334, 0.5, 0.7361111111111112]","[0.0, 0.0, 0.2361111111111111, 0.0]",0.0,1,False,0.6760481366459629,,,,,-0.335081711832808,-0.49122338384047187,-0.15614167200766388,"['C4', 'C6', 'CP3', 'POz', 'FC4']","['C4', 'FC4', 'CPz', 'P2', 'CP3']",,,,8,Mamba
FGSM,False,,,Linf,2.0,0.1873825537417012,"[1.989735722541809, 1.8116681575775146, 1.9939848184585571, 2.102346181869507, 2.0531163215637207, 2.0039682388305664, 1.3953120708465576, 1.6710649728775024, 1.9048595428466797, 2.0980069637298584, 2.023000717163086, 1.996031641960144, 1.9063559770584106, 1.7674511671066284, 1.8727834224700928, 2.035726547241211, 2.0551910400390625, 2.149890422821045, 1.8983278274536133, 2.0512406826019287, 2.066899299621582, 2.0989279747009277]",,,False,123,0.6076388955116272,0.0,1.0,114.93287658691406,115.66078186035156,3.767502784729004,2.3117103576660156,0.08835393190383911,"[0.6111111111111112, 0.5833333333333334, 0.5, 0.7361111111111112]","[0.0, 0.0, 0.0, 0.0]",0.0,1,False,0.6760481366459629,,,,,-0.335081711832808,-0.49122338384047187,-0.15614167200766388,"['C4', 'C6', 'CP3', 'POz', 'FC4']","['C4', 'FC4', 'CPz', 'P2', 'CP3']",,,,8,Mamba
PGD,False,,,Linf,0.25,0.02342281921771265,"[0.24871696531772614, 0.22645851969718933, 0.24924810230731964, 0.26279327273368835, 0.2566395401954651, 0.2504960298538208, 0.1744140088558197, 0.2088831216096878, 0.23810744285583496, 0.2622508704662323, 0.25287508964538574, 0.249503955245018, 0.23829449713230133, 0.22093139588832855, 0.2340979278087616, 0.25446581840515137, 0.2568988800048828, 0.2687363028526306, 0.23729097843170166, 0.2564050853252411, 0.25836241245269775, 0.26236599683761597]",40.0,0.0029278524022140814,True,123,0.6076388955116272,0.2465277761220932,0.7534722238779068,113.607421875,114.33082580566406,3.767502784729004,2.413658380508423,0.10254091769456863,"[0.6111111111111112, 0.5833333333333334, 0.5, 0.7361111111111112]","[0.0, 0.0, 0.9861111111111112, 0.0]",0.0,1,False,0.6695016939582158,,,,,-0.335081711832808,-0.48719890940828153,-0.15211719757547354,"['C4', 'C6', 'CP3', 'POz', 'FC4']","['C4', 'FC4', 'P2', 'CPz', 'CP3']",,,,8,Mamba
PGD,False,,,Linf,0.5,0.0468456384354253,"[0.49743393063545227, 0.45291703939437866, 0.4984962046146393, 0.5255865454673767, 0.5132790803909302, 0.5009920597076416, 0.3488280177116394, 0.4177662432193756, 0.4762148857116699, 0.5245017409324646, 0.5057501792907715, 0.499007910490036, 0.47658899426460266, 0.4418627917766571, 0.4681958556175232, 0.5089316368103027, 0.5137977600097656, 0.5374726057052612, 0.4745819568634033, 0.5128101706504822, 0.5167248249053955, 0.5247319936752319]",40.0,0.005855704804428163,True,123,0.6076388955116272,0.0902777761220932,0.9097222238779068,113.69131469726562,114.39450073242188,3.767502784729004,2.4087483882904053,0.10180103778839111,"[0.6111111111111112, 0.5833333333333334, 0.5, 0.7361111111111112]","[0.0, 0.0, 0.3611111111111111, 0.0]",0.0,1,False,0.6695016939582158,,,,,-0.335081711832808,-0.48719890940828153,-0.15211719757547354,"['C4', 'C6', 'CP3', 'POz', 'FC4']","['C4', 'FC4', 'P2', 'CPz', 'CP3']",,,,8,Mamba
PGD,False,,,Linf,1.0,0.0936912768708506,"[0.9948678612709045, 0.9058340787887573, 0.9969924092292786, 1.0511730909347534, 1.0265581607818604, 1.0019841194152832, 0.6976560354232788, 0.8355324864387512, 0.9524297714233398, 1.0490034818649292, 1.011500358581543, 0.998015820980072, 0.9531779885292053, 0.8837255835533142, 0.9363917112350464, 1.0178632736206055, 1.0275955200195312, 1.0749452114105225, 0.9491639137268066, 1.0256203413009644, 1.033449649810791, 1.0494639873504639]",40.0,0.011711409608856325,True,123,0.6076388955116272,0.0,1.0,113.94779968261719,114.63388061523438,3.767502784729004,2.3903071880340576,0.09892115741968155,"[0.6111111111111112, 0.5833333333333334, 0.5, 0.7361111111111112]","[0.0, 0.0, 0.0, 0.0]",0.0,1,False,0.6695016939582158,,,,,-0.335081711832808,-0.48719890940828153,-0.15211719757547354,"['C4', 'C6', 'CP3', 'POz', 'FC4']","['C4', 'FC4', 'P2', 'CPz', 'CP3']",,,,8,Mamba
PGD,False,,,Linf,2.0,0.1873825537417012,"[1.989735722541809, 1.8116681575775146, 1.9939848184585571, 2.102346181869507, 2.0531163215637207, 2.0039682388305664, 1.3953120708465576, 1.6710649728775024, 1.9048595428466797, 2.0980069637298584, 2.023000717163086, 1.996031641960144, 1.9063559770584106, 1.7674511671066284, 1.8727834224700928, 2.035726547241211, 2.0551910400390625, 2.149890422821045, 1.8983278274536133, 2.0512406826019287, 2.066899299621582, 2.0989279747009277]",40.0,0.02342281921771265,True,123,0.6076388955116272,0.0,1.0,114.72457885742188,115.33158111572266,3.767502784729004,2.3368608951568604,0.09165899455547333,"[0.6111111111111112, 0.5833333333333334, 0.5, 0.7361111111111112]","[0.0, 0.0, 0.0, 0.0]",0.0,1,False,0.6695016939582158,,,,,-0.335081711832808,-0.48719890940828153,-0.15211719757547354,"['C4', 'C6', 'CP3', 'POz', 'FC4']","['C4', 'FC4', 'P2', 'CPz', 'CP3']",,,,8,Mamba
FGSM_LP,True,gaussian,3.0,Linf,0.25,0.02342281921771265,"[0.24871696531772614, 0.22645851969718933, 0.24924810230731964, 0.26279327273368835, 0.2566395401954651, 0.2504960298538208, 0.1744140088558197, 0.2088831216096878, 0.23810744285583496, 0.2622508704662323, 0.25287508964538574, 0.249503955245018, 0.23829449713230133, 0.22093139588832855, 0.2340979278087616, 0.25446581840515137, 0.2568988800048828, 0.2687363028526306, 0.23729097843170166, 0.2564050853252411, 0.25836241245269775, 0.26236599683761597]",,,False,123,0.6076388955116272,0.5798611044883728,0.4201388955116272,3.6063272953033447,3.606492280960083,0.023422837257385254,32.40926742553711,0.5732511281967163,"[0.6111111111111112, 0.5833333333333334, 0.5, 0.7361111111111112]","[0.5694444444444444, 0.5555555555555556, 0.4861111111111111, 0.7083333333333334]",0.0,1,False,0.9974767080745341,,,,,-0.335081711832808,-0.3374409944641559,-0.002359282631347881,"['C4', 'C6', 'CP3', 'POz', 'FC4']","['C4', 'C6', 'CP3', 'POz', 'FC4']",,,,8,Mamba
FGSM_LP,True,gaussian,3.0,Linf,0.5,0.0468456384354253,"[0.49743393063545227, 0.45291703939437866, 0.4984962046146393, 0.5255865454673767, 0.5132790803909302, 0.5009920597076416, 0.3488280177116394, 0.4177662432193756, 0.4762148857116699, 0.5245017409324646, 0.5057501792907715, 0.499007910490036, 0.47658899426460266, 0.4418627917766571, 0.4681958556175232, 0.5089316368103027, 0.5137977600097656, 0.5374726057052612, 0.4745819568634033, 0.5128101706504822, 0.5167248249053955, 0.5247319936752319]",,,False,123,0.6076388955116272,0.5034722089767456,0.4965277910232544,7.079943656921387,7.0833516120910645,0.04684567451477051,26.546241760253906,0.5639271140098572,"[0.6111111111111112, 0.5833333333333334, 0.5, 0.7361111111111112]","[0.4583333333333333, 0.4583333333333333, 0.4166666666666667, 0.6805555555555556]",0.0,1,False,0.9974767080745341,,,,,-0.335081711832808,-0.3374409944641559,-0.002359282631347881,"['C4', 'C6', 'CP3', 'POz', 'FC4']","['C4', 'C6', 'CP3', 'POz', 'FC4']",,,,8,Mamba
FGSM_LP,True,gaussian,3.0,Linf,1.0,0.0936912768708506,"[0.9948678612709045, 0.9058340787887573, 0.9969924092292786, 1.0511730909347534, 1.0265581607818604, 1.0019841194152832, 0.6976560354232788, 0.8355324864387512, 0.9524297714233398, 1.0490034818649292, 1.011500358581543, 0.998015820980072, 0.9531779885292053, 0.8837255835533142, 0.9363917112350464, 1.0178632736206055, 1.0275955200195312, 1.0749452114105225, 0.9491639137268066, 1.0256203413009644, 1.033449649810791, 1.0494639873504639]",,,False,123,0.6076388955116272,0.2430555522441864,0.7569444477558136,13.703634262084961,13.71084213256836,0.09369134902954102,20.809831619262695,0.5491611957550049,"[0.6111111111111112, 0.5833333333333334, 0.5, 0.7361111111111112]","[0.1527777777777778, 0.18055555555555555, 0.20833333333333334, 0.4305555555555556]",0.0,1,False,0.9974767080745341,,,,,-0.335081711832808,-0.3374409944641559,-0.002359282631347881,"['C4', 'C6', 'CP3', 'POz', 'FC4']","['C4', 'C6', 'CP3', 'POz', 'FC4']",,,,8,Mamba
FGSM_LP,True,gaussian,3.0,Linf,2.0,0.1873825537417012,"[1.989735722541809, 1.8116681575775146, 1.9939848184585571, 2.102346181869507, 2.0531163215637207, 2.0039682388305664, 1.3953120708465576, 1.6710649728775024, 1.9048595428466797, 2.0980069637298584, 2.023000717163086, 1.996031641960144, 1.9063559770584106, 1.7674511671066284, 1.8727834224700928, 2.035726547241211, 2.0551910400390625, 2.149890422821045, 1.8983278274536133, 2.0512406826019287, 2.066899299621582, 2.0989279747009277]",,,False,123,0.6076388955116272,0.013888888992369175,0.9861111110076308,25.89521026611328,25.886465072631836,0.18738260865211487,15.28985595703125,0.5262237191200256,"[0.6111111111111112, 0.5833333333333334, 0.5, 0.7361111111111112]","[0.0, 0.0, 0.0, 0.05555555555555555]",0.0,1,False,0.9974767080745341,,,,,-0.335081711832808,-0.3374409944641559,-0.002359282631347881,"['C4', 'C6', 'CP3', 'POz', 'FC4']","['C4', 'C6', 'CP3', 'POz', 'FC4']",,,,8,Mamba
PGD_LP,True,gaussian,3.0,Linf,0.25,0.02342281921771265,"[0.24871696531772614, 0.22645851969718933, 0.24924810230731964, 0.26279327273368835, 0.2566395401954651, 0.2504960298538208, 0.1744140088558197, 0.2088831216096878, 0.23810744285583496, 0.2622508704662323, 0.25287508964538574, 0.249503955245018, 0.23829449713230133, 0.22093139588832855, 0.2340979278087616, 0.25446581840515137, 0.2568988800048828, 0.2687363028526306, 0.23729097843170166, 0.2564050853252411, 0.25836241245269775, 0.26236599683761597]",40.0,0.0029278524022140814,True,123,0.6076388955116272,0.6041666865348816,0.3958333134651184,3.606631278991699,3.607032299041748,0.023422837257385254,32.40796661376953,0.5728943347930908,"[0.6111111111111112, 0.5833333333333334, 0.5, 0.7361111111111112]","[0.5972222222222222, 0.5694444444444444, 0.5138888888888888, 0.7361111111111112]",0.0,1,False,0.9975208215697347,,,,,-0.335081711832808,-0.33717969310699836,-0.0020979812741903636,"['C4', 'C6', 'CP3', 'POz', 'FC4']","['C4', 'C6', 'CP3', 'POz', 'FC4']",,,,8,Mamba
PGD_LP,True,gaussian,3.0,Linf,0.5,0.0468456384354253,"[0.49743393063545227, 0.45291703939437866, 0.4984962046146393, 0.5255865454673767, 0.5132790803909302, 0.5009920597076416, 0.3488280177116394, 0.4177662432193756, 0.4762148857116699, 0.5245017409324646, 0.5057501792907715, 0.499007910490036, 0.47658899426460266, 0.4418627917766571, 0.4681958556175232, 0.5089316368103027, 0.5137977600097656, 0.5374726057052612, 0.4745819568634033, 0.5128101706504822, 0.5167248249053955, 0.5247319936752319]",40.0,0.005855704804428163,True,123,0.6076388955116272,0.5555555820465088,0.4444444179534912,7.080294132232666,7.0840582847595215,0.04684567451477051,26.54537582397461,0.5627434253692627,"[0.6111111111111112, 0.5833333333333334, 0.5, 0.7361111111111112]","[0.5138888888888888, 0.5277777777777778, 0.4444444444444444, 0.7361111111111112]",0.0,1,False,0.9975208215697347,,,,,-0.335081711832808,-0.33717969310699836,-0.0020979812741903636,"['C4', 'C6', 'CP3', 'POz', 'FC4']","['C4', 'C6', 'CP3', 'POz', 'FC4']",,,,8,Mamba
PGD_LP,True,gaussian,3.0,Linf,1.0,0.0936912768708506,"[0.9948678612709045, 0.9058340787887573, 0.9969924092292786, 1.0511730909347534, 1.0265581607818604, 1.0019841194152832, 0.6976560354232788, 0.8355324864387512, 0.9524297714233398, 1.0490034818649292, 1.011500358581543, 0.998015820980072, 0.9531779885292053, 0.8837255835533142, 0.9363917112350464, 1.0178632736206055, 1.0275955200195312, 1.0749452114105225, 0.9491639137268066, 1.0256203413009644, 1.033449649810791, 1.0494639873504639]",40.0,0.011711409608856325,True,123,0.6076388955116272,0.4166666567325592,0.5833333432674408,13.690533638000488,13.699918746948242,0.09369134902954102,20.8167724609375,0.545243501663208,"[0.6111111111111112, 0.5833333333333334, 0.5, 0.7361111111111112]","[0.3611111111111111, 0.3333333333333333, 0.3333333333333333, 0.6388888888888888]",0.0,1,False,0.9975208215697347,,,,,-0.335081711832808,-0.33717969310699836,-0.0020979812741903636,"['C4', 'C6', 'CP3', 'POz', 'FC4']","['C4', 'C6', 'CP3', 'POz', 'FC4']",,,,8,Mamba
PGD_LP,True,gaussian,3.0,Linf,2.0,0.1873825537417012,"[1.989735722541809, 1.8116681575775146, 1.9939848184585571, 2.102346181869507, 2.0531163215637207, 2.0039682388305664, 1.3953120708465576, 1.6710649728775024, 1.9048595428466797, 2.0980069637298584, 2.023000717163086, 1.996031641960144, 1.9063559770584106, 1.7674511671066284, 1.8727834224700928, 2.035726547241211, 2.0551910400390625, 2.149890422821045, 1.8983278274536133, 2.0512406826019287, 2.066899299621582, 2.0989279747009277]",40.0,0.02342281921771265,True,123,0.6076388955116272,0.1180555522441864,0.8819444477558136,25.66472625732422,25.6805362701416,0.18738260865211487,15.35941219329834,0.512735903263092,"[0.6111111111111112, 0.5833333333333334, 0.5, 0.7361111111111112]","[0.08333333333333333, 0.013888888888888888, 0.0, 0.375]",0.0,1,False,0.9975208215697347,,,,,-0.335081711832808,-0.33717969310699836,-0.0020979812741903636,"['C4', 'C6', 'CP3', 'POz', 'FC4']","['C4', 'C6', 'CP3', 'POz', 'FC4']",,,,8,Mamba
DeepFool_L2,,,,L2,,,,50.0,,,123,0.6076388955116272,0.0729166641831398,0.9270833358168602,104.40723419189453,69.72154235839844,2.301607370376587,112.70354461669922,137.264404296875,,,0.0,1,False,0.8071975578769057,,,,,-0.335081711832808,-0.41201286967289497,-0.07693115784008697,"['C4', 'C6', 'CP3', 'POz', 'FC4']","['C4', 'FC4', 'C6', 'CP3', 'CP4']",,,,8,Mamba
FGSM,False,,,Linf,0.25,0.02342281921771265,"[0.24871696531772614, 0.22645851969718933, 0.24924810230731964, 0.26279327273368835, 0.2566395401954651, 0.2504960298538208, 0.1744140088558197, 0.2088831216096878, 0.23810744285583496, 0.2622508704662323, 0.25287508964538574, 0.249503955245018, 0.23829449713230133, 0.22093139588832855, 0.2340979278087616, 0.25446581840515137, 0.2568988800048828, 0.2687363028526306, 0.23729097843170166, 0.2564050853252411, 0.25836241245269775, 0.26236599683761597]",,,False,2024,0.6215277910232544,0.2986111044883728,0.7013888955116272,114.06193542480469,114.33087921142578,3.767502784729004,2.4136548042297363,0.10254071652889252,"[0.4027777777777778, 0.6388888888888888, 0.5833333333333334, 0.8611111111111112]","[0.0, 0.2916666666666667, 0.9027777777777778, 0.0]",0.0,1,False,0.757411067193676,,,,,-0.012075205341457585,0.14786415628386557,0.15993936162532316,"['CP2', 'C6', 'CP4', 'CPz', 'CP3']","['Cz', 'C6', 'CP2', 'CPz', 'CP4']",,,,8,Mamba
FGSM,False,,,Linf,0.5,0.0468456384354253,"[0.49743393063545227, 0.45291703939437866, 0.4984962046146393, 0.5255865454673767, 0.5132790803909302, 0.5009920597076416, 0.3488280177116394, 0.4177662432193756, 0.4762148857116699, 0.5245017409324646, 0.5057501792907715, 0.499007910490036, 0.47658899426460266, 0.4418627917766571, 0.4681958556175232, 0.5089316368103027, 0.5137977600097656, 0.5374726057052612, 0.4745819568634033, 0.5128101706504822, 0.5167248249053955, 0.5247319936752319]",,,False,2024,0.6215277910232544,0.1840277761220932,0.8159722238779068,113.73871612548828,114.39498901367188,3.767502784729004,2.40871000289917,0.10179968923330307,"[0.4027777777777778, 0.6388888888888888, 0.5833333333333334, 0.8611111111111112]","[0.0, 0.08333333333333333, 0.6527777777777778, 0.0]",0.0,1,False,0.757411067193676,,,,,-0.012075205341457585,0.14786415628386557,0.15993936162532316,"['CP2', 'C6', 'CP4', 'CPz', 'CP3']","['Cz', 'C6', 'CP2', 'CPz', 'CP4']",,,,8,Mamba
FGSM,False,,,Linf,1.0,0.0936912768708506,"[0.9948678612709045, 0.9058340787887573, 0.9969924092292786, 1.0511730909347534, 1.0265581607818604, 1.0019841194152832, 0.6976560354232788, 0.8355324864387512, 0.9524297714233398, 1.0490034818649292, 1.011500358581543, 0.998015820980072, 0.9531779885292053, 0.8837255835533142, 0.9363917112350464, 1.0178632736206055, 1.0275955200195312, 1.0749452114105225, 0.9491639137268066, 1.0256203413009644, 1.033449649810791, 1.0494639873504639]",,,False,2024,0.6215277910232544,0.0555555559694767,0.9444444440305233,113.94049072265625,114.65074157714844,3.767502784729004,2.3890199661254883,0.0989038497209549,"[0.4027777777777778, 0.6388888888888888, 0.5833333333333334, 0.8611111111111112]","[0.0, 0.0, 0.2222222222222222, 0.0]",0.0,1,False,0.757411067193676,,,,,-0.012075205341457585,0.14786415628386557,0.15993936162532316,"['CP2', 'C6', 'CP4', 'CPz', 'CP3']","['Cz', 'C6', 'CP2', 'CPz', 'CP4']",,,,8,Mamba
FGSM,False,,,Linf,2.0,0.1873825537417012,"[1.989735722541809, 1.8116681575775146, 1.9939848184585571, 2.102346181869507, 2.0531163215637207, 2.0039682388305664, 1.3953120708465576, 1.6710649728775024, 1.9048595428466797, 2.0980069637298584, 2.023000717163086, 1.996031641960144, 1.9063559770584106, 1.7674511671066284, 1.8727834224700928, 2.035726547241211, 2.0551910400390625, 2.149890422821045, 1.8983278274536133, 2.0512406826019287, 2.066899299621582, 2.0989279747009277]",,,False,2024,0.6215277910232544,0.0,1.0,114.93160247802734,115.66098022460938,3.767502784729004,2.3116958141326904,0.08837289363145828,"[0.4027777777777778, 0.6388888888888888, 0.5833333333333334, 0.8611111111111112]","[0.0, 0.0, 0.0, 0.0]",0.0,1,False,0.757411067193676,,,,,-0.012075205341457585,0.14786415628386557,0.15993936162532316,"['CP2', 'C6', 'CP4', 'CPz', 'CP3']","['Cz', 'C6', 'CP2', 'CPz', 'CP4']",,,,8,Mamba
PGD,False,,,Linf,0.25,0.02342281921771265,"[0.24871696531772614, 0.22645851969718933, 0.24924810230731964, 0.26279327273368835, 0.2566395401954651, 0.2504960298538208, 0.1744140088558197, 0.2088831216096878, 0.23810744285583496, 0.2622508704662323, 0.25287508964538574, 0.249503955245018, 0.23829449713230133, 0.22093139588832855, 0.2340979278087616, 0.25446581840515137, 0.2568988800048828, 0.2687363028526306, 0.23729097843170166, 0.2564050853252411, 0.25836241245269775, 0.26236599683761597]",40.0,0.0029278524022140814,True,2024,0.6215277910232544,0.1284722238779068,0.8715277761220932,113.60743713378906,114.33084106445312,3.767502784729004,2.4136571884155273,0.10254126042127609,"[0.4027777777777778, 0.6388888888888888, 0.5833333333333334, 0.8611111111111112]","[0.0, 0.027777777777777776, 0.4861111111111111, 0.0]",0.0,1,False,0.7510410784867307,,,,,-0.012075205341457585,0.15564008110011368,0.16771528644157127,"['CP2', 'C6', 'CP4', 'CPz', 'CP3']","['Cz', 'C6', 'CP2', 'CPz', 'CP4']",,,,8,Mamba
PGD,False,,,Linf,0.5,0.0468456384354253,"[0.49743393063545227, 0.45291703939437866, 0.4984962046146393, 0.5255865454673767, 0.5132790803909302, 0.5009920597076416, 0.3488280177116394, 0.4177662432193756, 0.4762148857116699, 0.5245017409324646, 0.5057501792907715, 0.499007910490036, 0.47658899426460266, 0.4418627917766571, 0.4681958556175232, 0.5089316368103027, 0.5137977600097656, 0.5374726057052612, 0.4745819568634033, 0.5128101706504822, 0.5167248249053955, 0.5247319936752319]",40.0,0.005855704804428163,True,2024,0.6215277910232544,0.0069444444961845875,0.9930555555038154,113.69117736816406,114.39435577392578,3.767502784729004,2.408759117126465,0.10180065780878067,"[0.4027777777777778, 0.6388888888888888, 0.5833333333333334, 0.8611111111111112]","[0.0, 0.0, 0.027777777777777776, 0.0]",0.0,1,False,0.7510410784867307,,,,,-0.012075205341457585,0.15564008110011368,0.16771528644157127,"['CP2', 'C6', 'CP4', 'CPz', 'CP3']","['Cz', 'C6', 'CP2', 'CPz', 'CP4']",,,,8,Mamba
PGD,False,,,Linf,1.0,0.0936912768708506,"[0.9948678612709045, 0.9058340787887573, 0.9969924092292786, 1.0511730909347534, 1.0265581607818604, 1.0019841194152832, 0.6976560354232788, 0.8355324864387512, 0.9524297714233398, 1.0490034818649292, 1.011500358581543, 0.998015820980072, 0.9531779885292053, 0.8837255835533142, 0.9363917112350464, 1.0178632736206055, 1.0275955200195312, 1.0749452114105225, 0.9491639137268066, 1.0256203413009644, 1.033449649810791, 1.0494639873504639]",40.0,0.011711409608856325,True,2024,0.6215277910232544,0.0,1.0,113.94929504394531,114.626708984375,3.767502784729004,2.39085054397583,0.09887032955884933,"[0.4027777777777778, 0.6388888888888888, 0.5833333333333334, 0.8611111111111112]","[0.0, 0.0, 0.0, 0.0]",0.0,1,False,0.7510410784867307,,,,,-0.012075205341457585,0.15564008110011368,0.16771528644157127,"['CP2', 'C6', 'CP4', 'CPz', 'CP3']","['Cz', 'C6', 'CP2', 'CPz', 'CP4']",,,,8,Mamba
PGD,False,,,Linf,2.0,0.1873825537417012,"[1.989735722541809, 1.8116681575775146, 1.9939848184585571, 2.102346181869507, 2.0531163215637207, 2.0039682388305664, 1.3953120708465576, 1.6710649728775024, 1.9048595428466797, 2.0980069637298584, 2.023000717163086, 1.996031641960144, 1.9063559770584106, 1.7674511671066284, 1.8727834224700928, 2.035726547241211, 2.0551910400390625, 2.149890422821045, 1.8983278274536133, 2.0512406826019287, 2.066899299621582, 2.0989279747009277]",40.0,0.02342281921771265,True,2024,0.6215277910232544,0.0,1.0,114.66400146484375,115.28133392333984,3.767502784729004,2.3407044410705566,0.09217743575572968,"[0.4027777777777778, 0.6388888888888888, 0.5833333333333334, 0.8611111111111112]","[0.0, 0.0, 0.0, 0.0]",0.0,1,False,0.7510410784867307,,,,,-0.012075205341457585,0.15564008110011368,0.16771528644157127,"['CP2', 'C6', 'CP4', 'CPz', 'CP3']","['Cz', 'C6', 'CP2', 'CPz', 'CP4']",,,,8,Mamba
FGSM_LP,True,gaussian,3.0,Linf,0.25,0.02342281921771265,"[0.24871696531772614, 0.22645851969718933, 0.24924810230731964, 0.26279327273368835, 0.2566395401954651, 0.2504960298538208, 0.1744140088558197, 0.2088831216096878, 0.23810744285583496, 0.2622508704662323, 0.25287508964538574, 0.249503955245018, 0.23829449713230133, 0.22093139588832855, 0.2340979278087616, 0.25446581840515137, 0.2568988800048828, 0.2687363028526306, 0.23729097843170166, 0.2564050853252411, 0.25836241245269775, 0.26236599683761597]",,,False,2024,0.6215277910232544,0.5833333134651184,0.4166666865348816,3.606278419494629,3.606184720993042,0.023422837257385254,32.410011291503906,0.5739169120788574,"[0.4027777777777778, 0.6388888888888888, 0.5833333333333334, 0.8611111111111112]","[0.3611111111111111, 0.625, 0.5138888888888888, 0.8333333333333334]",0.0,1,False,0.9976531620553359,,,,,-0.012075205341457585,-0.012867670133602911,-0.0007924647921453264,"['CP2', 'C6', 'CP4', 'CPz', 'CP3']","['CP2', 'C6', 'CP4', 'CPz', 'CP3']",,,,8,Mamba
FGSM_LP,True,gaussian,3.0,Linf,0.5,0.0468456384354253,"[0.49743393063545227, 0.45291703939437866, 0.4984962046146393, 0.5255865454673767, 0.5132790803909302, 0.5009920597076416, 0.3488280177116394, 0.4177662432193756, 0.4762148857116699, 0.5245017409324646, 0.5057501792907715, 0.499007910490036, 0.47658899426460266, 0.4418627917766571, 0.4681958556175232, 0.5089316368103027, 0.5137977600097656, 0.5374726057052612, 0.4745819568634033, 0.5128101706504822, 0.5167248249053955, 0.5247319936752319]",,,False,2024,0.6215277910232544,0.5,0.5,7.080600261688232,7.081944942474365,0.04684567451477051,26.54796600341797,0.5650678873062134,"[0.4027777777777778, 0.6388888888888888, 0.5833333333333334, 0.8611111111111112]","[0.2777777777777778, 0.5, 0.4722222222222222, 0.75]",0.0,1,False,0.9976531620553359,,,,,-0.012075205341457585,-0.012867670133602911,-0.0007924647921453264,"['CP2', 'C6', 'CP4', 'CPz', 'CP3']","['CP2', 'C6', 'CP4', 'CPz', 'CP3']",,,,8,Mamba
FGSM_LP,True,gaussian,3.0,Linf,1.0,0.0936912768708506,"[0.9948678612709045, 0.9058340787887573, 0.9969924092292786, 1.0511730909347534, 1.0265581607818604, 1.0019841194152832, 0.6976560354232788, 0.8355324864387512, 0.9524297714233398, 1.0490034818649292, 1.011500358581543, 0.998015820980072, 0.9531779885292053, 0.8837255835533142, 0.9363917112350464, 1.0178632736206055, 1.0275955200195312, 1.0749452114105225, 0.9491639137268066, 1.0256203413009644, 1.033449649810791, 1.0494639873504639]",,,False,2024,0.6215277910232544,0.2361111044883728,0.7638888955116272,13.703516960144043,13.705376625061035,0.09369134902954102,20.81329345703125,0.550683319568634,"[0.4027777777777778, 0.6388888888888888, 0.5833333333333334, 0.8611111111111112]","[0.041666666666666664, 0.16666666666666666, 0.2361111111111111, 0.5]",0.0,1,False,0.9976531620553359,,,,,-0.012075205341457585,-0.012867670133602911,-0.0007924647921453264,"['CP2', 'C6', 'CP4', 'CPz', 'CP3']","['CP2', 'C6', 'CP4', 'CPz', 'CP3']",,,,8,Mamba
FGSM_LP,True,gaussian,3.0,Linf,2.0,0.1873825537417012,"[1.989735722541809, 1.8116681575775146, 1.9939848184585571, 2.102346181869507, 2.0531163215637207, 2.0039682388305664, 1.3953120708465576, 1.6710649728775024, 1.9048595428466797, 2.0980069637298584, 2.023000717163086, 1.996031641960144, 1.9063559770584106, 1.7674511671066284, 1.8727834224700928, 2.035726547241211, 2.0551910400390625, 2.149890422821045, 1.8983278274536133, 2.0512406826019287, 2.066899299621582, 2.0989279747009277]",,,False,2024,0.6215277910232544,0.013888888992369175,0.9861111110076308,25.871545791625977,25.865604400634766,0.18738260865211487,15.296853065490723,0.5283124446868896,"[0.4027777777777778, 0.6388888888888888, 0.5833333333333334, 0.8611111111111112]","[0.0, 0.0, 0.0, 0.05555555555555555]",0.0,1,False,0.9976531620553359,,,,,-0.012075205341457585,-0.012867670133602911,-0.0007924647921453264,"['CP2', 'C6', 'CP4', 'CPz', 'CP3']","['CP2', 'C6', 'CP4', 'CPz', 'CP3']",,,,8,Mamba
PGD_LP,True,gaussian,3.0,Linf,0.25,0.02342281921771265,"[0.24871696531772614, 0.22645851969718933, 0.24924810230731964, 0.26279327273368835, 0.2566395401954651, 0.2504960298538208, 0.1744140088558197, 0.2088831216096878, 0.23810744285583496, 0.2622508704662323, 0.25287508964538574, 0.249503955245018, 0.23829449713230133, 0.22093139588832855, 0.2340979278087616, 0.25446581840515137, 0.2568988800048828, 0.2687363028526306, 0.23729097843170166, 0.2564050853252411, 0.25836241245269775, 0.26236599683761597]",40.0,0.0029278524022140814,True,2024,0.6215277910232544,0.6145833134651184,0.3854166865348816,3.6070196628570557,3.60664701461792,0.023422837257385254,32.40889358520508,0.5737272500991821,"[0.4027777777777778, 0.6388888888888888, 0.5833333333333334, 0.8611111111111112]","[0.3888888888888889, 0.625, 0.5833333333333334, 0.8611111111111112]",0.0,1,False,0.9979090203274985,,,,,-0.012075205341457585,-0.012606052934100422,-0.0005308475926428368,"['CP2', 'C6', 'CP4', 'CPz', 'CP3']","['CP2', 'C6', 'CP4', 'CPz', 'CP3']",,,,8,Mamba
PGD_LP,True,gaussian,3.0,Linf,0.5,0.0468456384354253,"[0.49743393063545227, 0.45291703939437866, 0.4984962046146393, 0.5255865454673767, 0.5132790803909302, 0.5009920597076416, 0.3488280177116394, 0.4177662432193756, 0.4762148857116699, 0.5245017409324646, 0.5057501792907715, 0.499007910490036, 0.47658899426460266, 0.4418627917766571, 0.4681958556175232, 0.5089316368103027, 0.5137977600097656, 0.5374726057052612, 0.4745819568634033, 0.5128101706504822, 0.5167248249053955, 0.5247319936752319]",40.0,0.005855704804428163,True,2024,0.6215277910232544,0.5729166865348816,0.4270833134651184,7.081145286560059,7.081358909606934,0.04684567451477051,26.54869270324707,0.5633068680763245,"[0.4027777777777778, 0.6388888888888888, 0.5833333333333334, 0.8611111111111112]","[0.375, 0.5694444444444444, 0.5, 0.8472222222222222]",0.0,1,False,0.9979090203274985,,,,,-0.012075205341457585,-0.012606052934100422,-0.0005308475926428368,"['CP2', 'C6', 'CP4', 'CPz', 'CP3']","['CP2', 'C6', 'CP4', 'CPz', 'CP3']",,,,8,Mamba
PGD_LP,True,gaussian,3.0,Linf,1.0,0.0936912768708506,"[0.9948678612709045, 0.9058340787887573, 0.9969924092292786, 1.0511730909347534, 1.0265581607818604, 1.0019841194152832, 0.6976560354232788, 0.8355324864387512, 0.9524297714233398, 1.0490034818649292, 1.011500358581543, 0.998015820980072, 0.9531779885292053, 0.8837255835533142, 0.9363917112350464, 1.0178632736206055, 1.0275955200195312, 1.0749452114105225, 0.9491639137268066, 1.0256203413009644, 1.033449649810791, 1.0494639873504639]",40.0,0.011711409608856325,True,2024,0.6215277910232544,0.4201388955116272,0.5798611044883728,13.676955223083496,13.683612823486328,0.09369134902954102,20.827129364013672,0.5470726490020752,"[0.4027777777777778, 0.6388888888888888, 0.5833333333333334, 0.8611111111111112]","[0.2361111111111111, 0.2638888888888889, 0.375, 0.8055555555555556]",0.0,1,False,0.9979090203274985,,,,,-0.012075205341457585,-0.012606052934100422,-0.0005308475926428368,"['CP2', 'C6', 'CP4', 'CPz', 'CP3']","['CP2', 'C6', 'CP4', 'CPz', 'CP3']",,,,8,Mamba
PGD_LP,True,gaussian,3.0,Linf,2.0,0.1873825537417012,"[1.989735722541809, 1.8116681575775146, 1.9939848184585571, 2.102346181869507, 2.0531163215637207, 2.0039682388305664, 1.3953120708465576, 1.6710649728775024, 1.9048595428466797, 2.0980069637298584, 2.023000717163086, 1.996031641960144, 1.9063559770584106, 1.7674511671066284, 1.8727834224700928, 2.035726547241211, 2.0551910400390625, 2.149890422821045, 1.8983278274536133, 2.0512406826019287, 2.066899299621582, 2.0989279747009277]",40.0,0.02342281921771265,True,2024,0.6215277910232544,0.1875,0.8125,25.611473083496094,25.621816635131836,0.18738260865211487,15.379316329956055,0.5175318717956543,"[0.4027777777777778, 0.6388888888888888, 0.5833333333333334, 0.8611111111111112]","[0.05555555555555555, 0.0, 0.05555555555555555, 0.6388888888888888]",0.0,1,False,0.9979090203274985,,,,,-0.012075205341457585,-0.012606052934100422,-0.0005308475926428368,"['CP2', 'C6', 'CP4', 'CPz', 'CP3']","['CP2', 'C6', 'CP4', 'CPz', 'CP3']",,,,8,Mamba
DeepFool_L2,,,,L2,,,,50.0,,,2024,0.6215277910232544,0.09375,0.90625,104.87641906738281,71.40097045898438,2.339808225631714,108.79226684570312,136.33721923828125,,,0.0,1,False,0.8454351355166574,,,,,-0.012075205341457585,0.059958784241109425,0.07203398958256702,"['CP2', 'C6', 'CP4', 'CPz', 'CP3']","['CP2', 'C6', 'Cz', 'CPz', 'CP4']",,,,8,Mamba
FGSM,False,,,Linf,0.25,0.02342281921771265,"[0.24871696531772614, 0.22645851969718933, 0.24924810230731964, 0.26279327273368835, 0.2566395401954651, 0.2504960298538208, 0.1744140088558197, 0.2088831216096878, 0.23810744285583496, 0.2622508704662323, 0.25287508964538574, 0.249503955245018, 0.23829449713230133, 0.22093139588832855, 0.2340979278087616, 0.25446581840515137, 0.2568988800048828, 0.2687363028526306, 0.23729097843170166, 0.2564050853252411, 0.25836241245269775, 0.26236599683761597]",,,False,31415,0.6180555820465088,0.3090277910232544,0.6909722089767456,113.67167663574219,114.33086395263672,3.767502784729004,2.4136548042297363,0.1025407537817955,"[0.5833333333333334, 0.5694444444444444, 0.5555555555555556, 0.7638888888888888]","[0.0, 0.2638888888888889, 0.9722222222222222, 0.0]",0.0,1,False,0.8284867306606438,,,,,-0.09644518634443083,-0.037072281004439885,0.05937290533999095,"['POz', 'Cz', 'CP3', 'CP4', 'C6']","['Cz', 'CP3', 'C6', 'POz', 'CP4']",,,,8,Mamba
FGSM,False,,,Linf,0.5,0.0468456384354253,"[0.49743393063545227, 0.45291703939437866, 0.4984962046146393, 0.5255865454673767, 0.5132790803909302, 0.5009920597076416, 0.3488280177116394, 0.4177662432193756, 0.4762148857116699, 0.5245017409324646, 0.5057501792907715, 0.499007910490036, 0.47658899426460266, 0.4418627917766571, 0.4681958556175232, 0.5089316368103027, 0.5137977600097656, 0.5374726057052612, 0.4745819568634033, 0.5128101706504822, 0.5167248249053955, 0.5247319936752319]",,,False,31415,0.6180555820465088,0.1909722238779068,0.8090277761220932,113.73877716064453,114.39498901367188,3.767502784729004,2.4087109565734863,0.10179959982633591,"[0.5833333333333334, 0.5694444444444444, 0.5555555555555556, 0.7638888888888888]","[0.0, 0.125, 0.6388888888888888, 0.0]",0.0,1,False,0.8284867306606438,,,,,-0.09644518634443083,-0.037072281004439885,0.05937290533999095,"['POz', 'Cz', 'CP3', 'CP4', 'C6']","['Cz', 'CP3', 'C6', 'POz', 'CP4']",,,,8,Mamba
FGSM,False,,,Linf,1.0,0.0936912768708506,"[0.9948678612709045, 0.9058340787887573, 0.9969924092292786, 1.0511730909347534, 1.0265581607818604, 1.0019841194152832, 0.6976560354232788, 0.8355324864387512, 0.9524297714233398, 1.0490034818649292, 1.011500358581543, 0.998015820980072, 0.9531779885292053, 0.8837255835533142, 0.9363917112350464, 1.0178632736206055, 1.0275955200195312, 1.0749452114105225, 0.9491639137268066, 1.0256203413009644, 1.033449649810791, 1.0494639873504639]",,,False,31415,0.6180555820465088,0.013888888992369175,0.9861111110076308,113.94044494628906,114.65071868896484,3.767502784729004,2.3890223503112793,0.09890422970056534,"[0.5833333333333334, 0.5694444444444444, 0.5555555555555556, 0.7638888888888888]","[0.0, 0.0, 0.05555555555555555, 0.0]",0.0,1,False,0.8284867306606438,,,,,-0.09644518634443083,-0.037072281004439885,0.05937290533999095,"['POz', 'Cz', 'CP3', 'CP4', 'C6']","['Cz', 'CP3', 'C6', 'POz', 'CP4']",,,,8,Mamba
FGSM,False,,,Linf,2.0,0.1873825537417012,"[1.989735722541809, 1.8116681575775146, 1.9939848184585571, 2.102346181869507, 2.0531163215637207, 2.0039682388305664, 1.3953120708465576, 1.6710649728775024, 1.9048595428466797, 2.0980069637298584, 2.023000717163086, 1.996031641960144, 1.9063559770584106, 1.7674511671066284, 1.8727834224700928, 2.035726547241211, 2.0551910400390625, 2.149890422821045, 1.8983278274536133, 2.0512406826019287, 2.066899299621582, 2.0989279747009277]",,,False,31415,0.6180555820465088,0.0,1.0,114.93385314941406,115.66118621826172,3.767502784729004,2.311680316925049,0.08836566656827927,"[0.5833333333333334, 0.5694444444444444, 0.5555555555555556, 0.7638888888888888]","[0.0, 0.0, 0.0, 0.0]",0.0,1,False,0.8284867306606438,,,,,-0.09644518634443083,-0.037072281004439885,0.05937290533999095,"['POz', 'Cz', 'CP3', 'CP4', 'C6']","['Cz', 'CP3', 'C6', 'POz', 'CP4']",,,,8,Mamba
PGD,False,,,Linf,0.25,0.02342281921771265,"[0.24871696531772614, 0.22645851969718933, 0.24924810230731964, 0.26279327273368835, 0.2566395401954651, 0.2504960298538208, 0.1744140088558197, 0.2088831216096878, 0.23810744285583496, 0.2622508704662323, 0.25287508964538574, 0.249503955245018, 0.23829449713230133, 0.22093139588832855, 0.2340979278087616, 0.25446581840515137, 0.2568988800048828, 0.2687363028526306, 0.23729097843170166, 0.2564050853252411, 0.25836241245269775, 0.26236599683761597]",40.0,0.0029278524022140814,True,31415,0.6180555820465088,0.1909722238779068,0.8090277761220932,114.0531997680664,114.33084106445312,3.767502784729004,2.413658380508423,0.10254187881946564,"[0.5833333333333334, 0.5694444444444444, 0.5555555555555556, 0.7638888888888888]","[0.0, 0.08333333333333333, 0.6805555555555556, 0.0]",0.0,1,False,0.8302865612648223,,,,,-0.09644518634443083,-0.026202245683925512,0.07024294066050532,"['POz', 'Cz', 'CP3', 'CP4', 'C6']","['Cz', 'CP3', 'C6', 'POz', 'CP2']",,,,8,Mamba
PGD,False,,,Linf,0.5,0.0468456384354253,"[0.49743393063545227, 0.45291703939437866, 0.4984962046146393, 0.5255865454673767, 0.5132790803909302, 0.5009920597076416, 0.3488280177116394, 0.4177662432193756, 0.4762148857116699, 0.5245017409324646, 0.5057501792907715, 0.499007910490036, 0.47658899426460266, 0.4418627917766571, 0.4681958556175232, 0.5089316368103027, 0.5137977600097656, 0.5374726057052612, 0.4745819568634033, 0.5128101706504822, 0.5167248249053955, 0.5247319936752319]",40.0,0.005855704804428163,True,31415,0.6180555820465088,0.0069444444961845875,0.9930555555038154,113.69137573242188,114.39446258544922,3.767502784729004,2.408751964569092,0.10180845111608505,"[0.5833333333333334, 0.5694444444444444, 0.5555555555555556, 0.7638888888888888]","[0.0, 0.0, 0.027777777777777776, 0.0]",0.0,1,False,0.8302865612648223,,,,,-0.09644518634443083,-0.026202245683925512,0.07024294066050532,"['POz', 'Cz', 'CP3', 'CP4', 'C6']","['Cz', 'CP3', 'C6', 'POz', 'CP2']",,,,8,Mamba
PGD,False,,,Linf,1.0,0.0936912768708506,"[0.9948678612709045, 0.9058340787887573, 0.9969924092292786, 1.0511730909347534, 1.0265581607818604, 1.0019841194152832, 0.6976560354232788, 0.8355324864387512, 0.9524297714233398, 1.0490034818649292, 1.011500358581543, 0.998015820980072, 0.9531779885292053, 0.8837255835533142, 0.9363917112350464, 1.0178632736206055, 1.0275955200195312, 1.0749452114105225, 0.9491639137268066, 1.0256203413009644, 1.033449649810791, 1.0494639873504639]",40.0,0.011711409608856325,True,31415,0.6180555820465088,0.0,1.0,113.95460510253906,114.63417053222656,3.767502784729004,2.390279531478882,0.09887129813432693,"[0.5833333333333334, 0.5694444444444444, 0.5555555555555556, 0.7638888888888888]","[0.0, 0.0, 0.0, 0.0]",0.0,1,False,0.8302865612648223,,,,,-0.09644518634443083,-0.026202245683925512,0.07024294066050532,"['POz', 'Cz', 'CP3', 'CP4', 'C6']","['Cz', 'CP3', 'C6', 'POz', 'CP2']",,,,8,Mamba
PGD,False,,,Linf,2.0,0.1873825537417012,"[1.989735722541809, 1.8116681575775146, 1.9939848184585571, 2.102346181869507, 2.0531163215637207, 2.0039682388305664, 1.3953120708465576, 1.6710649728775024, 1.9048595428466797, 2.0980069637298584, 2.023000717163086, 1.996031641960144, 1.9063559770584106, 1.7674511671066284, 1.8727834224700928, 2.035726547241211, 2.0551910400390625, 2.149890422821045, 1.8983278274536133, 2.0512406826019287, 2.066899299621582, 2.0989279747009277]",40.0,0.02342281921771265,True,31415,0.6180555820465088,0.0,1.0,114.728271484375,115.37088012695312,3.767502784729004,2.3337957859039307,0.09056577831506729,"[0.5833333333333334, 0.5694444444444444, 0.5555555555555556, 0.7638888888888888]","[0.0, 0.0, 0.0, 0.0]",0.0,1,False,0.8302865612648223,,,,,-0.09644518634443083,-0.026202245683925512,0.07024294066050532,"['POz', 'Cz', 'CP3', 'CP4', 'C6']","['Cz', 'CP3', 'C6', 'POz', 'CP2']",,,,8,Mamba
FGSM_LP,True,gaussian,3.0,Linf,0.25,0.02342281921771265,"[0.24871696531772614, 0.22645851969718933, 0.24924810230731964, 0.26279327273368835, 0.2566395401954651, 0.2504960298538208, 0.1744140088558197, 0.2088831216096878, 0.23810744285583496, 0.2622508704662323, 0.25287508964538574, 0.249503955245018, 0.23829449713230133, 0.22093139588832855, 0.2340979278087616, 0.25446581840515137, 0.2568988800048828, 0.2687363028526306, 0.23729097843170166, 0.2564050853252411, 0.25836241245269775, 0.26236599683761597]",,,False,31415,0.6180555820465088,0.6111111044883728,0.3888888955116272,3.606778144836426,3.606308937072754,0.023422837257385254,32.40971374511719,0.5736393928527832,"[0.5833333333333334, 0.5694444444444444, 0.5555555555555556, 0.7638888888888888]","[0.5694444444444444, 0.5555555555555556, 0.5555555555555556, 0.7638888888888888]",0.0,1,False,0.9978384387351779,,,,,-0.09644518634443083,-0.09431636698591062,0.0021288193585202175,"['POz', 'Cz', 'CP3', 'CP4', 'C6']","['POz', 'Cz', 'CP3', 'CP4', 'C6']",,,,8,Mamba
FGSM_LP,True,gaussian,3.0,Linf,0.5,0.0468456384354253,"[0.49743393063545227, 0.45291703939437866, 0.4984962046146393, 0.5255865454673767, 0.5132790803909302, 0.5009920597076416, 0.3488280177116394, 0.4177662432193756, 0.4762148857116699, 0.5245017409324646, 0.5057501792907715, 0.499007910490036, 0.47658899426460266, 0.4418627917766571, 0.4681958556175232, 0.5089316368103027, 0.5137977600097656, 0.5374726057052612, 0.4745819568634033, 0.5128101706504822, 0.5167248249053955, 0.5247319936752319]",,,False,31415,0.6180555820465088,0.53125,0.46875,7.079900741577148,7.082278251647949,0.04684567451477051,26.54755973815918,0.5646647810935974,"[0.5833333333333334, 0.5694444444444444, 0.5555555555555556, 0.7638888888888888]","[0.4861111111111111, 0.4583333333333333, 0.4444444444444444, 0.7361111111111112]",0.0,1,False,0.9978384387351779,,,,,-0.09644518634443083,-0.09431636698591062,0.0021288193585202175,"['POz', 'Cz', 'CP3', 'CP4', 'C6']","['POz', 'Cz', 'CP3', 'CP4', 'C6']",,,,8,Mamba
FGSM_LP,True,gaussian,3.0,Linf,1.0,0.0936912768708506,"[0.9948678612709045, 0.9058340787887573, 0.9969924092292786, 1.0511730909347534, 1.0265581607818604, 1.0019841194152832, 0.6976560354232788, 0.8355324864387512, 0.9524297714233398, 1.0490034818649292, 1.011500358581543, 0.998015820980072, 0.9531779885292053, 0.8837255835533142, 0.9363917112350464, 1.0178632736206055, 1.0275955200195312, 1.0749452114105225, 0.9491639137268066, 1.0256203413009644, 1.033449649810791, 1.0494639873504639]",,,False,31415,0.6180555820465088,0.2881944477558136,0.7118055522441864,13.7001371383667,13.706417083740234,0.09369134902954102,20.812644958496094,0.5496560335159302,"[0.5833333333333334, 0.5694444444444444, 0.5555555555555556, 0.7638888888888888]","[0.18055555555555555, 0.19444444444444445, 0.3055555555555556, 0.4722222222222222]",0.0,1,False,0.9978384387351779,,,,,-0.09644518634443083,-0.09431636698591062,0.0021288193585202175,"['POz', 'Cz', 'CP3', 'CP4', 'C6']","['POz', 'Cz', 'CP3', 'CP4', 'C6']",,,,8,Mamba
FGSM_LP,True,gaussian,3.0,Linf,2.0,0.1873825537417012,"[1.989735722541809, 1.8116681575775146, 1.9939848184585571, 2.102346181869507, 2.0531163215637207, 2.0039682388305664, 1.3953120708465576, 1.6710649728775024, 1.9048595428466797, 2.0980069637298584, 2.023000717163086, 1.996031641960144, 1.9063559770584106, 1.7674511671066284, 1.8727834224700928, 2.035726547241211, 2.0551910400390625, 2.149890422821045, 1.8983278274536133, 2.0512406826019287, 2.066899299621582, 2.0989279747009277]",,,False,31415,0.6180555820465088,0.0243055559694767,0.9756944440305233,25.862762451171875,25.86697006225586,0.18738260865211487,15.296428680419922,0.5258796215057373,"[0.5833333333333334, 0.5694444444444444, 0.5555555555555556, 0.7638888888888888]","[0.0, 0.0, 0.013888888888888888, 0.08333333333333333]",0.0,1,False,0.9978384387351779,,,,,-0.09644518634443083,-0.09431636698591062,0.0021288193585202175,"['POz', 'Cz', 'CP3', 'CP4', 'C6']","['POz', 'Cz', 'CP3', 'CP4', 'C6']",,,,8,Mamba
PGD_LP,True,gaussian,3.0,Linf,0.25,0.02342281921771265,"[0.24871696531772614, 0.22645851969718933, 0.24924810230731964, 0.26279327273368835, 0.2566395401954651, 0.2504960298538208, 0.1744140088558197, 0.2088831216096878, 0.23810744285583496, 0.2622508704662323, 0.25287508964538574, 0.249503955245018, 0.23829449713230133, 0.22093139588832855, 0.2340979278087616, 0.25446581840515137, 0.2568988800048828, 0.2687363028526306, 0.23729097843170166, 0.2564050853252411, 0.25836241245269775, 0.26236599683761597]",40.0,0.0029278524022140814,True,31415,0.6180555820465088,0.6180555820465088,0.3819444179534912,3.6054913997650146,3.6060214042663574,0.023422837257385254,32.41040802001953,0.5730681419372559,"[0.5833333333333334, 0.5694444444444444, 0.5555555555555556, 0.7638888888888888]","[0.5833333333333334, 0.5555555555555556, 0.5694444444444444, 0.7638888888888888]",0.0,1,False,0.9978207933370977,,,,,-0.09644518634443083,-0.09442080052093957,0.002024385823491265,"['POz', 'Cz', 'CP3', 'CP4', 'C6']","['POz', 'Cz', 'CP3', 'CP4', 'C6']",,,,8,Mamba
PGD_LP,True,gaussian,3.0,Linf,0.5,0.0468456384354253,"[0.49743393063545227, 0.45291703939437866, 0.4984962046146393, 0.5255865454673767, 0.5132790803909302, 0.5009920597076416, 0.3488280177116394, 0.4177662432193756, 0.4762148857116699, 0.5245017409324646, 0.5057501792907715, 0.499007910490036, 0.47658899426460266, 0.4418627917766571, 0.4681958556175232, 0.5089316368103027, 0.5137977600097656, 0.5374726057052612, 0.4745819568634033, 0.5128101706504822, 0.5167248249053955, 0.5247319936752319]",40.0,0.005855704804428163,True,31415,0.6180555820465088,0.5729166865348816,0.4270833134651184,7.076737403869629,7.078832626342773,0.04684567451477051,26.551795959472656,0.5617510676383972,"[0.5833333333333334, 0.5694444444444444, 0.5555555555555556, 0.7638888888888888]","[0.5, 0.5138888888888888, 0.5277777777777778, 0.75]",0.0,1,False,0.9978207933370977,,,,,-0.09644518634443083,-0.09442080052093957,0.002024385823491265,"['POz', 'Cz', 'CP3', 'CP4', 'C6']","['POz', 'Cz', 'CP3', 'CP4', 'C6']",,,,8,Mamba
PGD_LP,True,gaussian,3.0,Linf,1.0,0.0936912768708506,"[0.9948678612709045, 0.9058340787887573, 0.9969924092292786, 1.0511730909347534, 1.0265581607818604, 1.0019841194152832, 0.6976560354232788, 0.8355324864387512, 0.9524297714233398, 1.0490034818649292, 1.011500358581543, 0.998015820980072, 0.9531779885292053, 0.8837255835533142, 0.9363917112350464, 1.0178632736206055, 1.0275955200195312, 1.0749452114105225, 0.9491639137268066, 1.0256203413009644, 1.033449649810791, 1.0494639873504639]",40.0,0.011711409608856325,True,31415,0.6180555820465088,0.4375,0.5625,13.662946701049805,13.675395011901855,0.09369134902954102,20.832359313964844,0.5434600710868835,"[0.5833333333333334, 0.5694444444444444, 0.5555555555555556, 0.7638888888888888]","[0.3611111111111111, 0.3333333333333333, 0.3611111111111111, 0.6944444444444444]",0.0,1,False,0.9978207933370977,,,,,-0.09644518634443083,-0.09442080052093957,0.002024385823491265,"['POz', 'Cz', 'CP3', 'CP4', 'C6']","['POz', 'Cz', 'CP3', 'CP4', 'C6']",,,,8,Mamba
PGD_LP,True,gaussian,3.0,Linf,2.0,0.1873825537417012,"[1.989735722541809, 1.8116681575775146, 1.9939848184585571, 2.102346181869507, 2.0531163215637207, 2.0039682388305664, 1.3953120708465576, 1.6710649728775024, 1.9048595428466797, 2.0980069637298584, 2.023000717163086, 1.996031641960144, 1.9063559770584106, 1.7674511671066284, 1.8727834224700928, 2.035726547241211, 2.0551910400390625, 2.149890422821045, 1.8983278274536133, 2.0512406826019287, 2.066899299621582, 2.0989279747009277]",40.0,0.02342281921771265,True,31415,0.6180555820465088,0.1666666716337204,0.8333333283662796,25.597915649414062,25.63047981262207,0.18738260865211487,15.376384735107422,0.511833667755127,"[0.5833333333333334, 0.5694444444444444, 0.5555555555555556, 0.7638888888888888]","[0.09722222222222222, 0.027777777777777776, 0.08333333333333333, 0.4583333333333333]",0.0,1,False,0.9978207933370977,,,,,-0.09644518634443083,-0.09442080052093957,0.002024385823491265,"['POz', 'Cz', 'CP3', 'CP4', 'C6']","['POz', 'Cz', 'CP3', 'CP4', 'C6']",,,,8,Mamba
DeepFool_L2,,,,L2,,,,50.0,,,31415,0.6180555820465088,0.1493055522441864,0.8506944477558136,102.78993225097656,70.90672302246094,2.3368542194366455,109.7764663696289,136.58551025390625,,,0.0,1,False,0.8903426736307172,,,,,-0.09644518634443083,-0.06263479961666649,0.03381038672776435,"['POz', 'Cz', 'CP3', 'CP4', 'C6']","['Cz', 'CP3', 'POz', 'C6', 'CP4']",,,,8,Mamba
FGSM,False,,,Linf,0.25,0.02342281921771265,"[0.24871696531772614, 0.22645851969718933, 0.24924810230731964, 0.26279327273368835, 0.2566395401954651, 0.2504960298538208, 0.1744140088558197, 0.2088831216096878, 0.23810744285583496, 0.2622508704662323, 0.25287508964538574, 0.249503955245018, 0.23829449713230133, 0.22093139588832855, 0.2340979278087616, 0.25446581840515137, 0.2568988800048828, 0.2687363028526306, 0.23729097843170166, 0.2564050853252411, 0.25836241245269775, 0.26236599683761597]",,,False,999,0.6111111044883728,0.2743055522441864,0.7256944477558136,113.65093231201172,114.33086395263672,3.767502784729004,2.4136548042297363,0.10254085063934326,"[0.4861111111111111, 0.6527777777777778, 0.5555555555555556, 0.75]","[0.0, 0.1388888888888889, 0.9583333333333334, 0.0]",0.0,1,False,0.7740242094861661,,,,,-0.07178232520169184,-0.1949802976393916,-0.12319797243769975,"['CP3', 'POz', 'CP4', 'C6', 'CPz']","['C6', 'CP2', 'CP3', 'POz', 'CPz']",,,,8,Mamba
FGSM,False,,,Linf,0.5,0.0468456384354253,"[0.49743393063545227, 0.45291703939437866, 0.4984962046146393, 0.5255865454673767, 0.5132790803909302, 0.5009920597076416, 0.3488280177116394, 0.4177662432193756, 0.4762148857116699, 0.5245017409324646, 0.5057501792907715, 0.499007910490036, 0.47658899426460266, 0.4418627917766571, 0.4681958556175232, 0.5089316368103027, 0.5137977600097656, 0.5374726057052612, 0.4745819568634033, 0.5128101706504822, 0.5167248249053955, 0.5247319936752319]",,,False,999,0.6111111044883728,0.1840277761220932,0.8159722238779068,113.71241760253906,114.39498901367188,3.767502784729004,2.4087109565734863,0.10179957002401352,"[0.4861111111111111, 0.6527777777777778, 0.5555555555555556, 0.75]","[0.0, 0.013888888888888888, 0.7222222222222222, 0.0]",0.0,1,False,0.7740242094861661,,,,,-0.07178232520169184,-0.1949802976393916,-0.12319797243769975,"['CP3', 'POz', 'CP4', 'C6', 'CPz']","['C6', 'CP2', 'CP3', 'POz', 'CPz']",,,,8,Mamba
FGSM,False,,,Linf,1.0,0.0936912768708506,"[0.9948678612709045, 0.9058340787887573, 0.9969924092292786, 1.0511730909347534, 1.0265581607818604, 1.0019841194152832, 0.6976560354232788, 0.8355324864387512, 0.9524297714233398, 1.0490034818649292, 1.011500358581543, 0.998015820980072, 0.9531779885292053, 0.8837255835533142, 0.9363917112350464, 1.0178632736206055, 1.0275955200195312, 1.0749452114105225, 0.9491639137268066, 1.0256203413009644, 1.033449649810791, 1.0494639873504639]",,,False,999,0.6111111044883728,0.03125,0.96875,113.92443084716797,114.65068817138672,3.767502784729004,2.389024019241333,0.09890234470367432,"[0.4861111111111111, 0.6527777777777778, 0.5555555555555556, 0.75]","[0.0, 0.0, 0.125, 0.0]",0.0,1,False,0.7740242094861661,,,,,-0.07178232520169184,-0.1949802976393916,-0.12319797243769975,"['CP3', 'POz', 'CP4', 'C6', 'CPz']","['C6', 'CP2', 'CP3', 'POz', 'CPz']",,,,8,Mamba
FGSM,False,,,Linf,2.0,0.1873825537417012,"[1.989735722541809, 1.8116681575775146, 1.9939848184585571, 2.102346181869507, 2.0531163215637207, 2.0039682388305664, 1.3953120708465576, 1.6710649728775024, 1.9048595428466797, 2.0980069637298584, 2.023000717163086, 1.996031641960144, 1.9063559770584106, 1.7674511671066284, 1.8727834224700928, 2.035726547241211, 2.0551910400390625, 2.149890422821045, 1.8983278274536133, 2.0512406826019287, 2.066899299621582, 2.0989279747009277]",,,False,999,0.6111111044883728,0.0,1.0,114.93653869628906,115.66067504882812,3.767502784729004,2.311722755432129,0.08838426321744919,"[0.4861111111111111, 0.6527777777777778, 0.5555555555555556, 0.75]","[0.0, 0.0, 0.0, 0.0]",0.0,1,False,0.7740242094861661,,,,,-0.07178232520169184,-0.1949802976393916,-0.12319797243769975,"['CP3', 'POz', 'CP4', 'C6', 'CPz']","['C6', 'CP2', 'CP3', 'POz', 'CPz']",,,,8,Mamba
PGD,False,,,Linf,0.25,0.02342281921771265,"[0.24871696531772614, 0.22645851969718933, 0.24924810230731964, 0.26279327273368835, 0.2566395401954651, 0.2504960298538208, 0.1744140088558197, 0.2088831216096878, 0.23810744285583496, 0.2622508704662323, 0.25287508964538574, 0.249503955245018, 0.23829449713230133, 0.22093139588832855, 0.2340979278087616, 0.25446581840515137, 0.2568988800048828, 0.2687363028526306, 0.23729097843170166, 0.2564050853252411, 0.25836241245269775, 0.26236599683761597]",40.0,0.0029278524022140814,True,999,0.6111111044883728,0.1944444477558136,0.8055555522441864,113.6563720703125,114.33079528808594,3.767502784729004,2.413660764694214,0.10254218429327011,"[0.4861111111111111, 0.6527777777777778, 0.5555555555555556, 0.75]","[0.0, 0.027777777777777776, 0.75, 0.0]",0.0,1,False,0.7769886363636365,,,,,-0.07178232520169184,-0.2007107659729063,-0.12892844077121446,"['CP3', 'POz', 'CP4', 'C6', 'CPz']","['C6', 'CP2', 'CP3', 'POz', 'CPz']",,,,8,Mamba
PGD,False,,,Linf,0.5,0.0468456384354253,"[0.49743393063545227, 0.45291703939437866, 0.4984962046146393, 0.5255865454673767, 0.5132790803909302, 0.5009920597076416, 0.3488280177116394, 0.4177662432193756, 0.4762148857116699, 0.5245017409324646, 0.5057501792907715, 0.499007910490036, 0.47658899426460266, 0.4418627917766571, 0.4681958556175232, 0.5089316368103027, 0.5137977600097656, 0.5374726057052612, 0.4745819568634033, 0.5128101706504822, 0.5167248249053955, 0.5247319936752319]",40.0,0.005855704804428163,True,999,0.6111111044883728,0.0173611119389534,0.9826388880610466,113.67049407958984,114.39437103271484,3.767502784729004,2.4087588787078857,0.10180201381444931,"[0.4861111111111111, 0.6527777777777778, 0.5555555555555556, 0.75]","[0.0, 0.0, 0.06944444444444445, 0.0]",0.0,1,False,0.7769886363636365,,,,,-0.07178232520169184,-0.2007107659729063,-0.12892844077121446,"['CP3', 'POz', 'CP4', 'C6', 'CPz']","['C6', 'CP2', 'CP3', 'POz', 'CPz']",,,,8,Mamba
PGD,False,,,Linf,1.0,0.0936912768708506,"[0.9948678612709045, 0.9058340787887573, 0.9969924092292786, 1.0511730909347534, 1.0265581607818604, 1.0019841194152832, 0.6976560354232788, 0.8355324864387512, 0.9524297714233398, 1.0490034818649292, 1.011500358581543, 0.998015820980072, 0.9531779885292053, 0.8837255835533142, 0.9363917112350464, 1.0178632736206055, 1.0275955200195312, 1.0749452114105225, 0.9491639137268066, 1.0256203413009644, 1.033449649810791, 1.0494639873504639]",40.0,0.011711409608856325,True,999,0.6111111044883728,0.0,1.0,113.94917297363281,114.63140106201172,3.767502784729004,2.3904881477355957,0.0988236665725708,"[0.4861111111111111, 0.6527777777777778, 0.5555555555555556, 0.75]","[0.0, 0.0, 0.0, 0.0]",0.0,1,False,0.7769886363636365,,,,,-0.07178232520169184,-0.2007107659729063,-0.12892844077121446,"['CP3', 'POz', 'CP4', 'C6', 'CPz']","['C6', 'CP2', 'CP3', 'POz', 'CPz']",,,,8,Mamba
PGD,False,,,Linf,2.0,0.1873825537417012,"[1.989735722541809, 1.8116681575775146, 1.9939848184585571, 2.102346181869507, 2.0531163215637207, 2.0039682388305664, 1.3953120708465576, 1.6710649728775024, 1.9048595428466797, 2.0980069637298584, 2.023000717163086, 1.996031641960144, 1.9063559770584106, 1.7674511671066284, 1.8727834224700928, 2.035726547241211, 2.0551910400390625, 2.149890422821045, 1.8983278274536133, 2.0512406826019287, 2.066899299621582, 2.0989279747009277]",40.0,0.02342281921771265,True,999,0.6111111044883728,0.0,1.0,114.71435546875,115.34233856201172,3.767502784729004,2.33597469329834,0.09095396846532822,"[0.4861111111111111, 0.6527777777777778, 0.5555555555555556, 0.75]","[0.0, 0.0, 0.0, 0.0]",0.0,1,False,0.7769886363636365,,,,,-0.07178232520169184,-0.2007107659729063,-0.12892844077121446,"['CP3', 'POz', 'CP4', 'C6', 'CPz']","['C6', 'CP2', 'CP3', 'POz', 'CPz']",,,,8,Mamba
FGSM_LP,True,gaussian,3.0,Linf,0.25,0.02342281921771265,"[0.24871696531772614, 0.22645851969718933, 0.24924810230731964, 0.26279327273368835, 0.2566395401954651, 0.2504960298538208, 0.1744140088558197, 0.2088831216096878, 0.23810744285583496, 0.2622508704662323, 0.25287508964538574, 0.249503955245018, 0.23829449713230133, 0.22093139588832855, 0.2340979278087616, 0.25446581840515137, 0.2568988800048828, 0.2687363028526306, 0.23729097843170166, 0.2564050853252411, 0.25836241245269775, 0.26236599683761597]",,,False,999,0.6111111044883728,0.5902777910232544,0.4097222089767456,3.606175422668457,3.606322765350342,0.023422837257385254,32.40967559814453,0.5730677247047424,"[0.4861111111111111, 0.6527777777777778, 0.5555555555555556, 0.75]","[0.4583333333333333, 0.6388888888888888, 0.5555555555555556, 0.7083333333333334]",0.0,1,False,0.9976972755505364,,,,,-0.07178232520169184,-0.07258538332228778,-0.0008030581205959453,"['CP3', 'POz', 'CP4', 'C6', 'CPz']","['CP3', 'POz', 'CP4', 'C6', 'CPz']",,,,8,Mamba
FGSM_LP,True,gaussian,3.0,Linf,0.5,0.0468456384354253,"[0.49743393063545227, 0.45291703939437866, 0.4984962046146393, 0.5255865454673767, 0.5132790803909302, 0.5009920597076416, 0.3488280177116394, 0.4177662432193756, 0.4762148857116699, 0.5245017409324646, 0.5057501792907715, 0.499007910490036, 0.47658899426460266, 0.4418627917766571, 0.4681958556175232, 0.5089316368103027, 0.5137977600097656, 0.5374726057052612, 0.4745819568634033, 0.5128101706504822, 0.5167248249053955, 0.5247319936752319]",,,False,999,0.6111111044883728,0.5277777910232544,0.4722222089767456,7.083621025085449,7.0824055671691895,0.04684567451477051,26.54740333557129,0.5636464357376099,"[0.4861111111111111, 0.6527777777777778, 0.5555555555555556, 0.75]","[0.4027777777777778, 0.5833333333333334, 0.4861111111111111, 0.6388888888888888]",0.0,1,False,0.9976972755505364,,,,,-0.07178232520169184,-0.07258538332228778,-0.0008030581205959453,"['CP3', 'POz', 'CP4', 'C6', 'CPz']","['CP3', 'POz', 'CP4', 'C6', 'CPz']",,,,8,Mamba
FGSM_LP,True,gaussian,3.0,Linf,1.0,0.0936912768708506,"[0.9948678612709045, 0.9058340787887573, 0.9969924092292786, 1.0511730909347534, 1.0265581607818604, 1.0019841194152832, 0.6976560354232788, 0.8355324864387512, 0.9524297714233398, 1.0490034818649292, 1.011500358581543, 0.998015820980072, 0.9531779885292053, 0.8837255835533142, 0.9363917112350464, 1.0178632736206055, 1.0275955200195312, 1.0749452114105225, 0.9491639137268066, 1.0256203413009644, 1.033449649810791, 1.0494639873504639]",,,False,999,0.6111111044883728,0.2708333432674408,0.7291666567325592,13.703575134277344,13.706637382507324,0.09369134902954102,20.812503814697266,0.5488761067390442,"[0.4861111111111111, 0.6527777777777778, 0.5555555555555556, 0.75]","[0.1111111111111111, 0.2361111111111111, 0.2916666666666667, 0.4444444444444444]",0.0,1,False,0.9976972755505364,,,,,-0.07178232520169184,-0.07258538332228778,-0.0008030581205959453,"['CP3', 'POz', 'CP4', 'C6', 'CPz']","['CP3', 'POz', 'CP4', 'C6', 'CPz']",,,,8,Mamba
FGSM_LP,True,gaussian,3.0,Linf,2.0,0.1873825537417012,"[1.989735722541809, 1.8116681575775146, 1.9939848184585571, 2.102346181869507, 2.0531163215637207, 2.0039682388305664, 1.3953120708465576, 1.6710649728775024, 1.9048595428466797, 2.0980069637298584, 2.023000717163086, 1.996031641960144, 1.9063559770584106, 1.7674511671066284, 1.8727834224700928, 2.035726547241211, 2.0551910400390625, 2.149890422821045, 1.8983278274536133, 2.0512406826019287, 2.066899299621582, 2.0989279747009277]",,,False,999,0.6111111044883728,0.03125,0.96875,25.865371704101562,25.868579864501953,0.18738260865211487,15.295878410339355,0.5251577496528625,"[0.4861111111111111, 0.6527777777777778, 0.5555555555555556, 0.75]","[0.0, 0.013888888888888888, 0.027777777777777776, 0.08333333333333333]",0.0,1,False,0.9976972755505364,,,,,-0.07178232520169184,-0.07258538332228778,-0.0008030581205959453,"['CP3', 'POz', 'CP4', 'C6', 'CPz']","['CP3', 'POz', 'CP4', 'C6', 'CPz']",,,,8,Mamba
PGD_LP,True,gaussian,3.0,Linf,0.25,0.02342281921771265,"[0.24871696531772614, 0.22645851969718933, 0.24924810230731964, 0.26279327273368835, 0.2566395401954651, 0.2504960298538208, 0.1744140088558197, 0.2088831216096878, 0.23810744285583496, 0.2622508704662323, 0.25287508964538574, 0.249503955245018, 0.23829449713230133, 0.22093139588832855, 0.2340979278087616, 0.25446581840515137, 0.2568988800048828, 0.2687363028526306, 0.23729097843170166, 0.2564050853252411, 0.25836241245269775, 0.26236599683761597]",40.0,0.0029278524022140814,True,999,0.6111111044883728,0.6041666865348816,0.3958333134651184,3.604959487915039,3.60636043548584,0.023422837257385254,32.40958786010742,0.5724276900291443,"[0.4861111111111111, 0.6527777777777778, 0.5555555555555556, 0.75]","[0.4722222222222222, 0.6388888888888888, 0.5694444444444444, 0.7361111111111112]",0.0,1,False,0.9976884528514964,,,,,-0.07178232520169184,-0.07249762510261806,-0.0007152999009262251,"['CP3', 'POz', 'CP4', 'C6', 'CPz']","['CP3', 'POz', 'CP4', 'C6', 'CPz']",,,,8,Mamba
PGD_LP,True,gaussian,3.0,Linf,0.5,0.0468456384354253,"[0.49743393063545227, 0.45291703939437866, 0.4984962046146393, 0.5255865454673767, 0.5132790803909302, 0.5009920597076416, 0.3488280177116394, 0.4177662432193756, 0.4762148857116699, 0.5245017409324646, 0.5057501792907715, 0.499007910490036, 0.47658899426460266, 0.4418627917766571, 0.4681958556175232, 0.5089316368103027, 0.5137977600097656, 0.5374726057052612, 0.4745819568634033, 0.5128101706504822, 0.5167248249053955, 0.5247319936752319]",40.0,0.005855704804428163,True,999,0.6111111044883728,0.5833333134651184,0.4166666865348816,7.079714775085449,7.080697536468506,0.04684567451477051,26.54950523376465,0.5617926716804504,"[0.4861111111111111, 0.6527777777777778, 0.5555555555555556, 0.75]","[0.4444444444444444, 0.625, 0.5555555555555556, 0.7083333333333334]",0.0,1,False,0.9976884528514964,,,,,-0.07178232520169184,-0.07249762510261806,-0.0007152999009262251,"['CP3', 'POz', 'CP4', 'C6', 'CPz']","['CP3', 'POz', 'CP4', 'C6', 'CPz']",,,,8,Mamba
PGD_LP,True,gaussian,3.0,Linf,1.0,0.0936912768708506,"[0.9948678612709045, 0.9058340787887573, 0.9969924092292786, 1.0511730909347534, 1.0265581607818604, 1.0019841194152832, 0.6976560354232788, 0.8355324864387512, 0.9524297714233398, 1.0490034818649292, 1.011500358581543, 0.998015820980072, 0.9531779885292053, 0.8837255835533142, 0.9363917112350464, 1.0178632736206055, 1.0275955200195312, 1.0749452114105225, 0.9491639137268066, 1.0256203413009644, 1.033449649810791, 1.0494639873504639]",40.0,0.011711409608856325,True,999,0.6111111044883728,0.4652777910232544,0.5347222089767456,13.672207832336426,13.682342529296875,0.09369134902954102,20.82794761657715,0.5431245565414429,"[0.4861111111111111, 0.6527777777777778, 0.5555555555555556, 0.75]","[0.3194444444444444, 0.4583333333333333, 0.4305555555555556, 0.6527777777777778]",0.0,1,False,0.9976884528514964,,,,,-0.07178232520169184,-0.07249762510261806,-0.0007152999009262251,"['CP3', 'POz', 'CP4', 'C6', 'CPz']","['CP3', 'POz', 'CP4', 'C6', 'CPz']",,,,8,Mamba
PGD_LP,True,gaussian,3.0,Linf,2.0,0.1873825537417012,"[1.989735722541809, 1.8116681575775146, 1.9939848184585571, 2.102346181869507, 2.0531163215637207, 2.0039682388305664, 1.3953120708465576, 1.6710649728775024, 1.9048595428466797, 2.0980069637298584, 2.023000717163086, 1.996031641960144, 1.9063559770584106, 1.7674511671066284, 1.8727834224700928, 2.035726547241211, 2.0551910400390625, 2.149890422821045, 1.8983278274536133, 2.0512406826019287, 2.066899299621582, 2.0989279747009277]",40.0,0.02342281921771265,True,999,0.6111111044883728,0.1979166716337204,0.8020833283662796,25.59506607055664,25.622310638427734,0.18738260865211487,15.379154205322266,0.5124837756156921,"[0.4861111111111111, 0.6527777777777778, 0.5555555555555556, 0.75]","[0.06944444444444445, 0.06944444444444445, 0.16666666666666666, 0.4861111111111111]",0.0,1,False,0.9976884528514964,,,,,-0.07178232520169184,-0.07249762510261806,-0.0007152999009262251,"['CP3', 'POz', 'CP4', 'C6', 'CPz']","['CP3', 'POz', 'CP4', 'C6', 'CPz']",,,,8,Mamba
DeepFool_L2,,,,L2,,,,50.0,,,999,0.6111111044883728,0.0729166641831398,0.9270833358168602,104.87490844726562,70.12541198730469,2.3016607761383057,111.72735595703125,137.0428009033203,,,0.0,1,False,0.8564017504234898,,,,,-0.07178232520169184,-0.12902144610854374,-0.057239120906851904,"['CP3', 'POz', 'CP4', 'C6', 'CPz']","['C6', 'CP3', 'POz', 'CP4', 'CP2']",,,,8,Mamba
