attack,smooth,smooth_type,smooth_sigma_t,norm,muV_budget,eps_z,eps_uV_per_channel,steps,alpha,random_start,seed,clean_acc,adv_acc,ASR,median_L2_success,mean_L2_all,mean_Linf_delta,snr_db_mean,snr_db_std,clean_acc_per_class,adv_acc_per_class,frac_at_boundary,restarts,targeted,spearman_IG,roi_share_clean_IG,roi_share_adv_IG,roi_delta_share_IG,roi_spearman_IG,laterality_clean_IG,laterality_adv_IG,laterality_delta_IG,top5_clean_IG,top5_adv_IG,top5_roi_share_clean_IG,top5_roi_share_adv_IG,top5_roi_share_delta_IG,subject_id,model_name
FGSM,False,,,Linf,0.25,0.036388662857117476,"[0.2595927119255066, 0.24246302247047424, 0.26307907700538635, 0.27535480260849, 0.2663503587245941, 0.25448399782180786, 0.19535844027996063, 0.2315744310617447, 0.25157639384269714, 0.26958170533180237, 0.2582281231880188, 0.2488684356212616, 0.22476166486740112, 0.23873959481716156, 0.24598656594753265, 0.2548787593841553, 0.2501382529735565, 0.2516990005970001, 0.2438618242740631, 0.24961088597774506, 0.2481745034456253, 0.2498617321252823]",,,False,42,0.6631944179534912,0.0243055559694767,0.9756944440305233,116.8065414428711,116.56160736083984,3.7802646160125732,2.414698362350464,0.10819172114133835,"[0.4166666666666667, 0.6527777777777778, 0.8472222222222222, 0.7361111111111112]","[0.0, 0.027777777777777776, 0.06944444444444445, 0.0]",0.0,1,False,0.9143139469226427,0.12501015035691054,0.12697570676379746,0.0019655564068869202,0.953125,-0.05527295636318578,-0.05934728019495192,-0.00407432383176614,"['FC3', 'POz', 'P1', 'CP4', 'C2']","['POz', 'C2', 'P1', 'Cz', 'CP4']",,,,1,EEGNet
FGSM,False,,,Linf,0.5,0.07277732571423495,"[0.5191854238510132, 0.4849260449409485, 0.5261581540107727, 0.55070960521698, 0.5327007174491882, 0.5089679956436157, 0.39071688055992126, 0.4631488621234894, 0.5031527876853943, 0.5391634106636047, 0.5164562463760376, 0.4977368712425232, 0.44952332973480225, 0.4774791896343231, 0.4919731318950653, 0.5097575187683105, 0.500276505947113, 0.5033980011940002, 0.4877236485481262, 0.4992217719554901, 0.4963490068912506, 0.4997234642505646]",,,False,42,0.6631944179534912,0.0,1.0,116.97754669189453,116.70974731445312,3.7802646160125732,2.4035065174102783,0.10651157051324844,"[0.4166666666666667, 0.6527777777777778, 0.8472222222222222, 0.7361111111111112]","[0.0, 0.0, 0.0, 0.0]",0.0,1,False,0.9143139469226427,0.12501015035691054,0.12697570676379746,0.0019655564068869202,0.953125,-0.05527295636318578,-0.05934728019495192,-0.00407432383176614,"['FC3', 'POz', 'P1', 'CP4', 'C2']","['POz', 'C2', 'P1', 'Cz', 'CP4']",,,,1,EEGNet
FGSM,False,,,Linf,1.0,0.1455546514284699,"[1.0383708477020264, 0.969852089881897, 1.0523163080215454, 1.10141921043396, 1.0654014348983765, 1.0179359912872314, 0.7814337611198425, 0.9262977242469788, 1.0063055753707886, 1.0783268213272095, 1.0329124927520752, 0.9954737424850464, 0.8990466594696045, 0.9549583792686462, 0.9839462637901306, 1.019515037536621, 1.000553011894226, 1.0067960023880005, 0.9754472970962524, 0.9984435439109802, 0.9926980137825012, 0.9994469285011292]",,,False,42,0.6631944179534912,0.0,1.0,117.53504943847656,117.29842376708984,3.7802646160125732,2.3591904640197754,0.10012627393007278,"[0.4166666666666667, 0.6527777777777778, 0.8472222222222222, 0.7361111111111112]","[0.0, 0.0, 0.0, 0.0]",0.0,1,False,0.9143139469226427,0.12501015035691054,0.12697570676379746,0.0019655564068869202,0.953125,-0.05527295636318578,-0.05934728019495192,-0.00407432383176614,"['FC3', 'POz', 'P1', 'CP4', 'C2']","['POz', 'C2', 'P1', 'Cz', 'CP4']",,,,1,EEGNet
FGSM,False,,,Linf,2.0,0.2911093028569398,"[2.0767416954040527, 1.939704179763794, 2.104632616043091, 2.20283842086792, 2.130802869796753, 2.035871982574463, 1.562867522239685, 1.8525954484939575, 2.012611150741577, 2.156653642654419, 2.0658249855041504, 1.9909474849700928, 1.798093318939209, 1.9099167585372925, 1.9678925275802612, 2.039030075073242, 2.001106023788452, 2.013592004776001, 1.9508945941925049, 1.9968870878219604, 1.9853960275650024, 1.9988938570022583]",,,False,42,0.6631944179534912,0.0,1.0,119.77212524414062,119.59003448486328,3.7802646160125732,2.1889190673828125,0.0801980122923851,"[0.4166666666666667, 0.6527777777777778, 0.8472222222222222, 0.7361111111111112]","[0.0, 0.0, 0.0, 0.0]",0.0,1,False,0.9143139469226427,0.12501015035691054,0.12697570676379746,0.0019655564068869202,0.953125,-0.05527295636318578,-0.05934728019495192,-0.00407432383176614,"['FC3', 'POz', 'P1', 'CP4', 'C2']","['POz', 'C2', 'P1', 'Cz', 'CP4']",,,,1,EEGNet
PGD,False,,,Linf,0.25,0.036388662857117476,"[0.2595927119255066, 0.24246302247047424, 0.26307907700538635, 0.27535480260849, 0.2663503587245941, 0.25448399782180786, 0.19535844027996063, 0.2315744310617447, 0.25157639384269714, 0.26958170533180237, 0.2582281231880188, 0.2488684356212616, 0.22476166486740112, 0.23873959481716156, 0.24598656594753265, 0.2548787593841553, 0.2501382529735565, 0.2516990005970001, 0.2438618242740631, 0.24961088597774506, 0.2481745034456253, 0.2498617321252823]",40.0,0.0045485828571396845,True,42,0.6631944179534912,0.0,1.0,116.83686828613281,116.56150817871094,3.7802646160125732,2.414705991744995,0.10819315910339355,"[0.4166666666666667, 0.6527777777777778, 0.8472222222222222, 0.7361111111111112]","[0.0, 0.0, 0.0, 0.0]",0.0,1,False,0.9107583992094863,0.12501015035691054,0.12703785123046304,0.0020277008735525015,0.95703125,-0.05527295636318578,-0.06164692476636315,-0.006373968403177374,"['FC3', 'POz', 'P1', 'CP4', 'C2']","['POz', 'C2', 'P1', 'Cz', 'CP4']",,,,1,EEGNet
PGD,False,,,Linf,0.5,0.07277732571423495,"[0.5191854238510132, 0.4849260449409485, 0.5261581540107727, 0.55070960521698, 0.5327007174491882, 0.5089679956436157, 0.39071688055992126, 0.4631488621234894, 0.5031527876853943, 0.5391634106636047, 0.5164562463760376, 0.4977368712425232, 0.44952332973480225, 0.4774791896343231, 0.4919731318950653, 0.5097575187683105, 0.500276505947113, 0.5033980011940002, 0.4877236485481262, 0.4992217719554901, 0.4963490068912506, 0.4997234642505646]",40.0,0.009097165714279369,True,42,0.6631944179534912,0.0,1.0,116.97650909423828,116.70893096923828,3.7802646160125732,2.4035696983337402,0.10652235150337219,"[0.4166666666666667, 0.6527777777777778, 0.8472222222222222, 0.7361111111111112]","[0.0, 0.0, 0.0, 0.0]",0.0,1,False,0.9107583992094863,0.12501015035691054,0.12703785123046304,0.0020277008735525015,0.95703125,-0.05527295636318578,-0.06164692476636315,-0.006373968403177374,"['FC3', 'POz', 'P1', 'CP4', 'C2']","['POz', 'C2', 'P1', 'Cz', 'CP4']",,,,1,EEGNet
PGD,False,,,Linf,1.0,0.1455546514284699,"[1.0383708477020264, 0.969852089881897, 1.0523163080215454, 1.10141921043396, 1.0654014348983765, 1.0179359912872314, 0.7814337611198425, 0.9262977242469788, 1.0063055753707886, 1.0783268213272095, 1.0329124927520752, 0.9954737424850464, 0.8990466594696045, 0.9549583792686462, 0.9839462637901306, 1.019515037536621, 1.000553011894226, 1.0067960023880005, 0.9754472970962524, 0.9984435439109802, 0.9926980137825012, 0.9994469285011292]",40.0,0.018194331428558738,True,42,0.6631944179534912,0.0,1.0,117.52708435058594,117.29129791259766,3.7802646160125732,2.3597233295440674,0.10017316788434982,"[0.4166666666666667, 0.6527777777777778, 0.8472222222222222, 0.7361111111111112]","[0.0, 0.0, 0.0, 0.0]",0.0,1,False,0.9107583992094863,0.12501015035691054,0.12703785123046304,0.0020277008735525015,0.95703125,-0.05527295636318578,-0.06164692476636315,-0.006373968403177374,"['FC3', 'POz', 'P1', 'CP4', 'C2']","['POz', 'C2', 'P1', 'Cz', 'CP4']",,,,1,EEGNet
PGD,False,,,Linf,2.0,0.2911093028569398,"[2.0767416954040527, 1.939704179763794, 2.104632616043091, 2.20283842086792, 2.130802869796753, 2.035871982574463, 1.562867522239685, 1.8525954484939575, 2.012611150741577, 2.156653642654419, 2.0658249855041504, 1.9909474849700928, 1.798093318939209, 1.9099167585372925, 1.9678925275802612, 2.039030075073242, 2.001106023788452, 2.013592004776001, 1.9508945941925049, 1.9968870878219604, 1.9853960275650024, 1.9988938570022583]",40.0,0.036388662857117476,True,42,0.6631944179534912,0.0,1.0,119.67942810058594,119.52068328857422,3.7802646160125732,2.1939871311187744,0.08018384128808975,"[0.4166666666666667, 0.6527777777777778, 0.8472222222222222, 0.7361111111111112]","[0.0, 0.0, 0.0, 0.0]",0.0,1,False,0.9107583992094863,0.12501015035691054,0.12703785123046304,0.0020277008735525015,0.95703125,-0.05527295636318578,-0.06164692476636315,-0.006373968403177374,"['FC3', 'POz', 'P1', 'CP4', 'C2']","['POz', 'C2', 'P1', 'Cz', 'CP4']",,,,1,EEGNet
FGSM_LP,True,gaussian,3.0,Linf,0.25,0.036388662857117476,"[0.2595927119255066, 0.24246302247047424, 0.26307907700538635, 0.27535480260849, 0.2663503587245941, 0.25448399782180786, 0.19535844027996063, 0.2315744310617447, 0.25157639384269714, 0.26958170533180237, 0.2582281231880188, 0.2488684356212616, 0.22476166486740112, 0.23873959481716156, 0.24598656594753265, 0.2548787593841553, 0.2501382529735565, 0.2516990005970001, 0.2438618242740631, 0.24961088597774506, 0.2481745034456253, 0.2498617321252823]",,,False,42,0.6631944179534912,0.5520833134651184,0.4479166865348816,5.55422830581665,5.551748275756836,0.03638876974582672,28.83358383178711,0.5312881469726562,"[0.4166666666666667, 0.6527777777777778, 0.8472222222222222, 0.7361111111111112]","[0.3472222222222222, 0.5416666666666666, 0.7083333333333334, 0.6111111111111112]",0.0,1,False,0.99707968661773,0.12501015035691054,0.1252241256478896,0.00021397529097905155,0.98828125,-0.05527295636318578,-0.05635617970792069,-0.0010832233447349085,"['FC3', 'POz', 'P1', 'CP4', 'C2']","['POz', 'FC3', 'P1', 'CP4', 'C2']",,,,1,EEGNet
FGSM_LP,True,gaussian,3.0,Linf,0.5,0.07277732571423495,"[0.5191854238510132, 0.4849260449409485, 0.5261581540107727, 0.55070960521698, 0.5327007174491882, 0.5089679956436157, 0.39071688055992126, 0.4631488621234894, 0.5031527876853943, 0.5391634106636047, 0.5164562463760376, 0.4977368712425232, 0.44952332973480225, 0.4774791896343231, 0.4919731318950653, 0.5097575187683105, 0.500276505947113, 0.5033980011940002, 0.4877236485481262, 0.4992217719554901, 0.4963490068912506, 0.4997234642505646]",,,False,42,0.6631944179534912,0.2222222238779068,0.7777777761220932,10.841596603393555,10.83891487121582,0.07277735322713852,23.022533416748047,0.520755410194397,"[0.4166666666666667, 0.6527777777777778, 0.8472222222222222, 0.7361111111111112]","[0.08333333333333333, 0.2777777777777778, 0.25, 0.2777777777777778]",0.0,1,False,0.99707968661773,0.12501015035691054,0.1252241256478896,0.00021397529097905155,0.98828125,-0.05527295636318578,-0.05635617970792069,-0.0010832233447349085,"['FC3', 'POz', 'P1', 'CP4', 'C2']","['POz', 'FC3', 'P1', 'CP4', 'C2']",,,,1,EEGNet
FGSM_LP,True,gaussian,3.0,Linf,1.0,0.1455546514284699,"[1.0383708477020264, 0.969852089881897, 1.0523163080215454, 1.10141921043396, 1.0654014348983765, 1.0179359912872314, 0.7814337611198425, 0.9262977242469788, 1.0063055753707886, 1.0783268213272095, 1.0329124927520752, 0.9954737424850464, 0.8990466594696045, 0.9549583792686462, 0.9839462637901306, 1.019515037536621, 1.000553011894226, 1.0067960023880005, 0.9754472970962524, 0.9984435439109802, 0.9926980137825012, 0.9994469285011292]",,,False,42,0.6631944179534912,0.0034722222480922937,0.9965277777519077,20.7962703704834,20.79315948486328,0.14555466175079346,17.363941192626953,0.5079433917999268,"[0.4166666666666667, 0.6527777777777778, 0.8472222222222222, 0.7361111111111112]","[0.0, 0.0, 0.0, 0.013888888888888888]",0.0,1,False,0.99707968661773,0.12501015035691054,0.1252241256478896,0.00021397529097905155,0.98828125,-0.05527295636318578,-0.05635617970792069,-0.0010832233447349085,"['FC3', 'POz', 'P1', 'CP4', 'C2']","['POz', 'FC3', 'P1', 'CP4', 'C2']",,,,1,EEGNet
FGSM_LP,True,gaussian,3.0,Linf,2.0,0.2911093028569398,"[2.0767416954040527, 1.939704179763794, 2.104632616043091, 2.20283842086792, 2.130802869796753, 2.035871982574463, 1.562867522239685, 1.8525954484939575, 2.012611150741577, 2.156653642654419, 2.0658249855041504, 1.9909474849700928, 1.798093318939209, 1.9099167585372925, 1.9678925275802612, 2.039030075073242, 2.001106023788452, 2.013592004776001, 1.9508945941925049, 1.9968870878219604, 1.9853960275650024, 1.9988938570022583]",,,False,42,0.6631944179534912,0.0,1.0,38.75724792480469,38.76539611816406,0.2911093235015869,11.95365047454834,0.4976217746734619,"[0.4166666666666667, 0.6527777777777778, 0.8472222222222222, 0.7361111111111112]","[0.0, 0.0, 0.0, 0.0]",0.0,1,False,0.99707968661773,0.12501015035691054,0.1252241256478896,0.00021397529097905155,0.98828125,-0.05527295636318578,-0.05635617970792069,-0.0010832233447349085,"['FC3', 'POz', 'P1', 'CP4', 'C2']","['POz', 'FC3', 'P1', 'CP4', 'C2']",,,,1,EEGNet
PGD_LP,True,gaussian,3.0,Linf,0.25,0.036388662857117476,"[0.2595927119255066, 0.24246302247047424, 0.26307907700538635, 0.27535480260849, 0.2663503587245941, 0.25448399782180786, 0.19535844027996063, 0.2315744310617447, 0.25157639384269714, 0.26958170533180237, 0.2582281231880188, 0.2488684356212616, 0.22476166486740112, 0.23873959481716156, 0.24598656594753265, 0.2548787593841553, 0.2501382529735565, 0.2516990005970001, 0.2438618242740631, 0.24961088597774506, 0.2481745034456253, 0.2498617321252823]",40.0,0.0045485828571396845,True,42,0.6631944179534912,0.5902777910232544,0.4097222089767456,5.554716110229492,5.552485942840576,0.03638876974582672,28.83243179321289,0.5314528346061707,"[0.4166666666666667, 0.6527777777777778, 0.8472222222222222, 0.7361111111111112]","[0.375, 0.5694444444444444, 0.7361111111111112, 0.6805555555555556]",0.0,1,False,0.9967885375494071,0.12501015035691054,0.12525729126440255,0.000247140907492005,0.984375,-0.05527295636318578,-0.057421336895330785,-0.002148380532145007,"['FC3', 'POz', 'P1', 'CP4', 'C2']","['POz', 'FC3', 'P1', 'CP4', 'C2']",,,,1,EEGNet
PGD_LP,True,gaussian,3.0,Linf,0.5,0.07277732571423495,"[0.5191854238510132, 0.4849260449409485, 0.5261581540107727, 0.55070960521698, 0.5327007174491882, 0.5089679956436157, 0.39071688055992126, 0.4631488621234894, 0.5031527876853943, 0.5391634106636047, 0.5164562463760376, 0.4977368712425232, 0.44952332973480225, 0.4774791896343231, 0.4919731318950653, 0.5097575187683105, 0.500276505947113, 0.5033980011940002, 0.4877236485481262, 0.4992217719554901, 0.4963490068912506, 0.4997234642505646]",40.0,0.009097165714279369,True,42,0.6631944179534912,0.3263888955116272,0.6736111044883728,10.848440170288086,10.84121322631836,0.07277735322713852,23.02069091796875,0.5200405120849609,"[0.4166666666666667, 0.6527777777777778, 0.8472222222222222, 0.7361111111111112]","[0.2361111111111111, 0.3611111111111111, 0.2916666666666667, 0.4166666666666667]",0.0,1,False,0.9967885375494071,0.12501015035691054,0.12525729126440255,0.000247140907492005,0.984375,-0.05527295636318578,-0.057421336895330785,-0.002148380532145007,"['FC3', 'POz', 'P1', 'CP4', 'C2']","['POz', 'FC3', 'P1', 'CP4', 'C2']",,,,1,EEGNet
PGD_LP,True,gaussian,3.0,Linf,1.0,0.1455546514284699,"[1.0383708477020264, 0.969852089881897, 1.0523163080215454, 1.10141921043396, 1.0654014348983765, 1.0179359912872314, 0.7814337611198425, 0.9262977242469788, 1.0063055753707886, 1.0783268213272095, 1.0329124927520752, 0.9954737424850464, 0.8990466594696045, 0.9549583792686462, 0.9839462637901306, 1.019515037536621, 1.000553011894226, 1.0067960023880005, 0.9754472970962524, 0.9984435439109802, 0.9926980137825012, 0.9994469285011292]",40.0,0.018194331428558738,True,42,0.6631944179534912,0.02083333395421505,0.979166666045785,20.801956176757812,20.79808235168457,0.14555466175079346,17.36188507080078,0.5066357254981995,"[0.4166666666666667, 0.6527777777777778, 0.8472222222222222, 0.7361111111111112]","[0.0, 0.027777777777777776, 0.0, 0.05555555555555555]",0.0,1,False,0.9967885375494071,0.12501015035691054,0.12525729126440255,0.000247140907492005,0.984375,-0.05527295636318578,-0.057421336895330785,-0.002148380532145007,"['FC3', 'POz', 'P1', 'CP4', 'C2']","['POz', 'FC3', 'P1', 'CP4', 'C2']",,,,1,EEGNet
PGD_LP,True,gaussian,3.0,Linf,2.0,0.2911093028569398,"[2.0767416954040527, 1.939704179763794, 2.104632616043091, 2.20283842086792, 2.130802869796753, 2.035871982574463, 1.562867522239685, 1.8525954484939575, 2.012611150741577, 2.156653642654419, 2.0658249855041504, 1.9909474849700928, 1.798093318939209, 1.9099167585372925, 1.9678925275802612, 2.039030075073242, 2.001106023788452, 2.013592004776001, 1.9508945941925049, 1.9968870878219604, 1.9853960275650024, 1.9988938570022583]",40.0,0.036388662857117476,True,42,0.6631944179534912,0.0,1.0,38.73780059814453,38.745033264160156,0.2911093235015869,11.958248138427734,0.49368447065353394,"[0.4166666666666667, 0.6527777777777778, 0.8472222222222222, 0.7361111111111112]","[0.0, 0.0, 0.0, 0.0]",0.0,1,False,0.9967885375494071,0.12501015035691054,0.12525729126440255,0.000247140907492005,0.984375,-0.05527295636318578,-0.057421336895330785,-0.002148380532145007,"['FC3', 'POz', 'P1', 'CP4', 'C2']","['POz', 'FC3', 'P1', 'CP4', 'C2']",,,,1,EEGNet
DeepFool_L2,,,,L2,,,,50.0,,,42,0.6631944179534912,0.1006944477558136,0.8993055522441864,110.40835571289062,76.97743225097656,2.477435350418091,97.18386840820312,132.97239685058594,,,0.0,1,False,0.9452992659514399,0.12501015035691054,0.12452988260589573,-0.00048026775101481234,0.96875,-0.05527295636318578,-0.07215122283166736,-0.016878266468481583,"['FC3', 'POz', 'P1', 'CP4', 'C2']","['POz', 'FC3', 'CP4', 'P1', 'C2']",,,,1,EEGNet
FGSM,False,,,Linf,0.25,0.036388662857117476,"[0.2595927119255066, 0.24246302247047424, 0.26307907700538635, 0.27535480260849, 0.2663503587245941, 0.25448399782180786, 0.19535844027996063, 0.2315744310617447, 0.25157639384269714, 0.26958170533180237, 0.2582281231880188, 0.2488684356212616, 0.22476166486740112, 0.23873959481716156, 0.24598656594753265, 0.2548787593841553, 0.2501382529735565, 0.2516990005970001, 0.2438618242740631, 0.24961088597774506, 0.2481745034456253, 0.2498617321252823]",,,False,123,0.6354166865348816,0.02777777798473835,0.9722222220152617,117.03475952148438,116.56159210205078,3.7802646160125732,2.414699077606201,0.10819140076637268,"[0.5277777777777778, 0.5694444444444444, 0.8194444444444444, 0.625]","[0.0, 0.0, 0.1111111111111111, 0.0]",0.0,1,False,0.9527103331451159,0.1382569273414634,0.1313551350355766,-0.006901792305886778,0.94921875,-0.08115636319048017,-0.11005190919812578,-0.028895546007645614,"['Cz', 'CP4', 'FC2', 'CP3', 'C2']","['FC2', 'CP4', 'Cz', 'CP3', 'C2']",,,,1,EEGNet
FGSM,False,,,Linf,0.5,0.07277732571423495,"[0.5191854238510132, 0.4849260449409485, 0.5261581540107727, 0.55070960521698, 0.5327007174491882, 0.5089679956436157, 0.39071688055992126, 0.4631488621234894, 0.5031527876853943, 0.5391634106636047, 0.5164562463760376, 0.4977368712425232, 0.44952332973480225, 0.4774791896343231, 0.4919731318950653, 0.5097575187683105, 0.500276505947113, 0.5033980011940002, 0.4877236485481262, 0.4992217719554901, 0.4963490068912506, 0.4997234642505646]",,,False,123,0.6354166865348816,0.0,1.0,116.97767639160156,116.70973205566406,3.7802646160125732,2.403508186340332,0.10650932788848877,"[0.5277777777777778, 0.5694444444444444, 0.8194444444444444, 0.625]","[0.0, 0.0, 0.0, 0.0]",0.0,1,False,0.9527103331451159,0.1382569273414634,0.1313551350355766,-0.006901792305886778,0.94921875,-0.08115636319048017,-0.11005190919812578,-0.028895546007645614,"['Cz', 'CP4', 'FC2', 'CP3', 'C2']","['FC2', 'CP4', 'Cz', 'CP3', 'C2']",,,,1,EEGNet
FGSM,False,,,Linf,1.0,0.1455546514284699,"[1.0383708477020264, 0.969852089881897, 1.0523163080215454, 1.10141921043396, 1.0654014348983765, 1.0179359912872314, 0.7814337611198425, 0.9262977242469788, 1.0063055753707886, 1.0783268213272095, 1.0329124927520752, 0.9954737424850464, 0.8990466594696045, 0.9549583792686462, 0.9839462637901306, 1.019515037536621, 1.000553011894226, 1.0067960023880005, 0.9754472970962524, 0.9984435439109802, 0.9926980137825012, 0.9994469285011292]",,,False,123,0.6354166865348816,0.0,1.0,117.53543090820312,117.29817962646484,3.7802646160125732,2.359208822250366,0.10011957585811615,"[0.5277777777777778, 0.5694444444444444, 0.8194444444444444, 0.625]","[0.0, 0.0, 0.0, 0.0]",0.0,1,False,0.9527103331451159,0.1382569273414634,0.1313551350355766,-0.006901792305886778,0.94921875,-0.08115636319048017,-0.11005190919812578,-0.028895546007645614,"['Cz', 'CP4', 'FC2', 'CP3', 'C2']","['FC2', 'CP4', 'Cz', 'CP3', 'C2']",,,,1,EEGNet
FGSM,False,,,Linf,2.0,0.2911093028569398,"[2.0767416954040527, 1.939704179763794, 2.104632616043091, 2.20283842086792, 2.130802869796753, 2.035871982574463, 1.562867522239685, 1.8525954484939575, 2.012611150741577, 2.156653642654419, 2.0658249855041504, 1.9909474849700928, 1.798093318939209, 1.9099167585372925, 1.9678925275802612, 2.039030075073242, 2.001106023788452, 2.013592004776001, 1.9508945941925049, 1.9968870878219604, 1.9853960275650024, 1.9988938570022583]",,,False,123,0.6354166865348816,0.0,1.0,119.77608489990234,119.587646484375,3.7802646160125732,2.1890900135040283,0.08018043637275696,"[0.5277777777777778, 0.5694444444444444, 0.8194444444444444, 0.625]","[0.0, 0.0, 0.0, 0.0]",0.0,1,False,0.9527103331451159,0.1382569273414634,0.1313551350355766,-0.006901792305886778,0.94921875,-0.08115636319048017,-0.11005190919812578,-0.028895546007645614,"['Cz', 'CP4', 'FC2', 'CP3', 'C2']","['FC2', 'CP4', 'Cz', 'CP3', 'C2']",,,,1,EEGNet
PGD,False,,,Linf,0.25,0.036388662857117476,"[0.2595927119255066, 0.24246302247047424, 0.26307907700538635, 0.27535480260849, 0.2663503587245941, 0.25448399782180786, 0.19535844027996063, 0.2315744310617447, 0.25157639384269714, 0.26958170533180237, 0.2582281231880188, 0.2488684356212616, 0.22476166486740112, 0.23873959481716156, 0.24598656594753265, 0.2548787593841553, 0.2501382529735565, 0.2516990005970001, 0.2438618242740631, 0.24961088597774506, 0.2481745034456253, 0.2498617321252823]",40.0,0.0045485828571396845,True,123,0.6354166865348816,0.0,1.0,116.83692932128906,116.56153869628906,3.7802646160125732,2.414703845977783,0.10819162428379059,"[0.5277777777777778, 0.5694444444444444, 0.8194444444444444, 0.625]","[0.0, 0.0, 0.0, 0.0]",0.0,1,False,0.9520927442123095,0.1382569273414634,0.13158810591236206,-0.006668821429101329,0.953125,-0.08115636319048017,-0.10827097693443814,-0.027114613743957974,"['Cz', 'CP4', 'FC2', 'CP3', 'C2']","['FC2', 'CP4', 'Cz', 'CP3', 'C2']",,,,1,EEGNet
PGD,False,,,Linf,0.5,0.07277732571423495,"[0.5191854238510132, 0.4849260449409485, 0.5261581540107727, 0.55070960521698, 0.5327007174491882, 0.5089679956436157, 0.39071688055992126, 0.4631488621234894, 0.5031527876853943, 0.5391634106636047, 0.5164562463760376, 0.4977368712425232, 0.44952332973480225, 0.4774791896343231, 0.4919731318950653, 0.5097575187683105, 0.500276505947113, 0.5033980011940002, 0.4877236485481262, 0.4992217719554901, 0.4963490068912506, 0.4997234642505646]",40.0,0.009097165714279369,True,123,0.6354166865348816,0.0,1.0,116.9769058227539,116.70914459228516,3.7802646160125732,2.403552770614624,0.1065119057893753,"[0.5277777777777778, 0.5694444444444444, 0.8194444444444444, 0.625]","[0.0, 0.0, 0.0, 0.0]",0.0,1,False,0.9520927442123095,0.1382569273414634,0.13158810591236206,-0.006668821429101329,0.953125,-0.08115636319048017,-0.10827097693443814,-0.027114613743957974,"['Cz', 'CP4', 'FC2', 'CP3', 'C2']","['FC2', 'CP4', 'Cz', 'CP3', 'C2']",,,,1,EEGNet
PGD,False,,,Linf,1.0,0.1455546514284699,"[1.0383708477020264, 0.969852089881897, 1.0523163080215454, 1.10141921043396, 1.0654014348983765, 1.0179359912872314, 0.7814337611198425, 0.9262977242469788, 1.0063055753707886, 1.0783268213272095, 1.0329124927520752, 0.9954737424850464, 0.8990466594696045, 0.9549583792686462, 0.9839462637901306, 1.019515037536621, 1.000553011894226, 1.0067960023880005, 0.9754472970962524, 0.9984435439109802, 0.9926980137825012, 0.9994469285011292]",40.0,0.018194331428558738,True,123,0.6354166865348816,0.0,1.0,117.5299301147461,117.29265594482422,3.7802646160125732,2.3596200942993164,0.10014858841896057,"[0.5277777777777778, 0.5694444444444444, 0.8194444444444444, 0.625]","[0.0, 0.0, 0.0, 0.0]",0.0,1,False,0.9520927442123095,0.1382569273414634,0.13158810591236206,-0.006668821429101329,0.953125,-0.08115636319048017,-0.10827097693443814,-0.027114613743957974,"['Cz', 'CP4', 'FC2', 'CP3', 'C2']","['FC2', 'CP4', 'Cz', 'CP3', 'C2']",,,,1,EEGNet
PGD,False,,,Linf,2.0,0.2911093028569398,"[2.0767416954040527, 1.939704179763794, 2.104632616043091, 2.20283842086792, 2.130802869796753, 2.035871982574463, 1.562867522239685, 1.8525954484939575, 2.012611150741577, 2.156653642654419, 2.0658249855041504, 1.9909474849700928, 1.798093318939209, 1.9099167585372925, 1.9678925275802612, 2.039030075073242, 2.001106023788452, 2.013592004776001, 1.9508945941925049, 1.9968870878219604, 1.9853960275650024, 1.9988938570022583]",40.0,0.036388662857117476,True,123,0.6354166865348816,0.0,1.0,119.72584533691406,119.54166412353516,3.7802646160125732,2.1924514770507812,0.08024834096431732,"[0.5277777777777778, 0.5694444444444444, 0.8194444444444444, 0.625]","[0.0, 0.0, 0.0, 0.0]",0.0,1,False,0.9520927442123095,0.1382569273414634,0.13158810591236206,-0.006668821429101329,0.953125,-0.08115636319048017,-0.10827097693443814,-0.027114613743957974,"['Cz', 'CP4', 'FC2', 'CP3', 'C2']","['FC2', 'CP4', 'Cz', 'CP3', 'C2']",,,,1,EEGNet
FGSM_LP,True,gaussian,3.0,Linf,0.25,0.036388662857117476,"[0.2595927119255066, 0.24246302247047424, 0.26307907700538635, 0.27535480260849, 0.2663503587245941, 0.25448399782180786, 0.19535844027996063, 0.2315744310617447, 0.25157639384269714, 0.26958170533180237, 0.2582281231880188, 0.2488684356212616, 0.22476166486740112, 0.23873959481716156, 0.24598656594753265, 0.2548787593841553, 0.2501382529735565, 0.2516990005970001, 0.2438618242740631, 0.24961088597774506, 0.2481745034456253, 0.2498617321252823]",,,False,123,0.6354166865348816,0.4548611044883728,0.5451388955116272,5.551342010498047,5.552236557006836,0.03638876974582672,28.832820892333984,0.5317898392677307,"[0.5277777777777778, 0.5694444444444444, 0.8194444444444444, 0.625]","[0.3194444444444444, 0.3472222222222222, 0.6805555555555556, 0.4722222222222222]",0.0,1,False,0.998826581027668,0.1382569273414634,0.13794188457785236,-0.0003150427636110231,1.0,-0.08115636319048017,-0.08264937256455802,-0.0014930093740778555,"['Cz', 'CP4', 'FC2', 'CP3', 'C2']","['Cz', 'CP4', 'FC2', 'CP3', 'C2']",,,,1,EEGNet
FGSM_LP,True,gaussian,3.0,Linf,0.5,0.07277732571423495,"[0.5191854238510132, 0.4849260449409485, 0.5261581540107727, 0.55070960521698, 0.5327007174491882, 0.5089679956436157, 0.39071688055992126, 0.4631488621234894, 0.5031527876853943, 0.5391634106636047, 0.5164562463760376, 0.4977368712425232, 0.44952332973480225, 0.4774791896343231, 0.4919731318950653, 0.5097575187683105, 0.500276505947113, 0.5033980011940002, 0.4877236485481262, 0.4992217719554901, 0.4963490068912506, 0.4997234642505646]",,,False,123,0.6354166865348816,0.1805555522441864,0.8194444477558136,10.840011596679688,10.841776847839355,0.07277735322713852,23.02023696899414,0.5213088989257812,"[0.5277777777777778, 0.5694444444444444, 0.8194444444444444, 0.625]","[0.09722222222222222, 0.08333333333333333, 0.3333333333333333, 0.20833333333333334]",0.0,1,False,0.998826581027668,0.1382569273414634,0.13794188457785236,-0.0003150427636110231,1.0,-0.08115636319048017,-0.08264937256455802,-0.0014930093740778555,"['Cz', 'CP4', 'FC2', 'CP3', 'C2']","['Cz', 'CP4', 'FC2', 'CP3', 'C2']",,,,1,EEGNet
FGSM_LP,True,gaussian,3.0,Linf,1.0,0.1455546514284699,"[1.0383708477020264, 0.969852089881897, 1.0523163080215454, 1.10141921043396, 1.0654014348983765, 1.0179359912872314, 0.7814337611198425, 0.9262977242469788, 1.0063055753707886, 1.0783268213272095, 1.0329124927520752, 0.9954737424850464, 0.8990466594696045, 0.9549583792686462, 0.9839462637901306, 1.019515037536621, 1.000553011894226, 1.0067960023880005, 0.9754472970962524, 0.9984435439109802, 0.9926980137825012, 0.9994469285011292]",,,False,123,0.6354166865348816,0.0034722222480922937,0.9965277777519077,20.804170608520508,20.80487060546875,0.14555466175079346,17.35904312133789,0.5094935894012451,"[0.5277777777777778, 0.5694444444444444, 0.8194444444444444, 0.625]","[0.0, 0.0, 0.013888888888888888, 0.0]",0.0,1,False,0.998826581027668,0.1382569273414634,0.13794188457785236,-0.0003150427636110231,1.0,-0.08115636319048017,-0.08264937256455802,-0.0014930093740778555,"['Cz', 'CP4', 'FC2', 'CP3', 'C2']","['Cz', 'CP4', 'FC2', 'CP3', 'C2']",,,,1,EEGNet
FGSM_LP,True,gaussian,3.0,Linf,2.0,0.2911093028569398,"[2.0767416954040527, 1.939704179763794, 2.104632616043091, 2.20283842086792, 2.130802869796753, 2.035871982574463, 1.562867522239685, 1.8525954484939575, 2.012611150741577, 2.156653642654419, 2.0658249855041504, 1.9909474849700928, 1.798093318939209, 1.9099167585372925, 1.9678925275802612, 2.039030075073242, 2.001106023788452, 2.013592004776001, 1.9508945941925049, 1.9968870878219604, 1.9853960275650024, 1.9988938570022583]",,,False,123,0.6354166865348816,0.0,1.0,38.79391860961914,38.80625915527344,0.2911093235015869,11.94448184967041,0.5006242394447327,"[0.5277777777777778, 0.5694444444444444, 0.8194444444444444, 0.625]","[0.0, 0.0, 0.0, 0.0]",0.0,1,False,0.998826581027668,0.1382569273414634,0.13794188457785236,-0.0003150427636110231,1.0,-0.08115636319048017,-0.08264937256455802,-0.0014930093740778555,"['Cz', 'CP4', 'FC2', 'CP3', 'C2']","['Cz', 'CP4', 'FC2', 'CP3', 'C2']",,,,1,EEGNet
PGD_LP,True,gaussian,3.0,Linf,0.25,0.036388662857117476,"[0.2595927119255066, 0.24246302247047424, 0.26307907700538635, 0.27535480260849, 0.2663503587245941, 0.25448399782180786, 0.19535844027996063, 0.2315744310617447, 0.25157639384269714, 0.26958170533180237, 0.2582281231880188, 0.2488684356212616, 0.22476166486740112, 0.23873959481716156, 0.24598656594753265, 0.2548787593841553, 0.2501382529735565, 0.2516990005970001, 0.2438618242740631, 0.24961088597774506, 0.2481745034456253, 0.2498617321252823]",40.0,0.0045485828571396845,True,123,0.6354166865348816,0.5277777910232544,0.4722222089767456,5.556561470031738,5.553173542022705,0.03638876974582672,28.831350326538086,0.5322198867797852,"[0.5277777777777778, 0.5694444444444444, 0.8194444444444444, 0.625]","[0.4305555555555556, 0.4305555555555556, 0.7083333333333334, 0.5416666666666666]",0.0,1,False,0.9986942405420667,0.1382569273414634,0.13789835716626836,-0.00035857017519502765,0.99609375,-0.08115636319048017,-0.08253214418922686,-0.0013757809987466896,"['Cz', 'CP4', 'FC2', 'CP3', 'C2']","['Cz', 'CP4', 'FC2', 'CP3', 'C2']",,,,1,EEGNet
PGD_LP,True,gaussian,3.0,Linf,0.5,0.07277732571423495,"[0.5191854238510132, 0.4849260449409485, 0.5261581540107727, 0.55070960521698, 0.5327007174491882, 0.5089679956436157, 0.39071688055992126, 0.4631488621234894, 0.5031527876853943, 0.5391634106636047, 0.5164562463760376, 0.4977368712425232, 0.44952332973480225, 0.4774791896343231, 0.4919731318950653, 0.5097575187683105, 0.500276505947113, 0.5033980011940002, 0.4877236485481262, 0.4992217719554901, 0.4963490068912506, 0.4997234642505646]",40.0,0.009097165714279369,True,123,0.6354166865348816,0.2916666567325592,0.7083333432674408,10.842262268066406,10.844463348388672,0.07277735322713852,23.018077850341797,0.5212409496307373,"[0.5277777777777778, 0.5694444444444444, 0.8194444444444444, 0.625]","[0.3055555555555556, 0.1527777777777778, 0.375, 0.3333333333333333]",0.0,1,False,0.9986942405420667,0.1382569273414634,0.13789835716626836,-0.00035857017519502765,0.99609375,-0.08115636319048017,-0.08253214418922686,-0.0013757809987466896,"['Cz', 'CP4', 'FC2', 'CP3', 'C2']","['Cz', 'CP4', 'FC2', 'CP3', 'C2']",,,,1,EEGNet
PGD_LP,True,gaussian,3.0,Linf,1.0,0.1455546514284699,"[1.0383708477020264, 0.969852089881897, 1.0523163080215454, 1.10141921043396, 1.0654014348983765, 1.0179359912872314, 0.7814337611198425, 0.9262977242469788, 1.0063055753707886, 1.0783268213272095, 1.0329124927520752, 0.9954737424850464, 0.8990466594696045, 0.9549583792686462, 0.9839462637901306, 1.019515037536621, 1.000553011894226, 1.0067960023880005, 0.9754472970962524, 0.9984435439109802, 0.9926980137825012, 0.9994469285011292]",40.0,0.018194331428558738,True,123,0.6354166865348816,0.0243055559694767,0.9756944440305233,20.80157470703125,20.80743980407715,0.14555466175079346,17.35796546936035,0.5083057880401611,"[0.5277777777777778, 0.5694444444444444, 0.8194444444444444, 0.625]","[0.013888888888888888, 0.013888888888888888, 0.013888888888888888, 0.05555555555555555]",0.0,1,False,0.9986942405420667,0.1382569273414634,0.13789835716626836,-0.00035857017519502765,0.99609375,-0.08115636319048017,-0.08253214418922686,-0.0013757809987466896,"['Cz', 'CP4', 'FC2', 'CP3', 'C2']","['Cz', 'CP4', 'FC2', 'CP3', 'C2']",,,,1,EEGNet
PGD_LP,True,gaussian,3.0,Linf,2.0,0.2911093028569398,"[2.0767416954040527, 1.939704179763794, 2.104632616043091, 2.20283842086792, 2.130802869796753, 2.035871982574463, 1.562867522239685, 1.8525954484939575, 2.012611150741577, 2.156653642654419, 2.0658249855041504, 1.9909474849700928, 1.798093318939209, 1.9099167585372925, 1.9678925275802612, 2.039030075073242, 2.001106023788452, 2.013592004776001, 1.9508945941925049, 1.9968870878219604, 1.9853960275650024, 1.9988938570022583]",40.0,0.036388662857117476,True,123,0.6354166865348816,0.0,1.0,38.780311584472656,38.77699661254883,0.2911093235015869,11.95107364654541,0.4979933500289917,"[0.5277777777777778, 0.5694444444444444, 0.8194444444444444, 0.625]","[0.0, 0.0, 0.0, 0.0]",0.0,1,False,0.9986942405420667,0.1382569273414634,0.13789835716626836,-0.00035857017519502765,0.99609375,-0.08115636319048017,-0.08253214418922686,-0.0013757809987466896,"['Cz', 'CP4', 'FC2', 'CP3', 'C2']","['Cz', 'CP4', 'FC2', 'CP3', 'C2']",,,,1,EEGNet
DeepFool_L2,,,,L2,,,,50.0,,,123,0.6354166865348816,0.1006944477558136,0.8993055522441864,110.95855712890625,73.97085571289062,2.401442289352417,104.98006439208984,135.40206909179688,,,0.0,1,False,0.9742553642010164,0.1382569273414634,0.13557965417345316,-0.0026772731680102246,0.95703125,-0.08115636319048017,-0.0943158791389013,-0.01315951594842113,"['Cz', 'CP4', 'FC2', 'CP3', 'C2']","['Cz', 'CP4', 'FC2', 'CP3', 'C2']",,,,1,EEGNet
FGSM,False,,,Linf,0.25,0.036388662857117476,"[0.2595927119255066, 0.24246302247047424, 0.26307907700538635, 0.27535480260849, 0.2663503587245941, 0.25448399782180786, 0.19535844027996063, 0.2315744310617447, 0.25157639384269714, 0.26958170533180237, 0.2582281231880188, 0.2488684356212616, 0.22476166486740112, 0.23873959481716156, 0.24598656594753265, 0.2548787593841553, 0.2501382529735565, 0.2516990005970001, 0.2438618242740631, 0.24961088597774506, 0.2481745034456253, 0.2498617321252823]",,,False,2024,0.6875,0.0034722222480922937,0.9965277777519077,116.86738586425781,116.56157684326172,3.7802646160125732,2.414698839187622,0.10819163918495178,"[0.5694444444444444, 0.7638888888888888, 0.8333333333333334, 0.5833333333333334]","[0.0, 0.0, 0.013888888888888888, 0.0]",0.0,1,False,0.9262157679277245,0.11323385412719683,0.10872913443515655,-0.0045047196920402766,0.8203125,-0.1348339295778824,-0.1920770965323308,-0.05724316695444839,"['CPz', 'FC1', 'P2', 'CP4', 'FC3']","['FC1', 'CPz', 'FC3', 'P2', 'P1']",,,,1,EEGNet
FGSM,False,,,Linf,0.5,0.07277732571423495,"[0.5191854238510132, 0.4849260449409485, 0.5261581540107727, 0.55070960521698, 0.5327007174491882, 0.5089679956436157, 0.39071688055992126, 0.4631488621234894, 0.5031527876853943, 0.5391634106636047, 0.5164562463760376, 0.4977368712425232, 0.44952332973480225, 0.4774791896343231, 0.4919731318950653, 0.5097575187683105, 0.500276505947113, 0.5033980011940002, 0.4877236485481262, 0.4992217719554901, 0.4963490068912506, 0.4997234642505646]",,,False,2024,0.6875,0.0,1.0,116.9779052734375,116.70970153808594,3.7802646160125732,2.403510570526123,0.10651087015867233,"[0.5694444444444444, 0.7638888888888888, 0.8333333333333334, 0.5833333333333334]","[0.0, 0.0, 0.0, 0.0]",0.0,1,False,0.9262157679277245,0.11323385412719683,0.10872913443515655,-0.0045047196920402766,0.8203125,-0.1348339295778824,-0.1920770965323308,-0.05724316695444839,"['CPz', 'FC1', 'P2', 'CP4', 'FC3']","['FC1', 'CPz', 'FC3', 'P2', 'P1']",,,,1,EEGNet
FGSM,False,,,Linf,1.0,0.1455546514284699,"[1.0383708477020264, 0.969852089881897, 1.0523163080215454, 1.10141921043396, 1.0654014348983765, 1.0179359912872314, 0.7814337611198425, 0.9262977242469788, 1.0063055753707886, 1.0783268213272095, 1.0329124927520752, 0.9954737424850464, 0.8990466594696045, 0.9549583792686462, 0.9839462637901306, 1.019515037536621, 1.000553011894226, 1.0067960023880005, 0.9754472970962524, 0.9984435439109802, 0.9926980137825012, 0.9994469285011292]",,,False,2024,0.6875,0.0,1.0,117.53713989257812,117.29805755615234,3.7802646160125732,2.3592164516448975,0.10012241452932358,"[0.5694444444444444, 0.7638888888888888, 0.8333333333333334, 0.5833333333333334]","[0.0, 0.0, 0.0, 0.0]",0.0,1,False,0.9262157679277245,0.11323385412719683,0.10872913443515655,-0.0045047196920402766,0.8203125,-0.1348339295778824,-0.1920770965323308,-0.05724316695444839,"['CPz', 'FC1', 'P2', 'CP4', 'FC3']","['FC1', 'CPz', 'FC3', 'P2', 'P1']",,,,1,EEGNet
FGSM,False,,,Linf,2.0,0.2911093028569398,"[2.0767416954040527, 1.939704179763794, 2.104632616043091, 2.20283842086792, 2.130802869796753, 2.035871982574463, 1.562867522239685, 1.8525954484939575, 2.012611150741577, 2.156653642654419, 2.0658249855041504, 1.9909474849700928, 1.798093318939209, 1.9099167585372925, 1.9678925275802612, 2.039030075073242, 2.001106023788452, 2.013592004776001, 1.9508945941925049, 1.9968870878219604, 1.9853960275650024, 1.9988938570022583]",,,False,2024,0.6875,0.0,1.0,119.76812744140625,119.5877685546875,3.7802646160125732,2.1890814304351807,0.08020462095737457,"[0.5694444444444444, 0.7638888888888888, 0.8333333333333334, 0.5833333333333334]","[0.0, 0.0, 0.0, 0.0]",0.0,1,False,0.9262157679277245,0.11323385412719683,0.10872913443515655,-0.0045047196920402766,0.8203125,-0.1348339295778824,-0.1920770965323308,-0.05724316695444839,"['CPz', 'FC1', 'P2', 'CP4', 'FC3']","['FC1', 'CPz', 'FC3', 'P2', 'P1']",,,,1,EEGNet
PGD,False,,,Linf,0.25,0.036388662857117476,"[0.2595927119255066, 0.24246302247047424, 0.26307907700538635, 0.27535480260849, 0.2663503587245941, 0.25448399782180786, 0.19535844027996063, 0.2315744310617447, 0.25157639384269714, 0.26958170533180237, 0.2582281231880188, 0.2488684356212616, 0.22476166486740112, 0.23873959481716156, 0.24598656594753265, 0.2548787593841553, 0.2501382529735565, 0.2516990005970001, 0.2438618242740631, 0.24961088597774506, 0.2481745034456253, 0.2498617321252823]",40.0,0.0045485828571396845,True,2024,0.6875,0.0,1.0,116.83692169189453,116.56149291992188,3.7802646160125732,2.414706230163574,0.10819246619939804,"[0.5694444444444444, 0.7638888888888888, 0.8333333333333334, 0.5833333333333334]","[0.0, 0.0, 0.0, 0.0]",0.0,1,False,0.924980590062112,0.11323385412719683,0.10852874720647357,-0.004705106920723262,0.8046875,-0.1348339295778824,-0.19563850184158277,-0.06080457226370037,"['CPz', 'FC1', 'P2', 'CP4', 'FC3']","['FC1', 'CPz', 'FC3', 'P2', 'P1']",,,,1,EEGNet
PGD,False,,,Linf,0.5,0.07277732571423495,"[0.5191854238510132, 0.4849260449409485, 0.5261581540107727, 0.55070960521698, 0.5327007174491882, 0.5089679956436157, 0.39071688055992126, 0.4631488621234894, 0.5031527876853943, 0.5391634106636047, 0.5164562463760376, 0.4977368712425232, 0.44952332973480225, 0.4774791896343231, 0.4919731318950653, 0.5097575187683105, 0.500276505947113, 0.5033980011940002, 0.4877236485481262, 0.4992217719554901, 0.4963490068912506, 0.4997234642505646]",40.0,0.009097165714279369,True,2024,0.6875,0.0,1.0,116.97691345214844,116.70887756347656,3.7802646160125732,2.4035725593566895,0.10652119666337967,"[0.5694444444444444, 0.7638888888888888, 0.8333333333333334, 0.5833333333333334]","[0.0, 0.0, 0.0, 0.0]",0.0,1,False,0.924980590062112,0.11323385412719683,0.10852874720647357,-0.004705106920723262,0.8046875,-0.1348339295778824,-0.19563850184158277,-0.06080457226370037,"['CPz', 'FC1', 'P2', 'CP4', 'FC3']","['FC1', 'CPz', 'FC3', 'P2', 'P1']",,,,1,EEGNet
PGD,False,,,Linf,1.0,0.1455546514284699,"[1.0383708477020264, 0.969852089881897, 1.0523163080215454, 1.10141921043396, 1.0654014348983765, 1.0179359912872314, 0.7814337611198425, 0.9262977242469788, 1.0063055753707886, 1.0783268213272095, 1.0329124927520752, 0.9954737424850464, 0.8990466594696045, 0.9549583792686462, 0.9839462637901306, 1.019515037536621, 1.000553011894226, 1.0067960023880005, 0.9754472970962524, 0.9984435439109802, 0.9926980137825012, 0.9994469285011292]",40.0,0.018194331428558738,True,2024,0.6875,0.0,1.0,117.52976989746094,117.29139709472656,3.7802646160125732,2.35971736907959,0.10019756853580475,"[0.5694444444444444, 0.7638888888888888, 0.8333333333333334, 0.5833333333333334]","[0.0, 0.0, 0.0, 0.0]",0.0,1,False,0.924980590062112,0.11323385412719683,0.10852874720647357,-0.004705106920723262,0.8046875,-0.1348339295778824,-0.19563850184158277,-0.06080457226370037,"['CPz', 'FC1', 'P2', 'CP4', 'FC3']","['FC1', 'CPz', 'FC3', 'P2', 'P1']",,,,1,EEGNet
PGD,False,,,Linf,2.0,0.2911093028569398,"[2.0767416954040527, 1.939704179763794, 2.104632616043091, 2.20283842086792, 2.130802869796753, 2.035871982574463, 1.562867522239685, 1.8525954484939575, 2.012611150741577, 2.156653642654419, 2.0658249855041504, 1.9909474849700928, 1.798093318939209, 1.9099167585372925, 1.9678925275802612, 2.039030075073242, 2.001106023788452, 2.013592004776001, 1.9508945941925049, 1.9968870878219604, 1.9853960275650024, 1.9988938570022583]",40.0,0.036388662857117476,True,2024,0.6875,0.0,1.0,119.70890808105469,119.53556060791016,3.7802646160125732,2.1929094791412354,0.08048000931739807,"[0.5694444444444444, 0.7638888888888888, 0.8333333333333334, 0.5833333333333334]","[0.0, 0.0, 0.0, 0.0]",0.0,1,False,0.924980590062112,0.11323385412719683,0.10852874720647357,-0.004705106920723262,0.8046875,-0.1348339295778824,-0.19563850184158277,-0.06080457226370037,"['CPz', 'FC1', 'P2', 'CP4', 'FC3']","['FC1', 'CPz', 'FC3', 'P2', 'P1']",,,,1,EEGNet
FGSM_LP,True,gaussian,3.0,Linf,0.25,0.036388662857117476,"[0.2595927119255066, 0.24246302247047424, 0.26307907700538635, 0.27535480260849, 0.2663503587245941, 0.25448399782180786, 0.19535844027996063, 0.2315744310617447, 0.25157639384269714, 0.26958170533180237, 0.2582281231880188, 0.2488684356212616, 0.22476166486740112, 0.23873959481716156, 0.24598656594753265, 0.2548787593841553, 0.2501382529735565, 0.2516990005970001, 0.2438618242740631, 0.24961088597774506, 0.2481745034456253, 0.2498617321252823]",,,False,2024,0.6875,0.5451388955116272,0.4548611044883728,5.552087306976318,5.550765514373779,0.03638876974582672,28.83513069152832,0.530331015586853,"[0.5694444444444444, 0.7638888888888888, 0.8333333333333334, 0.5833333333333334]","[0.4027777777777778, 0.625, 0.7083333333333334, 0.4444444444444444]",0.0,1,False,0.9982883963862225,0.11323385412719683,0.11314701694906155,-8.68371781352767e-05,0.99609375,-0.1348339295778824,-0.136878911035562,-0.00204498145767959,"['CPz', 'FC1', 'P2', 'CP4', 'FC3']","['CPz', 'FC1', 'P2', 'FC3', 'CP4']",,,,1,EEGNet
FGSM_LP,True,gaussian,3.0,Linf,0.5,0.07277732571423495,"[0.5191854238510132, 0.4849260449409485, 0.5261581540107727, 0.55070960521698, 0.5327007174491882, 0.5089679956436157, 0.39071688055992126, 0.4631488621234894, 0.5031527876853943, 0.5391634106636047, 0.5164562463760376, 0.4977368712425232, 0.44952332973480225, 0.4774791896343231, 0.4919731318950653, 0.5097575187683105, 0.500276505947113, 0.5033980011940002, 0.4877236485481262, 0.4992217719554901, 0.4963490068912506, 0.4997234642505646]",,,False,2024,0.6875,0.2638888955116272,0.7361111044883728,10.840667724609375,10.835994720458984,0.07277735322713852,23.02488899230957,0.5189453363418579,"[0.5694444444444444, 0.7638888888888888, 0.8333333333333334, 0.5833333333333334]","[0.1111111111111111, 0.3611111111111111, 0.375, 0.20833333333333334]",0.0,1,False,0.9982883963862225,0.11323385412719683,0.11314701694906155,-8.68371781352767e-05,0.99609375,-0.1348339295778824,-0.136878911035562,-0.00204498145767959,"['CPz', 'FC1', 'P2', 'CP4', 'FC3']","['CPz', 'FC1', 'P2', 'FC3', 'CP4']",,,,1,EEGNet
FGSM_LP,True,gaussian,3.0,Linf,1.0,0.1455546514284699,"[1.0383708477020264, 0.969852089881897, 1.0523163080215454, 1.10141921043396, 1.0654014348983765, 1.0179359912872314, 0.7814337611198425, 0.9262977242469788, 1.0063055753707886, 1.0783268213272095, 1.0329124927520752, 0.9954737424850464, 0.8990466594696045, 0.9549583792686462, 0.9839462637901306, 1.019515037536621, 1.000553011894226, 1.0067960023880005, 0.9754472970962524, 0.9984435439109802, 0.9926980137825012, 0.9994469285011292]",,,False,2024,0.6875,0.0,1.0,20.792335510253906,20.783145904541016,0.14555466175079346,17.36814308166504,0.5054395794868469,"[0.5694444444444444, 0.7638888888888888, 0.8333333333333334, 0.5833333333333334]","[0.0, 0.0, 0.0, 0.0]",0.0,1,False,0.9982883963862225,0.11323385412719683,0.11314701694906155,-8.68371781352767e-05,0.99609375,-0.1348339295778824,-0.136878911035562,-0.00204498145767959,"['CPz', 'FC1', 'P2', 'CP4', 'FC3']","['CPz', 'FC1', 'P2', 'FC3', 'CP4']",,,,1,EEGNet
FGSM_LP,True,gaussian,3.0,Linf,2.0,0.2911093028569398,"[2.0767416954040527, 1.939704179763794, 2.104632616043091, 2.20283842086792, 2.130802869796753, 2.035871982574463, 1.562867522239685, 1.8525954484939575, 2.012611150741577, 2.156653642654419, 2.0658249855041504, 1.9909474849700928, 1.798093318939209, 1.9099167585372925, 1.9678925275802612, 2.039030075073242, 2.001106023788452, 2.013592004776001, 1.9508945941925049, 1.9968870878219604, 1.9853960275650024, 1.9988938570022583]",,,False,2024,0.6875,0.0,1.0,38.71990966796875,38.724979400634766,0.2911093235015869,11.96273422241211,0.49356263875961304,"[0.5694444444444444, 0.7638888888888888, 0.8333333333333334, 0.5833333333333334]","[0.0, 0.0, 0.0, 0.0]",0.0,1,False,0.9982883963862225,0.11323385412719683,0.11314701694906155,-8.68371781352767e-05,0.99609375,-0.1348339295778824,-0.136878911035562,-0.00204498145767959,"['CPz', 'FC1', 'P2', 'CP4', 'FC3']","['CPz', 'FC1', 'P2', 'FC3', 'CP4']",,,,1,EEGNet
PGD_LP,True,gaussian,3.0,Linf,0.25,0.036388662857117476,"[0.2595927119255066, 0.24246302247047424, 0.26307907700538635, 0.27535480260849, 0.2663503587245941, 0.25448399782180786, 0.19535844027996063, 0.2315744310617447, 0.25157639384269714, 0.26958170533180237, 0.2582281231880188, 0.2488684356212616, 0.22476166486740112, 0.23873959481716156, 0.24598656594753265, 0.2548787593841553, 0.2501382529735565, 0.2516990005970001, 0.2438618242740631, 0.24961088597774506, 0.2481745034456253, 0.2498617321252823]",40.0,0.0045485828571396845,True,2024,0.6875,0.5868055820465088,0.4131944179534912,5.5524773597717285,5.551695823669434,0.03638876974582672,28.83367156982422,0.5307396054267883,"[0.5694444444444444, 0.7638888888888888, 0.8333333333333334, 0.5833333333333334]","[0.4583333333333333, 0.6805555555555556, 0.7083333333333334, 0.5]",0.0,1,False,0.9983854460756635,0.11323385412719683,0.11309251191236953,-0.00014134221482729747,0.99609375,-0.1348339295778824,-0.1375512988824284,-0.002717369304545997,"['CPz', 'FC1', 'P2', 'CP4', 'FC3']","['CPz', 'FC1', 'P2', 'FC3', 'CP4']",,,,1,EEGNet
PGD_LP,True,gaussian,3.0,Linf,0.5,0.07277732571423495,"[0.5191854238510132, 0.4849260449409485, 0.5261581540107727, 0.55070960521698, 0.5327007174491882, 0.5089679956436157, 0.39071688055992126, 0.4631488621234894, 0.5031527876853943, 0.5391634106636047, 0.5164562463760376, 0.4977368712425232, 0.44952332973480225, 0.4774791896343231, 0.4919731318950653, 0.5097575187683105, 0.500276505947113, 0.5033980011940002, 0.4877236485481262, 0.4992217719554901, 0.4963490068912506, 0.4997234642505646]",40.0,0.009097165714279369,True,2024,0.6875,0.3715277910232544,0.6284722089767456,10.83887767791748,10.838788986206055,0.07277735322713852,23.02264404296875,0.5187812447547913,"[0.5694444444444444, 0.7638888888888888, 0.8333333333333334, 0.5833333333333334]","[0.2777777777777778, 0.4166666666666667, 0.4305555555555556, 0.3611111111111111]",0.0,1,False,0.9983854460756635,0.11323385412719683,0.11309251191236953,-0.00014134221482729747,0.99609375,-0.1348339295778824,-0.1375512988824284,-0.002717369304545997,"['CPz', 'FC1', 'P2', 'CP4', 'FC3']","['CPz', 'FC1', 'P2', 'FC3', 'CP4']",,,,1,EEGNet
PGD_LP,True,gaussian,3.0,Linf,1.0,0.1455546514284699,"[1.0383708477020264, 0.969852089881897, 1.0523163080215454, 1.10141921043396, 1.0654014348983765, 1.0179359912872314, 0.7814337611198425, 0.9262977242469788, 1.0063055753707886, 1.0783268213272095, 1.0329124927520752, 0.9954737424850464, 0.8990466594696045, 0.9549583792686462, 0.9839462637901306, 1.019515037536621, 1.000553011894226, 1.0067960023880005, 0.9754472970962524, 0.9984435439109802, 0.9926980137825012, 0.9994469285011292]",40.0,0.018194331428558738,True,2024,0.6875,0.02083333395421505,0.979166666045785,20.790809631347656,20.78805923461914,0.14555466175079346,17.366098403930664,0.5041101574897766,"[0.5694444444444444, 0.7638888888888888, 0.8333333333333334, 0.5833333333333334]","[0.0, 0.013888888888888888, 0.0, 0.06944444444444445]",0.0,1,False,0.9983854460756635,0.11323385412719683,0.11309251191236953,-0.00014134221482729747,0.99609375,-0.1348339295778824,-0.1375512988824284,-0.002717369304545997,"['CPz', 'FC1', 'P2', 'CP4', 'FC3']","['CPz', 'FC1', 'P2', 'FC3', 'CP4']",,,,1,EEGNet
PGD_LP,True,gaussian,3.0,Linf,2.0,0.2911093028569398,"[2.0767416954040527, 1.939704179763794, 2.104632616043091, 2.20283842086792, 2.130802869796753, 2.035871982574463, 1.562867522239685, 1.8525954484939575, 2.012611150741577, 2.156653642654419, 2.0658249855041504, 1.9909474849700928, 1.798093318939209, 1.9099167585372925, 1.9678925275802612, 2.039030075073242, 2.001106023788452, 2.013592004776001, 1.9508945941925049, 1.9968870878219604, 1.9853960275650024, 1.9988938570022583]",40.0,0.036388662857117476,True,2024,0.6875,0.0,1.0,38.70970153808594,38.70656204223633,0.2911093235015869,11.966927528381348,0.48890024423599243,"[0.5694444444444444, 0.7638888888888888, 0.8333333333333334, 0.5833333333333334]","[0.0, 0.0, 0.0, 0.0]",0.0,1,False,0.9983854460756635,0.11323385412719683,0.11309251191236953,-0.00014134221482729747,0.99609375,-0.1348339295778824,-0.1375512988824284,-0.002717369304545997,"['CPz', 'FC1', 'P2', 'CP4', 'FC3']","['CPz', 'FC1', 'P2', 'FC3', 'CP4']",,,,1,EEGNet
DeepFool_L2,,,,L2,,,,50.0,,,2024,0.6875,0.1215277761220932,0.8784722238779068,111.14527130126953,79.98829650878906,2.5974512100219727,90.33373260498047,130.39512634277344,,,0.0,1,False,0.954210191981931,0.11323385412719683,0.11083252965033093,-0.0024013244768659042,0.87109375,-0.1348339295778824,-0.15447244890563408,-0.01963851932775168,"['CPz', 'FC1', 'P2', 'CP4', 'FC3']","['CPz', 'FC1', 'P2', 'FC3', 'CP4']",,,,1,EEGNet
FGSM,False,,,Linf,0.25,0.036388662857117476,"[0.2595927119255066, 0.24246302247047424, 0.26307907700538635, 0.27535480260849, 0.2663503587245941, 0.25448399782180786, 0.19535844027996063, 0.2315744310617447, 0.25157639384269714, 0.26958170533180237, 0.2582281231880188, 0.2488684356212616, 0.22476166486740112, 0.23873959481716156, 0.24598656594753265, 0.2548787593841553, 0.2501382529735565, 0.2516990005970001, 0.2438618242740631, 0.24961088597774506, 0.2481745034456253, 0.2498617321252823]",,,False,31415,0.6527777910232544,0.0902777761220932,0.9097222238779068,117.21710968017578,116.56159210205078,3.7802646160125732,2.414699077606201,0.1081913560628891,"[0.3611111111111111, 0.6666666666666666, 0.875, 0.7083333333333334]","[0.027777777777777776, 0.0, 0.3333333333333333, 0.0]",0.0,1,False,0.8572487295313382,0.09098370833013088,0.09774631875954128,0.006762610429410398,0.8828125,-0.35435287658611503,-0.35345640205860973,0.0008964745275052977,"['C1', 'CP3', 'C6', 'CP4', 'P1']","['C1', 'CP3', 'C6', 'CP4', 'P1']",,,,1,EEGNet
FGSM,False,,,Linf,0.5,0.07277732571423495,"[0.5191854238510132, 0.4849260449409485, 0.5261581540107727, 0.55070960521698, 0.5327007174491882, 0.5089679956436157, 0.39071688055992126, 0.4631488621234894, 0.5031527876853943, 0.5391634106636047, 0.5164562463760376, 0.4977368712425232, 0.44952332973480225, 0.4774791896343231, 0.4919731318950653, 0.5097575187683105, 0.500276505947113, 0.5033980011940002, 0.4877236485481262, 0.4992217719554901, 0.4963490068912506, 0.4997234642505646]",,,False,31415,0.6527777910232544,0.0,1.0,116.9776382446289,116.70970153808594,3.7802646160125732,2.4035098552703857,0.10650798678398132,"[0.3611111111111111, 0.6666666666666666, 0.875, 0.7083333333333334]","[0.0, 0.0, 0.0, 0.0]",0.0,1,False,0.8572487295313382,0.09098370833013088,0.09774631875954128,0.006762610429410398,0.8828125,-0.35435287658611503,-0.35345640205860973,0.0008964745275052977,"['C1', 'CP3', 'C6', 'CP4', 'P1']","['C1', 'CP3', 'C6', 'CP4', 'P1']",,,,1,EEGNet
FGSM,False,,,Linf,1.0,0.1455546514284699,"[1.0383708477020264, 0.969852089881897, 1.0523163080215454, 1.10141921043396, 1.0654014348983765, 1.0179359912872314, 0.7814337611198425, 0.9262977242469788, 1.0063055753707886, 1.0783268213272095, 1.0329124927520752, 0.9954737424850464, 0.8990466594696045, 0.9549583792686462, 0.9839462637901306, 1.019515037536621, 1.000553011894226, 1.0067960023880005, 0.9754472970962524, 0.9984435439109802, 0.9926980137825012, 0.9994469285011292]",,,False,31415,0.6527777910232544,0.0,1.0,117.53520202636719,117.29812622070312,3.7802646160125732,2.359210729598999,0.10010186582803726,"[0.3611111111111111, 0.6666666666666666, 0.875, 0.7083333333333334]","[0.0, 0.0, 0.0, 0.0]",0.0,1,False,0.8572487295313382,0.09098370833013088,0.09774631875954128,0.006762610429410398,0.8828125,-0.35435287658611503,-0.35345640205860973,0.0008964745275052977,"['C1', 'CP3', 'C6', 'CP4', 'P1']","['C1', 'CP3', 'C6', 'CP4', 'P1']",,,,1,EEGNet
FGSM,False,,,Linf,2.0,0.2911093028569398,"[2.0767416954040527, 1.939704179763794, 2.104632616043091, 2.20283842086792, 2.130802869796753, 2.035871982574463, 1.562867522239685, 1.8525954484939575, 2.012611150741577, 2.156653642654419, 2.0658249855041504, 1.9909474849700928, 1.798093318939209, 1.9099167585372925, 1.9678925275802612, 2.039030075073242, 2.001106023788452, 2.013592004776001, 1.9508945941925049, 1.9968870878219604, 1.9853960275650024, 1.9988938570022583]",,,False,31415,0.6527777910232544,0.0,1.0,119.7871322631836,119.58802795410156,3.7802646160125732,2.1890525817871094,0.08014193922281265,"[0.3611111111111111, 0.6666666666666666, 0.875, 0.7083333333333334]","[0.0, 0.0, 0.0, 0.0]",0.0,1,False,0.8572487295313382,0.09098370833013088,0.09774631875954128,0.006762610429410398,0.8828125,-0.35435287658611503,-0.35345640205860973,0.0008964745275052977,"['C1', 'CP3', 'C6', 'CP4', 'P1']","['C1', 'CP3', 'C6', 'CP4', 'P1']",,,,1,EEGNet
PGD,False,,,Linf,0.25,0.036388662857117476,"[0.2595927119255066, 0.24246302247047424, 0.26307907700538635, 0.27535480260849, 0.2663503587245941, 0.25448399782180786, 0.19535844027996063, 0.2315744310617447, 0.25157639384269714, 0.26958170533180237, 0.2582281231880188, 0.2488684356212616, 0.22476166486740112, 0.23873959481716156, 0.24598656594753265, 0.2548787593841553, 0.2501382529735565, 0.2516990005970001, 0.2438618242740631, 0.24961088597774506, 0.2481745034456253, 0.2498617321252823]",40.0,0.0045485828571396845,True,31415,0.6527777910232544,0.02083333395421505,0.979166666045785,116.787841796875,116.56149291992188,3.7802646160125732,2.414706230163574,0.10819323360919952,"[0.3611111111111111, 0.6666666666666666, 0.875, 0.7083333333333334]","[0.0, 0.0, 0.08333333333333333, 0.0]",0.0,1,False,0.8524756493506493,0.09098370833013088,0.09886059710626077,0.007876888776129895,0.875,-0.35435287658611503,-0.3512863790616994,0.0030664975244156234,"['C1', 'CP3', 'C6', 'CP4', 'P1']","['C1', 'CP3', 'CP4', 'C6', 'P1']",,,,1,EEGNet
PGD,False,,,Linf,0.5,0.07277732571423495,"[0.5191854238510132, 0.4849260449409485, 0.5261581540107727, 0.55070960521698, 0.5327007174491882, 0.5089679956436157, 0.39071688055992126, 0.4631488621234894, 0.5031527876853943, 0.5391634106636047, 0.5164562463760376, 0.4977368712425232, 0.44952332973480225, 0.4774791896343231, 0.4919731318950653, 0.5097575187683105, 0.500276505947113, 0.5033980011940002, 0.4877236485481262, 0.4992217719554901, 0.4963490068912506, 0.4997234642505646]",40.0,0.009097165714279369,True,31415,0.6527777910232544,0.0,1.0,116.97718811035156,116.708740234375,3.7802646160125732,2.403583526611328,0.10652792453765869,"[0.3611111111111111, 0.6666666666666666, 0.875, 0.7083333333333334]","[0.0, 0.0, 0.0, 0.0]",0.0,1,False,0.8524756493506493,0.09098370833013088,0.09886059710626077,0.007876888776129895,0.875,-0.35435287658611503,-0.3512863790616994,0.0030664975244156234,"['C1', 'CP3', 'C6', 'CP4', 'P1']","['C1', 'CP3', 'CP4', 'C6', 'P1']",,,,1,EEGNet
PGD,False,,,Linf,1.0,0.1455546514284699,"[1.0383708477020264, 0.969852089881897, 1.0523163080215454, 1.10141921043396, 1.0654014348983765, 1.0179359912872314, 0.7814337611198425, 0.9262977242469788, 1.0063055753707886, 1.0783268213272095, 1.0329124927520752, 0.9954737424850464, 0.8990466594696045, 0.9549583792686462, 0.9839462637901306, 1.019515037536621, 1.000553011894226, 1.0067960023880005, 0.9754472970962524, 0.9984435439109802, 0.9926980137825012, 0.9994469285011292]",40.0,0.018194331428558738,True,31415,0.6527777910232544,0.0,1.0,117.52407836914062,117.29012298583984,3.7802646160125732,2.359811305999756,0.10021013766527176,"[0.3611111111111111, 0.6666666666666666, 0.875, 0.7083333333333334]","[0.0, 0.0, 0.0, 0.0]",0.0,1,False,0.8524756493506493,0.09098370833013088,0.09886059710626077,0.007876888776129895,0.875,-0.35435287658611503,-0.3512863790616994,0.0030664975244156234,"['C1', 'CP3', 'C6', 'CP4', 'P1']","['C1', 'CP3', 'CP4', 'C6', 'P1']",,,,1,EEGNet
PGD,False,,,Linf,2.0,0.2911093028569398,"[2.0767416954040527, 1.939704179763794, 2.104632616043091, 2.20283842086792, 2.130802869796753, 2.035871982574463, 1.562867522239685, 1.8525954484939575, 2.012611150741577, 2.156653642654419, 2.0658249855041504, 1.9909474849700928, 1.798093318939209, 1.9099167585372925, 1.9678925275802612, 2.039030075073242, 2.001106023788452, 2.013592004776001, 1.9508945941925049, 1.9968870878219604, 1.9853960275650024, 1.9988938570022583]",40.0,0.036388662857117476,True,31415,0.6527777910232544,0.0,1.0,119.727294921875,119.52555084228516,3.7802646160125732,2.1936275959014893,0.08037200570106506,"[0.3611111111111111, 0.6666666666666666, 0.875, 0.7083333333333334]","[0.0, 0.0, 0.0, 0.0]",0.0,1,False,0.8524756493506493,0.09098370833013088,0.09886059710626077,0.007876888776129895,0.875,-0.35435287658611503,-0.3512863790616994,0.0030664975244156234,"['C1', 'CP3', 'C6', 'CP4', 'P1']","['C1', 'CP3', 'CP4', 'C6', 'P1']",,,,1,EEGNet
FGSM_LP,True,gaussian,3.0,Linf,0.25,0.036388662857117476,"[0.2595927119255066, 0.24246302247047424, 0.26307907700538635, 0.27535480260849, 0.2663503587245941, 0.25448399782180786, 0.19535844027996063, 0.2315744310617447, 0.25157639384269714, 0.26958170533180237, 0.2582281231880188, 0.2488684356212616, 0.22476166486740112, 0.23873959481716156, 0.24598656594753265, 0.2548787593841553, 0.2501382529735565, 0.2516990005970001, 0.2438618242740631, 0.24961088597774506, 0.2481745034456253, 0.2498617321252823]",,,False,31415,0.6527777910232544,0.5034722089767456,0.4965277910232544,5.556361675262451,5.553913116455078,0.03638876974582672,28.83019256591797,0.5321634411811829,"[0.3611111111111111, 0.6666666666666666, 0.875, 0.7083333333333334]","[0.25, 0.5138888888888888, 0.7777777777777778, 0.4722222222222222]",0.0,1,False,0.9955798277809149,0.09098370833013088,0.09139637622103662,0.0004126678909057435,0.9921875,-0.35435287658611503,-0.3544866087140327,-0.00013373212791767397,"['C1', 'CP3', 'C6', 'CP4', 'P1']","['C1', 'CP3', 'CP4', 'C6', 'P1']",,,,1,EEGNet
FGSM_LP,True,gaussian,3.0,Linf,0.5,0.07277732571423495,"[0.5191854238510132, 0.4849260449409485, 0.5261581540107727, 0.55070960521698, 0.5327007174491882, 0.5089679956436157, 0.39071688055992126, 0.4631488621234894, 0.5031527876853943, 0.5391634106636047, 0.5164562463760376, 0.4977368712425232, 0.44952332973480225, 0.4774791896343231, 0.4919731318950653, 0.5097575187683105, 0.500276505947113, 0.5033980011940002, 0.4877236485481262, 0.4992217719554901, 0.4963490068912506, 0.4997234642505646]",,,False,31415,0.6527777910232544,0.125,0.875,10.850906372070312,10.847318649291992,0.07277735322713852,23.015789031982422,0.5216636657714844,"[0.3611111111111111, 0.6666666666666666, 0.875, 0.7083333333333334]","[0.027777777777777776, 0.08333333333333333, 0.19444444444444445, 0.19444444444444445]",0.0,1,False,0.9955798277809149,0.09098370833013088,0.09139637622103662,0.0004126678909057435,0.9921875,-0.35435287658611503,-0.3544866087140327,-0.00013373212791767397,"['C1', 'CP3', 'C6', 'CP4', 'P1']","['C1', 'CP3', 'CP4', 'C6', 'P1']",,,,1,EEGNet
FGSM_LP,True,gaussian,3.0,Linf,1.0,0.1455546514284699,"[1.0383708477020264, 0.969852089881897, 1.0523163080215454, 1.10141921043396, 1.0654014348983765, 1.0179359912872314, 0.7814337611198425, 0.9262977242469788, 1.0063055753707886, 1.0783268213272095, 1.0329124927520752, 0.9954737424850464, 0.8990466594696045, 0.9549583792686462, 0.9839462637901306, 1.019515037536621, 1.000553011894226, 1.0067960023880005, 0.9754472970962524, 0.9984435439109802, 0.9926980137825012, 0.9994469285011292]",,,False,31415,0.6527777910232544,0.010416666977107525,0.9895833330228925,20.82880401611328,20.8250789642334,0.14555466175079346,17.350597381591797,0.5100674629211426,"[0.3611111111111111, 0.6666666666666666, 0.875, 0.7083333333333334]","[0.0, 0.0, 0.0, 0.041666666666666664]",0.0,1,False,0.9955798277809149,0.09098370833013088,0.09139637622103662,0.0004126678909057435,0.9921875,-0.35435287658611503,-0.3544866087140327,-0.00013373212791767397,"['C1', 'CP3', 'C6', 'CP4', 'P1']","['C1', 'CP3', 'CP4', 'C6', 'P1']",,,,1,EEGNet
FGSM_LP,True,gaussian,3.0,Linf,2.0,0.2911093028569398,"[2.0767416954040527, 1.939704179763794, 2.104632616043091, 2.20283842086792, 2.130802869796753, 2.035871982574463, 1.562867522239685, 1.8525954484939575, 2.012611150741577, 2.156653642654419, 2.0658249855041504, 1.9909474849700928, 1.798093318939209, 1.9099167585372925, 1.9678925275802612, 2.039030075073242, 2.001106023788452, 2.013592004776001, 1.9508945941925049, 1.9968870878219604, 1.9853960275650024, 1.9988938570022583]",,,False,31415,0.6527777910232544,0.0,1.0,38.86741638183594,38.872928619384766,0.2911093235015869,11.92956256866455,0.501462996006012,"[0.3611111111111111, 0.6666666666666666, 0.875, 0.7083333333333334]","[0.0, 0.0, 0.0, 0.0]",0.0,1,False,0.9955798277809149,0.09098370833013088,0.09139637622103662,0.0004126678909057435,0.9921875,-0.35435287658611503,-0.3544866087140327,-0.00013373212791767397,"['C1', 'CP3', 'C6', 'CP4', 'P1']","['C1', 'CP3', 'CP4', 'C6', 'P1']",,,,1,EEGNet
PGD_LP,True,gaussian,3.0,Linf,0.25,0.036388662857117476,"[0.2595927119255066, 0.24246302247047424, 0.26307907700538635, 0.27535480260849, 0.2663503587245941, 0.25448399782180786, 0.19535844027996063, 0.2315744310617447, 0.25157639384269714, 0.26958170533180237, 0.2582281231880188, 0.2488684356212616, 0.22476166486740112, 0.23873959481716156, 0.24598656594753265, 0.2548787593841553, 0.2501382529735565, 0.2516990005970001, 0.2438618242740631, 0.24961088597774506, 0.2481745034456253, 0.2498617321252823]",40.0,0.0045485828571396845,True,31415,0.6527777910232544,0.5763888955116272,0.4236111044883728,5.559542179107666,5.553786277770996,0.03638876974582672,28.83039093017578,0.5319157838821411,"[0.3611111111111111, 0.6666666666666666, 0.875, 0.7083333333333334]","[0.3194444444444444, 0.5833333333333334, 0.8472222222222222, 0.5555555555555556]",0.0,1,False,0.995800395256917,0.09098370833013088,0.09167317057043874,0.0006894622403078587,0.99609375,-0.35435287658611503,-0.3548976589728863,-0.0005447823867712476,"['C1', 'CP3', 'C6', 'CP4', 'P1']","['C1', 'CP3', 'C6', 'CP4', 'P1']",,,,1,EEGNet
PGD_LP,True,gaussian,3.0,Linf,0.5,0.07277732571423495,"[0.5191854238510132, 0.4849260449409485, 0.5261581540107727, 0.55070960521698, 0.5327007174491882, 0.5089679956436157, 0.39071688055992126, 0.4631488621234894, 0.5031527876853943, 0.5391634106636047, 0.5164562463760376, 0.4977368712425232, 0.44952332973480225, 0.4774791896343231, 0.4919731318950653, 0.5097575187683105, 0.500276505947113, 0.5033980011940002, 0.4877236485481262, 0.4992217719554901, 0.4963490068912506, 0.4997234642505646]",40.0,0.009097165714279369,True,31415,0.6527777910232544,0.3194444477558136,0.6805555522441864,10.850196838378906,10.845446586608887,0.07277735322713852,23.01728630065918,0.5216962695121765,"[0.3611111111111111, 0.6666666666666666, 0.875, 0.7083333333333334]","[0.20833333333333334, 0.2638888888888889, 0.4583333333333333, 0.3472222222222222]",0.0,1,False,0.995800395256917,0.09098370833013088,0.09167317057043874,0.0006894622403078587,0.99609375,-0.35435287658611503,-0.3548976589728863,-0.0005447823867712476,"['C1', 'CP3', 'C6', 'CP4', 'P1']","['C1', 'CP3', 'C6', 'CP4', 'P1']",,,,1,EEGNet
PGD_LP,True,gaussian,3.0,Linf,1.0,0.1455546514284699,"[1.0383708477020264, 0.969852089881897, 1.0523163080215454, 1.10141921043396, 1.0654014348983765, 1.0179359912872314, 0.7814337611198425, 0.9262977242469788, 1.0063055753707886, 1.0783268213272095, 1.0329124927520752, 0.9954737424850464, 0.8990466594696045, 0.9549583792686462, 0.9839462637901306, 1.019515037536621, 1.000553011894226, 1.0067960023880005, 0.9754472970962524, 0.9984435439109802, 0.9926980137825012, 0.9994469285011292]",40.0,0.018194331428558738,True,31415,0.6527777910232544,0.02083333395421505,0.979166666045785,20.80428695678711,20.80817413330078,0.14555466175079346,17.35763931274414,0.5110864639282227,"[0.3611111111111111, 0.6666666666666666, 0.875, 0.7083333333333334]","[0.013888888888888888, 0.013888888888888888, 0.0, 0.05555555555555555]",0.0,1,False,0.995800395256917,0.09098370833013088,0.09167317057043874,0.0006894622403078587,0.99609375,-0.35435287658611503,-0.3548976589728863,-0.0005447823867712476,"['C1', 'CP3', 'C6', 'CP4', 'P1']","['C1', 'CP3', 'C6', 'CP4', 'P1']",,,,1,EEGNet
PGD_LP,True,gaussian,3.0,Linf,2.0,0.2911093028569398,"[2.0767416954040527, 1.939704179763794, 2.104632616043091, 2.20283842086792, 2.130802869796753, 2.035871982574463, 1.562867522239685, 1.8525954484939575, 2.012611150741577, 2.156653642654419, 2.0658249855041504, 1.9909474849700928, 1.798093318939209, 1.9099167585372925, 1.9678925275802612, 2.039030075073242, 2.001106023788452, 2.013592004776001, 1.9508945941925049, 1.9968870878219604, 1.9853960275650024, 1.9988938570022583]",40.0,0.036388662857117476,True,31415,0.6527777910232544,0.0,1.0,38.77024841308594,38.780479431152344,0.2911093235015869,11.950246810913086,0.5024169683456421,"[0.3611111111111111, 0.6666666666666666, 0.875, 0.7083333333333334]","[0.0, 0.0, 0.0, 0.0]",0.0,1,False,0.995800395256917,0.09098370833013088,0.09167317057043874,0.0006894622403078587,0.99609375,-0.35435287658611503,-0.3548976589728863,-0.0005447823867712476,"['C1', 'CP3', 'C6', 'CP4', 'P1']","['C1', 'CP3', 'C6', 'CP4', 'P1']",,,,1,EEGNet
DeepFool_L2,,,,L2,,,,50.0,,,31415,0.6527777910232544,0.0763888880610466,0.9236111119389534,110.72911071777344,75.76361846923828,2.4525227546691895,100.11428833007812,133.95468139648438,,,0.0,1,False,0.9106084133258048,0.09098370833013088,0.09595704673511322,0.004973338404982347,0.90625,-0.35435287658611503,-0.3565147246607509,-0.002161848074635875,"['C1', 'CP3', 'C6', 'CP4', 'P1']","['C1', 'CP3', 'C6', 'CP4', 'P1']",,,,1,EEGNet
FGSM,False,,,Linf,0.25,0.036388662857117476,"[0.2595927119255066, 0.24246302247047424, 0.26307907700538635, 0.27535480260849, 0.2663503587245941, 0.25448399782180786, 0.19535844027996063, 0.2315744310617447, 0.25157639384269714, 0.26958170533180237, 0.2582281231880188, 0.2488684356212616, 0.22476166486740112, 0.23873959481716156, 0.24598656594753265, 0.2548787593841553, 0.2501382529735565, 0.2516990005970001, 0.2438618242740631, 0.24961088597774506, 0.2481745034456253, 0.2498617321252823]",,,False,999,0.6423611044883728,0.0625,0.9375,117.21710205078125,116.56160736083984,3.7802646160125732,2.4146981239318848,0.10819054394960403,"[0.4444444444444444, 0.75, 0.7777777777777778, 0.5972222222222222]","[0.0, 0.0, 0.25, 0.0]",0.0,1,False,0.9335827216262,0.1368507353491499,0.13359131200630622,-0.0032594233428436814,0.71875,-0.0003241002369945675,0.07730750251740395,0.07763160275439852,"['CP4', 'P2', 'CP2', 'POz', 'CPz']","['P2', 'CP4', 'CP2', 'POz', 'CPz']",,,,1,EEGNet
FGSM,False,,,Linf,0.5,0.07277732571423495,"[0.5191854238510132, 0.4849260449409485, 0.5261581540107727, 0.55070960521698, 0.5327007174491882, 0.5089679956436157, 0.39071688055992126, 0.4631488621234894, 0.5031527876853943, 0.5391634106636047, 0.5164562463760376, 0.4977368712425232, 0.44952332973480225, 0.4774791896343231, 0.4919731318950653, 0.5097575187683105, 0.500276505947113, 0.5033980011940002, 0.4877236485481262, 0.4992217719554901, 0.4963490068912506, 0.4997234642505646]",,,False,999,0.6423611044883728,0.0034722222480922937,0.9965277777519077,116.95126342773438,116.70975494384766,3.7802646160125732,2.403506278991699,0.1065061017870903,"[0.4444444444444444, 0.75, 0.7777777777777778, 0.5972222222222222]","[0.0, 0.0, 0.013888888888888888, 0.0]",0.0,1,False,0.9335827216262,0.1368507353491499,0.13359131200630622,-0.0032594233428436814,0.71875,-0.0003241002369945675,0.07730750251740395,0.07763160275439852,"['CP4', 'P2', 'CP2', 'POz', 'CPz']","['P2', 'CP4', 'CP2', 'POz', 'CPz']",,,,1,EEGNet
FGSM,False,,,Linf,1.0,0.1455546514284699,"[1.0383708477020264, 0.969852089881897, 1.0523163080215454, 1.10141921043396, 1.0654014348983765, 1.0179359912872314, 0.7814337611198425, 0.9262977242469788, 1.0063055753707886, 1.0783268213272095, 1.0329124927520752, 0.9954737424850464, 0.8990466594696045, 0.9549583792686462, 0.9839462637901306, 1.019515037536621, 1.000553011894226, 1.0067960023880005, 0.9754472970962524, 0.9984435439109802, 0.9926980137825012, 0.9994469285011292]",,,False,999,0.6423611044883728,0.0,1.0,117.53832244873047,117.29830932617188,3.7802646160125732,2.359196901321411,0.10009478777647018,"[0.4444444444444444, 0.75, 0.7777777777777778, 0.5972222222222222]","[0.0, 0.0, 0.0, 0.0]",0.0,1,False,0.9335827216262,0.1368507353491499,0.13359131200630622,-0.0032594233428436814,0.71875,-0.0003241002369945675,0.07730750251740395,0.07763160275439852,"['CP4', 'P2', 'CP2', 'POz', 'CPz']","['P2', 'CP4', 'CP2', 'POz', 'CPz']",,,,1,EEGNet
FGSM,False,,,Linf,2.0,0.2911093028569398,"[2.0767416954040527, 1.939704179763794, 2.104632616043091, 2.20283842086792, 2.130802869796753, 2.035871982574463, 1.562867522239685, 1.8525954484939575, 2.012611150741577, 2.156653642654419, 2.0658249855041504, 1.9909474849700928, 1.798093318939209, 1.9099167585372925, 1.9678925275802612, 2.039030075073242, 2.001106023788452, 2.013592004776001, 1.9508945941925049, 1.9968870878219604, 1.9853960275650024, 1.9988938570022583]",,,False,999,0.6423611044883728,0.0,1.0,119.77671813964844,119.58848571777344,3.7802646160125732,2.189021348953247,0.08002318441867828,"[0.4444444444444444, 0.75, 0.7777777777777778, 0.5972222222222222]","[0.0, 0.0, 0.0, 0.0]",0.0,1,False,0.9335827216262,0.1368507353491499,0.13359131200630622,-0.0032594233428436814,0.71875,-0.0003241002369945675,0.07730750251740395,0.07763160275439852,"['CP4', 'P2', 'CP2', 'POz', 'CPz']","['P2', 'CP4', 'CP2', 'POz', 'CPz']",,,,1,EEGNet
PGD,False,,,Linf,0.25,0.036388662857117476,"[0.2595927119255066, 0.24246302247047424, 0.26307907700538635, 0.27535480260849, 0.2663503587245941, 0.25448399782180786, 0.19535844027996063, 0.2315744310617447, 0.25157639384269714, 0.26958170533180237, 0.2582281231880188, 0.2488684356212616, 0.22476166486740112, 0.23873959481716156, 0.24598656594753265, 0.2548787593841553, 0.2501382529735565, 0.2516990005970001, 0.2438618242740631, 0.24961088597774506, 0.2481745034456253, 0.2498617321252823]",40.0,0.0045485828571396845,True,999,0.6423611044883728,0.010416666977107525,0.9895833330228925,116.80646514892578,116.56155395507812,3.7802646160125732,2.4147024154663086,0.10819116234779358,"[0.4444444444444444, 0.75, 0.7777777777777778, 0.5972222222222222]","[0.0, 0.0, 0.041666666666666664, 0.0]",0.0,1,False,0.9316329051383401,0.1368507353491499,0.13323794741158781,-0.0036127879375620897,0.71484375,-0.0003241002369945675,0.07827802458460768,0.07860212482160225,"['CP4', 'P2', 'CP2', 'POz', 'CPz']","['P2', 'CP4', 'CP2', 'POz', 'CPz']",,,,1,EEGNet
PGD,False,,,Linf,0.5,0.07277732571423495,"[0.5191854238510132, 0.4849260449409485, 0.5261581540107727, 0.55070960521698, 0.5327007174491882, 0.5089679956436157, 0.39071688055992126, 0.4631488621234894, 0.5031527876853943, 0.5391634106636047, 0.5164562463760376, 0.4977368712425232, 0.44952332973480225, 0.4774791896343231, 0.4919731318950653, 0.5097575187683105, 0.500276505947113, 0.5033980011940002, 0.4877236485481262, 0.4992217719554901, 0.4963490068912506, 0.4997234642505646]",40.0,0.009097165714279369,True,999,0.6423611044883728,0.0,1.0,116.97724914550781,116.70925903320312,3.7802646160125732,2.4035444259643555,0.10651297122240067,"[0.4444444444444444, 0.75, 0.7777777777777778, 0.5972222222222222]","[0.0, 0.0, 0.0, 0.0]",0.0,1,False,0.9316329051383401,0.1368507353491499,0.13323794741158781,-0.0036127879375620897,0.71484375,-0.0003241002369945675,0.07827802458460768,0.07860212482160225,"['CP4', 'P2', 'CP2', 'POz', 'CPz']","['P2', 'CP4', 'CP2', 'POz', 'CPz']",,,,1,EEGNet
PGD,False,,,Linf,1.0,0.1455546514284699,"[1.0383708477020264, 0.969852089881897, 1.0523163080215454, 1.10141921043396, 1.0654014348983765, 1.0179359912872314, 0.7814337611198425, 0.9262977242469788, 1.0063055753707886, 1.0783268213272095, 1.0329124927520752, 0.9954737424850464, 0.8990466594696045, 0.9549583792686462, 0.9839462637901306, 1.019515037536621, 1.000553011894226, 1.0067960023880005, 0.9754472970962524, 0.9984435439109802, 0.9926980137825012, 0.9994469285011292]",40.0,0.018194331428558738,True,999,0.6423611044883728,0.0,1.0,117.52896881103516,117.29391479492188,3.7802646160125732,2.3595240116119385,0.1001233235001564,"[0.4444444444444444, 0.75, 0.7777777777777778, 0.5972222222222222]","[0.0, 0.0, 0.0, 0.0]",0.0,1,False,0.9316329051383401,0.1368507353491499,0.13323794741158781,-0.0036127879375620897,0.71484375,-0.0003241002369945675,0.07827802458460768,0.07860212482160225,"['CP4', 'P2', 'CP2', 'POz', 'CPz']","['P2', 'CP4', 'CP2', 'POz', 'CPz']",,,,1,EEGNet
PGD,False,,,Linf,2.0,0.2911093028569398,"[2.0767416954040527, 1.939704179763794, 2.104632616043091, 2.20283842086792, 2.130802869796753, 2.035871982574463, 1.562867522239685, 1.8525954484939575, 2.012611150741577, 2.156653642654419, 2.0658249855041504, 1.9909474849700928, 1.798093318939209, 1.9099167585372925, 1.9678925275802612, 2.039030075073242, 2.001106023788452, 2.013592004776001, 1.9508945941925049, 1.9968870878219604, 1.9853960275650024, 1.9988938570022583]",40.0,0.036388662857117476,True,999,0.6423611044883728,0.0,1.0,119.73193359375,119.54988861083984,3.7802646160125732,2.191818952560425,0.0799933671951294,"[0.4444444444444444, 0.75, 0.7777777777777778, 0.5972222222222222]","[0.0, 0.0, 0.0, 0.0]",0.0,1,False,0.9316329051383401,0.1368507353491499,0.13323794741158781,-0.0036127879375620897,0.71484375,-0.0003241002369945675,0.07827802458460768,0.07860212482160225,"['CP4', 'P2', 'CP2', 'POz', 'CPz']","['P2', 'CP4', 'CP2', 'POz', 'CPz']",,,,1,EEGNet
FGSM_LP,True,gaussian,3.0,Linf,0.25,0.036388662857117476,"[0.2595927119255066, 0.24246302247047424, 0.26307907700538635, 0.27535480260849, 0.2663503587245941, 0.25448399782180786, 0.19535844027996063, 0.2315744310617447, 0.25157639384269714, 0.26958170533180237, 0.2582281231880188, 0.2488684356212616, 0.22476166486740112, 0.23873959481716156, 0.24598656594753265, 0.2548787593841553, 0.2501382529735565, 0.2516990005970001, 0.2438618242740631, 0.24961088597774506, 0.2481745034456253, 0.2498617321252823]",,,False,999,0.6423611044883728,0.4930555522441864,0.5069444477558136,5.5555219650268555,5.5518012046813965,0.03638876974582672,28.83350372314453,0.5320407152175903,"[0.4444444444444444, 0.75, 0.7777777777777778, 0.5972222222222222]","[0.2916666666666667, 0.5416666666666666, 0.6388888888888888, 0.5]",0.0,1,False,0.9983060417843027,0.1368507353491499,0.13662239593046113,-0.00022833941868877217,0.984375,-0.0003241002369945675,0.004983050442399717,0.005307150679394284,"['CP4', 'P2', 'CP2', 'POz', 'CPz']","['CP4', 'P2', 'CP2', 'POz', 'CPz']",,,,1,EEGNet
FGSM_LP,True,gaussian,3.0,Linf,0.5,0.07277732571423495,"[0.5191854238510132, 0.4849260449409485, 0.5261581540107727, 0.55070960521698, 0.5327007174491882, 0.5089679956436157, 0.39071688055992126, 0.4631488621234894, 0.5031527876853943, 0.5391634106636047, 0.5164562463760376, 0.4977368712425232, 0.44952332973480225, 0.4774791896343231, 0.4919731318950653, 0.5097575187683105, 0.500276505947113, 0.5033980011940002, 0.4877236485481262, 0.4992217719554901, 0.4963490068912506, 0.4997234642505646]",,,False,999,0.6423611044883728,0.1805555522441864,0.8194444477558136,10.840814590454102,10.83913516998291,0.07277735322713852,23.02235984802246,0.5217869877815247,"[0.4444444444444444, 0.75, 0.7777777777777778, 0.5972222222222222]","[0.08333333333333333, 0.1388888888888889, 0.3194444444444444, 0.18055555555555555]",0.0,1,False,0.9983060417843027,0.1368507353491499,0.13662239593046113,-0.00022833941868877217,0.984375,-0.0003241002369945675,0.004983050442399717,0.005307150679394284,"['CP4', 'P2', 'CP2', 'POz', 'CPz']","['CP4', 'P2', 'CP2', 'POz', 'CPz']",,,,1,EEGNet
FGSM_LP,True,gaussian,3.0,Linf,1.0,0.1455546514284699,"[1.0383708477020264, 0.969852089881897, 1.0523163080215454, 1.10141921043396, 1.0654014348983765, 1.0179359912872314, 0.7814337611198425, 0.9262977242469788, 1.0063055753707886, 1.0783268213272095, 1.0329124927520752, 0.9954737424850464, 0.8990466594696045, 0.9549583792686462, 0.9839462637901306, 1.019515037536621, 1.000553011894226, 1.0067960023880005, 0.9754472970962524, 0.9984435439109802, 0.9926980137825012, 0.9994469285011292]",,,False,999,0.6423611044883728,0.0069444444961845875,0.9930555555038154,20.806560516357422,20.793630599975586,0.14555466175079346,17.363746643066406,0.509418785572052,"[0.4444444444444444, 0.75, 0.7777777777777778, 0.5972222222222222]","[0.0, 0.0, 0.027777777777777776, 0.0]",0.0,1,False,0.9983060417843027,0.1368507353491499,0.13662239593046113,-0.00022833941868877217,0.984375,-0.0003241002369945675,0.004983050442399717,0.005307150679394284,"['CP4', 'P2', 'CP2', 'POz', 'CPz']","['CP4', 'P2', 'CP2', 'POz', 'CPz']",,,,1,EEGNet
FGSM_LP,True,gaussian,3.0,Linf,2.0,0.2911093028569398,"[2.0767416954040527, 1.939704179763794, 2.104632616043091, 2.20283842086792, 2.130802869796753, 2.035871982574463, 1.562867522239685, 1.8525954484939575, 2.012611150741577, 2.156653642654419, 2.0658249855041504, 1.9909474849700928, 1.798093318939209, 1.9099167585372925, 1.9678925275802612, 2.039030075073242, 2.001106023788452, 2.013592004776001, 1.9508945941925049, 1.9968870878219604, 1.9853960275650024, 1.9988938570022583]",,,False,999,0.6423611044883728,0.0,1.0,38.75776290893555,38.75906753540039,0.2911093235015869,11.95506763458252,0.4999704360961914,"[0.4444444444444444, 0.75, 0.7777777777777778, 0.5972222222222222]","[0.0, 0.0, 0.0, 0.0]",0.0,1,False,0.9983060417843027,0.1368507353491499,0.13662239593046113,-0.00022833941868877217,0.984375,-0.0003241002369945675,0.004983050442399717,0.005307150679394284,"['CP4', 'P2', 'CP2', 'POz', 'CPz']","['CP4', 'P2', 'CP2', 'POz', 'CPz']",,,,1,EEGNet
PGD_LP,True,gaussian,3.0,Linf,0.25,0.036388662857117476,"[0.2595927119255066, 0.24246302247047424, 0.26307907700538635, 0.27535480260849, 0.2663503587245941, 0.25448399782180786, 0.19535844027996063, 0.2315744310617447, 0.25157639384269714, 0.26958170533180237, 0.2582281231880188, 0.2488684356212616, 0.22476166486740112, 0.23873959481716156, 0.24598656594753265, 0.2548787593841553, 0.2501382529735565, 0.2516990005970001, 0.2438618242740631, 0.24961088597774506, 0.2481745034456253, 0.2498617321252823]",40.0,0.0045485828571396845,True,999,0.6423611044883728,0.5520833134651184,0.4479166865348816,5.559116840362549,5.553003311157227,0.03638876974582672,28.831621170043945,0.5324976444244385,"[0.4444444444444444, 0.75, 0.7777777777777778, 0.5972222222222222]","[0.3611111111111111, 0.5833333333333334, 0.7083333333333334, 0.5555555555555556]",0.0,1,False,0.9981560559006211,0.1368507353491499,0.13656617916722338,-0.00028455618192652077,0.984375,-0.0003241002369945675,0.005176302145877851,0.005500402382872418,"['CP4', 'P2', 'CP2', 'POz', 'CPz']","['CP4', 'P2', 'CP2', 'POz', 'CPz']",,,,1,EEGNet
PGD_LP,True,gaussian,3.0,Linf,0.5,0.07277732571423495,"[0.5191854238510132, 0.4849260449409485, 0.5261581540107727, 0.55070960521698, 0.5327007174491882, 0.5089679956436157, 0.39071688055992126, 0.4631488621234894, 0.5031527876853943, 0.5391634106636047, 0.5164562463760376, 0.4977368712425232, 0.44952332973480225, 0.4774791896343231, 0.4919731318950653, 0.5097575187683105, 0.500276505947113, 0.5033980011940002, 0.4877236485481262, 0.4992217719554901, 0.4963490068912506, 0.4997234642505646]",40.0,0.009097165714279369,True,999,0.6423611044883728,0.2986111044883728,0.7013888955116272,10.851075172424316,10.844412803649902,0.07277735322713852,23.01811981201172,0.5224580764770508,"[0.4444444444444444, 0.75, 0.7777777777777778, 0.5972222222222222]","[0.25, 0.19444444444444445, 0.4305555555555556, 0.3194444444444444]",0.0,1,False,0.9981560559006211,0.1368507353491499,0.13656617916722338,-0.00028455618192652077,0.984375,-0.0003241002369945675,0.005176302145877851,0.005500402382872418,"['CP4', 'P2', 'CP2', 'POz', 'CPz']","['CP4', 'P2', 'CP2', 'POz', 'CPz']",,,,1,EEGNet
PGD_LP,True,gaussian,3.0,Linf,1.0,0.1455546514284699,"[1.0383708477020264, 0.969852089881897, 1.0523163080215454, 1.10141921043396, 1.0654014348983765, 1.0179359912872314, 0.7814337611198425, 0.9262977242469788, 1.0063055753707886, 1.0783268213272095, 1.0329124927520752, 0.9954737424850464, 0.8990466594696045, 0.9549583792686462, 0.9839462637901306, 1.019515037536621, 1.000553011894226, 1.0067960023880005, 0.9754472970962524, 0.9984435439109802, 0.9926980137825012, 0.9994469285011292]",40.0,0.018194331428558738,True,999,0.6423611044883728,0.02083333395421505,0.979166666045785,20.823532104492188,20.815500259399414,0.14555466175079346,17.35459327697754,0.5119580626487732,"[0.4444444444444444, 0.75, 0.7777777777777778, 0.5972222222222222]","[0.0, 0.0, 0.06944444444444445, 0.013888888888888888]",0.0,1,False,0.9981560559006211,0.1368507353491499,0.13656617916722338,-0.00028455618192652077,0.984375,-0.0003241002369945675,0.005176302145877851,0.005500402382872418,"['CP4', 'P2', 'CP2', 'POz', 'CPz']","['CP4', 'P2', 'CP2', 'POz', 'CPz']",,,,1,EEGNet
PGD_LP,True,gaussian,3.0,Linf,2.0,0.2911093028569398,"[2.0767416954040527, 1.939704179763794, 2.104632616043091, 2.20283842086792, 2.130802869796753, 2.035871982574463, 1.562867522239685, 1.8525954484939575, 2.012611150741577, 2.156653642654419, 2.0658249855041504, 1.9909474849700928, 1.798093318939209, 1.9099167585372925, 1.9678925275802612, 2.039030075073242, 2.001106023788452, 2.013592004776001, 1.9508945941925049, 1.9968870878219604, 1.9853960275650024, 1.9988938570022583]",40.0,0.036388662857117476,True,999,0.6423611044883728,0.0,1.0,38.850860595703125,38.84583282470703,0.2911093235015869,11.935601234436035,0.5049518346786499,"[0.4444444444444444, 0.75, 0.7777777777777778, 0.5972222222222222]","[0.0, 0.0, 0.0, 0.0]",0.0,1,False,0.9981560559006211,0.1368507353491499,0.13656617916722338,-0.00028455618192652077,0.984375,-0.0003241002369945675,0.005176302145877851,0.005500402382872418,"['CP4', 'P2', 'CP2', 'POz', 'CPz']","['CP4', 'P2', 'CP2', 'POz', 'CPz']",,,,1,EEGNet
DeepFool_L2,,,,L2,,,,50.0,,,999,0.6423611044883728,0.0868055522441864,0.9131944477558136,108.624755859375,74.42660522460938,2.431824207305908,103.05406951904297,134.8719482421875,,,0.0,1,False,0.9579157255787691,0.1368507353491499,0.13471567498791368,-0.0021350603612362296,0.80859375,-0.0003241002369945675,0.04237687103534783,0.0427009712723424,"['CP4', 'P2', 'CP2', 'POz', 'CPz']","['P2', 'CP4', 'CP2', 'POz', 'CPz']",,,,1,EEGNet
FGSM,False,,,Linf,0.25,0.036388662857117476,"[0.2595927119255066, 0.24246302247047424, 0.26307907700538635, 0.27535480260849, 0.2663503587245941, 0.25448399782180786, 0.19535844027996063, 0.2315744310617447, 0.25157639384269714, 0.26958170533180237, 0.2582281231880188, 0.2488684356212616, 0.22476166486740112, 0.23873959481716156, 0.24598656594753265, 0.2548787593841553, 0.2501382529735565, 0.2516990005970001, 0.2438618242740631, 0.24961088597774506, 0.2481745034456253, 0.2498617321252823]",,,False,42,0.5868055820465088,0.1701388955116272,0.8298611044883728,117.35862731933594,116.56000518798828,3.7802646160125732,2.4148194789886475,0.10821089148521423,"[0.4027777777777778, 0.6111111111111112, 0.9305555555555556, 0.4027777777777778]","[0.0, 0.3194444444444444, 0.3611111111111111, 0.0]",0.0,1,False,0.9687235319028799,0.1640320085171088,0.16424206788364024,0.00021005936653142876,0.7109375,0.11903012602730449,0.12944896915348736,0.010418843126182867,"['CP3', 'C1', 'CP4', 'Cz', 'C5']","['CP3', 'C1', 'CP4', 'C5', 'Cz']",,,,1,DeepConvNet
FGSM,False,,,Linf,0.5,0.07277732571423495,"[0.5191854238510132, 0.4849260449409485, 0.5261581540107727, 0.55070960521698, 0.5327007174491882, 0.5089679956436157, 0.39071688055992126, 0.4631488621234894, 0.5031527876853943, 0.5391634106636047, 0.5164562463760376, 0.4977368712425232, 0.44952332973480225, 0.4774791896343231, 0.4919731318950653, 0.5097575187683105, 0.500276505947113, 0.5033980011940002, 0.4877236485481262, 0.4992217719554901, 0.4963490068912506, 0.4997234642505646]",,,False,42,0.5868055820465088,0.0902777761220932,0.9097222238779068,117.22727966308594,116.70339965820312,3.7802646160125732,2.403986930847168,0.10658222436904907,"[0.4027777777777778, 0.6111111111111112, 0.9305555555555556, 0.4027777777777778]","[0.0, 0.2777777777777778, 0.08333333333333333, 0.0]",0.0,1,False,0.9687235319028799,0.1640320085171088,0.16424206788364024,0.00021005936653142876,0.7109375,0.11903012602730449,0.12944896915348736,0.010418843126182867,"['CP3', 'C1', 'CP4', 'Cz', 'C5']","['CP3', 'C1', 'CP4', 'C5', 'Cz']",,,,1,DeepConvNet
FGSM,False,,,Linf,1.0,0.1455546514284699,"[1.0383708477020264, 0.969852089881897, 1.0523163080215454, 1.10141921043396, 1.0654014348983765, 1.0179359912872314, 0.7814337611198425, 0.9262977242469788, 1.0063055753707886, 1.0783268213272095, 1.0329124927520752, 0.9954737424850464, 0.8990466594696045, 0.9549583792686462, 0.9839462637901306, 1.019515037536621, 1.000553011894226, 1.0067960023880005, 0.9754472970962524, 0.9984435439109802, 0.9926980137825012, 0.9994469285011292]",,,False,42,0.5868055820465088,0.0590277761220932,0.9409722238779068,117.53242492675781,117.27333068847656,3.7802646160125732,2.3610713481903076,0.10036542266607285,"[0.4027777777777778, 0.6111111111111112, 0.9305555555555556, 0.4027777777777778]","[0.0, 0.2222222222222222, 0.013888888888888888, 0.0]",0.0,1,False,0.9687235319028799,0.1640320085171088,0.16424206788364024,0.00021005936653142876,0.7109375,0.11903012602730449,0.12944896915348736,0.010418843126182867,"['CP3', 'C1', 'CP4', 'Cz', 'C5']","['CP3', 'C1', 'CP4', 'C5', 'Cz']",,,,1,DeepConvNet
FGSM,False,,,Linf,2.0,0.2911093028569398,"[2.0767416954040527, 1.939704179763794, 2.104632616043091, 2.20283842086792, 2.130802869796753, 2.035871982574463, 1.562867522239685, 1.8525954484939575, 2.012611150741577, 2.156653642654419, 2.0658249855041504, 1.9909474849700928, 1.798093318939209, 1.9099167585372925, 1.9678925275802612, 2.039030075073242, 2.001106023788452, 2.013592004776001, 1.9508945941925049, 1.9968870878219604, 1.9853960275650024, 1.9988938570022583]",,,False,42,0.5868055820465088,0.0347222238779068,0.9652777761220932,119.66725158691406,119.49435424804688,3.7802646160125732,2.1959376335144043,0.08079561591148376,"[0.4027777777777778, 0.6111111111111112, 0.9305555555555556, 0.4027777777777778]","[0.0, 0.125, 0.013888888888888888, 0.0]",0.0,1,False,0.9687235319028799,0.1640320085171088,0.16424206788364024,0.00021005936653142876,0.7109375,0.11903012602730449,0.12944896915348736,0.010418843126182867,"['CP3', 'C1', 'CP4', 'Cz', 'C5']","['CP3', 'C1', 'CP4', 'C5', 'Cz']",,,,1,DeepConvNet
PGD,False,,,Linf,0.25,0.036388662857117476,"[0.2595927119255066, 0.24246302247047424, 0.26307907700538635, 0.27535480260849, 0.2663503587245941, 0.25448399782180786, 0.19535844027996063, 0.2315744310617447, 0.25157639384269714, 0.26958170533180237, 0.2582281231880188, 0.2488684356212616, 0.22476166486740112, 0.23873959481716156, 0.24598656594753265, 0.2548787593841553, 0.2501382529735565, 0.2516990005970001, 0.2438618242740631, 0.24961088597774506, 0.2481745034456253, 0.2498617321252823]",40.0,0.0045485828571396845,True,42,0.5868055820465088,0.0868055522441864,0.9131944477558136,117.31749725341797,116.55911254882812,3.7802646160125732,2.4148874282836914,0.10822247713804245,"[0.4027777777777778, 0.6111111111111112, 0.9305555555555556, 0.4027777777777778]","[0.0, 0.25, 0.09722222222222222, 0.0]",0.0,1,False,0.965909090909091,0.1640320085171088,0.16433802020144073,0.0003060116843319194,0.68359375,0.11903012602730449,0.13682777479007158,0.017797648762767085,"['CP3', 'C1', 'CP4', 'Cz', 'C5']","['CP3', 'C1', 'CP4', 'C5', 'Cz']",,,,1,DeepConvNet
PGD,False,,,Linf,0.5,0.07277732571423495,"[0.5191854238510132, 0.4849260449409485, 0.5261581540107727, 0.55070960521698, 0.5327007174491882, 0.5089679956436157, 0.39071688055992126, 0.4631488621234894, 0.5031527876853943, 0.5391634106636047, 0.5164562463760376, 0.4977368712425232, 0.44952332973480225, 0.4774791896343231, 0.4919731318950653, 0.5097575187683105, 0.500276505947113, 0.5033980011940002, 0.4877236485481262, 0.4992217719554901, 0.4963490068912506, 0.4997234642505646]",40.0,0.009097165714279369,True,42,0.5868055820465088,0.0034722222480922937,0.9965277777519077,116.93763732910156,116.69691467285156,3.7802646160125732,2.404477119445801,0.10666523873806,"[0.4027777777777778, 0.6111111111111112, 0.9305555555555556, 0.4027777777777778]","[0.0, 0.0, 0.013888888888888888, 0.0]",0.0,1,False,0.965909090909091,0.1640320085171088,0.16433802020144073,0.0003060116843319194,0.68359375,0.11903012602730449,0.13682777479007158,0.017797648762767085,"['CP3', 'C1', 'CP4', 'Cz', 'C5']","['CP3', 'C1', 'CP4', 'C5', 'Cz']",,,,1,DeepConvNet
PGD,False,,,Linf,1.0,0.1455546514284699,"[1.0383708477020264, 0.969852089881897, 1.0523163080215454, 1.10141921043396, 1.0654014348983765, 1.0179359912872314, 0.7814337611198425, 0.9262977242469788, 1.0063055753707886, 1.0783268213272095, 1.0329124927520752, 0.9954737424850464, 0.8990466594696045, 0.9549583792686462, 0.9839462637901306, 1.019515037536621, 1.000553011894226, 1.0067960023880005, 0.9754472970962524, 0.9984435439109802, 0.9926980137825012, 0.9994469285011292]",40.0,0.018194331428558738,True,42,0.5868055820465088,0.0,1.0,117.46381378173828,117.22669982910156,3.7802646160125732,2.364577531814575,0.10092043876647949,"[0.4027777777777778, 0.6111111111111112, 0.9305555555555556, 0.4027777777777778]","[0.0, 0.0, 0.0, 0.0]",0.0,1,False,0.965909090909091,0.1640320085171088,0.16433802020144073,0.0003060116843319194,0.68359375,0.11903012602730449,0.13682777479007158,0.017797648762767085,"['CP3', 'C1', 'CP4', 'Cz', 'C5']","['CP3', 'C1', 'CP4', 'C5', 'Cz']",,,,1,DeepConvNet
PGD,False,,,Linf,2.0,0.2911093028569398,"[2.0767416954040527, 1.939704179763794, 2.104632616043091, 2.20283842086792, 2.130802869796753, 2.035871982574463, 1.562867522239685, 1.8525954484939575, 2.012611150741577, 2.156653642654419, 2.0658249855041504, 1.9909474849700928, 1.798093318939209, 1.9099167585372925, 1.9678925275802612, 2.039030075073242, 2.001106023788452, 2.013592004776001, 1.9508945941925049, 1.9968870878219604, 1.9853960275650024, 1.9988938570022583]",40.0,0.036388662857117476,True,42,0.5868055820465088,0.0,1.0,119.37313842773438,119.15253448486328,3.7802646160125732,2.2210795879364014,0.08309809118509293,"[0.4027777777777778, 0.6111111111111112, 0.9305555555555556, 0.4027777777777778]","[0.0, 0.0, 0.0, 0.0]",0.0,1,False,0.965909090909091,0.1640320085171088,0.16433802020144073,0.0003060116843319194,0.68359375,0.11903012602730449,0.13682777479007158,0.017797648762767085,"['CP3', 'C1', 'CP4', 'Cz', 'C5']","['CP3', 'C1', 'CP4', 'C5', 'Cz']",,,,1,DeepConvNet
FGSM_LP,True,gaussian,3.0,Linf,0.25,0.036388662857117476,"[0.2595927119255066, 0.24246302247047424, 0.26307907700538635, 0.27535480260849, 0.2663503587245941, 0.25448399782180786, 0.19535844027996063, 0.2315744310617447, 0.25157639384269714, 0.26958170533180237, 0.2582281231880188, 0.2488684356212616, 0.22476166486740112, 0.23873959481716156, 0.24598656594753265, 0.2548787593841553, 0.2501382529735565, 0.2516990005970001, 0.2438618242740631, 0.24961088597774506, 0.2481745034456253, 0.2498617321252823]",,,False,42,0.5868055820465088,0.5694444179534912,0.4305555820465088,5.539243221282959,5.535195350646973,0.03638876974582672,28.85959243774414,0.5259160399436951,"[0.4027777777777778, 0.6111111111111112, 0.9305555555555556, 0.4027777777777778]","[0.375, 0.5972222222222222, 0.9305555555555556, 0.375]",0.0,1,False,0.9986765951439864,0.1640320085171088,0.16398495963608511,-4.7048881023692424e-05,0.98828125,0.11903012602730449,0.12075232910679726,0.001722203079492765,"['CP3', 'C1', 'CP4', 'Cz', 'C5']","['CP3', 'C1', 'CP4', 'Cz', 'C5']",,,,1,DeepConvNet
FGSM_LP,True,gaussian,3.0,Linf,0.5,0.07277732571423495,"[0.5191854238510132, 0.4849260449409485, 0.5261581540107727, 0.55070960521698, 0.5327007174491882, 0.5089679956436157, 0.39071688055992126, 0.4631488621234894, 0.5031527876853943, 0.5391634106636047, 0.5164562463760376, 0.4977368712425232, 0.44952332973480225, 0.4774791896343231, 0.4919731318950653, 0.5097575187683105, 0.500276505947113, 0.5033980011940002, 0.4877236485481262, 0.4992217719554901, 0.4963490068912506, 0.4997234642505646]",,,False,42,0.5868055820465088,0.5,0.5,10.794551849365234,10.776348114013672,0.07277735322713852,23.072967529296875,0.5106374025344849,"[0.4027777777777778, 0.6111111111111112, 0.9305555555555556, 0.4027777777777778]","[0.2777777777777778, 0.5694444444444444, 0.9166666666666666, 0.2361111111111111]",0.0,1,False,0.9986765951439864,0.1640320085171088,0.16398495963608511,-4.7048881023692424e-05,0.98828125,0.11903012602730449,0.12075232910679726,0.001722203079492765,"['CP3', 'C1', 'CP4', 'Cz', 'C5']","['CP3', 'C1', 'CP4', 'Cz', 'C5']",,,,1,DeepConvNet
FGSM_LP,True,gaussian,3.0,Linf,1.0,0.1455546514284699,"[1.0383708477020264, 0.969852089881897, 1.0523163080215454, 1.10141921043396, 1.0654014348983765, 1.0179359912872314, 0.7814337611198425, 0.9262977242469788, 1.0063055753707886, 1.0783268213272095, 1.0329124927520752, 0.9954737424850464, 0.8990466594696045, 0.9549583792686462, 0.9839462637901306, 1.019515037536621, 1.000553011894226, 1.0067960023880005, 0.9754472970962524, 0.9984435439109802, 0.9926980137825012, 0.9994469285011292]",,,False,42,0.5868055820465088,0.3229166567325592,0.6770833432674408,20.57956886291504,20.553958892822266,0.14555466175079346,17.464731216430664,0.49023565649986267,"[0.4027777777777778, 0.6111111111111112, 0.9305555555555556, 0.4027777777777778]","[0.1388888888888889, 0.4027777777777778, 0.6527777777777778, 0.09722222222222222]",0.0,1,False,0.9986765951439864,0.1640320085171088,0.16398495963608511,-4.7048881023692424e-05,0.98828125,0.11903012602730449,0.12075232910679726,0.001722203079492765,"['CP3', 'C1', 'CP4', 'Cz', 'C5']","['CP3', 'C1', 'CP4', 'Cz', 'C5']",,,,1,DeepConvNet
FGSM_LP,True,gaussian,3.0,Linf,2.0,0.2911093028569398,"[2.0767416954040527, 1.939704179763794, 2.104632616043091, 2.20283842086792, 2.130802869796753, 2.035871982574463, 1.562867522239685, 1.8525954484939575, 2.012611150741577, 2.156653642654419, 2.0658249855041504, 1.9909474849700928, 1.798093318939209, 1.9099167585372925, 1.9678925275802612, 2.039030075073242, 2.001106023788452, 2.013592004776001, 1.9508945941925049, 1.9968870878219604, 1.9853960275650024, 1.9988938570022583]",,,False,42,0.5868055820465088,0.0486111119389534,0.9513888880610466,37.875030517578125,37.88283920288086,0.2911093235015869,12.154118537902832,0.46651557087898254,"[0.4027777777777778, 0.6111111111111112, 0.9305555555555556, 0.4027777777777778]","[0.0, 0.08333333333333333, 0.1111111111111111, 0.0]",0.0,1,False,0.9986765951439864,0.1640320085171088,0.16398495963608511,-4.7048881023692424e-05,0.98828125,0.11903012602730449,0.12075232910679726,0.001722203079492765,"['CP3', 'C1', 'CP4', 'Cz', 'C5']","['CP3', 'C1', 'CP4', 'Cz', 'C5']",,,,1,DeepConvNet
PGD_LP,True,gaussian,3.0,Linf,0.25,0.036388662857117476,"[0.2595927119255066, 0.24246302247047424, 0.26307907700538635, 0.27535480260849, 0.2663503587245941, 0.25448399782180786, 0.19535844027996063, 0.2315744310617447, 0.25157639384269714, 0.26958170533180237, 0.2582281231880188, 0.2488684356212616, 0.22476166486740112, 0.23873959481716156, 0.24598656594753265, 0.2548787593841553, 0.2501382529735565, 0.2516990005970001, 0.2438618242740631, 0.24961088597774506, 0.2481745034456253, 0.2498617321252823]",40.0,0.0045485828571396845,True,42,0.5868055820465088,0.5833333134651184,0.4166666865348816,5.540362358093262,5.534942626953125,0.03638876974582672,28.8599853515625,0.5258643627166748,"[0.4027777777777778, 0.6111111111111112, 0.9305555555555556, 0.4027777777777778]","[0.4166666666666667, 0.6111111111111112, 0.9305555555555556, 0.375]",0.0,1,False,0.9989059853190287,0.1640320085171088,0.16400995032624616,-2.2058190862650484e-05,0.984375,0.11903012602730449,0.12087692801576774,0.0018468019884632508,"['CP3', 'C1', 'CP4', 'Cz', 'C5']","['CP3', 'C1', 'CP4', 'Cz', 'C5']",,,,1,DeepConvNet
PGD_LP,True,gaussian,3.0,Linf,0.5,0.07277732571423495,"[0.5191854238510132, 0.4849260449409485, 0.5261581540107727, 0.55070960521698, 0.5327007174491882, 0.5089679956436157, 0.39071688055992126, 0.4631488621234894, 0.5031527876853943, 0.5391634106636047, 0.5164562463760376, 0.4977368712425232, 0.44952332973480225, 0.4774791896343231, 0.4919731318950653, 0.5097575187683105, 0.500276505947113, 0.5033980011940002, 0.4877236485481262, 0.4992217719554901, 0.4963490068912506, 0.4997234642505646]",40.0,0.009097165714279369,True,42,0.5868055820465088,0.53125,0.46875,10.79800033569336,10.775890350341797,0.07277735322713852,23.07333755493164,0.5101072192192078,"[0.4027777777777778, 0.6111111111111112, 0.9305555555555556, 0.4027777777777778]","[0.3333333333333333, 0.5833333333333334, 0.9166666666666666, 0.2916666666666667]",0.0,1,False,0.9989059853190287,0.1640320085171088,0.16400995032624616,-2.2058190862650484e-05,0.984375,0.11903012602730449,0.12087692801576774,0.0018468019884632508,"['CP3', 'C1', 'CP4', 'Cz', 'C5']","['CP3', 'C1', 'CP4', 'Cz', 'C5']",,,,1,DeepConvNet
PGD_LP,True,gaussian,3.0,Linf,1.0,0.1455546514284699,"[1.0383708477020264, 0.969852089881897, 1.0523163080215454, 1.10141921043396, 1.0654014348983765, 1.0179359912872314, 0.7814337611198425, 0.9262977242469788, 1.0063055753707886, 1.0783268213272095, 1.0329124927520752, 0.9954737424850464, 0.8990466594696045, 0.9549583792686462, 0.9839462637901306, 1.019515037536621, 1.000553011894226, 1.0067960023880005, 0.9754472970962524, 0.9984435439109802, 0.9926980137825012, 0.9994469285011292]",40.0,0.018194331428558738,True,42,0.5868055820465088,0.3819444477558136,0.6180555522441864,20.607566833496094,20.54891586303711,0.14555466175079346,17.46687889099121,0.4880073666572571,"[0.4027777777777778, 0.6111111111111112, 0.9305555555555556, 0.4027777777777778]","[0.19444444444444445, 0.4583333333333333, 0.7361111111111112, 0.1388888888888889]",0.0,1,False,0.9989059853190287,0.1640320085171088,0.16400995032624616,-2.2058190862650484e-05,0.984375,0.11903012602730449,0.12087692801576774,0.0018468019884632508,"['CP3', 'C1', 'CP4', 'Cz', 'C5']","['CP3', 'C1', 'CP4', 'Cz', 'C5']",,,,1,DeepConvNet
PGD_LP,True,gaussian,3.0,Linf,2.0,0.2911093028569398,"[2.0767416954040527, 1.939704179763794, 2.104632616043091, 2.20283842086792, 2.130802869796753, 2.035871982574463, 1.562867522239685, 1.8525954484939575, 2.012611150741577, 2.156653642654419, 2.0658249855041504, 1.9909474849700928, 1.798093318939209, 1.9099167585372925, 1.9678925275802612, 2.039030075073242, 2.001106023788452, 2.013592004776001, 1.9508945941925049, 1.9968870878219604, 1.9853960275650024, 1.9988938570022583]",40.0,0.036388662857117476,True,42,0.5868055820465088,0.09375,0.90625,37.796085357666016,37.78643798828125,0.2911093235015869,12.176372528076172,0.4596949517726898,"[0.4027777777777778, 0.6111111111111112, 0.9305555555555556, 0.4027777777777778]","[0.041666666666666664, 0.19444444444444445, 0.1111111111111111, 0.027777777777777776]",0.0,1,False,0.9989059853190287,0.1640320085171088,0.16400995032624616,-2.2058190862650484e-05,0.984375,0.11903012602730449,0.12087692801576774,0.0018468019884632508,"['CP3', 'C1', 'CP4', 'Cz', 'C5']","['CP3', 'C1', 'CP4', 'Cz', 'C5']",,,,1,DeepConvNet
DeepFool_L2,,,,L2,,,,50.0,,,42,0.5868055820465088,0.1006944477558136,0.8993055522441864,103.93511962890625,68.00927734375,2.2025136947631836,118.67829132080078,138.5469970703125,,,0.0,1,False,0.9780667701863355,0.1640320085171088,0.16433806179559418,0.0003060532784853742,0.74609375,0.11903012602730449,0.13044790432059128,0.011417778293286787,"['CP3', 'C1', 'CP4', 'Cz', 'C5']","['CP3', 'C1', 'CP4', 'Cz', 'C5']",,,,1,DeepConvNet
FGSM,False,,,Linf,0.25,0.036388662857117476,"[0.2595927119255066, 0.24246302247047424, 0.26307907700538635, 0.27535480260849, 0.2663503587245941, 0.25448399782180786, 0.19535844027996063, 0.2315744310617447, 0.25157639384269714, 0.26958170533180237, 0.2582281231880188, 0.2488684356212616, 0.22476166486740112, 0.23873959481716156, 0.24598656594753265, 0.2548787593841553, 0.2501382529735565, 0.2516990005970001, 0.2438618242740631, 0.24961088597774506, 0.2481745034456253, 0.2498617321252823]",,,False,123,0.59375,0.2916666567325592,0.7083333432674408,118.09294128417969,116.55998992919922,3.7802646160125732,2.4148199558258057,0.10821138322353363,"[0.3055555555555556, 0.6388888888888888, 0.9444444444444444, 0.4861111111111111]","[0.0, 0.20833333333333334, 0.9583333333333334, 0.0]",0.0,1,False,0.9765757340485602,0.16794138693146607,0.16479197618922084,-0.003149410742245229,0.42578125,0.03187014305484287,0.0627355148690703,0.030865371814227424,"['CP3', 'CP4', 'C1', 'FC1', 'C3']","['CP3', 'CP4', 'C1', 'FC1', 'Cz']",,,,1,DeepConvNet
FGSM,False,,,Linf,0.5,0.07277732571423495,"[0.5191854238510132, 0.4849260449409485, 0.5261581540107727, 0.55070960521698, 0.5327007174491882, 0.5089679956436157, 0.39071688055992126, 0.4631488621234894, 0.5031527876853943, 0.5391634106636047, 0.5164562463760376, 0.4977368712425232, 0.44952332973480225, 0.4774791896343231, 0.4919731318950653, 0.5097575187683105, 0.500276505947113, 0.5033980011940002, 0.4877236485481262, 0.4992217719554901, 0.4963490068912506, 0.4997234642505646]",,,False,123,0.59375,0.1458333283662796,0.8541666716337204,117.8248291015625,116.70333862304688,3.7802646160125732,2.4039902687072754,0.10658667236566544,"[0.3055555555555556, 0.6388888888888888, 0.9444444444444444, 0.4861111111111111]","[0.0, 0.1527777777777778, 0.4305555555555556, 0.0]",0.0,1,False,0.9765757340485602,0.16794138693146607,0.16479197618922084,-0.003149410742245229,0.42578125,0.03187014305484287,0.0627355148690703,0.030865371814227424,"['CP3', 'CP4', 'C1', 'FC1', 'C3']","['CP3', 'CP4', 'C1', 'FC1', 'Cz']",,,,1,DeepConvNet
FGSM,False,,,Linf,1.0,0.1455546514284699,"[1.0383708477020264, 0.969852089881897, 1.0523163080215454, 1.10141921043396, 1.0654014348983765, 1.0179359912872314, 0.7814337611198425, 0.9262977242469788, 1.0063055753707886, 1.0783268213272095, 1.0329124927520752, 0.9954737424850464, 0.8990466594696045, 0.9549583792686462, 0.9839462637901306, 1.019515037536621, 1.000553011894226, 1.0067960023880005, 0.9754472970962524, 0.9984435439109802, 0.9926980137825012, 0.9994469285011292]",,,False,123,0.59375,0.0451388880610466,0.9548611119389534,117.93363952636719,117.27296447753906,3.7802646160125732,2.361100912094116,0.10039831697940826,"[0.3055555555555556, 0.6388888888888888, 0.9444444444444444, 0.4861111111111111]","[0.0, 0.1527777777777778, 0.027777777777777776, 0.0]",0.0,1,False,0.9765757340485602,0.16794138693146607,0.16479197618922084,-0.003149410742245229,0.42578125,0.03187014305484287,0.0627355148690703,0.030865371814227424,"['CP3', 'CP4', 'C1', 'FC1', 'C3']","['CP3', 'CP4', 'C1', 'FC1', 'Cz']",,,,1,DeepConvNet
FGSM,False,,,Linf,2.0,0.2911093028569398,"[2.0767416954040527, 1.939704179763794, 2.104632616043091, 2.20283842086792, 2.130802869796753, 2.035871982574463, 1.562867522239685, 1.8525954484939575, 2.012611150741577, 2.156653642654419, 2.0658249855041504, 1.9909474849700928, 1.798093318939209, 1.9099167585372925, 1.9678925275802612, 2.039030075073242, 2.001106023788452, 2.013592004776001, 1.9508945941925049, 1.9968870878219604, 1.9853960275650024, 1.9988938570022583]",,,False,123,0.59375,0.0416666679084301,0.9583333320915699,119.69583892822266,119.4920654296875,3.7802646160125732,2.1961123943328857,0.08088520169258118,"[0.3055555555555556, 0.6388888888888888, 0.9444444444444444, 0.4861111111111111]","[0.0, 0.1527777777777778, 0.013888888888888888, 0.0]",0.0,1,False,0.9765757340485602,0.16794138693146607,0.16479197618922084,-0.003149410742245229,0.42578125,0.03187014305484287,0.0627355148690703,0.030865371814227424,"['CP3', 'CP4', 'C1', 'FC1', 'C3']","['CP3', 'CP4', 'C1', 'FC1', 'Cz']",,,,1,DeepConvNet
PGD,False,,,Linf,0.25,0.036388662857117476,"[0.2595927119255066, 0.24246302247047424, 0.26307907700538635, 0.27535480260849, 0.2663503587245941, 0.25448399782180786, 0.19535844027996063, 0.2315744310617447, 0.25157639384269714, 0.26958170533180237, 0.2582281231880188, 0.2488684356212616, 0.22476166486740112, 0.23873959481716156, 0.24598656594753265, 0.2548787593841553, 0.2501382529735565, 0.2516990005970001, 0.2438618242740631, 0.24961088597774506, 0.2481745034456253, 0.2498617321252823]",40.0,0.0045485828571396845,True,123,0.59375,0.2222222238779068,0.7777777761220932,117.82931518554688,116.55918884277344,3.7802646160125732,2.4148809909820557,0.10822127759456635,"[0.3055555555555556, 0.6388888888888888, 0.9444444444444444, 0.4861111111111111]","[0.0, 0.05555555555555555, 0.8333333333333334, 0.0]",0.0,1,False,0.9749611801242237,0.16794138693146607,0.165007608490062,-0.002933778441404078,0.4296875,0.03187014305484287,0.0671049579090445,0.03523481485420163,"['CP3', 'CP4', 'C1', 'FC1', 'C3']","['CP3', 'CP4', 'C1', 'FC1', 'Cz']",,,,1,DeepConvNet
PGD,False,,,Linf,0.5,0.07277732571423495,"[0.5191854238510132, 0.4849260449409485, 0.5261581540107727, 0.55070960521698, 0.5327007174491882, 0.5089679956436157, 0.39071688055992126, 0.4631488621234894, 0.5031527876853943, 0.5391634106636047, 0.5164562463760376, 0.4977368712425232, 0.44952332973480225, 0.4774791896343231, 0.4919731318950653, 0.5097575187683105, 0.500276505947113, 0.5033980011940002, 0.4877236485481262, 0.4992217719554901, 0.4963490068912506, 0.4997234642505646]",40.0,0.009097165714279369,True,123,0.59375,0.0069444444961845875,0.9930555555038154,116.96751403808594,116.69710540771484,3.7802646160125732,2.4044625759124756,0.1066688820719719,"[0.3055555555555556, 0.6388888888888888, 0.9444444444444444, 0.4861111111111111]","[0.0, 0.0, 0.027777777777777776, 0.0]",0.0,1,False,0.9749611801242237,0.16794138693146607,0.165007608490062,-0.002933778441404078,0.4296875,0.03187014305484287,0.0671049579090445,0.03523481485420163,"['CP3', 'CP4', 'C1', 'FC1', 'C3']","['CP3', 'CP4', 'C1', 'FC1', 'Cz']",,,,1,DeepConvNet
PGD,False,,,Linf,1.0,0.1455546514284699,"[1.0383708477020264, 0.969852089881897, 1.0523163080215454, 1.10141921043396, 1.0654014348983765, 1.0179359912872314, 0.7814337611198425, 0.9262977242469788, 1.0063055753707886, 1.0783268213272095, 1.0329124927520752, 0.9954737424850464, 0.8990466594696045, 0.9549583792686462, 0.9839462637901306, 1.019515037536621, 1.000553011894226, 1.0067960023880005, 0.9754472970962524, 0.9984435439109802, 0.9926980137825012, 0.9994469285011292]",40.0,0.018194331428558738,True,123,0.59375,0.0,1.0,117.45382690429688,117.223876953125,3.7802646160125732,2.3647844791412354,0.10086973011493683,"[0.3055555555555556, 0.6388888888888888, 0.9444444444444444, 0.4861111111111111]","[0.0, 0.0, 0.0, 0.0]",0.0,1,False,0.9749611801242237,0.16794138693146607,0.165007608490062,-0.002933778441404078,0.4296875,0.03187014305484287,0.0671049579090445,0.03523481485420163,"['CP3', 'CP4', 'C1', 'FC1', 'C3']","['CP3', 'CP4', 'C1', 'FC1', 'Cz']",,,,1,DeepConvNet
PGD,False,,,Linf,2.0,0.2911093028569398,"[2.0767416954040527, 1.939704179763794, 2.104632616043091, 2.20283842086792, 2.130802869796753, 2.035871982574463, 1.562867522239685, 1.8525954484939575, 2.012611150741577, 2.156653642654419, 2.0658249855041504, 1.9909474849700928, 1.798093318939209, 1.9099167585372925, 1.9678925275802612, 2.039030075073242, 2.001106023788452, 2.013592004776001, 1.9508945941925049, 1.9968870878219604, 1.9853960275650024, 1.9988938570022583]",40.0,0.036388662857117476,True,123,0.59375,0.0,1.0,119.31483459472656,119.10234832763672,3.7802646160125732,2.224667549133301,0.08248841762542725,"[0.3055555555555556, 0.6388888888888888, 0.9444444444444444, 0.4861111111111111]","[0.0, 0.0, 0.0, 0.0]",0.0,1,False,0.9749611801242237,0.16794138693146607,0.165007608490062,-0.002933778441404078,0.4296875,0.03187014305484287,0.0671049579090445,0.03523481485420163,"['CP3', 'CP4', 'C1', 'FC1', 'C3']","['CP3', 'CP4', 'C1', 'FC1', 'Cz']",,,,1,DeepConvNet
FGSM_LP,True,gaussian,3.0,Linf,0.25,0.036388662857117476,"[0.2595927119255066, 0.24246302247047424, 0.26307907700538635, 0.27535480260849, 0.2663503587245941, 0.25448399782180786, 0.19535844027996063, 0.2315744310617447, 0.25157639384269714, 0.26958170533180237, 0.2582281231880188, 0.2488684356212616, 0.22476166486740112, 0.23873959481716156, 0.24598656594753265, 0.2548787593841553, 0.2501382529735565, 0.2516990005970001, 0.2438618242740631, 0.24961088597774506, 0.2481745034456253, 0.2498617321252823]",,,False,123,0.59375,0.5659722089767456,0.4340277910232544,5.540745735168457,5.533829689025879,0.03638876974582672,28.861738204956055,0.5250566601753235,"[0.3055555555555556, 0.6388888888888888, 0.9444444444444444, 0.4861111111111111]","[0.2638888888888889, 0.6388888888888888, 0.9444444444444444, 0.4166666666666667]",0.0,1,False,0.9988618718238284,0.16794138693146607,0.16781717474124144,-0.00012421219022462626,0.9765625,0.03187014305484287,0.03332275621898944,0.0014526131641465698,"['CP3', 'CP4', 'C1', 'FC1', 'C3']","['CP3', 'CP4', 'C1', 'FC1', 'C3']",,,,1,DeepConvNet
FGSM_LP,True,gaussian,3.0,Linf,0.5,0.07277732571423495,"[0.5191854238510132, 0.4849260449409485, 0.5261581540107727, 0.55070960521698, 0.5327007174491882, 0.5089679956436157, 0.39071688055992126, 0.4631488621234894, 0.5031527876853943, 0.5391634106636047, 0.5164562463760376, 0.4977368712425232, 0.44952332973480225, 0.4774791896343231, 0.4919731318950653, 0.5097575187683105, 0.500276505947113, 0.5033980011940002, 0.4877236485481262, 0.4992217719554901, 0.4963490068912506, 0.4997234642505646]",,,False,123,0.59375,0.5243055820465088,0.4756944179534912,10.79289436340332,10.77181339263916,0.07277735322713852,23.076637268066406,0.5093191266059875,"[0.3055555555555556, 0.6388888888888888, 0.9444444444444444, 0.4861111111111111]","[0.25, 0.5833333333333334, 0.9305555555555556, 0.3333333333333333]",0.0,1,False,0.9988618718238284,0.16794138693146607,0.16781717474124144,-0.00012421219022462626,0.9765625,0.03187014305484287,0.03332275621898944,0.0014526131641465698,"['CP3', 'CP4', 'C1', 'FC1', 'C3']","['CP3', 'CP4', 'C1', 'FC1', 'C3']",,,,1,DeepConvNet
FGSM_LP,True,gaussian,3.0,Linf,1.0,0.1455546514284699,"[1.0383708477020264, 0.969852089881897, 1.0523163080215454, 1.10141921043396, 1.0654014348983765, 1.0179359912872314, 0.7814337611198425, 0.9262977242469788, 1.0063055753707886, 1.0783268213272095, 1.0329124927520752, 0.9954737424850464, 0.8990466594696045, 0.9549583792686462, 0.9839462637901306, 1.019515037536621, 1.000553011894226, 1.0067960023880005, 0.9754472970962524, 0.9984435439109802, 0.9926980137825012, 0.9994469285011292]",,,False,123,0.59375,0.375,0.625,20.55884552001953,20.535171508789062,0.14555466175079346,17.47270393371582,0.4870944023132324,"[0.3055555555555556, 0.6388888888888888, 0.9444444444444444, 0.4861111111111111]","[0.125, 0.4305555555555556, 0.8055555555555556, 0.1388888888888889]",0.0,1,False,0.9988618718238284,0.16794138693146607,0.16781717474124144,-0.00012421219022462626,0.9765625,0.03187014305484287,0.03332275621898944,0.0014526131641465698,"['CP3', 'CP4', 'C1', 'FC1', 'C3']","['CP3', 'CP4', 'C1', 'FC1', 'C3']",,,,1,DeepConvNet
FGSM_LP,True,gaussian,3.0,Linf,2.0,0.2911093028569398,"[2.0767416954040527, 1.939704179763794, 2.104632616043091, 2.20283842086792, 2.130802869796753, 2.035871982574463, 1.562867522239685, 1.8525954484939575, 2.012611150741577, 2.156653642654419, 2.0658249855041504, 1.9909474849700928, 1.798093318939209, 1.9099167585372925, 1.9678925275802612, 2.039030075073242, 2.001106023788452, 2.013592004776001, 1.9508945941925049, 1.9968870878219604, 1.9853960275650024, 1.9988938570022583]",,,False,123,0.59375,0.0798611119389534,0.9201388880610466,37.85403823852539,37.81452178955078,0.2911093235015869,12.169865608215332,0.46078452467918396,"[0.3055555555555556, 0.6388888888888888, 0.9444444444444444, 0.4861111111111111]","[0.0, 0.1527777777777778, 0.1527777777777778, 0.013888888888888888]",0.0,1,False,0.9988618718238284,0.16794138693146607,0.16781717474124144,-0.00012421219022462626,0.9765625,0.03187014305484287,0.03332275621898944,0.0014526131641465698,"['CP3', 'CP4', 'C1', 'FC1', 'C3']","['CP3', 'CP4', 'C1', 'FC1', 'C3']",,,,1,DeepConvNet
PGD_LP,True,gaussian,3.0,Linf,0.25,0.036388662857117476,"[0.2595927119255066, 0.24246302247047424, 0.26307907700538635, 0.27535480260849, 0.2663503587245941, 0.25448399782180786, 0.19535844027996063, 0.2315744310617447, 0.25157639384269714, 0.26958170533180237, 0.2582281231880188, 0.2488684356212616, 0.22476166486740112, 0.23873959481716156, 0.24598656594753265, 0.2548787593841553, 0.2501382529735565, 0.2516990005970001, 0.2438618242740631, 0.24961088597774506, 0.2481745034456253, 0.2498617321252823]",40.0,0.0045485828571396845,True,123,0.59375,0.5729166865348816,0.4270833134651184,5.539133071899414,5.533388137817383,0.03638876974582672,28.86243438720703,0.5251232981681824,"[0.3055555555555556, 0.6388888888888888, 0.9444444444444444, 0.4861111111111111]","[0.2916666666666667, 0.6388888888888888, 0.9444444444444444, 0.4166666666666667]",0.0,1,False,0.9989500988142292,0.16794138693146607,0.16779005282054987,-0.00015133411091619586,0.97265625,0.03187014305484287,0.03316799826523556,0.00129785521039269,"['CP3', 'CP4', 'C1', 'FC1', 'C3']","['CP3', 'CP4', 'C1', 'FC1', 'C3']",,,,1,DeepConvNet
PGD_LP,True,gaussian,3.0,Linf,0.5,0.07277732571423495,"[0.5191854238510132, 0.4849260449409485, 0.5261581540107727, 0.55070960521698, 0.5327007174491882, 0.5089679956436157, 0.39071688055992126, 0.4631488621234894, 0.5031527876853943, 0.5391634106636047, 0.5164562463760376, 0.4977368712425232, 0.44952332973480225, 0.4774791896343231, 0.4919731318950653, 0.5097575187683105, 0.500276505947113, 0.5033980011940002, 0.4877236485481262, 0.4992217719554901, 0.4963490068912506, 0.4997234642505646]",40.0,0.009097165714279369,True,123,0.59375,0.5451388955116272,0.4548611044883728,10.794384956359863,10.770122528076172,0.07277735322713852,23.077999114990234,0.5094181299209595,"[0.3055555555555556, 0.6388888888888888, 0.9444444444444444, 0.4861111111111111]","[0.3194444444444444, 0.5972222222222222, 0.9305555555555556, 0.3333333333333333]",0.0,1,False,0.9989500988142292,0.16794138693146607,0.16779005282054987,-0.00015133411091619586,0.97265625,0.03187014305484287,0.03316799826523556,0.00129785521039269,"['CP3', 'CP4', 'C1', 'FC1', 'C3']","['CP3', 'CP4', 'C1', 'FC1', 'C3']",,,,1,DeepConvNet
PGD_LP,True,gaussian,3.0,Linf,1.0,0.1455546514284699,"[1.0383708477020264, 0.969852089881897, 1.0523163080215454, 1.10141921043396, 1.0654014348983765, 1.0179359912872314, 0.7814337611198425, 0.9262977242469788, 1.0063055753707886, 1.0783268213272095, 1.0329124927520752, 0.9954737424850464, 0.8990466594696045, 0.9549583792686462, 0.9839462637901306, 1.019515037536621, 1.000553011894226, 1.0067960023880005, 0.9754472970962524, 0.9984435439109802, 0.9926980137825012, 0.9994469285011292]",40.0,0.018194331428558738,True,123,0.59375,0.4479166567325592,0.5520833432674408,20.537357330322266,20.525697708129883,0.14555466175079346,17.476716995239258,0.4866617023944855,"[0.3055555555555556, 0.6388888888888888, 0.9444444444444444, 0.4861111111111111]","[0.2638888888888889, 0.5, 0.8333333333333334, 0.19444444444444445]",0.0,1,False,0.9989500988142292,0.16794138693146607,0.16779005282054987,-0.00015133411091619586,0.97265625,0.03187014305484287,0.03316799826523556,0.00129785521039269,"['CP3', 'CP4', 'C1', 'FC1', 'C3']","['CP3', 'CP4', 'C1', 'FC1', 'C3']",,,,1,DeepConvNet
PGD_LP,True,gaussian,3.0,Linf,2.0,0.2911093028569398,"[2.0767416954040527, 1.939704179763794, 2.104632616043091, 2.20283842086792, 2.130802869796753, 2.035871982574463, 1.562867522239685, 1.8525954484939575, 2.012611150741577, 2.156653642654419, 2.0658249855041504, 1.9909474849700928, 1.798093318939209, 1.9099167585372925, 1.9678925275802612, 2.039030075073242, 2.001106023788452, 2.013592004776001, 1.9508945941925049, 1.9968870878219604, 1.9853960275650024, 1.9988938570022583]",40.0,0.036388662857117476,True,123,0.59375,0.125,0.875,37.66935348510742,37.69778823852539,0.2911093235015869,12.196760177612305,0.46196362376213074,"[0.3055555555555556, 0.6388888888888888, 0.9444444444444444, 0.4861111111111111]","[0.027777777777777776, 0.25, 0.1527777777777778, 0.06944444444444445]",0.0,1,False,0.9989500988142292,0.16794138693146607,0.16779005282054987,-0.00015133411091619586,0.97265625,0.03187014305484287,0.03316799826523556,0.00129785521039269,"['CP3', 'CP4', 'C1', 'FC1', 'C3']","['CP3', 'CP4', 'C1', 'FC1', 'C3']",,,,1,DeepConvNet
DeepFool_L2,,,,L2,,,,50.0,,,123,0.59375,0.1076388880610466,0.8923611119389534,102.6422348022461,68.94246673583984,2.230912685394287,116.71602630615234,138.18472290039062,,,0.0,1,False,0.9824516516092604,0.16794138693146607,0.16668685616457038,-0.0012545307668956895,0.64453125,0.03187014305484287,0.060170769091539386,0.028300626036696516,"['CP3', 'CP4', 'C1', 'FC1', 'C3']","['CP3', 'CP4', 'C1', 'FC1', 'C3']",,,,1,DeepConvNet
FGSM,False,,,Linf,0.25,0.036388662857117476,"[0.2595927119255066, 0.24246302247047424, 0.26307907700538635, 0.27535480260849, 0.2663503587245941, 0.25448399782180786, 0.19535844027996063, 0.2315744310617447, 0.25157639384269714, 0.26958170533180237, 0.2582281231880188, 0.2488684356212616, 0.22476166486740112, 0.23873959481716156, 0.24598656594753265, 0.2548787593841553, 0.2501382529735565, 0.2516990005970001, 0.2438618242740631, 0.24961088597774506, 0.2481745034456253, 0.2498617321252823]",,,False,2024,0.6111111044883728,0.25,0.75,117.73188781738281,116.56000518798828,3.7802646160125732,2.4148194789886475,0.10821159929037094,"[0.4027777777777778, 0.625, 0.9722222222222222, 0.4444444444444444]","[0.0, 0.2777777777777778, 0.7222222222222222, 0.0]",0.0,1,False,0.9648944805194806,0.18383193236648226,0.18097918256273404,-0.0028527498037482224,0.703125,0.15100096955960743,0.21887494332669935,0.06787397376709192,"['CP3', 'CP4', 'C1', 'C3', 'Cz']","['CP3', 'C1', 'C3', 'CP4', 'Cz']",,,,1,DeepConvNet
FGSM,False,,,Linf,0.5,0.07277732571423495,"[0.5191854238510132, 0.4849260449409485, 0.5261581540107727, 0.55070960521698, 0.5327007174491882, 0.5089679956436157, 0.39071688055992126, 0.4631488621234894, 0.5031527876853943, 0.5391634106636047, 0.5164562463760376, 0.4977368712425232, 0.44952332973480225, 0.4774791896343231, 0.4919731318950653, 0.5097575187683105, 0.500276505947113, 0.5033980011940002, 0.4877236485481262, 0.4992217719554901, 0.4963490068912506, 0.4997234642505646]",,,False,2024,0.6111111044883728,0.0902777761220932,0.9097222238779068,116.92937469482422,116.70339965820312,3.7802646160125732,2.403987169265747,0.10658781230449677,"[0.4027777777777778, 0.625, 0.9722222222222222, 0.4444444444444444]","[0.0, 0.25, 0.1111111111111111, 0.0]",0.0,1,False,0.9648944805194806,0.18383193236648226,0.18097918256273404,-0.0028527498037482224,0.703125,0.15100096955960743,0.21887494332669935,0.06787397376709192,"['CP3', 'CP4', 'C1', 'C3', 'Cz']","['CP3', 'C1', 'C3', 'CP4', 'Cz']",,,,1,DeepConvNet
FGSM,False,,,Linf,1.0,0.1455546514284699,"[1.0383708477020264, 0.969852089881897, 1.0523163080215454, 1.10141921043396, 1.0654014348983765, 1.0179359912872314, 0.7814337611198425, 0.9262977242469788, 1.0063055753707886, 1.0783268213272095, 1.0329124927520752, 0.9954737424850464, 0.8990466594696045, 0.9549583792686462, 0.9839462637901306, 1.019515037536621, 1.000553011894226, 1.0067960023880005, 0.9754472970962524, 0.9984435439109802, 0.9926980137825012, 0.9994469285011292]",,,False,2024,0.6111111044883728,0.0590277761220932,0.9409722238779068,117.51048278808594,117.27334594726562,3.7802646160125732,2.361072301864624,0.10039793699979782,"[0.4027777777777778, 0.625, 0.9722222222222222, 0.4444444444444444]","[0.0, 0.2222222222222222, 0.013888888888888888, 0.0]",0.0,1,False,0.9648944805194806,0.18383193236648226,0.18097918256273404,-0.0028527498037482224,0.703125,0.15100096955960743,0.21887494332669935,0.06787397376709192,"['CP3', 'CP4', 'C1', 'C3', 'Cz']","['CP3', 'C1', 'C3', 'CP4', 'Cz']",,,,1,DeepConvNet
FGSM,False,,,Linf,2.0,0.2911093028569398,"[2.0767416954040527, 1.939704179763794, 2.104632616043091, 2.20283842086792, 2.130802869796753, 2.035871982574463, 1.562867522239685, 1.8525954484939575, 2.012611150741577, 2.156653642654419, 2.0658249855041504, 1.9909474849700928, 1.798093318939209, 1.9099167585372925, 1.9678925275802612, 2.039030075073242, 2.001106023788452, 2.013592004776001, 1.9508945941925049, 1.9968870878219604, 1.9853960275650024, 1.9988938570022583]",,,False,2024,0.6111111044883728,0.0729166641831398,0.9270833358168602,119.65086364746094,119.49549865722656,3.7802646160125732,2.195861339569092,0.08087685704231262,"[0.4027777777777778, 0.625, 0.9722222222222222, 0.4444444444444444]","[0.0, 0.2777777777777778, 0.013888888888888888, 0.0]",0.0,1,False,0.9648944805194806,0.18383193236648226,0.18097918256273404,-0.0028527498037482224,0.703125,0.15100096955960743,0.21887494332669935,0.06787397376709192,"['CP3', 'CP4', 'C1', 'C3', 'Cz']","['CP3', 'C1', 'C3', 'CP4', 'Cz']",,,,1,DeepConvNet
PGD,False,,,Linf,0.25,0.036388662857117476,"[0.2595927119255066, 0.24246302247047424, 0.26307907700538635, 0.27535480260849, 0.2663503587245941, 0.25448399782180786, 0.19535844027996063, 0.2315744310617447, 0.25157639384269714, 0.26958170533180237, 0.2582281231880188, 0.2488684356212616, 0.22476166486740112, 0.23873959481716156, 0.24598656594753265, 0.2548787593841553, 0.2501382529735565, 0.2516990005970001, 0.2438618242740631, 0.24961088597774506, 0.2481745034456253, 0.2498617321252823]",40.0,0.0045485828571396845,True,2024,0.6111111044883728,0.1423611044883728,0.8576388955116272,117.35791015625,116.55905151367188,3.7802646160125732,2.414891242980957,0.10822319984436035,"[0.4027777777777778, 0.625, 0.9722222222222222, 0.4444444444444444]","[0.0, 0.1527777777777778, 0.4166666666666667, 0.0]",0.0,1,False,0.9634034443817053,0.18383193236648226,0.18115980331113132,-0.0026721290553509414,0.7265625,0.15100096955960743,0.22432410589677296,0.07332313633716553,"['CP3', 'CP4', 'C1', 'C3', 'Cz']","['CP3', 'C1', 'C3', 'CP4', 'Cz']",,,,1,DeepConvNet
PGD,False,,,Linf,0.5,0.07277732571423495,"[0.5191854238510132, 0.4849260449409485, 0.5261581540107727, 0.55070960521698, 0.5327007174491882, 0.5089679956436157, 0.39071688055992126, 0.4631488621234894, 0.5031527876853943, 0.5391634106636047, 0.5164562463760376, 0.4977368712425232, 0.44952332973480225, 0.4774791896343231, 0.4919731318950653, 0.5097575187683105, 0.500276505947113, 0.5033980011940002, 0.4877236485481262, 0.4992217719554901, 0.4963490068912506, 0.4997234642505646]",40.0,0.009097165714279369,True,2024,0.6111111044883728,0.0,1.0,116.96664428710938,116.69644927978516,3.7802646160125732,2.4045116901397705,0.10666470974683762,"[0.4027777777777778, 0.625, 0.9722222222222222, 0.4444444444444444]","[0.0, 0.0, 0.0, 0.0]",0.0,1,False,0.9634034443817053,0.18383193236648226,0.18115980331113132,-0.0026721290553509414,0.7265625,0.15100096955960743,0.22432410589677296,0.07332313633716553,"['CP3', 'CP4', 'C1', 'C3', 'Cz']","['CP3', 'C1', 'C3', 'CP4', 'Cz']",,,,1,DeepConvNet
PGD,False,,,Linf,1.0,0.1455546514284699,"[1.0383708477020264, 0.969852089881897, 1.0523163080215454, 1.10141921043396, 1.0654014348983765, 1.0179359912872314, 0.7814337611198425, 0.9262977242469788, 1.0063055753707886, 1.0783268213272095, 1.0329124927520752, 0.9954737424850464, 0.8990466594696045, 0.9549583792686462, 0.9839462637901306, 1.019515037536621, 1.000553011894226, 1.0067960023880005, 0.9754472970962524, 0.9984435439109802, 0.9926980137825012, 0.9994469285011292]",40.0,0.018194331428558738,True,2024,0.6111111044883728,0.0,1.0,117.45960235595703,117.22412109375,3.7802646160125732,2.3647680282592773,0.10090941935777664,"[0.4027777777777778, 0.625, 0.9722222222222222, 0.4444444444444444]","[0.0, 0.0, 0.0, 0.0]",0.0,1,False,0.9634034443817053,0.18383193236648226,0.18115980331113132,-0.0026721290553509414,0.7265625,0.15100096955960743,0.22432410589677296,0.07332313633716553,"['CP3', 'CP4', 'C1', 'C3', 'Cz']","['CP3', 'C1', 'C3', 'CP4', 'Cz']",,,,1,DeepConvNet
PGD,False,,,Linf,2.0,0.2911093028569398,"[2.0767416954040527, 1.939704179763794, 2.104632616043091, 2.20283842086792, 2.130802869796753, 2.035871982574463, 1.562867522239685, 1.8525954484939575, 2.012611150741577, 2.156653642654419, 2.0658249855041504, 1.9909474849700928, 1.798093318939209, 1.9099167585372925, 1.9678925275802612, 2.039030075073242, 2.001106023788452, 2.013592004776001, 1.9508945941925049, 1.9968870878219604, 1.9853960275650024, 1.9988938570022583]",40.0,0.036388662857117476,True,2024,0.6111111044883728,0.0,1.0,119.39081573486328,119.15045928955078,3.7802646160125732,2.221190929412842,0.08281376212835312,"[0.4027777777777778, 0.625, 0.9722222222222222, 0.4444444444444444]","[0.0, 0.0, 0.0, 0.0]",0.0,1,False,0.9634034443817053,0.18383193236648226,0.18115980331113132,-0.0026721290553509414,0.7265625,0.15100096955960743,0.22432410589677296,0.07332313633716553,"['CP3', 'CP4', 'C1', 'C3', 'Cz']","['CP3', 'C1', 'C3', 'CP4', 'Cz']",,,,1,DeepConvNet
FGSM_LP,True,gaussian,3.0,Linf,0.25,0.036388662857117476,"[0.2595927119255066, 0.24246302247047424, 0.26307907700538635, 0.27535480260849, 0.2663503587245941, 0.25448399782180786, 0.19535844027996063, 0.2315744310617447, 0.25157639384269714, 0.26958170533180237, 0.2582281231880188, 0.2488684356212616, 0.22476166486740112, 0.23873959481716156, 0.24598656594753265, 0.2548787593841553, 0.2501382529735565, 0.2516990005970001, 0.2438618242740631, 0.24961088597774506, 0.2481745034456253, 0.2498617321252823]",,,False,2024,0.6111111044883728,0.5798611044883728,0.4201388955116272,5.5382981300354,5.534880638122559,0.03638876974582672,28.860084533691406,0.525327205657959,"[0.4027777777777778, 0.625, 0.9722222222222222, 0.4444444444444444]","[0.375, 0.6111111111111112, 0.9722222222222222, 0.3611111111111111]",0.0,1,False,0.9987207086391869,0.18383193236648226,0.18381065762648616,-2.127473999610774e-05,0.98828125,0.15100096955960743,0.15284185863290362,0.001840889073296187,"['CP3', 'CP4', 'C1', 'C3', 'Cz']","['CP3', 'CP4', 'C1', 'C3', 'Cz']",,,,1,DeepConvNet
FGSM_LP,True,gaussian,3.0,Linf,0.5,0.07277732571423495,"[0.5191854238510132, 0.4849260449409485, 0.5261581540107727, 0.55070960521698, 0.5327007174491882, 0.5089679956436157, 0.39071688055992126, 0.4631488621234894, 0.5031527876853943, 0.5391634106636047, 0.5164562463760376, 0.4977368712425232, 0.44952332973480225, 0.4774791896343231, 0.4919731318950653, 0.5097575187683105, 0.500276505947113, 0.5033980011940002, 0.4877236485481262, 0.4992217719554901, 0.4963490068912506, 0.4997234642505646]",,,False,2024,0.6111111044883728,0.5173611044883728,0.4826388955116272,10.788858413696289,10.77587604522705,0.07277735322713852,23.073347091674805,0.5098866820335388,"[0.4027777777777778, 0.625, 0.9722222222222222, 0.4444444444444444]","[0.2777777777777778, 0.5694444444444444, 0.9444444444444444, 0.2777777777777778]",0.0,1,False,0.9987207086391869,0.18383193236648226,0.18381065762648616,-2.127473999610774e-05,0.98828125,0.15100096955960743,0.15284185863290362,0.001840889073296187,"['CP3', 'CP4', 'C1', 'C3', 'Cz']","['CP3', 'CP4', 'C1', 'C3', 'Cz']",,,,1,DeepConvNet
FGSM_LP,True,gaussian,3.0,Linf,1.0,0.1455546514284699,"[1.0383708477020264, 0.969852089881897, 1.0523163080215454, 1.10141921043396, 1.0654014348983765, 1.0179359912872314, 0.7814337611198425, 0.9262977242469788, 1.0063055753707886, 1.0783268213272095, 1.0329124927520752, 0.9954737424850464, 0.8990466594696045, 0.9549583792686462, 0.9839462637901306, 1.019515037536621, 1.000553011894226, 1.0067960023880005, 0.9754472970962524, 0.9984435439109802, 0.9926980137825012, 0.9994469285011292]",,,False,2024,0.6111111044883728,0.3854166567325592,0.6145833432674408,20.595579147338867,20.552873611450195,0.14555466175079346,17.465190887451172,0.48876166343688965,"[0.4027777777777778, 0.625, 0.9722222222222222, 0.4444444444444444]","[0.1388888888888889, 0.4583333333333333, 0.7916666666666666, 0.1527777777777778]",0.0,1,False,0.9987207086391869,0.18383193236648226,0.18381065762648616,-2.127473999610774e-05,0.98828125,0.15100096955960743,0.15284185863290362,0.001840889073296187,"['CP3', 'CP4', 'C1', 'C3', 'Cz']","['CP3', 'CP4', 'C1', 'C3', 'Cz']",,,,1,DeepConvNet
FGSM_LP,True,gaussian,3.0,Linf,2.0,0.2911093028569398,"[2.0767416954040527, 1.939704179763794, 2.104632616043091, 2.20283842086792, 2.130802869796753, 2.035871982574463, 1.562867522239685, 1.8525954484939575, 2.012611150741577, 2.156653642654419, 2.0658249855041504, 1.9909474849700928, 1.798093318939209, 1.9099167585372925, 1.9678925275802612, 2.039030075073242, 2.001106023788452, 2.013592004776001, 1.9508945941925049, 1.9968870878219604, 1.9853960275650024, 1.9988938570022583]",,,False,2024,0.6111111044883728,0.09375,0.90625,37.91350555419922,37.87556838989258,0.2911093235015869,12.155794143676758,0.46427392959594727,"[0.4027777777777778, 0.625, 0.9722222222222222, 0.4444444444444444]","[0.013888888888888888, 0.20833333333333334, 0.125, 0.027777777777777776]",0.0,1,False,0.9987207086391869,0.18383193236648226,0.18381065762648616,-2.127473999610774e-05,0.98828125,0.15100096955960743,0.15284185863290362,0.001840889073296187,"['CP3', 'CP4', 'C1', 'C3', 'Cz']","['CP3', 'CP4', 'C1', 'C3', 'Cz']",,,,1,DeepConvNet
PGD_LP,True,gaussian,3.0,Linf,0.25,0.036388662857117476,"[0.2595927119255066, 0.24246302247047424, 0.26307907700538635, 0.27535480260849, 0.2663503587245941, 0.25448399782180786, 0.19535844027996063, 0.2315744310617447, 0.25157639384269714, 0.26958170533180237, 0.2582281231880188, 0.2488684356212616, 0.22476166486740112, 0.23873959481716156, 0.24598656594753265, 0.2548787593841553, 0.2501382529735565, 0.2516990005970001, 0.2438618242740631, 0.24961088597774506, 0.2481745034456253, 0.2498617321252823]",40.0,0.0045485828571396845,True,2024,0.6111111044883728,0.5833333134651184,0.4166666865348816,5.540287971496582,5.534505844116211,0.03638876974582672,28.86067008972168,0.5256397128105164,"[0.4027777777777778, 0.625, 0.9722222222222222, 0.4444444444444444]","[0.375, 0.6111111111111112, 0.9722222222222222, 0.375]",0.0,1,False,0.9988442264257482,0.18383193236648226,0.1838327305513167,7.981848344218445e-07,0.9921875,0.15100096955960743,0.15287482582654968,0.0018738562669422532,"['CP3', 'CP4', 'C1', 'C3', 'Cz']","['CP3', 'CP4', 'C1', 'C3', 'Cz']",,,,1,DeepConvNet
PGD_LP,True,gaussian,3.0,Linf,0.5,0.07277732571423495,"[0.5191854238510132, 0.4849260449409485, 0.5261581540107727, 0.55070960521698, 0.5327007174491882, 0.5089679956436157, 0.39071688055992126, 0.4631488621234894, 0.5031527876853943, 0.5391634106636047, 0.5164562463760376, 0.4977368712425232, 0.44952332973480225, 0.4774791896343231, 0.4919731318950653, 0.5097575187683105, 0.500276505947113, 0.5033980011940002, 0.4877236485481262, 0.4992217719554901, 0.4963490068912506, 0.4997234642505646]",40.0,0.009097165714279369,True,2024,0.6111111044883728,0.5416666865348816,0.4583333134651184,10.793487548828125,10.7742338180542,0.07277735322713852,23.074674606323242,0.509589672088623,"[0.4027777777777778, 0.625, 0.9722222222222222, 0.4444444444444444]","[0.3055555555555556, 0.6111111111111112, 0.9444444444444444, 0.3055555555555556]",0.0,1,False,0.9988442264257482,0.18383193236648226,0.1838327305513167,7.981848344218445e-07,0.9921875,0.15100096955960743,0.15287482582654968,0.0018738562669422532,"['CP3', 'CP4', 'C1', 'C3', 'Cz']","['CP3', 'CP4', 'C1', 'C3', 'Cz']",,,,1,DeepConvNet
PGD_LP,True,gaussian,3.0,Linf,1.0,0.1455546514284699,"[1.0383708477020264, 0.969852089881897, 1.0523163080215454, 1.10141921043396, 1.0654014348983765, 1.0179359912872314, 0.7814337611198425, 0.9262977242469788, 1.0063055753707886, 1.0783268213272095, 1.0329124927520752, 0.9954737424850464, 0.8990466594696045, 0.9549583792686462, 0.9839462637901306, 1.019515037536621, 1.000553011894226, 1.0067960023880005, 0.9754472970962524, 0.9984435439109802, 0.9926980137825012, 0.9994469285011292]",40.0,0.018194331428558738,True,2024,0.6111111044883728,0.4340277910232544,0.5659722089767456,20.588897705078125,20.54005241394043,0.14555466175079346,17.47062873840332,0.487201064825058,"[0.4027777777777778, 0.625, 0.9722222222222222, 0.4444444444444444]","[0.20833333333333334, 0.4722222222222222, 0.8888888888888888, 0.16666666666666666]",0.0,1,False,0.9988442264257482,0.18383193236648226,0.1838327305513167,7.981848344218445e-07,0.9921875,0.15100096955960743,0.15287482582654968,0.0018738562669422532,"['CP3', 'CP4', 'C1', 'C3', 'Cz']","['CP3', 'CP4', 'C1', 'C3', 'Cz']",,,,1,DeepConvNet
PGD_LP,True,gaussian,3.0,Linf,2.0,0.2911093028569398,"[2.0767416954040527, 1.939704179763794, 2.104632616043091, 2.20283842086792, 2.130802869796753, 2.035871982574463, 1.562867522239685, 1.8525954484939575, 2.012611150741577, 2.156653642654419, 2.0658249855041504, 1.9909474849700928, 1.798093318939209, 1.9099167585372925, 1.9678925275802612, 2.039030075073242, 2.001106023788452, 2.013592004776001, 1.9508945941925049, 1.9968870878219604, 1.9853960275650024, 1.9988938570022583]",40.0,0.036388662857117476,True,2024,0.6111111044883728,0.1319444477558136,0.8680555522441864,37.78565979003906,37.75898742675781,0.2911093235015869,12.18266773223877,0.459196001291275,"[0.4027777777777778, 0.625, 0.9722222222222222, 0.4444444444444444]","[0.027777777777777776, 0.2638888888888889, 0.1527777777777778, 0.08333333333333333]",0.0,1,False,0.9988442264257482,0.18383193236648226,0.1838327305513167,7.981848344218445e-07,0.9921875,0.15100096955960743,0.15287482582654968,0.0018738562669422532,"['CP3', 'CP4', 'C1', 'C3', 'Cz']","['CP3', 'CP4', 'C1', 'C3', 'Cz']",,,,1,DeepConvNet
DeepFool_L2,,,,L2,,,,50.0,,,2024,0.6111111044883728,0.0902777761220932,0.9097222238779068,105.648193359375,70.86479949951172,2.2882626056671143,111.83908081054688,137.1669464111328,,,0.0,1,False,0.9754376058723886,0.18383193236648226,0.18298038512457462,-0.0008515472419076409,0.7890625,0.15100096955960743,0.17828211805822822,0.02728114849862079,"['CP3', 'CP4', 'C1', 'C3', 'Cz']","['CP3', 'C1', 'CP4', 'C3', 'Cz']",,,,1,DeepConvNet
FGSM,False,,,Linf,0.25,0.036388662857117476,"[0.2595927119255066, 0.24246302247047424, 0.26307907700538635, 0.27535480260849, 0.2663503587245941, 0.25448399782180786, 0.19535844027996063, 0.2315744310617447, 0.25157639384269714, 0.26958170533180237, 0.2582281231880188, 0.2488684356212616, 0.22476166486740112, 0.23873959481716156, 0.24598656594753265, 0.2548787593841553, 0.2501382529735565, 0.2516990005970001, 0.2438618242740631, 0.24961088597774506, 0.2481745034456253, 0.2498617321252823]",,,False,31415,0.5798611044883728,0.15625,0.84375,117.66648864746094,116.56000518798828,3.7802646160125732,2.4148190021514893,0.1082107201218605,"[0.4027777777777778, 0.6666666666666666, 0.9583333333333334, 0.2916666666666667]","[0.0, 0.3472222222222222, 0.2777777777777778, 0.0]",0.0,1,False,0.9499400056465276,0.16040399318197754,0.15716522966416496,-0.003238763517812576,0.7421875,0.15805763884689564,0.20892871586614103,0.0508710770192454,"['CP3', 'CP4', 'C1', 'C3', 'FC1']","['CP3', 'C1', 'CP4', 'C3', 'FC1']",,,,1,DeepConvNet
FGSM,False,,,Linf,0.5,0.07277732571423495,"[0.5191854238510132, 0.4849260449409485, 0.5261581540107727, 0.55070960521698, 0.5327007174491882, 0.5089679956436157, 0.39071688055992126, 0.4631488621234894, 0.5031527876853943, 0.5391634106636047, 0.5164562463760376, 0.4977368712425232, 0.44952332973480225, 0.4774791896343231, 0.4919731318950653, 0.5097575187683105, 0.500276505947113, 0.5033980011940002, 0.4877236485481262, 0.4992217719554901, 0.4963490068912506, 0.4997234642505646]",,,False,31415,0.5798611044883728,0.0798611119389534,0.9201388880610466,117.45381164550781,116.70342254638672,3.7802646160125732,2.4039835929870605,0.10658257454633713,"[0.4027777777777778, 0.6666666666666666, 0.9583333333333334, 0.2916666666666667]","[0.0, 0.2916666666666667, 0.027777777777777776, 0.0]",0.0,1,False,0.9499400056465276,0.16040399318197754,0.15716522966416496,-0.003238763517812576,0.7421875,0.15805763884689564,0.20892871586614103,0.0508710770192454,"['CP3', 'CP4', 'C1', 'C3', 'FC1']","['CP3', 'C1', 'CP4', 'C3', 'FC1']",,,,1,DeepConvNet
FGSM,False,,,Linf,1.0,0.1455546514284699,"[1.0383708477020264, 0.969852089881897, 1.0523163080215454, 1.10141921043396, 1.0654014348983765, 1.0179359912872314, 0.7814337611198425, 0.9262977242469788, 1.0063055753707886, 1.0783268213272095, 1.0329124927520752, 0.9954737424850464, 0.8990466594696045, 0.9549583792686462, 0.9839462637901306, 1.019515037536621, 1.000553011894226, 1.0067960023880005, 0.9754472970962524, 0.9984435439109802, 0.9926980137825012, 0.9994469285011292]",,,False,31415,0.5798611044883728,0.0659722238779068,0.9340277761220932,117.53762817382812,117.2735595703125,3.7802646160125732,2.3610544204711914,0.10036032646894455,"[0.4027777777777778, 0.6666666666666666, 0.9583333333333334, 0.2916666666666667]","[0.0, 0.25, 0.013888888888888888, 0.0]",0.0,1,False,0.9499400056465276,0.16040399318197754,0.15716522966416496,-0.003238763517812576,0.7421875,0.15805763884689564,0.20892871586614103,0.0508710770192454,"['CP3', 'CP4', 'C1', 'C3', 'FC1']","['CP3', 'C1', 'CP4', 'C3', 'FC1']",,,,1,DeepConvNet
FGSM,False,,,Linf,2.0,0.2911093028569398,"[2.0767416954040527, 1.939704179763794, 2.104632616043091, 2.20283842086792, 2.130802869796753, 2.035871982574463, 1.562867522239685, 1.8525954484939575, 2.012611150741577, 2.156653642654419, 2.0658249855041504, 1.9909474849700928, 1.798093318939209, 1.9099167585372925, 1.9678925275802612, 2.039030075073242, 2.001106023788452, 2.013592004776001, 1.9508945941925049, 1.9968870878219604, 1.9853960275650024, 1.9988938570022583]",,,False,31415,0.5798611044883728,0.0729166641831398,0.9270833358168602,120.10868072509766,119.49654388427734,3.7802646160125732,2.1957767009735107,0.08067254722118378,"[0.4027777777777778, 0.6666666666666666, 0.9583333333333334, 0.2916666666666667]","[0.0, 0.2777777777777778, 0.013888888888888888, 0.0]",0.0,1,False,0.9499400056465276,0.16040399318197754,0.15716522966416496,-0.003238763517812576,0.7421875,0.15805763884689564,0.20892871586614103,0.0508710770192454,"['CP3', 'CP4', 'C1', 'C3', 'FC1']","['CP3', 'C1', 'CP4', 'C3', 'FC1']",,,,1,DeepConvNet
PGD,False,,,Linf,0.25,0.036388662857117476,"[0.2595927119255066, 0.24246302247047424, 0.26307907700538635, 0.27535480260849, 0.2663503587245941, 0.25448399782180786, 0.19535844027996063, 0.2315744310617447, 0.25157639384269714, 0.26958170533180237, 0.2582281231880188, 0.2488684356212616, 0.22476166486740112, 0.23873959481716156, 0.24598656594753265, 0.2548787593841553, 0.2501382529735565, 0.2516990005970001, 0.2438618242740631, 0.24961088597774506, 0.2481745034456253, 0.2498617321252823]",40.0,0.0045485828571396845,True,31415,0.5798611044883728,0.0833333358168602,0.9166666641831398,117.31764221191406,116.558837890625,3.7802646160125732,2.4149069786071777,0.1082242950797081,"[0.4027777777777778, 0.6666666666666666, 0.9583333333333334, 0.2916666666666667]","[0.0, 0.2916666666666667, 0.041666666666666664, 0.0]",0.0,1,False,0.9479813664596275,0.16040399318197754,0.1571435517033493,-0.003260441478628251,0.73828125,0.15805763884689564,0.2135098699586349,0.055452231111739275,"['CP3', 'CP4', 'C1', 'C3', 'FC1']","['CP3', 'C1', 'CP4', 'C3', 'FC1']",,,,1,DeepConvNet
PGD,False,,,Linf,0.5,0.07277732571423495,"[0.5191854238510132, 0.4849260449409485, 0.5261581540107727, 0.55070960521698, 0.5327007174491882, 0.5089679956436157, 0.39071688055992126, 0.4631488621234894, 0.5031527876853943, 0.5391634106636047, 0.5164562463760376, 0.4977368712425232, 0.44952332973480225, 0.4774791896343231, 0.4919731318950653, 0.5097575187683105, 0.500276505947113, 0.5033980011940002, 0.4877236485481262, 0.4992217719554901, 0.4963490068912506, 0.4997234642505646]",40.0,0.009097165714279369,True,31415,0.5798611044883728,0.010416666977107525,0.9895833330228925,116.99203491210938,116.69522857666016,3.7802646160125732,2.404603958129883,0.10668279975652695,"[0.4027777777777778, 0.6666666666666666, 0.9583333333333334, 0.2916666666666667]","[0.0, 0.041666666666666664, 0.0, 0.0]",0.0,1,False,0.9479813664596275,0.16040399318197754,0.1571435517033493,-0.003260441478628251,0.73828125,0.15805763884689564,0.2135098699586349,0.055452231111739275,"['CP3', 'CP4', 'C1', 'C3', 'FC1']","['CP3', 'C1', 'CP4', 'C3', 'FC1']",,,,1,DeepConvNet
PGD,False,,,Linf,1.0,0.1455546514284699,"[1.0383708477020264, 0.969852089881897, 1.0523163080215454, 1.10141921043396, 1.0654014348983765, 1.0179359912872314, 0.7814337611198425, 0.9262977242469788, 1.0063055753707886, 1.0783268213272095, 1.0329124927520752, 0.9954737424850464, 0.8990466594696045, 0.9549583792686462, 0.9839462637901306, 1.019515037536621, 1.000553011894226, 1.0067960023880005, 0.9754472970962524, 0.9984435439109802, 0.9926980137825012, 0.9994469285011292]",40.0,0.018194331428558738,True,31415,0.5798611044883728,0.0,1.0,117.4591064453125,117.21812438964844,3.7802646160125732,2.3652238845825195,0.10104711353778839,"[0.4027777777777778, 0.6666666666666666, 0.9583333333333334, 0.2916666666666667]","[0.0, 0.0, 0.0, 0.0]",0.0,1,False,0.9479813664596275,0.16040399318197754,0.1571435517033493,-0.003260441478628251,0.73828125,0.15805763884689564,0.2135098699586349,0.055452231111739275,"['CP3', 'CP4', 'C1', 'C3', 'FC1']","['CP3', 'C1', 'CP4', 'C3', 'FC1']",,,,1,DeepConvNet
PGD,False,,,Linf,2.0,0.2911093028569398,"[2.0767416954040527, 1.939704179763794, 2.104632616043091, 2.20283842086792, 2.130802869796753, 2.035871982574463, 1.562867522239685, 1.8525954484939575, 2.012611150741577, 2.156653642654419, 2.0658249855041504, 1.9909474849700928, 1.798093318939209, 1.9099167585372925, 1.9678925275802612, 2.039030075073242, 2.001106023788452, 2.013592004776001, 1.9508945941925049, 1.9968870878219604, 1.9853960275650024, 1.9988938570022583]",40.0,0.036388662857117476,True,31415,0.5798611044883728,0.0,1.0,119.35157775878906,119.12550354003906,3.7802646160125732,2.2230873107910156,0.083627849817276,"[0.4027777777777778, 0.6666666666666666, 0.9583333333333334, 0.2916666666666667]","[0.0, 0.0, 0.0, 0.0]",0.0,1,False,0.9479813664596275,0.16040399318197754,0.1571435517033493,-0.003260441478628251,0.73828125,0.15805763884689564,0.2135098699586349,0.055452231111739275,"['CP3', 'CP4', 'C1', 'C3', 'FC1']","['CP3', 'C1', 'CP4', 'C3', 'FC1']",,,,1,DeepConvNet
FGSM_LP,True,gaussian,3.0,Linf,0.25,0.036388662857117476,"[0.2595927119255066, 0.24246302247047424, 0.26307907700538635, 0.27535480260849, 0.2663503587245941, 0.25448399782180786, 0.19535844027996063, 0.2315744310617447, 0.25157639384269714, 0.26958170533180237, 0.2582281231880188, 0.2488684356212616, 0.22476166486740112, 0.23873959481716156, 0.24598656594753265, 0.2548787593841553, 0.2501382529735565, 0.2516990005970001, 0.2438618242740631, 0.24961088597774506, 0.2481745034456253, 0.2498617321252823]",,,False,31415,0.5798611044883728,0.5520833134651184,0.4479166865348816,5.538808345794678,5.534914016723633,0.03638876974582672,28.86003303527832,0.5253992080688477,"[0.4027777777777778, 0.6666666666666666, 0.9583333333333334, 0.2916666666666667]","[0.375, 0.6666666666666666, 0.9444444444444444, 0.2222222222222222]",0.0,1,False,0.9983942687747036,0.16040399318197754,0.16028801551147678,-0.00011597767050075536,0.98828125,0.15805763884689564,0.15932030367554428,0.0012626648286486464,"['CP3', 'CP4', 'C1', 'C3', 'FC1']","['CP3', 'CP4', 'C1', 'C3', 'FC1']",,,,1,DeepConvNet
FGSM_LP,True,gaussian,3.0,Linf,0.5,0.07277732571423495,"[0.5191854238510132, 0.4849260449409485, 0.5261581540107727, 0.55070960521698, 0.5327007174491882, 0.5089679956436157, 0.39071688055992126, 0.4631488621234894, 0.5031527876853943, 0.5391634106636047, 0.5164562463760376, 0.4977368712425232, 0.44952332973480225, 0.4774791896343231, 0.4919731318950653, 0.5097575187683105, 0.500276505947113, 0.5033980011940002, 0.4877236485481262, 0.4992217719554901, 0.4963490068912506, 0.4997234642505646]",,,False,31415,0.5798611044883728,0.4895833432674408,0.5104166567325592,10.788822174072266,10.775445938110352,0.07277735322713852,23.073698043823242,0.5098798871040344,"[0.4027777777777778, 0.6666666666666666, 0.9583333333333334, 0.2916666666666667]","[0.2777777777777778, 0.5694444444444444, 0.9305555555555556, 0.18055555555555555]",0.0,1,False,0.9983942687747036,0.16040399318197754,0.16028801551147678,-0.00011597767050075536,0.98828125,0.15805763884689564,0.15932030367554428,0.0012626648286486464,"['CP3', 'CP4', 'C1', 'C3', 'FC1']","['CP3', 'CP4', 'C1', 'C3', 'FC1']",,,,1,DeepConvNet
FGSM_LP,True,gaussian,3.0,Linf,1.0,0.1455546514284699,"[1.0383708477020264, 0.969852089881897, 1.0523163080215454, 1.10141921043396, 1.0654014348983765, 1.0179359912872314, 0.7814337611198425, 0.9262977242469788, 1.0063055753707886, 1.0783268213272095, 1.0329124927520752, 0.9954737424850464, 0.8990466594696045, 0.9549583792686462, 0.9839462637901306, 1.019515037536621, 1.000553011894226, 1.0067960023880005, 0.9754472970962524, 0.9984435439109802, 0.9926980137825012, 0.9994469285011292]",,,False,31415,0.5798611044883728,0.3263888955116272,0.6736111044883728,20.58983612060547,20.55059051513672,0.14555466175079346,17.466163635253906,0.4887295663356781,"[0.4027777777777778, 0.6666666666666666, 0.9583333333333334, 0.2916666666666667]","[0.125, 0.4305555555555556, 0.6527777777777778, 0.09722222222222222]",0.0,1,False,0.9983942687747036,0.16040399318197754,0.16028801551147678,-0.00011597767050075536,0.98828125,0.15805763884689564,0.15932030367554428,0.0012626648286486464,"['CP3', 'CP4', 'C1', 'C3', 'FC1']","['CP3', 'CP4', 'C1', 'C3', 'FC1']",,,,1,DeepConvNet
FGSM_LP,True,gaussian,3.0,Linf,2.0,0.2911093028569398,"[2.0767416954040527, 1.939704179763794, 2.104632616043091, 2.20283842086792, 2.130802869796753, 2.035871982574463, 1.562867522239685, 1.8525954484939575, 2.012611150741577, 2.156653642654419, 2.0658249855041504, 1.9909474849700928, 1.798093318939209, 1.9099167585372925, 1.9678925275802612, 2.039030075073242, 2.001106023788452, 2.013592004776001, 1.9508945941925049, 1.9968870878219604, 1.9853960275650024, 1.9988938570022583]",,,False,31415,0.5798611044883728,0.0520833320915699,0.9479166679084301,37.88568115234375,37.86503601074219,0.2911093235015869,12.158233642578125,0.46425244212150574,"[0.4027777777777778, 0.6666666666666666, 0.9583333333333334, 0.2916666666666667]","[0.027777777777777776, 0.1111111111111111, 0.06944444444444445, 0.0]",0.0,1,False,0.9983942687747036,0.16040399318197754,0.16028801551147678,-0.00011597767050075536,0.98828125,0.15805763884689564,0.15932030367554428,0.0012626648286486464,"['CP3', 'CP4', 'C1', 'C3', 'FC1']","['CP3', 'CP4', 'C1', 'C3', 'FC1']",,,,1,DeepConvNet
PGD_LP,True,gaussian,3.0,Linf,0.25,0.036388662857117476,"[0.2595927119255066, 0.24246302247047424, 0.26307907700538635, 0.27535480260849, 0.2663503587245941, 0.25448399782180786, 0.19535844027996063, 0.2315744310617447, 0.25157639384269714, 0.26958170533180237, 0.2582281231880188, 0.2488684356212616, 0.22476166486740112, 0.23873959481716156, 0.24598656594753265, 0.2548787593841553, 0.2501382529735565, 0.2516990005970001, 0.2438618242740631, 0.24961088597774506, 0.2481745034456253, 0.2498617321252823]",40.0,0.0045485828571396845,True,31415,0.5798611044883728,0.5520833134651184,0.4479166865348816,5.537661075592041,5.534679412841797,0.03638876974582672,28.86039924621582,0.5251949429512024,"[0.4027777777777778, 0.6666666666666666, 0.9583333333333334, 0.2916666666666667]","[0.375, 0.6666666666666666, 0.9444444444444444, 0.2222222222222222]",0.0,1,False,0.9984295595708639,0.16040399318197754,0.16027104794769217,-0.0001329452342853643,0.984375,0.15805763884689564,0.15943594367870367,0.001378304831808036,"['CP3', 'CP4', 'C1', 'C3', 'FC1']","['CP3', 'CP4', 'C1', 'C3', 'FC1']",,,,1,DeepConvNet
PGD_LP,True,gaussian,3.0,Linf,0.5,0.07277732571423495,"[0.5191854238510132, 0.4849260449409485, 0.5261581540107727, 0.55070960521698, 0.5327007174491882, 0.5089679956436157, 0.39071688055992126, 0.4631488621234894, 0.5031527876853943, 0.5391634106636047, 0.5164562463760376, 0.4977368712425232, 0.44952332973480225, 0.4774791896343231, 0.4919731318950653, 0.5097575187683105, 0.500276505947113, 0.5033980011940002, 0.4877236485481262, 0.4992217719554901, 0.4963490068912506, 0.4997234642505646]",40.0,0.009097165714279369,True,31415,0.5798611044883728,0.5277777910232544,0.4722222089767456,10.791746139526367,10.77432632446289,0.07277735322713852,23.07459831237793,0.5097226500511169,"[0.4027777777777778, 0.6666666666666666, 0.9583333333333334, 0.2916666666666667]","[0.3194444444444444, 0.625, 0.9444444444444444, 0.2222222222222222]",0.0,1,False,0.9984295595708639,0.16040399318197754,0.16027104794769217,-0.0001329452342853643,0.984375,0.15805763884689564,0.15943594367870367,0.001378304831808036,"['CP3', 'CP4', 'C1', 'C3', 'FC1']","['CP3', 'CP4', 'C1', 'C3', 'FC1']",,,,1,DeepConvNet
PGD_LP,True,gaussian,3.0,Linf,1.0,0.1455546514284699,"[1.0383708477020264, 0.969852089881897, 1.0523163080215454, 1.10141921043396, 1.0654014348983765, 1.0179359912872314, 0.7814337611198425, 0.9262977242469788, 1.0063055753707886, 1.0783268213272095, 1.0329124927520752, 0.9954737424850464, 0.8990466594696045, 0.9549583792686462, 0.9839462637901306, 1.019515037536621, 1.000553011894226, 1.0067960023880005, 0.9754472970962524, 0.9984435439109802, 0.9926980137825012, 0.9994469285011292]",40.0,0.018194331428558738,True,31415,0.5798611044883728,0.3888888955116272,0.6111111044883728,20.57982635498047,20.53709602355957,0.14555466175079346,17.471885681152344,0.487263023853302,"[0.4027777777777778, 0.6666666666666666, 0.9583333333333334, 0.2916666666666667]","[0.18055555555555555, 0.4861111111111111, 0.7361111111111112, 0.1527777777777778]",0.0,1,False,0.9984295595708639,0.16040399318197754,0.16027104794769217,-0.0001329452342853643,0.984375,0.15805763884689564,0.15943594367870367,0.001378304831808036,"['CP3', 'CP4', 'C1', 'C3', 'FC1']","['CP3', 'CP4', 'C1', 'C3', 'FC1']",,,,1,DeepConvNet
PGD_LP,True,gaussian,3.0,Linf,2.0,0.2911093028569398,"[2.0767416954040527, 1.939704179763794, 2.104632616043091, 2.20283842086792, 2.130802869796753, 2.035871982574463, 1.562867522239685, 1.8525954484939575, 2.012611150741577, 2.156653642654419, 2.0658249855041504, 1.9909474849700928, 1.798093318939209, 1.9099167585372925, 1.9678925275802612, 2.039030075073242, 2.001106023788452, 2.013592004776001, 1.9508945941925049, 1.9968870878219604, 1.9853960275650024, 1.9988938570022583]",40.0,0.036388662857117476,True,31415,0.5798611044883728,0.1041666641831398,0.8958333358168602,37.77184295654297,37.73698425292969,0.2911093235015869,12.187766075134277,0.4582699239253998,"[0.4027777777777778, 0.6666666666666666, 0.9583333333333334, 0.2916666666666667]","[0.013888888888888888, 0.2916666666666667, 0.09722222222222222, 0.013888888888888888]",0.0,1,False,0.9984295595708639,0.16040399318197754,0.16027104794769217,-0.0001329452342853643,0.984375,0.15805763884689564,0.15943594367870367,0.001378304831808036,"['CP3', 'CP4', 'C1', 'C3', 'FC1']","['CP3', 'CP4', 'C1', 'C3', 'FC1']",,,,1,DeepConvNet
DeepFool_L2,,,,L2,,,,50.0,,,31415,0.5798611044883728,0.1145833358168602,0.8854166641831398,102.5430679321289,67.17530822753906,2.171736717224121,120.63497161865234,138.87864685058594,,,0.0,1,False,0.9682647515527951,0.16040399318197754,0.1596123784595308,-0.0007916147224467374,0.7890625,0.15805763884689564,0.18091278925698445,0.022855150410088815,"['CP3', 'CP4', 'C1', 'C3', 'FC1']","['CP3', 'CP4', 'C1', 'C3', 'FC1']",,,,1,DeepConvNet
FGSM,False,,,Linf,0.25,0.036388662857117476,"[0.2595927119255066, 0.24246302247047424, 0.26307907700538635, 0.27535480260849, 0.2663503587245941, 0.25448399782180786, 0.19535844027996063, 0.2315744310617447, 0.25157639384269714, 0.26958170533180237, 0.2582281231880188, 0.2488684356212616, 0.22476166486740112, 0.23873959481716156, 0.24598656594753265, 0.2548787593841553, 0.2501382529735565, 0.2516990005970001, 0.2438618242740631, 0.24961088597774506, 0.2481745034456253, 0.2498617321252823]",,,False,999,0.5868055820465088,0.28125,0.71875,118.0274429321289,116.56000518798828,3.7802646160125732,2.4148194789886475,0.10821125656366348,"[0.5, 0.5277777777777778, 0.9722222222222222, 0.3472222222222222]","[0.0, 0.125, 1.0, 0.0]",0.0,1,False,0.9569011151891588,0.15547757638685547,0.15262856758089213,-0.002849008805963338,0.84375,0.22231401171011692,0.3432611985104815,0.12094718680036456,"['CP3', 'C1', 'CP4', 'C3', 'FC1']","['CP3', 'C1', 'FC1', 'C3', 'FC3']",,,,1,DeepConvNet
FGSM,False,,,Linf,0.5,0.07277732571423495,"[0.5191854238510132, 0.4849260449409485, 0.5261581540107727, 0.55070960521698, 0.5327007174491882, 0.5089679956436157, 0.39071688055992126, 0.4631488621234894, 0.5031527876853943, 0.5391634106636047, 0.5164562463760376, 0.4977368712425232, 0.44952332973480225, 0.4774791896343231, 0.4919731318950653, 0.5097575187683105, 0.500276505947113, 0.5033980011940002, 0.4877236485481262, 0.4992217719554901, 0.4963490068912506, 0.4997234642505646]",,,False,999,0.5868055820465088,0.21875,0.78125,117.96939849853516,116.703369140625,3.7802646160125732,2.40398907661438,0.10658828169107437,"[0.5, 0.5277777777777778, 0.9722222222222222, 0.3472222222222222]","[0.0, 0.06944444444444445, 0.8055555555555556, 0.0]",0.0,1,False,0.9569011151891588,0.15547757638685547,0.15262856758089213,-0.002849008805963338,0.84375,0.22231401171011692,0.3432611985104815,0.12094718680036456,"['CP3', 'C1', 'CP4', 'C3', 'FC1']","['CP3', 'C1', 'FC1', 'C3', 'FC3']",,,,1,DeepConvNet
FGSM,False,,,Linf,1.0,0.1455546514284699,"[1.0383708477020264, 0.969852089881897, 1.0523163080215454, 1.10141921043396, 1.0654014348983765, 1.0179359912872314, 0.7814337611198425, 0.9262977242469788, 1.0063055753707886, 1.0783268213272095, 1.0329124927520752, 0.9954737424850464, 0.8990466594696045, 0.9549583792686462, 0.9839462637901306, 1.019515037536621, 1.000553011894226, 1.0067960023880005, 0.9754472970962524, 0.9984435439109802, 0.9926980137825012, 0.9994469285011292]",,,False,999,0.5868055820465088,0.0347222238779068,0.9652777761220932,117.49710083007812,117.27305603027344,3.7802646160125732,2.3610942363739014,0.10040128231048584,"[0.5, 0.5277777777777778, 0.9722222222222222, 0.3472222222222222]","[0.0, 0.05555555555555555, 0.08333333333333333, 0.0]",0.0,1,False,0.9569011151891588,0.15547757638685547,0.15262856758089213,-0.002849008805963338,0.84375,0.22231401171011692,0.3432611985104815,0.12094718680036456,"['CP3', 'C1', 'CP4', 'C3', 'FC1']","['CP3', 'C1', 'FC1', 'C3', 'FC3']",,,,1,DeepConvNet
FGSM,False,,,Linf,2.0,0.2911093028569398,"[2.0767416954040527, 1.939704179763794, 2.104632616043091, 2.20283842086792, 2.130802869796753, 2.035871982574463, 1.562867522239685, 1.8525954484939575, 2.012611150741577, 2.156653642654419, 2.0658249855041504, 1.9909474849700928, 1.798093318939209, 1.9099167585372925, 1.9678925275802612, 2.039030075073242, 2.001106023788452, 2.013592004776001, 1.9508945941925049, 1.9968870878219604, 1.9853960275650024, 1.9988938570022583]",,,False,999,0.5868055820465088,0.0069444444961845875,0.9930555555038154,119.68791961669922,119.49335479736328,3.7802646160125732,2.1960227489471436,0.08093934506177902,"[0.5, 0.5277777777777778, 0.9722222222222222, 0.3472222222222222]","[0.0, 0.013888888888888888, 0.013888888888888888, 0.0]",0.0,1,False,0.9569011151891588,0.15547757638685547,0.15262856758089213,-0.002849008805963338,0.84375,0.22231401171011692,0.3432611985104815,0.12094718680036456,"['CP3', 'C1', 'CP4', 'C3', 'FC1']","['CP3', 'C1', 'FC1', 'C3', 'FC3']",,,,1,DeepConvNet
PGD,False,,,Linf,0.25,0.036388662857117476,"[0.2595927119255066, 0.24246302247047424, 0.26307907700538635, 0.27535480260849, 0.2663503587245941, 0.25448399782180786, 0.19535844027996063, 0.2315744310617447, 0.25157639384269714, 0.26958170533180237, 0.2582281231880188, 0.2488684356212616, 0.22476166486740112, 0.23873959481716156, 0.24598656594753265, 0.2548787593841553, 0.2501382529735565, 0.2516990005970001, 0.2438618242740631, 0.24961088597774506, 0.2481745034456253, 0.2498617321252823]",40.0,0.0045485828571396845,True,999,0.5868055820465088,0.2569444477558136,0.7430555522441864,118.02754211425781,116.55909729003906,3.7802646160125732,2.4148876667022705,0.10822390019893646,"[0.5, 0.5277777777777778, 0.9722222222222222, 0.3472222222222222]","[0.0, 0.027777777777777776, 1.0, 0.0]",0.0,1,False,0.9547307312252966,0.15547757638685547,0.15259761022234639,-0.0028799661645090846,0.859375,0.22231401171011692,0.3425843359557063,0.1202703242455894,"['CP3', 'C1', 'CP4', 'C3', 'FC1']","['CP3', 'C1', 'FC1', 'C3', 'FC3']",,,,1,DeepConvNet
PGD,False,,,Linf,0.5,0.07277732571423495,"[0.5191854238510132, 0.4849260449409485, 0.5261581540107727, 0.55070960521698, 0.5327007174491882, 0.5089679956436157, 0.39071688055992126, 0.4631488621234894, 0.5031527876853943, 0.5391634106636047, 0.5164562463760376, 0.4977368712425232, 0.44952332973480225, 0.4774791896343231, 0.4919731318950653, 0.5097575187683105, 0.500276505947113, 0.5033980011940002, 0.4877236485481262, 0.4992217719554901, 0.4963490068912506, 0.4997234642505646]",40.0,0.009097165714279369,True,999,0.5868055820465088,0.0902777761220932,0.9097222238779068,117.16439056396484,116.69698333740234,3.7802646160125732,2.4044723510742188,0.10667157918214798,"[0.5, 0.5277777777777778, 0.9722222222222222, 0.3472222222222222]","[0.0, 0.0, 0.3611111111111111, 0.0]",0.0,1,False,0.9547307312252966,0.15547757638685547,0.15259761022234639,-0.0028799661645090846,0.859375,0.22231401171011692,0.3425843359557063,0.1202703242455894,"['CP3', 'C1', 'CP4', 'C3', 'FC1']","['CP3', 'C1', 'FC1', 'C3', 'FC3']",,,,1,DeepConvNet
PGD,False,,,Linf,1.0,0.1455546514284699,"[1.0383708477020264, 0.969852089881897, 1.0523163080215454, 1.10141921043396, 1.0654014348983765, 1.0179359912872314, 0.7814337611198425, 0.9262977242469788, 1.0063055753707886, 1.0783268213272095, 1.0329124927520752, 0.9954737424850464, 0.8990466594696045, 0.9549583792686462, 0.9839462637901306, 1.019515037536621, 1.000553011894226, 1.0067960023880005, 0.9754472970962524, 0.9984435439109802, 0.9926980137825012, 0.9994469285011292]",40.0,0.018194331428558738,True,999,0.5868055820465088,0.0,1.0,117.46189880371094,117.22914123535156,3.7802646160125732,2.3643949031829834,0.10086692869663239,"[0.5, 0.5277777777777778, 0.9722222222222222, 0.3472222222222222]","[0.0, 0.0, 0.0, 0.0]",0.0,1,False,0.9547307312252966,0.15547757638685547,0.15259761022234639,-0.0028799661645090846,0.859375,0.22231401171011692,0.3425843359557063,0.1202703242455894,"['CP3', 'C1', 'CP4', 'C3', 'FC1']","['CP3', 'C1', 'FC1', 'C3', 'FC3']",,,,1,DeepConvNet
PGD,False,,,Linf,2.0,0.2911093028569398,"[2.0767416954040527, 1.939704179763794, 2.104632616043091, 2.20283842086792, 2.130802869796753, 2.035871982574463, 1.562867522239685, 1.8525954484939575, 2.012611150741577, 2.156653642654419, 2.0658249855041504, 1.9909474849700928, 1.798093318939209, 1.9099167585372925, 1.9678925275802612, 2.039030075073242, 2.001106023788452, 2.013592004776001, 1.9508945941925049, 1.9968870878219604, 1.9853960275650024, 1.9988938570022583]",40.0,0.036388662857117476,True,999,0.5868055820465088,0.0,1.0,119.35548400878906,119.16836547851562,3.7802646160125732,2.2198777198791504,0.08235513418912888,"[0.5, 0.5277777777777778, 0.9722222222222222, 0.3472222222222222]","[0.0, 0.0, 0.0, 0.0]",0.0,1,False,0.9547307312252966,0.15547757638685547,0.15259761022234639,-0.0028799661645090846,0.859375,0.22231401171011692,0.3425843359557063,0.1202703242455894,"['CP3', 'C1', 'CP4', 'C3', 'FC1']","['CP3', 'C1', 'FC1', 'C3', 'FC3']",,,,1,DeepConvNet
FGSM_LP,True,gaussian,3.0,Linf,0.25,0.036388662857117476,"[0.2595927119255066, 0.24246302247047424, 0.26307907700538635, 0.27535480260849, 0.2663503587245941, 0.25448399782180786, 0.19535844027996063, 0.2315744310617447, 0.25157639384269714, 0.26958170533180237, 0.2582281231880188, 0.2488684356212616, 0.22476166486740112, 0.23873959481716156, 0.24598656594753265, 0.2548787593841553, 0.2501382529735565, 0.2516990005970001, 0.2438618242740631, 0.24961088597774506, 0.2481745034456253, 0.2498617321252823]",,,False,999,0.5868055820465088,0.5451388955116272,0.4548611044883728,5.542016506195068,5.536360263824463,0.03638876974582672,28.85775375366211,0.5264409780502319,"[0.5, 0.5277777777777778, 0.9722222222222222, 0.3472222222222222]","[0.4583333333333333, 0.5277777777777778, 0.9583333333333334, 0.2361111111111111]",0.0,1,False,0.9988971626199887,0.15547757638685547,0.15544417325146484,-3.3403135390630556e-05,0.98046875,0.22231401171011692,0.22526020587498716,0.0029461941648702417,"['CP3', 'C1', 'CP4', 'C3', 'FC1']","['CP3', 'C1', 'CP4', 'C3', 'FC1']",,,,1,DeepConvNet
FGSM_LP,True,gaussian,3.0,Linf,0.5,0.07277732571423495,"[0.5191854238510132, 0.4849260449409485, 0.5261581540107727, 0.55070960521698, 0.5327007174491882, 0.5089679956436157, 0.39071688055992126, 0.4631488621234894, 0.5031527876853943, 0.5391634106636047, 0.5164562463760376, 0.4977368712425232, 0.44952332973480225, 0.4774791896343231, 0.4919731318950653, 0.5097575187683105, 0.500276505947113, 0.5033980011940002, 0.4877236485481262, 0.4992217719554901, 0.4963490068912506, 0.4997234642505646]",,,False,999,0.5868055820465088,0.4965277910232544,0.5034722089767456,10.797496795654297,10.78021240234375,0.07277735322713852,23.069841384887695,0.5109612345695496,"[0.5, 0.5277777777777778, 0.9722222222222222, 0.3472222222222222]","[0.4166666666666667, 0.4583333333333333, 0.9305555555555556, 0.18055555555555555]",0.0,1,False,0.9988971626199887,0.15547757638685547,0.15544417325146484,-3.3403135390630556e-05,0.98046875,0.22231401171011692,0.22526020587498716,0.0029461941648702417,"['CP3', 'C1', 'CP4', 'C3', 'FC1']","['CP3', 'C1', 'CP4', 'C3', 'FC1']",,,,1,DeepConvNet
FGSM_LP,True,gaussian,3.0,Linf,1.0,0.1455546514284699,"[1.0383708477020264, 0.969852089881897, 1.0523163080215454, 1.10141921043396, 1.0654014348983765, 1.0179359912872314, 0.7814337611198425, 0.9262977242469788, 1.0063055753707886, 1.0783268213272095, 1.0329124927520752, 0.9954737424850464, 0.8990466594696045, 0.9549583792686462, 0.9839462637901306, 1.019515037536621, 1.000553011894226, 1.0067960023880005, 0.9754472970962524, 0.9984435439109802, 0.9926980137825012, 0.9994469285011292]",,,False,999,0.5868055820465088,0.3506944477558136,0.6493055522441864,20.591392517089844,20.566909790039062,0.14555466175079346,17.459238052368164,0.4905923306941986,"[0.5, 0.5277777777777778, 0.9722222222222222, 0.3472222222222222]","[0.2222222222222222, 0.3055555555555556, 0.7916666666666666, 0.08333333333333333]",0.0,1,False,0.9988971626199887,0.15547757638685547,0.15544417325146484,-3.3403135390630556e-05,0.98046875,0.22231401171011692,0.22526020587498716,0.0029461941648702417,"['CP3', 'C1', 'CP4', 'C3', 'FC1']","['CP3', 'C1', 'CP4', 'C3', 'FC1']",,,,1,DeepConvNet
FGSM_LP,True,gaussian,3.0,Linf,2.0,0.2911093028569398,"[2.0767416954040527, 1.939704179763794, 2.104632616043091, 2.20283842086792, 2.130802869796753, 2.035871982574463, 1.562867522239685, 1.8525954484939575, 2.012611150741577, 2.156653642654419, 2.0658249855041504, 1.9909474849700928, 1.798093318939209, 1.9099167585372925, 1.9678925275802612, 2.039030075073242, 2.001106023788452, 2.013592004776001, 1.9508945941925049, 1.9968870878219604, 1.9853960275650024, 1.9988938570022583]",,,False,999,0.5868055820465088,0.0555555559694767,0.9444444440305233,37.92882537841797,37.92463684082031,0.2911093235015869,12.144508361816406,0.46753358840942383,"[0.5, 0.5277777777777778, 0.9722222222222222, 0.3472222222222222]","[0.013888888888888888, 0.041666666666666664, 0.16666666666666666, 0.0]",0.0,1,False,0.9988971626199887,0.15547757638685547,0.15544417325146484,-3.3403135390630556e-05,0.98046875,0.22231401171011692,0.22526020587498716,0.0029461941648702417,"['CP3', 'C1', 'CP4', 'C3', 'FC1']","['CP3', 'C1', 'CP4', 'C3', 'FC1']",,,,1,DeepConvNet
PGD_LP,True,gaussian,3.0,Linf,0.25,0.036388662857117476,"[0.2595927119255066, 0.24246302247047424, 0.26307907700538635, 0.27535480260849, 0.2663503587245941, 0.25448399782180786, 0.19535844027996063, 0.2315744310617447, 0.25157639384269714, 0.26958170533180237, 0.2582281231880188, 0.2488684356212616, 0.22476166486740112, 0.23873959481716156, 0.24598656594753265, 0.2548787593841553, 0.2501382529735565, 0.2516990005970001, 0.2438618242740631, 0.24961088597774506, 0.2481745034456253, 0.2498617321252823]",40.0,0.0045485828571396845,True,999,0.5868055820465088,0.5590277910232544,0.4409722089767456,5.539529323577881,5.535767555236816,0.03638876974582672,28.85869026184082,0.5263262391090393,"[0.5, 0.5277777777777778, 0.9722222222222222, 0.3472222222222222]","[0.4861111111111111, 0.5416666666666666, 0.9583333333333334, 0.25]",0.0,1,False,0.9988618718238282,0.15547757638685547,0.1554262918304096,-5.128455644587415e-05,0.984375,0.22231401171011692,0.22521355579093483,0.002899544080817912,"['CP3', 'C1', 'CP4', 'C3', 'FC1']","['CP3', 'C1', 'CP4', 'C3', 'FC1']",,,,1,DeepConvNet
PGD_LP,True,gaussian,3.0,Linf,0.5,0.07277732571423495,"[0.5191854238510132, 0.4849260449409485, 0.5261581540107727, 0.55070960521698, 0.5327007174491882, 0.5089679956436157, 0.39071688055992126, 0.4631488621234894, 0.5031527876853943, 0.5391634106636047, 0.5164562463760376, 0.4977368712425232, 0.44952332973480225, 0.4774791896343231, 0.4919731318950653, 0.5097575187683105, 0.500276505947113, 0.5033980011940002, 0.4877236485481262, 0.4992217719554901, 0.4963490068912506, 0.4997234642505646]",40.0,0.009097165714279369,True,999,0.5868055820465088,0.5138888955116272,0.4861111044883728,10.793340682983398,10.779651641845703,0.07277735322713852,23.070289611816406,0.5115361213684082,"[0.5, 0.5277777777777778, 0.9722222222222222, 0.3472222222222222]","[0.4583333333333333, 0.4861111111111111, 0.9305555555555556, 0.18055555555555555]",0.0,1,False,0.9988618718238282,0.15547757638685547,0.1554262918304096,-5.128455644587415e-05,0.984375,0.22231401171011692,0.22521355579093483,0.002899544080817912,"['CP3', 'C1', 'CP4', 'C3', 'FC1']","['CP3', 'C1', 'CP4', 'C3', 'FC1']",,,,1,DeepConvNet
PGD_LP,True,gaussian,3.0,Linf,1.0,0.1455546514284699,"[1.0383708477020264, 0.969852089881897, 1.0523163080215454, 1.10141921043396, 1.0654014348983765, 1.0179359912872314, 0.7814337611198425, 0.9262977242469788, 1.0063055753707886, 1.0783268213272095, 1.0329124927520752, 0.9954737424850464, 0.8990466594696045, 0.9549583792686462, 0.9839462637901306, 1.019515037536621, 1.000553011894226, 1.0067960023880005, 0.9754472970962524, 0.9984435439109802, 0.9926980137825012, 0.9994469285011292]",40.0,0.018194331428558738,True,999,0.5868055820465088,0.4270833432674408,0.5729166567325592,20.599903106689453,20.567594528198242,0.14555466175079346,17.458932876586914,0.4915323555469513,"[0.5, 0.5277777777777778, 0.9722222222222222, 0.3472222222222222]","[0.375, 0.3888888888888889, 0.8194444444444444, 0.125]",0.0,1,False,0.9988618718238282,0.15547757638685547,0.1554262918304096,-5.128455644587415e-05,0.984375,0.22231401171011692,0.22521355579093483,0.002899544080817912,"['CP3', 'C1', 'CP4', 'C3', 'FC1']","['CP3', 'C1', 'CP4', 'C3', 'FC1']",,,,1,DeepConvNet
PGD_LP,True,gaussian,3.0,Linf,2.0,0.2911093028569398,"[2.0767416954040527, 1.939704179763794, 2.104632616043091, 2.20283842086792, 2.130802869796753, 2.035871982574463, 1.562867522239685, 1.8525954484939575, 2.012611150741577, 2.156653642654419, 2.0658249855041504, 1.9909474849700928, 1.798093318939209, 1.9099167585372925, 1.9678925275802612, 2.039030075073242, 2.001106023788452, 2.013592004776001, 1.9508945941925049, 1.9968870878219604, 1.9853960275650024, 1.9988938570022583]",40.0,0.036388662857117476,True,999,0.5868055820465088,0.1180555522441864,0.8819444477558136,37.85857391357422,37.87129592895508,0.2911093235015869,12.15676212310791,0.4663737118244171,"[0.5, 0.5277777777777778, 0.9722222222222222, 0.3472222222222222]","[0.08333333333333333, 0.18055555555555555, 0.20833333333333334, 0.0]",0.0,1,False,0.9988618718238282,0.15547757638685547,0.1554262918304096,-5.128455644587415e-05,0.984375,0.22231401171011692,0.22521355579093483,0.002899544080817912,"['CP3', 'C1', 'CP4', 'C3', 'FC1']","['CP3', 'C1', 'CP4', 'C3', 'FC1']",,,,1,DeepConvNet
DeepFool_L2,,,,L2,,,,50.0,,,999,0.5868055820465088,0.2291666716337204,0.7708333283662796,0.0,68.27865600585938,2.2166452407836914,118.65901947021484,138.54183959960938,,,0.0,1,False,0.971387987012987,0.15547757638685547,0.1549294521507897,-0.0005481242360657612,0.90625,0.22231401171011692,0.27825325494789743,0.05593924323778052,"['CP3', 'C1', 'CP4', 'C3', 'FC1']","['CP3', 'C1', 'C3', 'CP4', 'FC1']",,,,1,DeepConvNet
FGSM,False,,,Linf,0.25,0.036388662857117476,"[0.2595927119255066, 0.24246302247047424, 0.26307907700538635, 0.27535480260849, 0.2663503587245941, 0.25448399782180786, 0.19535844027996063, 0.2315744310617447, 0.25157639384269714, 0.26958170533180237, 0.2582281231880188, 0.2488684356212616, 0.22476166486740112, 0.23873959481716156, 0.24598656594753265, 0.2548787593841553, 0.2501382529735565, 0.2516990005970001, 0.2438618242740631, 0.24961088597774506, 0.2481745034456253, 0.2498617321252823]",,,False,42,0.6944444179534912,0.0451388880610466,0.9548611119389534,116.86748504638672,116.56160736083984,3.7802646160125732,2.4146981239318848,0.1081906259059906,"[0.4861111111111111, 0.6944444444444444, 0.8194444444444444, 0.7777777777777778]","[0.0, 0.0, 0.18055555555555555, 0.0]",0.0,1,False,0.9387881140598533,0.12647285312100776,0.12188385520831098,-0.004588997912696777,0.91015625,-0.23532324913456001,-0.28091614049270247,-0.04559289135814246,"['P1', 'C1', 'FC2', 'CP1', 'CP3']","['C1', 'P1', 'FC2', 'CP1', 'POz']",,,,1,CTNet
FGSM,False,,,Linf,0.5,0.07277732571423495,"[0.5191854238510132, 0.4849260449409485, 0.5261581540107727, 0.55070960521698, 0.5327007174491882, 0.5089679956436157, 0.39071688055992126, 0.4631488621234894, 0.5031527876853943, 0.5391634106636047, 0.5164562463760376, 0.4977368712425232, 0.44952332973480225, 0.4774791896343231, 0.4919731318950653, 0.5097575187683105, 0.500276505947113, 0.5033980011940002, 0.4877236485481262, 0.4992217719554901, 0.4963490068912506, 0.4997234642505646]",,,False,42,0.6944444179534912,0.0,1.0,116.97756958007812,116.70977020263672,3.7802646160125732,2.4035048484802246,0.10650280117988586,"[0.4861111111111111, 0.6944444444444444, 0.8194444444444444, 0.7777777777777778]","[0.0, 0.0, 0.0, 0.0]",0.0,1,False,0.9387881140598533,0.12647285312100776,0.12188385520831098,-0.004588997912696777,0.91015625,-0.23532324913456001,-0.28091614049270247,-0.04559289135814246,"['P1', 'C1', 'FC2', 'CP1', 'CP3']","['C1', 'P1', 'FC2', 'CP1', 'POz']",,,,1,CTNet
FGSM,False,,,Linf,1.0,0.1455546514284699,"[1.0383708477020264, 0.969852089881897, 1.0523163080215454, 1.10141921043396, 1.0654014348983765, 1.0179359912872314, 0.7814337611198425, 0.9262977242469788, 1.0063055753707886, 1.0783268213272095, 1.0329124927520752, 0.9954737424850464, 0.8990466594696045, 0.9549583792686462, 0.9839462637901306, 1.019515037536621, 1.000553011894226, 1.0067960023880005, 0.9754472970962524, 0.9984435439109802, 0.9926980137825012, 0.9994469285011292]",,,False,42,0.6944444179534912,0.0,1.0,117.53663635253906,117.29842376708984,3.7802646160125732,2.3591864109039307,0.10007406026124954,"[0.4861111111111111, 0.6944444444444444, 0.8194444444444444, 0.7777777777777778]","[0.0, 0.0, 0.0, 0.0]",0.0,1,False,0.9387881140598533,0.12647285312100776,0.12188385520831098,-0.004588997912696777,0.91015625,-0.23532324913456001,-0.28091614049270247,-0.04559289135814246,"['P1', 'C1', 'FC2', 'CP1', 'CP3']","['C1', 'P1', 'FC2', 'CP1', 'POz']",,,,1,CTNet
FGSM,False,,,Linf,2.0,0.2911093028569398,"[2.0767416954040527, 1.939704179763794, 2.104632616043091, 2.20283842086792, 2.130802869796753, 2.035871982574463, 1.562867522239685, 1.8525954484939575, 2.012611150741577, 2.156653642654419, 2.0658249855041504, 1.9909474849700928, 1.798093318939209, 1.9099167585372925, 1.9678925275802612, 2.039030075073242, 2.001106023788452, 2.013592004776001, 1.9508945941925049, 1.9968870878219604, 1.9853960275650024, 1.9988938570022583]",,,False,42,0.6944444179534912,0.0,1.0,119.77603149414062,119.59024810791016,3.7802646160125732,2.1888797283172607,0.080036960542202,"[0.4861111111111111, 0.6944444444444444, 0.8194444444444444, 0.7777777777777778]","[0.0, 0.0, 0.0, 0.0]",0.0,1,False,0.9387881140598533,0.12647285312100776,0.12188385520831098,-0.004588997912696777,0.91015625,-0.23532324913456001,-0.28091614049270247,-0.04559289135814246,"['P1', 'C1', 'FC2', 'CP1', 'CP3']","['C1', 'P1', 'FC2', 'CP1', 'POz']",,,,1,CTNet
PGD,False,,,Linf,0.25,0.036388662857117476,"[0.2595927119255066, 0.24246302247047424, 0.26307907700538635, 0.27535480260849, 0.2663503587245941, 0.25448399782180786, 0.19535844027996063, 0.2315744310617447, 0.25157639384269714, 0.26958170533180237, 0.2582281231880188, 0.2488684356212616, 0.22476166486740112, 0.23873959481716156, 0.24598656594753265, 0.2548787593841553, 0.2501382529735565, 0.2516990005970001, 0.2438618242740631, 0.24961088597774506, 0.2481745034456253, 0.2498617321252823]",40.0,0.0045485828571396845,True,42,0.6944444179534912,0.0173611119389534,0.9826388880610466,116.86735534667969,116.56149291992188,3.7802646160125732,2.414706230163574,0.10819164663553238,"[0.4861111111111111, 0.6944444444444444, 0.8194444444444444, 0.7777777777777778]","[0.0, 0.0, 0.06944444444444445, 0.0]",0.0,1,False,0.937579404291361,0.12647285312100776,0.12256396904074691,-0.003908884080260841,0.91015625,-0.23532324913456001,-0.28586466811896155,-0.05054141898440154,"['P1', 'C1', 'FC2', 'CP1', 'CP3']","['C1', 'P1', 'CP1', 'FC2', 'POz']",,,,1,CTNet
PGD,False,,,Linf,0.5,0.07277732571423495,"[0.5191854238510132, 0.4849260449409485, 0.5261581540107727, 0.55070960521698, 0.5327007174491882, 0.5089679956436157, 0.39071688055992126, 0.4631488621234894, 0.5031527876853943, 0.5391634106636047, 0.5164562463760376, 0.4977368712425232, 0.44952332973480225, 0.4774791896343231, 0.4919731318950653, 0.5097575187683105, 0.500276505947113, 0.5033980011940002, 0.4877236485481262, 0.4992217719554901, 0.4963490068912506, 0.4997234642505646]",40.0,0.009097165714279369,True,42,0.6944444179534912,0.0,1.0,116.97647094726562,116.70884704589844,3.7802646160125732,2.403573751449585,0.1065092459321022,"[0.4861111111111111, 0.6944444444444444, 0.8194444444444444, 0.7777777777777778]","[0.0, 0.0, 0.0, 0.0]",0.0,1,False,0.937579404291361,0.12647285312100776,0.12256396904074691,-0.003908884080260841,0.91015625,-0.23532324913456001,-0.28586466811896155,-0.05054141898440154,"['P1', 'C1', 'FC2', 'CP1', 'CP3']","['C1', 'P1', 'CP1', 'FC2', 'POz']",,,,1,CTNet
PGD,False,,,Linf,1.0,0.1455546514284699,"[1.0383708477020264, 0.969852089881897, 1.0523163080215454, 1.10141921043396, 1.0654014348983765, 1.0179359912872314, 0.7814337611198425, 0.9262977242469788, 1.0063055753707886, 1.0783268213272095, 1.0329124927520752, 0.9954737424850464, 0.8990466594696045, 0.9549583792686462, 0.9839462637901306, 1.019515037536621, 1.000553011894226, 1.0067960023880005, 0.9754472970962524, 0.9984435439109802, 0.9926980137825012, 0.9994469285011292]",40.0,0.018194331428558738,True,42,0.6944444179534912,0.0,1.0,117.52364349365234,117.28911590576172,3.7802646160125732,2.3598828315734863,0.10015043616294861,"[0.4861111111111111, 0.6944444444444444, 0.8194444444444444, 0.7777777777777778]","[0.0, 0.0, 0.0, 0.0]",0.0,1,False,0.937579404291361,0.12647285312100776,0.12256396904074691,-0.003908884080260841,0.91015625,-0.23532324913456001,-0.28586466811896155,-0.05054141898440154,"['P1', 'C1', 'FC2', 'CP1', 'CP3']","['C1', 'P1', 'CP1', 'FC2', 'POz']",,,,1,CTNet
PGD,False,,,Linf,2.0,0.2911093028569398,"[2.0767416954040527, 1.939704179763794, 2.104632616043091, 2.20283842086792, 2.130802869796753, 2.035871982574463, 1.562867522239685, 1.8525954484939575, 2.012611150741577, 2.156653642654419, 2.0658249855041504, 1.9909474849700928, 1.798093318939209, 1.9099167585372925, 1.9678925275802612, 2.039030075073242, 2.001106023788452, 2.013592004776001, 1.9508945941925049, 1.9968870878219604, 1.9853960275650024, 1.9988938570022583]",40.0,0.036388662857117476,True,42,0.6944444179534912,0.0,1.0,119.7052230834961,119.50596618652344,3.7802646160125732,2.1951045989990234,0.08077994734048843,"[0.4861111111111111, 0.6944444444444444, 0.8194444444444444, 0.7777777777777778]","[0.0, 0.0, 0.0, 0.0]",0.0,1,False,0.937579404291361,0.12647285312100776,0.12256396904074691,-0.003908884080260841,0.91015625,-0.23532324913456001,-0.28586466811896155,-0.05054141898440154,"['P1', 'C1', 'FC2', 'CP1', 'CP3']","['C1', 'P1', 'CP1', 'FC2', 'POz']",,,,1,CTNet
FGSM_LP,True,gaussian,3.0,Linf,0.25,0.036388662857117476,"[0.2595927119255066, 0.24246302247047424, 0.26307907700538635, 0.27535480260849, 0.2663503587245941, 0.25448399782180786, 0.19535844027996063, 0.2315744310617447, 0.25157639384269714, 0.26958170533180237, 0.2582281231880188, 0.2488684356212616, 0.22476166486740112, 0.23873959481716156, 0.24598656594753265, 0.2548787593841553, 0.2501382529735565, 0.2516990005970001, 0.2438618242740631, 0.24961088597774506, 0.2481745034456253, 0.2498617321252823]",,,False,42,0.6944444179534912,0.5763888955116272,0.4236111044883728,5.547396659851074,5.548682689666748,0.03638876974582672,28.83839225769043,0.5312244892120361,"[0.4861111111111111, 0.6944444444444444, 0.8194444444444444, 0.7777777777777778]","[0.375, 0.5416666666666666, 0.7638888888888888, 0.625]",0.0,1,False,0.9987559994353472,0.12647285312100776,0.12625219730439421,-0.00022065581661354083,0.984375,-0.23532324913456001,-0.23855612203349152,-0.0032328728989315103,"['P1', 'C1', 'FC2', 'CP1', 'CP3']","['P1', 'C1', 'FC2', 'CP1', 'POz']",,,,1,CTNet
FGSM_LP,True,gaussian,3.0,Linf,0.5,0.07277732571423495,"[0.5191854238510132, 0.4849260449409485, 0.5261581540107727, 0.55070960521698, 0.5327007174491882, 0.5089679956436157, 0.39071688055992126, 0.4631488621234894, 0.5031527876853943, 0.5391634106636047, 0.5164562463760376, 0.4977368712425232, 0.44952332973480225, 0.4774791896343231, 0.4919731318950653, 0.5097575187683105, 0.500276505947113, 0.5033980011940002, 0.4877236485481262, 0.4992217719554901, 0.4963490068912506, 0.4997234642505646]",,,False,42,0.6944444179534912,0.3194444477558136,0.6805555522441864,10.829399108886719,10.827448844909668,0.07277735322713852,23.031747817993164,0.5195921659469604,"[0.4861111111111111, 0.6944444444444444, 0.8194444444444444, 0.7777777777777778]","[0.18055555555555555, 0.25, 0.5, 0.3472222222222222]",0.0,1,False,0.9987559994353472,0.12647285312100776,0.12625219730439421,-0.00022065581661354083,0.984375,-0.23532324913456001,-0.23855612203349152,-0.0032328728989315103,"['P1', 'C1', 'FC2', 'CP1', 'CP3']","['P1', 'C1', 'FC2', 'CP1', 'POz']",,,,1,CTNet
FGSM_LP,True,gaussian,3.0,Linf,1.0,0.1455546514284699,"[1.0383708477020264, 0.969852089881897, 1.0523163080215454, 1.10141921043396, 1.0654014348983765, 1.0179359912872314, 0.7814337611198425, 0.9262977242469788, 1.0063055753707886, 1.0783268213272095, 1.0329124927520752, 0.9954737424850464, 0.8990466594696045, 0.9549583792686462, 0.9839462637901306, 1.019515037536621, 1.000553011894226, 1.0067960023880005, 0.9754472970962524, 0.9984435439109802, 0.9926980137825012, 0.9994469285011292]",,,False,42,0.6944444179534912,0.02083333395421505,0.979166666045785,20.759254455566406,20.74685287475586,0.14555466175079346,17.38334083557129,0.5062323808670044,"[0.4861111111111111, 0.6944444444444444, 0.8194444444444444, 0.7777777777777778]","[0.0, 0.013888888888888888, 0.013888888888888888, 0.05555555555555555]",0.0,1,False,0.9987559994353472,0.12647285312100776,0.12625219730439421,-0.00022065581661354083,0.984375,-0.23532324913456001,-0.23855612203349152,-0.0032328728989315103,"['P1', 'C1', 'FC2', 'CP1', 'CP3']","['P1', 'C1', 'FC2', 'CP1', 'POz']",,,,1,CTNet
FGSM_LP,True,gaussian,3.0,Linf,2.0,0.2911093028569398,"[2.0767416954040527, 1.939704179763794, 2.104632616043091, 2.20283842086792, 2.130802869796753, 2.035871982574463, 1.562867522239685, 1.8525954484939575, 2.012611150741577, 2.156653642654419, 2.0658249855041504, 1.9909474849700928, 1.798093318939209, 1.9099167585372925, 1.9678925275802612, 2.039030075073242, 2.001106023788452, 2.013592004776001, 1.9508945941925049, 1.9968870878219604, 1.9853960275650024, 1.9988938570022583]",,,False,42,0.6944444179534912,0.0,1.0,38.58087921142578,38.58995056152344,0.2911093235015869,11.993088722229004,0.49578824639320374,"[0.4861111111111111, 0.6944444444444444, 0.8194444444444444, 0.7777777777777778]","[0.0, 0.0, 0.0, 0.0]",0.0,1,False,0.9987559994353472,0.12647285312100776,0.12625219730439421,-0.00022065581661354083,0.984375,-0.23532324913456001,-0.23855612203349152,-0.0032328728989315103,"['P1', 'C1', 'FC2', 'CP1', 'CP3']","['P1', 'C1', 'FC2', 'CP1', 'POz']",,,,1,CTNet
PGD_LP,True,gaussian,3.0,Linf,0.25,0.036388662857117476,"[0.2595927119255066, 0.24246302247047424, 0.26307907700538635, 0.27535480260849, 0.2663503587245941, 0.25448399782180786, 0.19535844027996063, 0.2315744310617447, 0.25157639384269714, 0.26958170533180237, 0.2582281231880188, 0.2488684356212616, 0.22476166486740112, 0.23873959481716156, 0.24598656594753265, 0.2548787593841553, 0.2501382529735565, 0.2516990005970001, 0.2438618242740631, 0.24961088597774506, 0.2481745034456253, 0.2498617321252823]",40.0,0.0045485828571396845,True,42,0.6944444179534912,0.6076388955116272,0.3923611044883728,5.550508975982666,5.550436019897461,0.03638876974582672,28.83564567565918,0.5316271185874939,"[0.4861111111111111, 0.6944444444444444, 0.8194444444444444, 0.7777777777777778]","[0.4305555555555556, 0.5416666666666666, 0.7638888888888888, 0.6944444444444444]",0.0,1,False,0.9986942405420667,0.12647285312100776,0.1262984266056273,-0.00017442651538046583,0.9921875,-0.23532324913456001,-0.23849522999949196,-0.0031719808649319503,"['P1', 'C1', 'FC2', 'CP1', 'CP3']","['P1', 'C1', 'FC2', 'CP1', 'POz']",,,,1,CTNet
PGD_LP,True,gaussian,3.0,Linf,0.5,0.07277732571423495,"[0.5191854238510132, 0.4849260449409485, 0.5261581540107727, 0.55070960521698, 0.5327007174491882, 0.5089679956436157, 0.39071688055992126, 0.4631488621234894, 0.5031527876853943, 0.5391634106636047, 0.5164562463760376, 0.4977368712425232, 0.44952332973480225, 0.4774791896343231, 0.4919731318950653, 0.5097575187683105, 0.500276505947113, 0.5033980011940002, 0.4877236485481262, 0.4992217719554901, 0.4963490068912506, 0.4997234642505646]",40.0,0.009097165714279369,True,42,0.6944444179534912,0.4236111044883728,0.5763888955116272,10.837321281433105,10.832836151123047,0.07277735322713852,23.02741813659668,0.5203536748886108,"[0.4861111111111111, 0.6944444444444444, 0.8194444444444444, 0.7777777777777778]","[0.3055555555555556, 0.3333333333333333, 0.5555555555555556, 0.5]",0.0,1,False,0.9986942405420667,0.12647285312100776,0.1262984266056273,-0.00017442651538046583,0.9921875,-0.23532324913456001,-0.23849522999949196,-0.0031719808649319503,"['P1', 'C1', 'FC2', 'CP1', 'CP3']","['P1', 'C1', 'FC2', 'CP1', 'POz']",,,,1,CTNet
PGD_LP,True,gaussian,3.0,Linf,1.0,0.1455546514284699,"[1.0383708477020264, 0.969852089881897, 1.0523163080215454, 1.10141921043396, 1.0654014348983765, 1.0179359912872314, 0.7814337611198425, 0.9262977242469788, 1.0063055753707886, 1.0783268213272095, 1.0329124927520752, 0.9954737424850464, 0.8990466594696045, 0.9549583792686462, 0.9839462637901306, 1.019515037536621, 1.000553011894226, 1.0067960023880005, 0.9754472970962524, 0.9984435439109802, 0.9926980137825012, 0.9994469285011292]",40.0,0.018194331428558738,True,42,0.6944444179534912,0.0625,0.9375,20.77254295349121,20.75963592529297,0.14555466175079346,17.377975463867188,0.5073266625404358,"[0.4861111111111111, 0.6944444444444444, 0.8194444444444444, 0.7777777777777778]","[0.013888888888888888, 0.06944444444444445, 0.013888888888888888, 0.1527777777777778]",0.0,1,False,0.9986942405420667,0.12647285312100776,0.1262984266056273,-0.00017442651538046583,0.9921875,-0.23532324913456001,-0.23849522999949196,-0.0031719808649319503,"['P1', 'C1', 'FC2', 'CP1', 'CP3']","['P1', 'C1', 'FC2', 'CP1', 'POz']",,,,1,CTNet
PGD_LP,True,gaussian,3.0,Linf,2.0,0.2911093028569398,"[2.0767416954040527, 1.939704179763794, 2.104632616043091, 2.20283842086792, 2.130802869796753, 2.035871982574463, 1.562867522239685, 1.8525954484939575, 2.012611150741577, 2.156653642654419, 2.0658249855041504, 1.9909474849700928, 1.798093318939209, 1.9099167585372925, 1.9678925275802612, 2.039030075073242, 2.001106023788452, 2.013592004776001, 1.9508945941925049, 1.9968870878219604, 1.9853960275650024, 1.9988938570022583]",40.0,0.036388662857117476,True,42,0.6944444179534912,0.0,1.0,38.55866241455078,38.57977294921875,0.2911093235015869,11.995372772216797,0.4952791631221771,"[0.4861111111111111, 0.6944444444444444, 0.8194444444444444, 0.7777777777777778]","[0.0, 0.0, 0.0, 0.0]",0.0,1,False,0.9986942405420667,0.12647285312100776,0.1262984266056273,-0.00017442651538046583,0.9921875,-0.23532324913456001,-0.23849522999949196,-0.0031719808649319503,"['P1', 'C1', 'FC2', 'CP1', 'CP3']","['P1', 'C1', 'FC2', 'CP1', 'POz']",,,,1,CTNet
DeepFool_L2,,,,L2,,,,50.0,,,42,0.6944444179534912,0.09375,0.90625,112.77584075927734,80.94589233398438,2.6293864250183105,88.36843872070312,129.5829315185547,,,0.0,1,False,0.9596537972896668,0.12647285312100776,0.12382890669925335,-0.0026439464217544034,0.94921875,-0.23532324913456001,-0.26009738037105373,-0.02477413123649372,"['P1', 'C1', 'FC2', 'CP1', 'CP3']","['C1', 'P1', 'CP1', 'FC2', 'POz']",,,,1,CTNet
FGSM,False,,,Linf,0.25,0.036388662857117476,"[0.2595927119255066, 0.24246302247047424, 0.26307907700538635, 0.27535480260849, 0.2663503587245941, 0.25448399782180786, 0.19535844027996063, 0.2315744310617447, 0.25157639384269714, 0.26958170533180237, 0.2582281231880188, 0.2488684356212616, 0.22476166486740112, 0.23873959481716156, 0.24598656594753265, 0.2548787593841553, 0.2501382529735565, 0.2516990005970001, 0.2438618242740631, 0.24961088597774506, 0.2481745034456253, 0.2498617321252823]",,,False,123,0.6076388955116272,0.2465277761220932,0.7534722238779068,118.0289077758789,116.56159210205078,3.7802646160125732,2.4146993160247803,0.10819078981876373,"[0.3194444444444444, 0.6527777777777778, 0.9027777777777778, 0.5555555555555556]","[0.0, 0.0, 0.9861111111111112, 0.0]",0.0,1,False,0.8497494353472616,0.12880952586517597,0.1261946013463239,-0.002614924518852063,0.69140625,0.017369311617523985,0.03572095933862771,0.018351647721103728,"['CP1', 'FC3', 'POz', 'CP2', 'P2']","['CP1', 'P2', 'P1', 'POz', 'FC4']",,,,1,CTNet
FGSM,False,,,Linf,0.5,0.07277732571423495,"[0.5191854238510132, 0.4849260449409485, 0.5261581540107727, 0.55070960521698, 0.5327007174491882, 0.5089679956436157, 0.39071688055992126, 0.4631488621234894, 0.5031527876853943, 0.5391634106636047, 0.5164562463760376, 0.4977368712425232, 0.44952332973480225, 0.4774791896343231, 0.4919731318950653, 0.5097575187683105, 0.500276505947113, 0.5033980011940002, 0.4877236485481262, 0.4992217719554901, 0.4963490068912506, 0.4997234642505646]",,,False,123,0.6076388955116272,0.0972222238779068,0.9027777761220932,117.42085266113281,116.70970153808594,3.7802646160125732,2.4035110473632812,0.10650580376386642,"[0.3194444444444444, 0.6527777777777778, 0.9027777777777778, 0.5555555555555556]","[0.0, 0.0, 0.3888888888888889, 0.0]",0.0,1,False,0.8497494353472616,0.12880952586517597,0.1261946013463239,-0.002614924518852063,0.69140625,0.017369311617523985,0.03572095933862771,0.018351647721103728,"['CP1', 'FC3', 'POz', 'CP2', 'P2']","['CP1', 'P2', 'P1', 'POz', 'FC4']",,,,1,CTNet
FGSM,False,,,Linf,1.0,0.1455546514284699,"[1.0383708477020264, 0.969852089881897, 1.0523163080215454, 1.10141921043396, 1.0654014348983765, 1.0179359912872314, 0.7814337611198425, 0.9262977242469788, 1.0063055753707886, 1.0783268213272095, 1.0329124927520752, 0.9954737424850464, 0.8990466594696045, 0.9549583792686462, 0.9839462637901306, 1.019515037536621, 1.000553011894226, 1.0067960023880005, 0.9754472970962524, 0.9984435439109802, 0.9926980137825012, 0.9994469285011292]",,,False,123,0.6076388955116272,0.0,1.0,117.53669738769531,117.29788208007812,3.7802646160125732,2.359227180480957,0.10009662061929703,"[0.3194444444444444, 0.6527777777777778, 0.9027777777777778, 0.5555555555555556]","[0.0, 0.0, 0.0, 0.0]",0.0,1,False,0.8497494353472616,0.12880952586517597,0.1261946013463239,-0.002614924518852063,0.69140625,0.017369311617523985,0.03572095933862771,0.018351647721103728,"['CP1', 'FC3', 'POz', 'CP2', 'P2']","['CP1', 'P2', 'P1', 'POz', 'FC4']",,,,1,CTNet
FGSM,False,,,Linf,2.0,0.2911093028569398,"[2.0767416954040527, 1.939704179763794, 2.104632616043091, 2.20283842086792, 2.130802869796753, 2.035871982574463, 1.562867522239685, 1.8525954484939575, 2.012611150741577, 2.156653642654419, 2.0658249855041504, 1.9909474849700928, 1.798093318939209, 1.9099167585372925, 1.9678925275802612, 2.039030075073242, 2.001106023788452, 2.013592004776001, 1.9508945941925049, 1.9968870878219604, 1.9853960275650024, 1.9988938570022583]",,,False,123,0.6076388955116272,0.0,1.0,119.79254150390625,119.58657836914062,3.7802646160125732,2.1891543865203857,0.08008105307817459,"[0.3194444444444444, 0.6527777777777778, 0.9027777777777778, 0.5555555555555556]","[0.0, 0.0, 0.0, 0.0]",0.0,1,False,0.8497494353472616,0.12880952586517597,0.1261946013463239,-0.002614924518852063,0.69140625,0.017369311617523985,0.03572095933862771,0.018351647721103728,"['CP1', 'FC3', 'POz', 'CP2', 'P2']","['CP1', 'P2', 'P1', 'POz', 'FC4']",,,,1,CTNet
PGD,False,,,Linf,0.25,0.036388662857117476,"[0.2595927119255066, 0.24246302247047424, 0.26307907700538635, 0.27535480260849, 0.2663503587245941, 0.25448399782180786, 0.19535844027996063, 0.2315744310617447, 0.25157639384269714, 0.26958170533180237, 0.2582281231880188, 0.2488684356212616, 0.22476166486740112, 0.23873959481716156, 0.24598656594753265, 0.2548787593841553, 0.2501382529735565, 0.2516990005970001, 0.2438618242740631, 0.24961088597774506, 0.2481745034456253, 0.2498617321252823]",40.0,0.0045485828571396845,True,123,0.6076388955116272,0.2465277761220932,0.7534722238779068,118.0287857055664,116.56143951416016,3.7802646160125732,2.41471004486084,0.10819219052791595,"[0.3194444444444444, 0.6527777777777778, 0.9027777777777778, 0.5555555555555556]","[0.0, 0.0, 0.9861111111111112, 0.0]",0.0,1,False,0.8495112224731791,0.12880952586517597,0.12603252768584922,-0.0027769981793267506,0.69921875,0.017369311617523985,0.034518186760352065,0.01714887514282808,"['CP1', 'FC3', 'POz', 'CP2', 'P2']","['CP1', 'P2', 'P1', 'POz', 'FC4']",,,,1,CTNet
PGD,False,,,Linf,0.5,0.07277732571423495,"[0.5191854238510132, 0.4849260449409485, 0.5261581540107727, 0.55070960521698, 0.5327007174491882, 0.5089679956436157, 0.39071688055992126, 0.4631488621234894, 0.5031527876853943, 0.5391634106636047, 0.5164562463760376, 0.4977368712425232, 0.44952332973480225, 0.4774791896343231, 0.4919731318950653, 0.5097575187683105, 0.500276505947113, 0.5033980011940002, 0.4877236485481262, 0.4992217719554901, 0.4963490068912506, 0.4997234642505646]",40.0,0.009097165714279369,True,123,0.6076388955116272,0.010416666977107525,0.9895833330228925,116.91377258300781,116.70854949951172,3.7802646160125732,2.4035966396331787,0.10651375353336334,"[0.3194444444444444, 0.6527777777777778, 0.9027777777777778, 0.5555555555555556]","[0.0, 0.0, 0.041666666666666664, 0.0]",0.0,1,False,0.8495112224731791,0.12880952586517597,0.12603252768584922,-0.0027769981793267506,0.69921875,0.017369311617523985,0.034518186760352065,0.01714887514282808,"['CP1', 'FC3', 'POz', 'CP2', 'P2']","['CP1', 'P2', 'P1', 'POz', 'FC4']",,,,1,CTNet
PGD,False,,,Linf,1.0,0.1455546514284699,"[1.0383708477020264, 0.969852089881897, 1.0523163080215454, 1.10141921043396, 1.0654014348983765, 1.0179359912872314, 0.7814337611198425, 0.9262977242469788, 1.0063055753707886, 1.0783268213272095, 1.0329124927520752, 0.9954737424850464, 0.8990466594696045, 0.9549583792686462, 0.9839462637901306, 1.019515037536621, 1.000553011894226, 1.0067960023880005, 0.9754472970962524, 0.9984435439109802, 0.9926980137825012, 0.9994469285011292]",40.0,0.018194331428558738,True,123,0.6076388955116272,0.0,1.0,117.523193359375,117.28807067871094,3.7802646160125732,2.3599607944488525,0.10016042739152908,"[0.3194444444444444, 0.6527777777777778, 0.9027777777777778, 0.5555555555555556]","[0.0, 0.0, 0.0, 0.0]",0.0,1,False,0.8495112224731791,0.12880952586517597,0.12603252768584922,-0.0027769981793267506,0.69921875,0.017369311617523985,0.034518186760352065,0.01714887514282808,"['CP1', 'FC3', 'POz', 'CP2', 'P2']","['CP1', 'P2', 'P1', 'POz', 'FC4']",,,,1,CTNet
PGD,False,,,Linf,2.0,0.2911093028569398,"[2.0767416954040527, 1.939704179763794, 2.104632616043091, 2.20283842086792, 2.130802869796753, 2.035871982574463, 1.562867522239685, 1.8525954484939575, 2.012611150741577, 2.156653642654419, 2.0658249855041504, 1.9909474849700928, 1.798093318939209, 1.9099167585372925, 1.9678925275802612, 2.039030075073242, 2.001106023788452, 2.013592004776001, 1.9508945941925049, 1.9968870878219604, 1.9853960275650024, 1.9988938570022583]",40.0,0.036388662857117476,True,123,0.6076388955116272,0.0,1.0,119.66886901855469,119.51124572753906,3.7802646160125732,2.1946749687194824,0.08035136014223099,"[0.3194444444444444, 0.6527777777777778, 0.9027777777777778, 0.5555555555555556]","[0.0, 0.0, 0.0, 0.0]",0.0,1,False,0.8495112224731791,0.12880952586517597,0.12603252768584922,-0.0027769981793267506,0.69921875,0.017369311617523985,0.034518186760352065,0.01714887514282808,"['CP1', 'FC3', 'POz', 'CP2', 'P2']","['CP1', 'P2', 'P1', 'POz', 'FC4']",,,,1,CTNet
FGSM_LP,True,gaussian,3.0,Linf,0.25,0.036388662857117476,"[0.2595927119255066, 0.24246302247047424, 0.26307907700538635, 0.27535480260849, 0.2663503587245941, 0.25448399782180786, 0.19535844027996063, 0.2315744310617447, 0.25157639384269714, 0.26958170533180237, 0.2582281231880188, 0.2488684356212616, 0.22476166486740112, 0.23873959481716156, 0.24598656594753265, 0.2548787593841553, 0.2501382529735565, 0.2516990005970001, 0.2438618242740631, 0.24961088597774506, 0.2481745034456253, 0.2498617321252823]",,,False,123,0.6076388955116272,0.5416666865348816,0.4583333134651184,5.550754070281982,5.546750545501709,0.03638876974582672,28.84142303466797,0.5306235551834106,"[0.3194444444444444, 0.6527777777777778, 0.9027777777777778, 0.5555555555555556]","[0.2777777777777778, 0.5694444444444444, 0.8888888888888888, 0.4305555555555556]",0.0,1,False,0.9975914031620554,0.12880952586517597,0.12869614561249904,-0.00011338025267693119,0.99609375,0.017369311617523985,0.015700976622554926,-0.001668334994969059,"['CP1', 'FC3', 'POz', 'CP2', 'P2']","['CP1', 'FC3', 'POz', 'P2', 'CP2']",,,,1,CTNet
FGSM_LP,True,gaussian,3.0,Linf,0.5,0.07277732571423495,"[0.5191854238510132, 0.4849260449409485, 0.5261581540107727, 0.55070960521698, 0.5327007174491882, 0.5089679956436157, 0.39071688055992126, 0.4631488621234894, 0.5031527876853943, 0.5391634106636047, 0.5164562463760376, 0.4977368712425232, 0.44952332973480225, 0.4774791896343231, 0.4919731318950653, 0.5097575187683105, 0.500276505947113, 0.5033980011940002, 0.4877236485481262, 0.4992217719554901, 0.4963490068912506, 0.4997234642505646]",,,False,123,0.6076388955116272,0.40625,0.59375,10.836777687072754,10.820331573486328,0.07277735322713852,23.037477493286133,0.5182618498802185,"[0.3194444444444444, 0.6527777777777778, 0.9027777777777778, 0.5555555555555556]","[0.20833333333333334, 0.375, 0.8055555555555556, 0.2361111111111111]",0.0,1,False,0.9975914031620554,0.12880952586517597,0.12869614561249904,-0.00011338025267693119,0.99609375,0.017369311617523985,0.015700976622554926,-0.001668334994969059,"['CP1', 'FC3', 'POz', 'CP2', 'P2']","['CP1', 'FC3', 'POz', 'P2', 'CP2']",,,,1,CTNet
FGSM_LP,True,gaussian,3.0,Linf,1.0,0.1455546514284699,"[1.0383708477020264, 0.969852089881897, 1.0523163080215454, 1.10141921043396, 1.0654014348983765, 1.0179359912872314, 0.7814337611198425, 0.9262977242469788, 1.0063055753707886, 1.0783268213272095, 1.0329124927520752, 0.9954737424850464, 0.8990466594696045, 0.9549583792686462, 0.9839462637901306, 1.019515037536621, 1.000553011894226, 1.0067960023880005, 0.9754472970962524, 0.9984435439109802, 0.9926980137825012, 0.9994469285011292]",,,False,123,0.6076388955116272,0.0555555559694767,0.9444444440305233,20.728181838989258,20.72340965270996,0.14555466175079346,17.393198013305664,0.5029985904693604,"[0.3194444444444444, 0.6527777777777778, 0.9027777777777778, 0.5555555555555556]","[0.013888888888888888, 0.027777777777777776, 0.1388888888888889, 0.041666666666666664]",0.0,1,False,0.9975914031620554,0.12880952586517597,0.12869614561249904,-0.00011338025267693119,0.99609375,0.017369311617523985,0.015700976622554926,-0.001668334994969059,"['CP1', 'FC3', 'POz', 'CP2', 'P2']","['CP1', 'FC3', 'POz', 'P2', 'CP2']",,,,1,CTNet
FGSM_LP,True,gaussian,3.0,Linf,2.0,0.2911093028569398,"[2.0767416954040527, 1.939704179763794, 2.104632616043091, 2.20283842086792, 2.130802869796753, 2.035871982574463, 1.562867522239685, 1.8525954484939575, 2.012611150741577, 2.156653642654419, 2.0658249855041504, 1.9909474849700928, 1.798093318939209, 1.9099167585372925, 1.9678925275802612, 2.039030075073242, 2.001106023788452, 2.013592004776001, 1.9508945941925049, 1.9968870878219604, 1.9853960275650024, 1.9988938570022583]",,,False,123,0.6076388955116272,0.0,1.0,38.48992919921875,38.504798889160156,0.2911093235015869,12.012332916259766,0.48934102058410645,"[0.3194444444444444, 0.6527777777777778, 0.9027777777777778, 0.5555555555555556]","[0.0, 0.0, 0.0, 0.0]",0.0,1,False,0.9975914031620554,0.12880952586517597,0.12869614561249904,-0.00011338025267693119,0.99609375,0.017369311617523985,0.015700976622554926,-0.001668334994969059,"['CP1', 'FC3', 'POz', 'CP2', 'P2']","['CP1', 'FC3', 'POz', 'P2', 'CP2']",,,,1,CTNet
PGD_LP,True,gaussian,3.0,Linf,0.25,0.036388662857117476,"[0.2595927119255066, 0.24246302247047424, 0.26307907700538635, 0.27535480260849, 0.2663503587245941, 0.25448399782180786, 0.19535844027996063, 0.2315744310617447, 0.25157639384269714, 0.26958170533180237, 0.2582281231880188, 0.2488684356212616, 0.22476166486740112, 0.23873959481716156, 0.24598656594753265, 0.2548787593841553, 0.2501382529735565, 0.2516990005970001, 0.2438618242740631, 0.24961088597774506, 0.2481745034456253, 0.2498617321252823]",40.0,0.0045485828571396845,True,123,0.6076388955116272,0.5694444179534912,0.4305555820465088,5.55385684967041,5.548541069030762,0.03638876974582672,28.838613510131836,0.5314784646034241,"[0.3194444444444444, 0.6527777777777778, 0.9027777777777778, 0.5555555555555556]","[0.3194444444444444, 0.5694444444444444, 0.9027777777777778, 0.4861111111111111]",0.0,1,False,0.9976884528514964,0.12880952586517597,0.12868468888224685,-0.00012483698292911627,0.99609375,0.017369311617523985,0.015600881157204129,-0.0017684304603198565,"['CP1', 'FC3', 'POz', 'CP2', 'P2']","['CP1', 'FC3', 'POz', 'P2', 'CP2']",,,,1,CTNet
PGD_LP,True,gaussian,3.0,Linf,0.5,0.07277732571423495,"[0.5191854238510132, 0.4849260449409485, 0.5261581540107727, 0.55070960521698, 0.5327007174491882, 0.5089679956436157, 0.39071688055992126, 0.4631488621234894, 0.5031527876853943, 0.5391634106636047, 0.5164562463760376, 0.4977368712425232, 0.44952332973480225, 0.4774791896343231, 0.4919731318950653, 0.5097575187683105, 0.500276505947113, 0.5033980011940002, 0.4877236485481262, 0.4992217719554901, 0.4963490068912506, 0.4997234642505646]",40.0,0.009097165714279369,True,123,0.6076388955116272,0.4826388955116272,0.5173611044883728,10.839995384216309,10.82663631439209,0.07277735322713852,23.032398223876953,0.5198250412940979,"[0.3194444444444444, 0.6527777777777778, 0.9027777777777778, 0.5555555555555556]","[0.2777777777777778, 0.4166666666666667, 0.8611111111111112, 0.375]",0.0,1,False,0.9976884528514964,0.12880952586517597,0.12868468888224685,-0.00012483698292911627,0.99609375,0.017369311617523985,0.015600881157204129,-0.0017684304603198565,"['CP1', 'FC3', 'POz', 'CP2', 'P2']","['CP1', 'FC3', 'POz', 'P2', 'CP2']",,,,1,CTNet
PGD_LP,True,gaussian,3.0,Linf,1.0,0.1455546514284699,"[1.0383708477020264, 0.969852089881897, 1.0523163080215454, 1.10141921043396, 1.0654014348983765, 1.0179359912872314, 0.7814337611198425, 0.9262977242469788, 1.0063055753707886, 1.0783268213272095, 1.0329124927520752, 0.9954737424850464, 0.8990466594696045, 0.9549583792686462, 0.9839462637901306, 1.019515037536621, 1.000553011894226, 1.0067960023880005, 0.9754472970962524, 0.9984435439109802, 0.9926980137825012, 0.9994469285011292]",40.0,0.018194331428558738,True,123,0.6076388955116272,0.1805555522441864,0.8194444477558136,20.733261108398438,20.742568969726562,0.14555466175079346,17.385135650634766,0.5059365630149841,"[0.3194444444444444, 0.6527777777777778, 0.9027777777777778, 0.5555555555555556]","[0.09722222222222222, 0.125, 0.3611111111111111, 0.1388888888888889]",0.0,1,False,0.9976884528514964,0.12880952586517597,0.12868468888224685,-0.00012483698292911627,0.99609375,0.017369311617523985,0.015600881157204129,-0.0017684304603198565,"['CP1', 'FC3', 'POz', 'CP2', 'P2']","['CP1', 'FC3', 'POz', 'P2', 'CP2']",,,,1,CTNet
PGD_LP,True,gaussian,3.0,Linf,2.0,0.2911093028569398,"[2.0767416954040527, 1.939704179763794, 2.104632616043091, 2.20283842086792, 2.130802869796753, 2.035871982574463, 1.562867522239685, 1.8525954484939575, 2.012611150741577, 2.156653642654419, 2.0658249855041504, 1.9909474849700928, 1.798093318939209, 1.9099167585372925, 1.9678925275802612, 2.039030075073242, 2.001106023788452, 2.013592004776001, 1.9508945941925049, 1.9968870878219604, 1.9853960275650024, 1.9988938570022583]",40.0,0.036388662857117476,True,123,0.6076388955116272,0.0,1.0,38.49909973144531,38.53657913208008,0.2911093235015869,12.005115509033203,0.4934838116168976,"[0.3194444444444444, 0.6527777777777778, 0.9027777777777778, 0.5555555555555556]","[0.0, 0.0, 0.0, 0.0]",0.0,1,False,0.9976884528514964,0.12880952586517597,0.12868468888224685,-0.00012483698292911627,0.99609375,0.017369311617523985,0.015600881157204129,-0.0017684304603198565,"['CP1', 'FC3', 'POz', 'CP2', 'P2']","['CP1', 'FC3', 'POz', 'P2', 'CP2']",,,,1,CTNet
DeepFool_L2,,,,L2,,,,50.0,,,123,0.6076388955116272,0.1388888955116272,0.8611111044883728,102.4456558227539,70.39414978027344,2.290292501449585,112.82225036621094,137.40911865234375,,,0.0,1,False,0.8986977696216827,0.12880952586517597,0.12705207814611477,-0.0017574477190611948,0.80078125,0.017369311617523985,0.03110664667639834,0.013737335058874353,"['CP1', 'FC3', 'POz', 'CP2', 'P2']","['CP1', 'P2', 'P1', 'POz', 'CP2']",,,,1,CTNet
FGSM,False,,,Linf,0.25,0.036388662857117476,"[0.2595927119255066, 0.24246302247047424, 0.26307907700538635, 0.27535480260849, 0.2663503587245941, 0.25448399782180786, 0.19535844027996063, 0.2315744310617447, 0.25157639384269714, 0.26958170533180237, 0.2582281231880188, 0.2488684356212616, 0.22476166486740112, 0.23873959481716156, 0.24598656594753265, 0.2548787593841553, 0.2501382529735565, 0.2516990005970001, 0.2438618242740631, 0.24961088597774506, 0.2481745034456253, 0.2498617321252823]",,,False,2024,0.6701388955116272,0.2430555522441864,0.7569444477558136,117.84468078613281,116.56159210205078,3.7802646160125732,2.4146993160247803,0.1081911250948906,"[0.5277777777777778, 0.5972222222222222, 0.875, 0.6805555555555556]","[0.0, 0.9722222222222222, 0.0, 0.0]",0.0,1,False,0.8844402879728968,0.14364809786537827,0.13945326167886435,-0.004194836186513923,0.76171875,-0.08953178152113542,-0.13420379506171867,-0.044672013540583255,"['C1', 'FCz', 'C2', 'CP4', 'Cz']","['FCz', 'C1', 'P2', 'C2', 'CP4']",,,,1,CTNet
FGSM,False,,,Linf,0.5,0.07277732571423495,"[0.5191854238510132, 0.4849260449409485, 0.5261581540107727, 0.55070960521698, 0.5327007174491882, 0.5089679956436157, 0.39071688055992126, 0.4631488621234894, 0.5031527876853943, 0.5391634106636047, 0.5164562463760376, 0.4977368712425232, 0.44952332973480225, 0.4774791896343231, 0.4919731318950653, 0.5097575187683105, 0.500276505947113, 0.5033980011940002, 0.4877236485481262, 0.4992217719554901, 0.4963490068912506, 0.4997234642505646]",,,False,2024,0.6701388955116272,0.0868055522441864,0.9131944477558136,117.4615478515625,116.709716796875,3.7802646160125732,2.4035091400146484,0.10650741308927536,"[0.5277777777777778, 0.5972222222222222, 0.875, 0.6805555555555556]","[0.0, 0.3472222222222222, 0.0, 0.0]",0.0,1,False,0.8844402879728968,0.14364809786537827,0.13945326167886435,-0.004194836186513923,0.76171875,-0.08953178152113542,-0.13420379506171867,-0.044672013540583255,"['C1', 'FCz', 'C2', 'CP4', 'Cz']","['FCz', 'C1', 'P2', 'C2', 'CP4']",,,,1,CTNet
FGSM,False,,,Linf,1.0,0.1455546514284699,"[1.0383708477020264, 0.969852089881897, 1.0523163080215454, 1.10141921043396, 1.0654014348983765, 1.0179359912872314, 0.7814337611198425, 0.9262977242469788, 1.0063055753707886, 1.0783268213272095, 1.0329124927520752, 0.9954737424850464, 0.8990466594696045, 0.9549583792686462, 0.9839462637901306, 1.019515037536621, 1.000553011894226, 1.0067960023880005, 0.9754472970962524, 0.9984435439109802, 0.9926980137825012, 0.9994469285011292]",,,False,2024,0.6701388955116272,0.0,1.0,117.53701782226562,117.29825592041016,3.7802646160125732,2.3592004776000977,0.10011152178049088,"[0.5277777777777778, 0.5972222222222222, 0.875, 0.6805555555555556]","[0.0, 0.0, 0.0, 0.0]",0.0,1,False,0.8844402879728968,0.14364809786537827,0.13945326167886435,-0.004194836186513923,0.76171875,-0.08953178152113542,-0.13420379506171867,-0.044672013540583255,"['C1', 'FCz', 'C2', 'CP4', 'Cz']","['FCz', 'C1', 'P2', 'C2', 'CP4']",,,,1,CTNet
FGSM,False,,,Linf,2.0,0.2911093028569398,"[2.0767416954040527, 1.939704179763794, 2.104632616043091, 2.20283842086792, 2.130802869796753, 2.035871982574463, 1.562867522239685, 1.8525954484939575, 2.012611150741577, 2.156653642654419, 2.0658249855041504, 1.9909474849700928, 1.798093318939209, 1.9099167585372925, 1.9678925275802612, 2.039030075073242, 2.001106023788452, 2.013592004776001, 1.9508945941925049, 1.9968870878219604, 1.9853960275650024, 1.9988938570022583]",,,False,2024,0.6701388955116272,0.0,1.0,119.76913452148438,119.58935546875,3.7802646160125732,2.1889560222625732,0.08016165345907211,"[0.5277777777777778, 0.5972222222222222, 0.875, 0.6805555555555556]","[0.0, 0.0, 0.0, 0.0]",0.0,1,False,0.8844402879728968,0.14364809786537827,0.13945326167886435,-0.004194836186513923,0.76171875,-0.08953178152113542,-0.13420379506171867,-0.044672013540583255,"['C1', 'FCz', 'C2', 'CP4', 'Cz']","['FCz', 'C1', 'P2', 'C2', 'CP4']",,,,1,CTNet
PGD,False,,,Linf,0.25,0.036388662857117476,"[0.2595927119255066, 0.24246302247047424, 0.26307907700538635, 0.27535480260849, 0.2663503587245941, 0.25448399782180786, 0.19535844027996063, 0.2315744310617447, 0.25157639384269714, 0.26958170533180237, 0.2582281231880188, 0.2488684356212616, 0.22476166486740112, 0.23873959481716156, 0.24598656594753265, 0.2548787593841553, 0.2501382529735565, 0.2516990005970001, 0.2438618242740631, 0.24961088597774506, 0.2481745034456253, 0.2498617321252823]",40.0,0.0045485828571396845,True,2024,0.6701388955116272,0.2256944477558136,0.7743055522441864,117.8291244506836,116.56143188476562,3.7802646160125732,2.4147114753723145,0.10819351673126221,"[0.5277777777777778, 0.5972222222222222, 0.875, 0.6805555555555556]","[0.0, 0.9027777777777778, 0.0, 0.0]",0.0,1,False,0.8764204545454547,0.14364809786537827,0.1393579958430571,-0.004290102022321163,0.78125,-0.08953178152113542,-0.13260020244604181,-0.0430684209249064,"['C1', 'FCz', 'C2', 'CP4', 'Cz']","['FCz', 'C1', 'C2', 'P2', 'CP4']",,,,1,CTNet
PGD,False,,,Linf,0.5,0.07277732571423495,"[0.5191854238510132, 0.4849260449409485, 0.5261581540107727, 0.55070960521698, 0.5327007174491882, 0.5089679956436157, 0.39071688055992126, 0.4631488621234894, 0.5031527876853943, 0.5391634106636047, 0.5164562463760376, 0.4977368712425232, 0.44952332973480225, 0.4774791896343231, 0.4919731318950653, 0.5097575187683105, 0.500276505947113, 0.5033980011940002, 0.4877236485481262, 0.4992217719554901, 0.4963490068912506, 0.4997234642505646]",40.0,0.009097165714279369,True,2024,0.6701388955116272,0.0034722222480922937,0.9965277777519077,116.94905090332031,116.70816802978516,3.7802646160125732,2.4036262035369873,0.10652684420347214,"[0.5277777777777778, 0.5972222222222222, 0.875, 0.6805555555555556]","[0.0, 0.013888888888888888, 0.0, 0.0]",0.0,1,False,0.8764204545454547,0.14364809786537827,0.1393579958430571,-0.004290102022321163,0.78125,-0.08953178152113542,-0.13260020244604181,-0.0430684209249064,"['C1', 'FCz', 'C2', 'CP4', 'Cz']","['FCz', 'C1', 'C2', 'P2', 'CP4']",,,,1,CTNet
PGD,False,,,Linf,1.0,0.1455546514284699,"[1.0383708477020264, 0.969852089881897, 1.0523163080215454, 1.10141921043396, 1.0654014348983765, 1.0179359912872314, 0.7814337611198425, 0.9262977242469788, 1.0063055753707886, 1.0783268213272095, 1.0329124927520752, 0.9954737424850464, 0.8990466594696045, 0.9549583792686462, 0.9839462637901306, 1.019515037536621, 1.000553011894226, 1.0067960023880005, 0.9754472970962524, 0.9984435439109802, 0.9926980137825012, 0.9994469285011292]",40.0,0.018194331428558738,True,2024,0.6701388955116272,0.0,1.0,117.52700805664062,117.28559112548828,3.7802646160125732,2.3601512908935547,0.10022304207086563,"[0.5277777777777778, 0.5972222222222222, 0.875, 0.6805555555555556]","[0.0, 0.0, 0.0, 0.0]",0.0,1,False,0.8764204545454547,0.14364809786537827,0.1393579958430571,-0.004290102022321163,0.78125,-0.08953178152113542,-0.13260020244604181,-0.0430684209249064,"['C1', 'FCz', 'C2', 'CP4', 'Cz']","['FCz', 'C1', 'C2', 'P2', 'CP4']",,,,1,CTNet
PGD,False,,,Linf,2.0,0.2911093028569398,"[2.0767416954040527, 1.939704179763794, 2.104632616043091, 2.20283842086792, 2.130802869796753, 2.035871982574463, 1.562867522239685, 1.8525954484939575, 2.012611150741577, 2.156653642654419, 2.0658249855041504, 1.9909474849700928, 1.798093318939209, 1.9099167585372925, 1.9678925275802612, 2.039030075073242, 2.001106023788452, 2.013592004776001, 1.9508945941925049, 1.9968870878219604, 1.9853960275650024, 1.9988938570022583]",40.0,0.036388662857117476,True,2024,0.6701388955116272,0.0,1.0,119.63217163085938,119.46587371826172,3.7802646160125732,2.198007583618164,0.0804850310087204,"[0.5277777777777778, 0.5972222222222222, 0.875, 0.6805555555555556]","[0.0, 0.0, 0.0, 0.0]",0.0,1,False,0.8764204545454547,0.14364809786537827,0.1393579958430571,-0.004290102022321163,0.78125,-0.08953178152113542,-0.13260020244604181,-0.0430684209249064,"['C1', 'FCz', 'C2', 'CP4', 'Cz']","['FCz', 'C1', 'C2', 'P2', 'CP4']",,,,1,CTNet
FGSM_LP,True,gaussian,3.0,Linf,0.25,0.036388662857117476,"[0.2595927119255066, 0.24246302247047424, 0.26307907700538635, 0.27535480260849, 0.2663503587245941, 0.25448399782180786, 0.19535844027996063, 0.2315744310617447, 0.25157639384269714, 0.26958170533180237, 0.2582281231880188, 0.2488684356212616, 0.22476166486740112, 0.23873959481716156, 0.24598656594753265, 0.2548787593841553, 0.2501382529735565, 0.2516990005970001, 0.2438618242740631, 0.24961088597774506, 0.2481745034456253, 0.2498617321252823]",,,False,2024,0.6701388955116272,0.5868055820465088,0.4131944179534912,5.547979831695557,5.541761875152588,0.03638876974582672,28.84925651550293,0.528465986251831,"[0.5277777777777778, 0.5972222222222222, 0.875, 0.6805555555555556]","[0.4444444444444444, 0.5972222222222222, 0.8055555555555556, 0.5]",0.0,1,False,0.9980413608131,0.14364809786537827,0.14359116687468512,-5.693099069314922e-05,0.984375,-0.08953178152113542,-0.09027358899842196,-0.0007418074772865407,"['C1', 'FCz', 'C2', 'CP4', 'Cz']","['C1', 'FCz', 'C2', 'CP4', 'Cz']",,,,1,CTNet
FGSM_LP,True,gaussian,3.0,Linf,0.5,0.07277732571423495,"[0.5191854238510132, 0.4849260449409485, 0.5261581540107727, 0.55070960521698, 0.5327007174491882, 0.5089679956436157, 0.39071688055992126, 0.4631488621234894, 0.5031527876853943, 0.5391634106636047, 0.5164562463760376, 0.4977368712425232, 0.44952332973480225, 0.4774791896343231, 0.4919731318950653, 0.5097575187683105, 0.500276505947113, 0.5033980011940002, 0.4877236485481262, 0.4992217719554901, 0.4963490068912506, 0.4997234642505646]",,,False,2024,0.6701388955116272,0.375,0.625,10.804474830627441,10.800837516784668,0.07277735322713852,23.053180694580078,0.5150788426399231,"[0.5277777777777778, 0.5972222222222222, 0.875, 0.6805555555555556]","[0.2916666666666667, 0.4444444444444444, 0.4583333333333333, 0.3055555555555556]",0.0,1,False,0.9980413608131,0.14364809786537827,0.14359116687468512,-5.693099069314922e-05,0.984375,-0.08953178152113542,-0.09027358899842196,-0.0007418074772865407,"['C1', 'FCz', 'C2', 'CP4', 'Cz']","['C1', 'FCz', 'C2', 'CP4', 'Cz']",,,,1,CTNet
FGSM_LP,True,gaussian,3.0,Linf,1.0,0.1455546514284699,"[1.0383708477020264, 0.969852089881897, 1.0523163080215454, 1.10141921043396, 1.0654014348983765, 1.0179359912872314, 0.7814337611198425, 0.9262977242469788, 1.0063055753707886, 1.0783268213272095, 1.0329124927520752, 0.9954737424850464, 0.8990466594696045, 0.9549583792686462, 0.9839462637901306, 1.019515037536621, 1.000553011894226, 1.0067960023880005, 0.9754472970962524, 0.9984435439109802, 0.9926980137825012, 0.9994469285011292]",,,False,2024,0.6701388955116272,0.0416666679084301,0.9583333320915699,20.65866470336914,20.645734786987305,0.14555466175079346,17.425893783569336,0.49809110164642334,"[0.5277777777777778, 0.5972222222222222, 0.875, 0.6805555555555556]","[0.0, 0.05555555555555555, 0.06944444444444445, 0.041666666666666664]",0.0,1,False,0.9980413608131,0.14364809786537827,0.14359116687468512,-5.693099069314922e-05,0.984375,-0.08953178152113542,-0.09027358899842196,-0.0007418074772865407,"['C1', 'FCz', 'C2', 'CP4', 'Cz']","['C1', 'FCz', 'C2', 'CP4', 'Cz']",,,,1,CTNet
FGSM_LP,True,gaussian,3.0,Linf,2.0,0.2911093028569398,"[2.0767416954040527, 1.939704179763794, 2.104632616043091, 2.20283842086792, 2.130802869796753, 2.035871982574463, 1.562867522239685, 1.8525954484939575, 2.012611150741577, 2.156653642654419, 2.0658249855041504, 1.9909474849700928, 1.798093318939209, 1.9099167585372925, 1.9678925275802612, 2.039030075073242, 2.001106023788452, 2.013592004776001, 1.9508945941925049, 1.9968870878219604, 1.9853960275650024, 1.9988938570022583]",,,False,2024,0.6701388955116272,0.0,1.0,38.21163558959961,38.2230224609375,0.2911093235015869,12.076263427734375,0.48117080330848694,"[0.5277777777777778, 0.5972222222222222, 0.875, 0.6805555555555556]","[0.0, 0.0, 0.0, 0.0]",0.0,1,False,0.9980413608131,0.14364809786537827,0.14359116687468512,-5.693099069314922e-05,0.984375,-0.08953178152113542,-0.09027358899842196,-0.0007418074772865407,"['C1', 'FCz', 'C2', 'CP4', 'Cz']","['C1', 'FCz', 'C2', 'CP4', 'Cz']",,,,1,CTNet
PGD_LP,True,gaussian,3.0,Linf,0.25,0.036388662857117476,"[0.2595927119255066, 0.24246302247047424, 0.26307907700538635, 0.27535480260849, 0.2663503587245941, 0.25448399782180786, 0.19535844027996063, 0.2315744310617447, 0.25157639384269714, 0.26958170533180237, 0.2582281231880188, 0.2488684356212616, 0.22476166486740112, 0.23873959481716156, 0.24598656594753265, 0.2548787593841553, 0.2501382529735565, 0.2516990005970001, 0.2438618242740631, 0.24961088597774506, 0.2481745034456253, 0.2498617321252823]",40.0,0.0045485828571396845,True,2024,0.6701388955116272,0.6145833134651184,0.3854166865348816,5.550159931182861,5.54518985748291,0.03638876974582672,28.84387969970703,0.5291399955749512,"[0.5277777777777778, 0.5972222222222222, 0.875, 0.6805555555555556]","[0.4583333333333333, 0.6111111111111112, 0.8194444444444444, 0.5694444444444444]",0.0,1,False,0.9980060700169395,0.14364809786537827,0.14355264987896896,-9.544798640931385e-05,0.9921875,-0.08953178152113542,-0.08963770286160631,-0.00010592134047089641,"['C1', 'FCz', 'C2', 'CP4', 'Cz']","['C1', 'FCz', 'C2', 'CP4', 'Cz']",,,,1,CTNet
PGD_LP,True,gaussian,3.0,Linf,0.5,0.07277732571423495,"[0.5191854238510132, 0.4849260449409485, 0.5261581540107727, 0.55070960521698, 0.5327007174491882, 0.5089679956436157, 0.39071688055992126, 0.4631488621234894, 0.5031527876853943, 0.5391634106636047, 0.5164562463760376, 0.4977368712425232, 0.44952332973480225, 0.4774791896343231, 0.4919731318950653, 0.5097575187683105, 0.500276505947113, 0.5033980011940002, 0.4877236485481262, 0.4992217719554901, 0.4963490068912506, 0.4997234642505646]",40.0,0.009097165714279369,True,2024,0.6701388955116272,0.46875,0.53125,10.813143730163574,10.812026977539062,0.07277735322713852,23.044174194335938,0.5145792365074158,"[0.5277777777777778, 0.5972222222222222, 0.875, 0.6805555555555556]","[0.375, 0.4861111111111111, 0.5694444444444444, 0.4444444444444444]",0.0,1,False,0.9980060700169395,0.14364809786537827,0.14355264987896896,-9.544798640931385e-05,0.9921875,-0.08953178152113542,-0.08963770286160631,-0.00010592134047089641,"['C1', 'FCz', 'C2', 'CP4', 'Cz']","['C1', 'FCz', 'C2', 'CP4', 'Cz']",,,,1,CTNet
PGD_LP,True,gaussian,3.0,Linf,1.0,0.1455546514284699,"[1.0383708477020264, 0.969852089881897, 1.0523163080215454, 1.10141921043396, 1.0654014348983765, 1.0179359912872314, 0.7814337611198425, 0.9262977242469788, 1.0063055753707886, 1.0783268213272095, 1.0329124927520752, 0.9954737424850464, 0.8990466594696045, 0.9549583792686462, 0.9839462637901306, 1.019515037536621, 1.000553011894226, 1.0067960023880005, 0.9754472970962524, 0.9984435439109802, 0.9926980137825012, 0.9994469285011292]",40.0,0.018194331428558738,True,2024,0.6701388955116272,0.1180555522441864,0.8819444477558136,20.681671142578125,20.674457550048828,0.14555466175079346,17.41383934020996,0.49352210760116577,"[0.5277777777777778, 0.5972222222222222, 0.875, 0.6805555555555556]","[0.041666666666666664, 0.20833333333333334, 0.08333333333333333, 0.1388888888888889]",0.0,1,False,0.9980060700169395,0.14364809786537827,0.14355264987896896,-9.544798640931385e-05,0.9921875,-0.08953178152113542,-0.08963770286160631,-0.00010592134047089641,"['C1', 'FCz', 'C2', 'CP4', 'Cz']","['C1', 'FCz', 'C2', 'CP4', 'Cz']",,,,1,CTNet
PGD_LP,True,gaussian,3.0,Linf,2.0,0.2911093028569398,"[2.0767416954040527, 1.939704179763794, 2.104632616043091, 2.20283842086792, 2.130802869796753, 2.035871982574463, 1.562867522239685, 1.8525954484939575, 2.012611150741577, 2.156653642654419, 2.0658249855041504, 1.9909474849700928, 1.798093318939209, 1.9099167585372925, 1.9678925275802612, 2.039030075073242, 2.001106023788452, 2.013592004776001, 1.9508945941925049, 1.9968870878219604, 1.9853960275650024, 1.9988938570022583]",40.0,0.036388662857117476,True,2024,0.6701388955116272,0.0,1.0,38.29171371459961,38.29838180541992,0.2911093235015869,12.059185028076172,0.4747423827648163,"[0.5277777777777778, 0.5972222222222222, 0.875, 0.6805555555555556]","[0.0, 0.0, 0.0, 0.0]",0.0,1,False,0.9980060700169395,0.14364809786537827,0.14355264987896896,-9.544798640931385e-05,0.9921875,-0.08953178152113542,-0.08963770286160631,-0.00010592134047089641,"['C1', 'FCz', 'C2', 'CP4', 'Cz']","['C1', 'FCz', 'C2', 'CP4', 'Cz']",,,,1,CTNet
DeepFool_L2,,,,L2,,,,50.0,,,2024,0.6701388955116272,0.0868055522441864,0.9131944477558136,109.6201171875,77.88741302490234,2.543782949447632,95.22293853759766,132.2911376953125,,,0.0,1,False,0.9237454121964992,0.14364809786537827,0.14305238965109343,-0.0005957082142848402,0.81640625,-0.08953178152113542,-0.10692304497677915,-0.017391263455643735,"['C1', 'FCz', 'C2', 'CP4', 'Cz']","['C1', 'FCz', 'C2', 'CP4', 'P2']",,,,1,CTNet
FGSM,False,,,Linf,0.25,0.036388662857117476,"[0.2595927119255066, 0.24246302247047424, 0.26307907700538635, 0.27535480260849, 0.2663503587245941, 0.25448399782180786, 0.19535844027996063, 0.2315744310617447, 0.25157639384269714, 0.26958170533180237, 0.2582281231880188, 0.2488684356212616, 0.22476166486740112, 0.23873959481716156, 0.24598656594753265, 0.2548787593841553, 0.2501382529735565, 0.2516990005970001, 0.2438618242740631, 0.24961088597774506, 0.2481745034456253, 0.2498617321252823]",,,False,31415,0.6840277910232544,0.013888888992369175,0.9861111110076308,116.83700561523438,116.56160736083984,3.7802646160125732,2.414698600769043,0.10819052904844284,"[0.3472222222222222, 0.5694444444444444, 0.9583333333333334, 0.8611111111111112]","[0.0, 0.041666666666666664, 0.013888888888888888, 0.0]",0.0,1,False,0.8984242659514401,0.13857352566268716,0.14475452576690448,0.006181000104217321,0.671875,0.12893607638218413,0.1436081895623095,0.014672113180125373,"['FC3', 'Fz', 'CP3', 'Cz', 'CP1']","['Fz', 'FC3', 'CP1', 'CP3', 'Cz']",,,,1,CTNet
FGSM,False,,,Linf,0.5,0.07277732571423495,"[0.5191854238510132, 0.4849260449409485, 0.5261581540107727, 0.55070960521698, 0.5327007174491882, 0.5089679956436157, 0.39071688055992126, 0.4631488621234894, 0.5031527876853943, 0.5391634106636047, 0.5164562463760376, 0.4977368712425232, 0.44952332973480225, 0.4774791896343231, 0.4919731318950653, 0.5097575187683105, 0.500276505947113, 0.5033980011940002, 0.4877236485481262, 0.4992217719554901, 0.4963490068912506, 0.4997234642505646]",,,False,31415,0.6840277910232544,0.0,1.0,116.97810363769531,116.70974731445312,3.7802646160125732,2.4035069942474365,0.10650356113910675,"[0.3472222222222222, 0.5694444444444444, 0.9583333333333334, 0.8611111111111112]","[0.0, 0.0, 0.0, 0.0]",0.0,1,False,0.8984242659514401,0.13857352566268716,0.14475452576690448,0.006181000104217321,0.671875,0.12893607638218413,0.1436081895623095,0.014672113180125373,"['FC3', 'Fz', 'CP3', 'Cz', 'CP1']","['Fz', 'FC3', 'CP1', 'CP3', 'Cz']",,,,1,CTNet
FGSM,False,,,Linf,1.0,0.1455546514284699,"[1.0383708477020264, 0.969852089881897, 1.0523163080215454, 1.10141921043396, 1.0654014348983765, 1.0179359912872314, 0.7814337611198425, 0.9262977242469788, 1.0063055753707886, 1.0783268213272095, 1.0329124927520752, 0.9954737424850464, 0.8990466594696045, 0.9549583792686462, 0.9839462637901306, 1.019515037536621, 1.000553011894226, 1.0067960023880005, 0.9754472970962524, 0.9984435439109802, 0.9926980137825012, 0.9994469285011292]",,,False,31415,0.6840277910232544,0.0,1.0,117.53866577148438,117.29842376708984,3.7802646160125732,2.359185218811035,0.1000782921910286,"[0.3472222222222222, 0.5694444444444444, 0.9583333333333334, 0.8611111111111112]","[0.0, 0.0, 0.0, 0.0]",0.0,1,False,0.8984242659514401,0.13857352566268716,0.14475452576690448,0.006181000104217321,0.671875,0.12893607638218413,0.1436081895623095,0.014672113180125373,"['FC3', 'Fz', 'CP3', 'Cz', 'CP1']","['Fz', 'FC3', 'CP1', 'CP3', 'Cz']",,,,1,CTNet
FGSM,False,,,Linf,2.0,0.2911093028569398,"[2.0767416954040527, 1.939704179763794, 2.104632616043091, 2.20283842086792, 2.130802869796753, 2.035871982574463, 1.562867522239685, 1.8525954484939575, 2.012611150741577, 2.156653642654419, 2.0658249855041504, 1.9909474849700928, 1.798093318939209, 1.9099167585372925, 1.9678925275802612, 2.039030075073242, 2.001106023788452, 2.013592004776001, 1.9508945941925049, 1.9968870878219604, 1.9853960275650024, 1.9988938570022583]",,,False,31415,0.6840277910232544,0.0,1.0,119.76997375488281,119.59036254882812,3.7802646160125732,2.1888678073883057,0.08000729978084564,"[0.3472222222222222, 0.5694444444444444, 0.9583333333333334, 0.8611111111111112]","[0.0, 0.0, 0.0, 0.0]",0.0,1,False,0.8984242659514401,0.13857352566268716,0.14475452576690448,0.006181000104217321,0.671875,0.12893607638218413,0.1436081895623095,0.014672113180125373,"['FC3', 'Fz', 'CP3', 'Cz', 'CP1']","['Fz', 'FC3', 'CP1', 'CP3', 'Cz']",,,,1,CTNet
PGD,False,,,Linf,0.25,0.036388662857117476,"[0.2595927119255066, 0.24246302247047424, 0.26307907700538635, 0.27535480260849, 0.2663503587245941, 0.25448399782180786, 0.19535844027996063, 0.2315744310617447, 0.25157639384269714, 0.26958170533180237, 0.2582281231880188, 0.2488684356212616, 0.22476166486740112, 0.23873959481716156, 0.24598656594753265, 0.2548787593841553, 0.2501382529735565, 0.2516990005970001, 0.2438618242740631, 0.24961088597774506, 0.2481745034456253, 0.2498617321252823]",40.0,0.0045485828571396845,True,31415,0.6840277910232544,0.0,1.0,116.83694458007812,116.56149291992188,3.7802646160125732,2.4147067070007324,0.10819141566753387,"[0.3472222222222222, 0.5694444444444444, 0.9583333333333334, 0.8611111111111112]","[0.0, 0.0, 0.0, 0.0]",0.0,1,False,0.8986007199322417,0.13857352566268716,0.1450533381986639,0.006479812535976737,0.66796875,0.12893607638218413,0.14604726396919504,0.017111187587010912,"['FC3', 'Fz', 'CP3', 'Cz', 'CP1']","['Fz', 'FC3', 'CP1', 'CP3', 'Cz']",,,,1,CTNet
PGD,False,,,Linf,0.5,0.07277732571423495,"[0.5191854238510132, 0.4849260449409485, 0.5261581540107727, 0.55070960521698, 0.5327007174491882, 0.5089679956436157, 0.39071688055992126, 0.4631488621234894, 0.5031527876853943, 0.5391634106636047, 0.5164562463760376, 0.4977368712425232, 0.44952332973480225, 0.4774791896343231, 0.4919731318950653, 0.5097575187683105, 0.500276505947113, 0.5033980011940002, 0.4877236485481262, 0.4992217719554901, 0.4963490068912506, 0.4997234642505646]",40.0,0.009097165714279369,True,31415,0.6840277910232544,0.0,1.0,116.97687530517578,116.70884704589844,3.7802646160125732,2.403573989868164,0.10651219636201859,"[0.3472222222222222, 0.5694444444444444, 0.9583333333333334, 0.8611111111111112]","[0.0, 0.0, 0.0, 0.0]",0.0,1,False,0.8986007199322417,0.13857352566268716,0.1450533381986639,0.006479812535976737,0.66796875,0.12893607638218413,0.14604726396919504,0.017111187587010912,"['FC3', 'Fz', 'CP3', 'Cz', 'CP1']","['Fz', 'FC3', 'CP1', 'CP3', 'Cz']",,,,1,CTNet
PGD,False,,,Linf,1.0,0.1455546514284699,"[1.0383708477020264, 0.969852089881897, 1.0523163080215454, 1.10141921043396, 1.0654014348983765, 1.0179359912872314, 0.7814337611198425, 0.9262977242469788, 1.0063055753707886, 1.0783268213272095, 1.0329124927520752, 0.9954737424850464, 0.8990466594696045, 0.9549583792686462, 0.9839462637901306, 1.019515037536621, 1.000553011894226, 1.0067960023880005, 0.9754472970962524, 0.9984435439109802, 0.9926980137825012, 0.9994469285011292]",40.0,0.018194331428558738,True,31415,0.6840277910232544,0.0,1.0,117.52793884277344,117.29078674316406,3.7802646160125732,2.3597586154937744,0.10015352070331573,"[0.3472222222222222, 0.5694444444444444, 0.9583333333333334, 0.8611111111111112]","[0.0, 0.0, 0.0, 0.0]",0.0,1,False,0.8986007199322417,0.13857352566268716,0.1450533381986639,0.006479812535976737,0.66796875,0.12893607638218413,0.14604726396919504,0.017111187587010912,"['FC3', 'Fz', 'CP3', 'Cz', 'CP1']","['Fz', 'FC3', 'CP1', 'CP3', 'Cz']",,,,1,CTNet
PGD,False,,,Linf,2.0,0.2911093028569398,"[2.0767416954040527, 1.939704179763794, 2.104632616043091, 2.20283842086792, 2.130802869796753, 2.035871982574463, 1.562867522239685, 1.8525954484939575, 2.012611150741577, 2.156653642654419, 2.0658249855041504, 1.9909474849700928, 1.798093318939209, 1.9099167585372925, 1.9678925275802612, 2.039030075073242, 2.001106023788452, 2.013592004776001, 1.9508945941925049, 1.9968870878219604, 1.9853960275650024, 1.9988938570022583]",40.0,0.036388662857117476,True,31415,0.6840277910232544,0.0,1.0,119.69590759277344,119.52884674072266,3.7802646160125732,2.1933867931365967,0.08036734908819199,"[0.3472222222222222, 0.5694444444444444, 0.9583333333333334, 0.8611111111111112]","[0.0, 0.0, 0.0, 0.0]",0.0,1,False,0.8986007199322417,0.13857352566268716,0.1450533381986639,0.006479812535976737,0.66796875,0.12893607638218413,0.14604726396919504,0.017111187587010912,"['FC3', 'Fz', 'CP3', 'Cz', 'CP1']","['Fz', 'FC3', 'CP1', 'CP3', 'Cz']",,,,1,CTNet
FGSM_LP,True,gaussian,3.0,Linf,0.25,0.036388662857117476,"[0.2595927119255066, 0.24246302247047424, 0.26307907700538635, 0.27535480260849, 0.2663503587245941, 0.25448399782180786, 0.19535844027996063, 0.2315744310617447, 0.25157639384269714, 0.26958170533180237, 0.2582281231880188, 0.2488684356212616, 0.22476166486740112, 0.23873959481716156, 0.24598656594753265, 0.2548787593841553, 0.2501382529735565, 0.2516990005970001, 0.2438618242740631, 0.24961088597774506, 0.2481745034456253, 0.2498617321252823]",,,False,31415,0.6840277910232544,0.5833333134651184,0.4166666865348816,5.553112983703613,5.5501885414123535,0.03638876974582672,28.83603286743164,0.5310598015785217,"[0.3472222222222222, 0.5694444444444444, 0.9583333333333334, 0.8611111111111112]","[0.2638888888888889, 0.4861111111111111, 0.9027777777777778, 0.6805555555555556]",0.0,1,False,0.9979001976284585,0.13857352566268716,0.13886806871392293,0.00029454305123577385,0.98828125,0.12893607638218413,0.1305746343597551,0.0016385579775709813,"['FC3', 'Fz', 'CP3', 'Cz', 'CP1']","['FC3', 'Fz', 'CP3', 'Cz', 'CP1']",,,,1,CTNet
FGSM_LP,True,gaussian,3.0,Linf,0.5,0.07277732571423495,"[0.5191854238510132, 0.4849260449409485, 0.5261581540107727, 0.55070960521698, 0.5327007174491882, 0.5089679956436157, 0.39071688055992126, 0.4631488621234894, 0.5031527876853943, 0.5391634106636047, 0.5164562463760376, 0.4977368712425232, 0.44952332973480225, 0.4774791896343231, 0.4919731318950653, 0.5097575187683105, 0.500276505947113, 0.5033980011940002, 0.4877236485481262, 0.4992217719554901, 0.4963490068912506, 0.4997234642505646]",,,False,31415,0.6840277910232544,0.3645833432674408,0.6354166567325592,10.835762023925781,10.833345413208008,0.07277735322713852,23.02700424194336,0.5198903679847717,"[0.3472222222222222, 0.5694444444444444, 0.9583333333333334, 0.8611111111111112]","[0.1111111111111111, 0.2777777777777778, 0.5972222222222222, 0.4722222222222222]",0.0,1,False,0.9979001976284585,0.13857352566268716,0.13886806871392293,0.00029454305123577385,0.98828125,0.12893607638218413,0.1305746343597551,0.0016385579775709813,"['FC3', 'Fz', 'CP3', 'Cz', 'CP1']","['FC3', 'Fz', 'CP3', 'Cz', 'CP1']",,,,1,CTNet
FGSM_LP,True,gaussian,3.0,Linf,1.0,0.1455546514284699,"[1.0383708477020264, 0.969852089881897, 1.0523163080215454, 1.10141921043396, 1.0654014348983765, 1.0179359912872314, 0.7814337611198425, 0.9262977242469788, 1.0063055753707886, 1.0783268213272095, 1.0329124927520752, 0.9954737424850464, 0.8990466594696045, 0.9549583792686462, 0.9839462637901306, 1.019515037536621, 1.000553011894226, 1.0067960023880005, 0.9754472970962524, 0.9984435439109802, 0.9926980137825012, 0.9994469285011292]",,,False,31415,0.6840277910232544,0.02777777798473835,0.9722222220152617,20.764244079589844,20.77068328857422,0.14555466175079346,17.373353958129883,0.5064613223075867,"[0.3472222222222222, 0.5694444444444444, 0.9583333333333334, 0.8611111111111112]","[0.0, 0.0, 0.013888888888888888, 0.09722222222222222]",0.0,1,False,0.9979001976284585,0.13857352566268716,0.13886806871392293,0.00029454305123577385,0.98828125,0.12893607638218413,0.1305746343597551,0.0016385579775709813,"['FC3', 'Fz', 'CP3', 'Cz', 'CP1']","['FC3', 'Fz', 'CP3', 'Cz', 'CP1']",,,,1,CTNet
FGSM_LP,True,gaussian,3.0,Linf,2.0,0.2911093028569398,"[2.0767416954040527, 1.939704179763794, 2.104632616043091, 2.20283842086792, 2.130802869796753, 2.035871982574463, 1.562867522239685, 1.8525954484939575, 2.012611150741577, 2.156653642654419, 2.0658249855041504, 1.9909474849700928, 1.798093318939209, 1.9099167585372925, 1.9678925275802612, 2.039030075073242, 2.001106023788452, 2.013592004776001, 1.9508945941925049, 1.9968870878219604, 1.9853960275650024, 1.9988938570022583]",,,False,31415,0.6840277910232544,0.0,1.0,38.67313766479492,38.674930572509766,0.2911093235015869,11.973982810974121,0.49683552980422974,"[0.3472222222222222, 0.5694444444444444, 0.9583333333333334, 0.8611111111111112]","[0.0, 0.0, 0.0, 0.0]",0.0,1,False,0.9979001976284585,0.13857352566268716,0.13886806871392293,0.00029454305123577385,0.98828125,0.12893607638218413,0.1305746343597551,0.0016385579775709813,"['FC3', 'Fz', 'CP3', 'Cz', 'CP1']","['FC3', 'Fz', 'CP3', 'Cz', 'CP1']",,,,1,CTNet
PGD_LP,True,gaussian,3.0,Linf,0.25,0.036388662857117476,"[0.2595927119255066, 0.24246302247047424, 0.26307907700538635, 0.27535480260849, 0.2663503587245941, 0.25448399782180786, 0.19535844027996063, 0.2315744310617447, 0.25157639384269714, 0.26958170533180237, 0.2582281231880188, 0.2488684356212616, 0.22476166486740112, 0.23873959481716156, 0.24598656594753265, 0.2548787593841553, 0.2501382529735565, 0.2516990005970001, 0.2438618242740631, 0.24961088597774506, 0.2481745034456253, 0.2498617321252823]",40.0,0.0045485828571396845,True,31415,0.6840277910232544,0.6145833134651184,0.3854166865348816,5.555154323577881,5.551612854003906,0.03638876974582672,28.83379364013672,0.5313964486122131,"[0.3472222222222222, 0.5694444444444444, 0.9583333333333334, 0.8611111111111112]","[0.3055555555555556, 0.4861111111111111, 0.9166666666666666, 0.75]",0.0,1,False,0.9976443393562959,0.13857352566268716,0.13896478818643465,0.00039126252374749315,0.98828125,0.12893607638218413,0.13099819647301747,0.0020621200908333415,"['FC3', 'Fz', 'CP3', 'Cz', 'CP1']","['FC3', 'Fz', 'CP3', 'Cz', 'CP1']",,,,1,CTNet
PGD_LP,True,gaussian,3.0,Linf,0.5,0.07277732571423495,"[0.5191854238510132, 0.4849260449409485, 0.5261581540107727, 0.55070960521698, 0.5327007174491882, 0.5089679956436157, 0.39071688055992126, 0.4631488621234894, 0.5031527876853943, 0.5391634106636047, 0.5164562463760376, 0.4977368712425232, 0.44952332973480225, 0.4774791896343231, 0.4919731318950653, 0.5097575187683105, 0.500276505947113, 0.5033980011940002, 0.4877236485481262, 0.4992217719554901, 0.4963490068912506, 0.4997234642505646]",40.0,0.009097165714279369,True,31415,0.6840277910232544,0.4201388955116272,0.5798611044883728,10.837636947631836,10.838648796081543,0.07277735322713852,23.02274513244629,0.5210984945297241,"[0.3472222222222222, 0.5694444444444444, 0.9583333333333334, 0.8611111111111112]","[0.18055555555555555, 0.3055555555555556, 0.5833333333333334, 0.6111111111111112]",0.0,1,False,0.9976443393562959,0.13857352566268716,0.13896478818643465,0.00039126252374749315,0.98828125,0.12893607638218413,0.13099819647301747,0.0020621200908333415,"['FC3', 'Fz', 'CP3', 'Cz', 'CP1']","['FC3', 'Fz', 'CP3', 'Cz', 'CP1']",,,,1,CTNet
PGD_LP,True,gaussian,3.0,Linf,1.0,0.1455546514284699,"[1.0383708477020264, 0.969852089881897, 1.0523163080215454, 1.10141921043396, 1.0654014348983765, 1.0179359912872314, 0.7814337611198425, 0.9262977242469788, 1.0063055753707886, 1.0783268213272095, 1.0329124927520752, 0.9954737424850464, 0.8990466594696045, 0.9549583792686462, 0.9839462637901306, 1.019515037536621, 1.000553011894226, 1.0067960023880005, 0.9754472970962524, 0.9984435439109802, 0.9926980137825012, 0.9994469285011292]",40.0,0.018194331428558738,True,31415,0.6840277910232544,0.0555555559694767,0.9444444440305233,20.783369064331055,20.785688400268555,0.14555466175079346,17.367061614990234,0.5095329880714417,"[0.3472222222222222, 0.5694444444444444, 0.9583333333333334, 0.8611111111111112]","[0.013888888888888888, 0.013888888888888888, 0.013888888888888888, 0.18055555555555555]",0.0,1,False,0.9976443393562959,0.13857352566268716,0.13896478818643465,0.00039126252374749315,0.98828125,0.12893607638218413,0.13099819647301747,0.0020621200908333415,"['FC3', 'Fz', 'CP3', 'Cz', 'CP1']","['FC3', 'Fz', 'CP3', 'Cz', 'CP1']",,,,1,CTNet
PGD_LP,True,gaussian,3.0,Linf,2.0,0.2911093028569398,"[2.0767416954040527, 1.939704179763794, 2.104632616043091, 2.20283842086792, 2.130802869796753, 2.035871982574463, 1.562867522239685, 1.8525954484939575, 2.012611150741577, 2.156653642654419, 2.0658249855041504, 1.9909474849700928, 1.798093318939209, 1.9099167585372925, 1.9678925275802612, 2.039030075073242, 2.001106023788452, 2.013592004776001, 1.9508945941925049, 1.9968870878219604, 1.9853960275650024, 1.9988938570022583]",40.0,0.036388662857117476,True,31415,0.6840277910232544,0.0,1.0,38.67433166503906,38.68275833129883,0.2911093235015869,11.972195625305176,0.5004298686981201,"[0.3472222222222222, 0.5694444444444444, 0.9583333333333334, 0.8611111111111112]","[0.0, 0.0, 0.0, 0.0]",0.0,1,False,0.9976443393562959,0.13857352566268716,0.13896478818643465,0.00039126252374749315,0.98828125,0.12893607638218413,0.13099819647301747,0.0020621200908333415,"['FC3', 'Fz', 'CP3', 'Cz', 'CP1']","['FC3', 'Fz', 'CP3', 'Cz', 'CP1']",,,,1,CTNet
DeepFool_L2,,,,L2,,,,50.0,,,31415,0.6840277910232544,0.0798611119389534,0.9201388880610466,111.1615219116211,79.39126586914062,2.5787298679351807,91.32389068603516,130.80259704589844,,,0.0,1,False,0.9357707509881424,0.13857352566268716,0.13882679247993504,0.00025326681724788247,0.8828125,0.12893607638218413,0.12554118229625283,-0.0033948940859312993,"['FC3', 'Fz', 'CP3', 'Cz', 'CP1']","['Fz', 'FC3', 'CP1', 'CP3', 'P2']",,,,1,CTNet
FGSM,False,,,Linf,0.25,0.036388662857117476,"[0.2595927119255066, 0.24246302247047424, 0.26307907700538635, 0.27535480260849, 0.2663503587245941, 0.25448399782180786, 0.19535844027996063, 0.2315744310617447, 0.25157639384269714, 0.26958170533180237, 0.2582281231880188, 0.2488684356212616, 0.22476166486740112, 0.23873959481716156, 0.24598656594753265, 0.2548787593841553, 0.2501382529735565, 0.2516990005970001, 0.2438618242740631, 0.24961088597774506, 0.2481745034456253, 0.2498617321252823]",,,False,999,0.6493055820465088,0.02777777798473835,0.9722222220152617,116.83709716796875,116.56159210205078,3.7802646160125732,2.414699077606201,0.10819099843502045,"[0.4722222222222222, 0.6111111111111112, 0.8333333333333334, 0.6805555555555556]","[0.0, 0.1111111111111111, 0.0, 0.0]",0.0,1,False,0.9487312958780351,0.15370759689224128,0.1570074369557071,0.0032998400634658143,0.9140625,0.13860240551966455,0.10910019032874177,-0.029502215190922776,"['C3', 'P1', 'CP3', 'CP4', 'FC1']","['C3', 'CP3', 'P1', 'FC1', 'CP4']",,,,1,CTNet
FGSM,False,,,Linf,0.5,0.07277732571423495,"[0.5191854238510132, 0.4849260449409485, 0.5261581540107727, 0.55070960521698, 0.5327007174491882, 0.5089679956436157, 0.39071688055992126, 0.4631488621234894, 0.5031527876853943, 0.5391634106636047, 0.5164562463760376, 0.4977368712425232, 0.44952332973480225, 0.4774791896343231, 0.4919731318950653, 0.5097575187683105, 0.500276505947113, 0.5033980011940002, 0.4877236485481262, 0.4992217719554901, 0.4963490068912506, 0.4997234642505646]",,,False,999,0.6493055820465088,0.0,1.0,116.978515625,116.70968627929688,3.7802646160125732,2.4035110473632812,0.10650744289159775,"[0.4722222222222222, 0.6111111111111112, 0.8333333333333334, 0.6805555555555556]","[0.0, 0.0, 0.0, 0.0]",0.0,1,False,0.9487312958780351,0.15370759689224128,0.1570074369557071,0.0032998400634658143,0.9140625,0.13860240551966455,0.10910019032874177,-0.029502215190922776,"['C3', 'P1', 'CP3', 'CP4', 'FC1']","['C3', 'CP3', 'P1', 'FC1', 'CP4']",,,,1,CTNet
FGSM,False,,,Linf,1.0,0.1455546514284699,"[1.0383708477020264, 0.969852089881897, 1.0523163080215454, 1.10141921043396, 1.0654014348983765, 1.0179359912872314, 0.7814337611198425, 0.9262977242469788, 1.0063055753707886, 1.0783268213272095, 1.0329124927520752, 0.9954737424850464, 0.8990466594696045, 0.9549583792686462, 0.9839462637901306, 1.019515037536621, 1.000553011894226, 1.0067960023880005, 0.9754472970962524, 0.9984435439109802, 0.9926980137825012, 0.9994469285011292]",,,False,999,0.6493055820465088,0.0,1.0,117.54004669189453,117.29792022705078,3.7802646160125732,2.3592264652252197,0.10010992735624313,"[0.4722222222222222, 0.6111111111111112, 0.8333333333333334, 0.6805555555555556]","[0.0, 0.0, 0.0, 0.0]",0.0,1,False,0.9487312958780351,0.15370759689224128,0.1570074369557071,0.0032998400634658143,0.9140625,0.13860240551966455,0.10910019032874177,-0.029502215190922776,"['C3', 'P1', 'CP3', 'CP4', 'FC1']","['C3', 'CP3', 'P1', 'FC1', 'CP4']",,,,1,CTNet
FGSM,False,,,Linf,2.0,0.2911093028569398,"[2.0767416954040527, 1.939704179763794, 2.104632616043091, 2.20283842086792, 2.130802869796753, 2.035871982574463, 1.562867522239685, 1.8525954484939575, 2.012611150741577, 2.156653642654419, 2.0658249855041504, 1.9909474849700928, 1.798093318939209, 1.9099167585372925, 1.9678925275802612, 2.039030075073242, 2.001106023788452, 2.013592004776001, 1.9508945941925049, 1.9968870878219604, 1.9853960275650024, 1.9988938570022583]",,,False,999,0.6493055820465088,0.0,1.0,119.76548767089844,119.58672332763672,3.7802646160125732,2.1891512870788574,0.08007719367742538,"[0.4722222222222222, 0.6111111111111112, 0.8333333333333334, 0.6805555555555556]","[0.0, 0.0, 0.0, 0.0]",0.0,1,False,0.9487312958780351,0.15370759689224128,0.1570074369557071,0.0032998400634658143,0.9140625,0.13860240551966455,0.10910019032874177,-0.029502215190922776,"['C3', 'P1', 'CP3', 'CP4', 'FC1']","['C3', 'CP3', 'P1', 'FC1', 'CP4']",,,,1,CTNet
PGD,False,,,Linf,0.25,0.036388662857117476,"[0.2595927119255066, 0.24246302247047424, 0.26307907700538635, 0.27535480260849, 0.2663503587245941, 0.25448399782180786, 0.19535844027996063, 0.2315744310617447, 0.25157639384269714, 0.26958170533180237, 0.2582281231880188, 0.2488684356212616, 0.22476166486740112, 0.23873959481716156, 0.24598656594753265, 0.2548787593841553, 0.2501382529735565, 0.2516990005970001, 0.2438618242740631, 0.24961088597774506, 0.2481745034456253, 0.2498617321252823]",40.0,0.0045485828571396845,True,999,0.6493055820465088,0.0,1.0,116.83685302734375,116.56147003173828,3.7802646160125732,2.4147088527679443,0.10819151997566223,"[0.4722222222222222, 0.6111111111111112, 0.8333333333333334, 0.6805555555555556]","[0.0, 0.0, 0.0, 0.0]",0.0,1,False,0.9495429841897235,0.15370759689224128,0.15628441248780872,0.0025768155955674388,0.9140625,0.13860240551966455,0.10963141952969581,-0.028970985989968737,"['C3', 'P1', 'CP3', 'CP4', 'FC1']","['C3', 'CP3', 'P1', 'FC1', 'CP4']",,,,1,CTNet
PGD,False,,,Linf,0.5,0.07277732571423495,"[0.5191854238510132, 0.4849260449409485, 0.5261581540107727, 0.55070960521698, 0.5327007174491882, 0.5089679956436157, 0.39071688055992126, 0.4631488621234894, 0.5031527876853943, 0.5391634106636047, 0.5164562463760376, 0.4977368712425232, 0.44952332973480225, 0.4774791896343231, 0.4919731318950653, 0.5097575187683105, 0.500276505947113, 0.5033980011940002, 0.4877236485481262, 0.4992217719554901, 0.4963490068912506, 0.4997234642505646]",40.0,0.009097165714279369,True,999,0.6493055820465088,0.0,1.0,116.97669982910156,116.708740234375,3.7802646160125732,2.403583526611328,0.10652019083499908,"[0.4722222222222222, 0.6111111111111112, 0.8333333333333334, 0.6805555555555556]","[0.0, 0.0, 0.0, 0.0]",0.0,1,False,0.9495429841897235,0.15370759689224128,0.15628441248780872,0.0025768155955674388,0.9140625,0.13860240551966455,0.10963141952969581,-0.028970985989968737,"['C3', 'P1', 'CP3', 'CP4', 'FC1']","['C3', 'CP3', 'P1', 'FC1', 'CP4']",,,,1,CTNet
PGD,False,,,Linf,1.0,0.1455546514284699,"[1.0383708477020264, 0.969852089881897, 1.0523163080215454, 1.10141921043396, 1.0654014348983765, 1.0179359912872314, 0.7814337611198425, 0.9262977242469788, 1.0063055753707886, 1.0783268213272095, 1.0329124927520752, 0.9954737424850464, 0.8990466594696045, 0.9549583792686462, 0.9839462637901306, 1.019515037536621, 1.000553011894226, 1.0067960023880005, 0.9754472970962524, 0.9984435439109802, 0.9926980137825012, 0.9994469285011292]",40.0,0.018194331428558738,True,999,0.6493055820465088,0.0,1.0,117.52790832519531,117.28911590576172,3.7802646160125732,2.3598878383636475,0.10020117461681366,"[0.4722222222222222, 0.6111111111111112, 0.8333333333333334, 0.6805555555555556]","[0.0, 0.0, 0.0, 0.0]",0.0,1,False,0.9495429841897235,0.15370759689224128,0.15628441248780872,0.0025768155955674388,0.9140625,0.13860240551966455,0.10963141952969581,-0.028970985989968737,"['C3', 'P1', 'CP3', 'CP4', 'FC1']","['C3', 'CP3', 'P1', 'FC1', 'CP4']",,,,1,CTNet
PGD,False,,,Linf,2.0,0.2911093028569398,"[2.0767416954040527, 1.939704179763794, 2.104632616043091, 2.20283842086792, 2.130802869796753, 2.035871982574463, 1.562867522239685, 1.8525954484939575, 2.012611150741577, 2.156653642654419, 2.0658249855041504, 1.9909474849700928, 1.798093318939209, 1.9099167585372925, 1.9678925275802612, 2.039030075073242, 2.001106023788452, 2.013592004776001, 1.9508945941925049, 1.9968870878219604, 1.9853960275650024, 1.9988938570022583]",40.0,0.036388662857117476,True,999,0.6493055820465088,0.0,1.0,119.68609619140625,119.51909637451172,3.7802646160125732,2.194115400314331,0.08043709397315979,"[0.4722222222222222, 0.6111111111111112, 0.8333333333333334, 0.6805555555555556]","[0.0, 0.0, 0.0, 0.0]",0.0,1,False,0.9495429841897235,0.15370759689224128,0.15628441248780872,0.0025768155955674388,0.9140625,0.13860240551966455,0.10963141952969581,-0.028970985989968737,"['C3', 'P1', 'CP3', 'CP4', 'FC1']","['C3', 'CP3', 'P1', 'FC1', 'CP4']",,,,1,CTNet
FGSM_LP,True,gaussian,3.0,Linf,0.25,0.036388662857117476,"[0.2595927119255066, 0.24246302247047424, 0.26307907700538635, 0.27535480260849, 0.2663503587245941, 0.25448399782180786, 0.19535844027996063, 0.2315744310617447, 0.25157639384269714, 0.26958170533180237, 0.2582281231880188, 0.2488684356212616, 0.22476166486740112, 0.23873959481716156, 0.24598656594753265, 0.2548787593841553, 0.2501382529735565, 0.2516990005970001, 0.2438618242740631, 0.24961088597774506, 0.2481745034456253, 0.2498617321252823]",,,False,999,0.6493055820465088,0.5069444179534912,0.4930555820465088,5.551774024963379,5.548768520355225,0.03638876974582672,28.8382568359375,0.5304809808731079,"[0.4722222222222222, 0.6111111111111112, 0.8333333333333334, 0.6805555555555556]","[0.3055555555555556, 0.5, 0.7222222222222222, 0.5]",0.0,1,False,0.9983854460756635,0.15370759689224128,0.15390207413719523,0.00019447724495394447,1.0,0.13860240551966455,0.13722289660946493,-0.0013795089101996116,"['C3', 'P1', 'CP3', 'CP4', 'FC1']","['C3', 'P1', 'CP3', 'CP4', 'FC1']",,,,1,CTNet
FGSM_LP,True,gaussian,3.0,Linf,0.5,0.07277732571423495,"[0.5191854238510132, 0.4849260449409485, 0.5261581540107727, 0.55070960521698, 0.5327007174491882, 0.5089679956436157, 0.39071688055992126, 0.4631488621234894, 0.5031527876853943, 0.5391634106636047, 0.5164562463760376, 0.4977368712425232, 0.44952332973480225, 0.4774791896343231, 0.4919731318950653, 0.5097575187683105, 0.500276505947113, 0.5033980011940002, 0.4877236485481262, 0.4992217719554901, 0.4963490068912506, 0.4997234642505646]",,,False,999,0.6493055820465088,0.2395833283662796,0.7604166716337204,10.840546607971191,10.827993392944336,0.07277735322713852,23.031312942504883,0.51894611120224,"[0.4722222222222222, 0.6111111111111112, 0.8333333333333334, 0.6805555555555556]","[0.1527777777777778, 0.2222222222222222, 0.3888888888888889, 0.19444444444444445]",0.0,1,False,0.9983854460756635,0.15370759689224128,0.15390207413719523,0.00019447724495394447,1.0,0.13860240551966455,0.13722289660946493,-0.0013795089101996116,"['C3', 'P1', 'CP3', 'CP4', 'FC1']","['C3', 'P1', 'CP3', 'CP4', 'FC1']",,,,1,CTNet
FGSM_LP,True,gaussian,3.0,Linf,1.0,0.1455546514284699,"[1.0383708477020264, 0.969852089881897, 1.0523163080215454, 1.10141921043396, 1.0654014348983765, 1.0179359912872314, 0.7814337611198425, 0.9262977242469788, 1.0063055753707886, 1.0783268213272095, 1.0329124927520752, 0.9954737424850464, 0.8990466594696045, 0.9549583792686462, 0.9839462637901306, 1.019515037536621, 1.000553011894226, 1.0067960023880005, 0.9754472970962524, 0.9984435439109802, 0.9926980137825012, 0.9994469285011292]",,,False,999,0.6493055820465088,0.0,1.0,20.764558792114258,20.75181770324707,0.14555466175079346,17.381269454956055,0.5045727491378784,"[0.4722222222222222, 0.6111111111111112, 0.8333333333333334, 0.6805555555555556]","[0.0, 0.0, 0.0, 0.0]",0.0,1,False,0.9983854460756635,0.15370759689224128,0.15390207413719523,0.00019447724495394447,1.0,0.13860240551966455,0.13722289660946493,-0.0013795089101996116,"['C3', 'P1', 'CP3', 'CP4', 'FC1']","['C3', 'P1', 'CP3', 'CP4', 'FC1']",,,,1,CTNet
FGSM_LP,True,gaussian,3.0,Linf,2.0,0.2911093028569398,"[2.0767416954040527, 1.939704179763794, 2.104632616043091, 2.20283842086792, 2.130802869796753, 2.035871982574463, 1.562867522239685, 1.8525954484939575, 2.012611150741577, 2.156653642654419, 2.0658249855041504, 1.9909474849700928, 1.798093318939209, 1.9099167585372925, 1.9678925275802612, 2.039030075073242, 2.001106023788452, 2.013592004776001, 1.9508945941925049, 1.9968870878219604, 1.9853960275650024, 1.9988938570022583]",,,False,999,0.6493055820465088,0.0,1.0,38.590370178222656,38.6071891784668,0.2911093235015869,11.989237785339355,0.49057579040527344,"[0.4722222222222222, 0.6111111111111112, 0.8333333333333334, 0.6805555555555556]","[0.0, 0.0, 0.0, 0.0]",0.0,1,False,0.9983854460756635,0.15370759689224128,0.15390207413719523,0.00019447724495394447,1.0,0.13860240551966455,0.13722289660946493,-0.0013795089101996116,"['C3', 'P1', 'CP3', 'CP4', 'FC1']","['C3', 'P1', 'CP3', 'CP4', 'FC1']",,,,1,CTNet
PGD_LP,True,gaussian,3.0,Linf,0.25,0.036388662857117476,"[0.2595927119255066, 0.24246302247047424, 0.26307907700538635, 0.27535480260849, 0.2663503587245941, 0.25448399782180786, 0.19535844027996063, 0.2315744310617447, 0.25157639384269714, 0.26958170533180237, 0.2582281231880188, 0.2488684356212616, 0.22476166486740112, 0.23873959481716156, 0.24598656594753265, 0.2548787593841553, 0.2501382529735565, 0.2516990005970001, 0.2438618242740631, 0.24961088597774506, 0.2481745034456253, 0.2498617321252823]",40.0,0.0045485828571396845,True,999,0.6493055820465088,0.5520833134651184,0.4479166865348816,5.552552700042725,5.550456523895264,0.03638876974582672,28.835609436035156,0.5308956503868103,"[0.4722222222222222, 0.6111111111111112, 0.8333333333333334, 0.6805555555555556]","[0.4027777777777778, 0.5138888888888888, 0.7361111111111112, 0.5555555555555556]",0.0,1,False,0.998244282891022,0.15370759689224128,0.15385884485693105,0.00015124796468976576,0.99609375,0.13860240551966455,0.1371315574083014,-0.0014708481113631378,"['C3', 'P1', 'CP3', 'CP4', 'FC1']","['C3', 'P1', 'CP3', 'CP4', 'FC1']",,,,1,CTNet
PGD_LP,True,gaussian,3.0,Linf,0.5,0.07277732571423495,"[0.5191854238510132, 0.4849260449409485, 0.5261581540107727, 0.55070960521698, 0.5327007174491882, 0.5089679956436157, 0.39071688055992126, 0.4631488621234894, 0.5031527876853943, 0.5391634106636047, 0.5164562463760376, 0.4977368712425232, 0.44952332973480225, 0.4774791896343231, 0.4919731318950653, 0.5097575187683105, 0.500276505947113, 0.5033980011940002, 0.4877236485481262, 0.4992217719554901, 0.4963490068912506, 0.4997234642505646]",40.0,0.009097165714279369,True,999,0.6493055820465088,0.3680555522441864,0.6319444477558136,10.837401390075684,10.833673477172852,0.07277735322713852,23.026744842529297,0.5189635753631592,"[0.4722222222222222, 0.6111111111111112, 0.8333333333333334, 0.6805555555555556]","[0.2777777777777778, 0.3333333333333333, 0.5138888888888888, 0.3472222222222222]",0.0,1,False,0.998244282891022,0.15370759689224128,0.15385884485693105,0.00015124796468976576,0.99609375,0.13860240551966455,0.1371315574083014,-0.0014708481113631378,"['C3', 'P1', 'CP3', 'CP4', 'FC1']","['C3', 'P1', 'CP3', 'CP4', 'FC1']",,,,1,CTNet
PGD_LP,True,gaussian,3.0,Linf,1.0,0.1455546514284699,"[1.0383708477020264, 0.969852089881897, 1.0523163080215454, 1.10141921043396, 1.0654014348983765, 1.0179359912872314, 0.7814337611198425, 0.9262977242469788, 1.0063055753707886, 1.0783268213272095, 1.0329124927520752, 0.9954737424850464, 0.8990466594696045, 0.9549583792686462, 0.9839462637901306, 1.019515037536621, 1.000553011894226, 1.0067960023880005, 0.9754472970962524, 0.9984435439109802, 0.9926980137825012, 0.9994469285011292]",40.0,0.018194331428558738,True,999,0.6493055820465088,0.02083333395421505,0.979166666045785,20.772563934326172,20.76341438293457,0.14555466175079346,17.376413345336914,0.5038408041000366,"[0.4722222222222222, 0.6111111111111112, 0.8333333333333334, 0.6805555555555556]","[0.0, 0.027777777777777776, 0.0, 0.05555555555555555]",0.0,1,False,0.998244282891022,0.15370759689224128,0.15385884485693105,0.00015124796468976576,0.99609375,0.13860240551966455,0.1371315574083014,-0.0014708481113631378,"['C3', 'P1', 'CP3', 'CP4', 'FC1']","['C3', 'P1', 'CP3', 'CP4', 'FC1']",,,,1,CTNet
PGD_LP,True,gaussian,3.0,Linf,2.0,0.2911093028569398,"[2.0767416954040527, 1.939704179763794, 2.104632616043091, 2.20283842086792, 2.130802869796753, 2.035871982574463, 1.562867522239685, 1.8525954484939575, 2.012611150741577, 2.156653642654419, 2.0658249855041504, 1.9909474849700928, 1.798093318939209, 1.9099167585372925, 1.9678925275802612, 2.039030075073242, 2.001106023788452, 2.013592004776001, 1.9508945941925049, 1.9968870878219604, 1.9853960275650024, 1.9988938570022583]",40.0,0.036388662857117476,True,999,0.6493055820465088,0.0,1.0,38.59031677246094,38.57700729370117,0.2911093235015869,11.996089935302734,0.48544299602508545,"[0.4722222222222222, 0.6111111111111112, 0.8333333333333334, 0.6805555555555556]","[0.0, 0.0, 0.0, 0.0]",0.0,1,False,0.998244282891022,0.15370759689224128,0.15385884485693105,0.00015124796468976576,0.99609375,0.13860240551966455,0.1371315574083014,-0.0014708481113631378,"['C3', 'P1', 'CP3', 'CP4', 'FC1']","['C3', 'P1', 'CP3', 'CP4', 'FC1']",,,,1,CTNet
DeepFool_L2,,,,L2,,,,50.0,,,999,0.6493055820465088,0.0868055522441864,0.9131944477558136,108.59925842285156,75.13833618164062,2.4271957874298096,101.10802459716797,134.2781524658203,,,0.0,1,False,0.9683353331451159,0.15370759689224128,0.15576408680345064,0.0020564899112093527,0.94140625,0.13860240551966455,0.12606870483692675,-0.012533700682737792,"['C3', 'P1', 'CP3', 'CP4', 'FC1']","['C3', 'P1', 'CP3', 'FC1', 'CP4']",,,,1,CTNet
FGSM,False,,,Linf,0.25,0.036388662857117476,"[0.2595927119255066, 0.24246302247047424, 0.26307907700538635, 0.27535480260849, 0.2663503587245941, 0.25448399782180786, 0.19535844027996063, 0.2315744310617447, 0.25157639384269714, 0.26958170533180237, 0.2582281231880188, 0.2488684356212616, 0.22476166486740112, 0.23873959481716156, 0.24598656594753265, 0.2548787593841553, 0.2501382529735565, 0.2516990005970001, 0.2438618242740631, 0.24961088597774506, 0.2481745034456253, 0.2498617321252823]",,,False,42,0.71875,0.1111111119389534,0.8888888880610466,116.5873794555664,116.56160736083984,3.7802646160125732,2.414698600769043,0.10819058120250702,"[0.5694444444444444, 0.75, 0.8194444444444444, 0.7361111111111112]","[0.3194444444444444, 0.125, 0.0, 0.0]",0.0,1,False,0.819037619988707,0.18230457912340123,0.1916229437236897,0.009318364600288481,0.84765625,0.12078309565946042,0.1135710323679401,-0.0072120632915203264,"['C3', 'CP3', 'C5', 'Cz', 'C4']","['C3', 'CP3', 'CP4', 'Cz', 'C4']",,,,1,Mamba
FGSM,False,,,Linf,0.5,0.07277732571423495,"[0.5191854238510132, 0.4849260449409485, 0.5261581540107727, 0.55070960521698, 0.5327007174491882, 0.5089679956436157, 0.39071688055992126, 0.4631488621234894, 0.5031527876853943, 0.5391634106636047, 0.5164562463760376, 0.4977368712425232, 0.44952332973480225, 0.4774791896343231, 0.4919731318950653, 0.5097575187683105, 0.500276505947113, 0.5033980011940002, 0.4877236485481262, 0.4992217719554901, 0.4963490068912506, 0.4997234642505646]",,,False,42,0.71875,0.0069444444961845875,0.9930555555038154,116.97789001464844,116.70975494384766,3.7802646160125732,2.403506278991699,0.10650413483381271,"[0.5694444444444444, 0.75, 0.8194444444444444, 0.7361111111111112]","[0.027777777777777776, 0.0, 0.0, 0.0]",0.0,1,False,0.819037619988707,0.18230457912340123,0.1916229437236897,0.009318364600288481,0.84765625,0.12078309565946042,0.1135710323679401,-0.0072120632915203264,"['C3', 'CP3', 'C5', 'Cz', 'C4']","['C3', 'CP3', 'CP4', 'Cz', 'C4']",,,,1,Mamba
FGSM,False,,,Linf,1.0,0.1455546514284699,"[1.0383708477020264, 0.969852089881897, 1.0523163080215454, 1.10141921043396, 1.0654014348983765, 1.0179359912872314, 0.7814337611198425, 0.9262977242469788, 1.0063055753707886, 1.0783268213272095, 1.0329124927520752, 0.9954737424850464, 0.8990466594696045, 0.9549583792686462, 0.9839462637901306, 1.019515037536621, 1.000553011894226, 1.0067960023880005, 0.9754472970962524, 0.9984435439109802, 0.9926980137825012, 0.9994469285011292]",,,False,42,0.71875,0.0,1.0,117.53804016113281,117.29839324951172,3.7802646160125732,2.359189510345459,0.10008258372545242,"[0.5694444444444444, 0.75, 0.8194444444444444, 0.7361111111111112]","[0.0, 0.0, 0.0, 0.0]",0.0,1,False,0.819037619988707,0.18230457912340123,0.1916229437236897,0.009318364600288481,0.84765625,0.12078309565946042,0.1135710323679401,-0.0072120632915203264,"['C3', 'CP3', 'C5', 'Cz', 'C4']","['C3', 'CP3', 'CP4', 'Cz', 'C4']",,,,1,Mamba
FGSM,False,,,Linf,2.0,0.2911093028569398,"[2.0767416954040527, 1.939704179763794, 2.104632616043091, 2.20283842086792, 2.130802869796753, 2.035871982574463, 1.562867522239685, 1.8525954484939575, 2.012611150741577, 2.156653642654419, 2.0658249855041504, 1.9909474849700928, 1.798093318939209, 1.9099167585372925, 1.9678925275802612, 2.039030075073242, 2.001106023788452, 2.013592004776001, 1.9508945941925049, 1.9968870878219604, 1.9853960275650024, 1.9988938570022583]",,,False,42,0.71875,0.0,1.0,119.78556823730469,119.59104919433594,3.7802646160125732,2.1888277530670166,0.08001440018415451,"[0.5694444444444444, 0.75, 0.8194444444444444, 0.7361111111111112]","[0.0, 0.0, 0.0, 0.0]",0.0,1,False,0.819037619988707,0.18230457912340123,0.1916229437236897,0.009318364600288481,0.84765625,0.12078309565946042,0.1135710323679401,-0.0072120632915203264,"['C3', 'CP3', 'C5', 'Cz', 'C4']","['C3', 'CP3', 'CP4', 'Cz', 'C4']",,,,1,Mamba
PGD,False,,,Linf,0.25,0.036388662857117476,"[0.2595927119255066, 0.24246302247047424, 0.26307907700538635, 0.27535480260849, 0.2663503587245941, 0.25448399782180786, 0.19535844027996063, 0.2315744310617447, 0.25157639384269714, 0.26958170533180237, 0.2582281231880188, 0.2488684356212616, 0.22476166486740112, 0.23873959481716156, 0.24598656594753265, 0.2548787593841553, 0.2501382529735565, 0.2516990005970001, 0.2438618242740631, 0.24961088597774506, 0.2481745034456253, 0.2498617321252823]",40.0,0.0045485828571396845,True,42,0.71875,0.013888888992369175,0.9861111110076308,116.78772735595703,116.56136322021484,3.7802646160125732,2.414717197418213,0.1081976443529129,"[0.5694444444444444, 0.75, 0.8194444444444444, 0.7361111111111112]","[0.05555555555555555, 0.0, 0.0, 0.0]",0.0,1,False,0.8142468944099379,0.18230457912340123,0.19281647024107423,0.010511891117673006,0.84375,0.12078309565946042,0.10947984152262295,-0.01130325413683747,"['C3', 'CP3', 'C5', 'Cz', 'C4']","['C3', 'CP3', 'CP4', 'Cz', 'C4']",,,,1,Mamba
PGD,False,,,Linf,0.5,0.07277732571423495,"[0.5191854238510132, 0.4849260449409485, 0.5261581540107727, 0.55070960521698, 0.5327007174491882, 0.5089679956436157, 0.39071688055992126, 0.4631488621234894, 0.5031527876853943, 0.5391634106636047, 0.5164562463760376, 0.4977368712425232, 0.44952332973480225, 0.4774791896343231, 0.4919731318950653, 0.5097575187683105, 0.500276505947113, 0.5033980011940002, 0.4877236485481262, 0.4992217719554901, 0.4963490068912506, 0.4997234642505646]",40.0,0.009097165714279369,True,42,0.71875,0.0,1.0,116.97491455078125,116.70160675048828,3.7802646160125732,2.404132127761841,0.10671702772378922,"[0.5694444444444444, 0.75, 0.8194444444444444, 0.7361111111111112]","[0.0, 0.0, 0.0, 0.0]",0.0,1,False,0.8142468944099379,0.18230457912340123,0.19281647024107423,0.010511891117673006,0.84375,0.12078309565946042,0.10947984152262295,-0.01130325413683747,"['C3', 'CP3', 'C5', 'Cz', 'C4']","['C3', 'CP3', 'CP4', 'Cz', 'C4']",,,,1,Mamba
PGD,False,,,Linf,1.0,0.1455546514284699,"[1.0383708477020264, 0.969852089881897, 1.0523163080215454, 1.10141921043396, 1.0654014348983765, 1.0179359912872314, 0.7814337611198425, 0.9262977242469788, 1.0063055753707886, 1.0783268213272095, 1.0329124927520752, 0.9954737424850464, 0.8990466594696045, 0.9549583792686462, 0.9839462637901306, 1.019515037536621, 1.000553011894226, 1.0067960023880005, 0.9754472970962524, 0.9984435439109802, 0.9926980137825012, 0.9994469285011292]",40.0,0.018194331428558738,True,42,0.71875,0.0,1.0,117.35702514648438,117.11197662353516,3.7802646160125732,2.373332977294922,0.10372816771268845,"[0.5694444444444444, 0.75, 0.8194444444444444, 0.7361111111111112]","[0.0, 0.0, 0.0, 0.0]",0.0,1,False,0.8142468944099379,0.18230457912340123,0.19281647024107423,0.010511891117673006,0.84375,0.12078309565946042,0.10947984152262295,-0.01130325413683747,"['C3', 'CP3', 'C5', 'Cz', 'C4']","['C3', 'CP3', 'CP4', 'Cz', 'C4']",,,,1,Mamba
PGD,False,,,Linf,2.0,0.2911093028569398,"[2.0767416954040527, 1.939704179763794, 2.104632616043091, 2.20283842086792, 2.130802869796753, 2.035871982574463, 1.562867522239685, 1.8525954484939575, 2.012611150741577, 2.156653642654419, 2.0658249855041504, 1.9909474849700928, 1.798093318939209, 1.9099167585372925, 1.9678925275802612, 2.039030075073242, 2.001106023788452, 2.013592004776001, 1.9508945941925049, 1.9968870878219604, 1.9853960275650024, 1.9988938570022583]",40.0,0.036388662857117476,True,42,0.71875,0.0,1.0,118.60147094726562,118.32048797607422,3.7802646160125732,2.2831010818481445,0.09361876547336578,"[0.5694444444444444, 0.75, 0.8194444444444444, 0.7361111111111112]","[0.0, 0.0, 0.0, 0.0]",0.0,1,False,0.8142468944099379,0.18230457912340123,0.19281647024107423,0.010511891117673006,0.84375,0.12078309565946042,0.10947984152262295,-0.01130325413683747,"['C3', 'CP3', 'C5', 'Cz', 'C4']","['C3', 'CP3', 'CP4', 'Cz', 'C4']",,,,1,Mamba
FGSM_LP,True,gaussian,3.0,Linf,0.25,0.036388662857117476,"[0.2595927119255066, 0.24246302247047424, 0.26307907700538635, 0.27535480260849, 0.2663503587245941, 0.25448399782180786, 0.19535844027996063, 0.2315744310617447, 0.25157639384269714, 0.26958170533180237, 0.2582281231880188, 0.2488684356212616, 0.22476166486740112, 0.23873959481716156, 0.24598656594753265, 0.2548787593841553, 0.2501382529735565, 0.2516990005970001, 0.2438618242740631, 0.24961088597774506, 0.2481745034456253, 0.2498617321252823]",,,False,42,0.71875,0.6493055820465088,0.3506944179534912,5.542727947235107,5.54136848449707,0.03638876974582672,28.849884033203125,0.5259575247764587,"[0.5694444444444444, 0.75, 0.8194444444444444, 0.7361111111111112]","[0.5138888888888888, 0.6805555555555556, 0.7777777777777778, 0.625]",0.0,1,False,0.9964532749858837,0.18230457912340123,0.1827719670224177,0.00046738789901645816,0.984375,0.12078309565946042,0.12007808548624241,-0.0007050101732180153,"['C3', 'CP3', 'C5', 'Cz', 'C4']","['C3', 'CP3', 'Cz', 'C5', 'C4']",,,,1,Mamba
FGSM_LP,True,gaussian,3.0,Linf,0.5,0.07277732571423495,"[0.5191854238510132, 0.4849260449409485, 0.5261581540107727, 0.55070960521698, 0.5327007174491882, 0.5089679956436157, 0.39071688055992126, 0.4631488621234894, 0.5031527876853943, 0.5391634106636047, 0.5164562463760376, 0.4977368712425232, 0.44952332973480225, 0.4774791896343231, 0.4919731318950653, 0.5097575187683105, 0.500276505947113, 0.5033980011940002, 0.4877236485481262, 0.4992217719554901, 0.4963490068912506, 0.4997234642505646]",,,False,42,0.71875,0.4479166567325592,0.5520833432674408,10.796271324157715,10.799699783325195,0.07277735322713852,23.054119110107422,0.5110297799110413,"[0.5694444444444444, 0.75, 0.8194444444444444, 0.7361111111111112]","[0.3472222222222222, 0.5138888888888888, 0.4444444444444444, 0.4861111111111111]",0.0,1,False,0.9964532749858837,0.18230457912340123,0.1827719670224177,0.00046738789901645816,0.984375,0.12078309565946042,0.12007808548624241,-0.0007050101732180153,"['C3', 'CP3', 'C5', 'Cz', 'C4']","['C3', 'CP3', 'Cz', 'C5', 'C4']",,,,1,Mamba
FGSM_LP,True,gaussian,3.0,Linf,1.0,0.1455546514284699,"[1.0383708477020264, 0.969852089881897, 1.0523163080215454, 1.10141921043396, 1.0654014348983765, 1.0179359912872314, 0.7814337611198425, 0.9262977242469788, 1.0063055753707886, 1.0783268213272095, 1.0329124927520752, 0.9954737424850464, 0.8990466594696045, 0.9549583792686462, 0.9839462637901306, 1.019515037536621, 1.000553011894226, 1.0067960023880005, 0.9754472970962524, 0.9984435439109802, 0.9926980137825012, 0.9994469285011292]",,,False,42,0.71875,0.0520833320915699,0.9479166679084301,20.660036087036133,20.64551544189453,0.14555466175079346,17.42605209350586,0.49129289388656616,"[0.5694444444444444, 0.75, 0.8194444444444444, 0.7361111111111112]","[0.041666666666666664, 0.09722222222222222, 0.027777777777777776, 0.041666666666666664]",0.0,1,False,0.9964532749858837,0.18230457912340123,0.1827719670224177,0.00046738789901645816,0.984375,0.12078309565946042,0.12007808548624241,-0.0007050101732180153,"['C3', 'CP3', 'C5', 'Cz', 'C4']","['C3', 'CP3', 'Cz', 'C5', 'C4']",,,,1,Mamba
FGSM_LP,True,gaussian,3.0,Linf,2.0,0.2911093028569398,"[2.0767416954040527, 1.939704179763794, 2.104632616043091, 2.20283842086792, 2.130802869796753, 2.035871982574463, 1.562867522239685, 1.8525954484939575, 2.012611150741577, 2.156653642654419, 2.0658249855041504, 1.9909474849700928, 1.798093318939209, 1.9099167585372925, 1.9678925275802612, 2.039030075073242, 2.001106023788452, 2.013592004776001, 1.9508945941925049, 1.9968870878219604, 1.9853960275650024, 1.9988938570022583]",,,False,42,0.71875,0.0,1.0,38.266204833984375,38.22880554199219,0.2911093235015869,12.075112342834473,0.46967628598213196,"[0.5694444444444444, 0.75, 0.8194444444444444, 0.7361111111111112]","[0.0, 0.0, 0.0, 0.0]",0.0,1,False,0.9964532749858837,0.18230457912340123,0.1827719670224177,0.00046738789901645816,0.984375,0.12078309565946042,0.12007808548624241,-0.0007050101732180153,"['C3', 'CP3', 'C5', 'Cz', 'C4']","['C3', 'CP3', 'Cz', 'C5', 'C4']",,,,1,Mamba
PGD_LP,True,gaussian,3.0,Linf,0.25,0.036388662857117476,"[0.2595927119255066, 0.24246302247047424, 0.26307907700538635, 0.27535480260849, 0.2663503587245941, 0.25448399782180786, 0.19535844027996063, 0.2315744310617447, 0.25157639384269714, 0.26958170533180237, 0.2582281231880188, 0.2488684356212616, 0.22476166486740112, 0.23873959481716156, 0.24598656594753265, 0.2548787593841553, 0.2501382529735565, 0.2516990005970001, 0.2438618242740631, 0.24961088597774506, 0.2481745034456253, 0.2498617321252823]",40.0,0.0045485828571396845,True,42,0.71875,0.6840277910232544,0.3159722089767456,5.542479991912842,5.54044771194458,0.03638876974582672,28.851327896118164,0.5262159705162048,"[0.5694444444444444, 0.75, 0.8194444444444444, 0.7361111111111112]","[0.5555555555555556, 0.7222222222222222, 0.8055555555555556, 0.6527777777777778]",0.0,1,False,0.996770892151327,0.18230457912340123,0.1827182271715311,0.00041364804812987765,0.96875,0.12078309565946042,0.11961793624605949,-0.0011651594134009374,"['C3', 'CP3', 'C5', 'Cz', 'C4']","['C3', 'CP3', 'Cz', 'C5', 'C4']",,,,1,Mamba
PGD_LP,True,gaussian,3.0,Linf,0.5,0.07277732571423495,"[0.5191854238510132, 0.4849260449409485, 0.5261581540107727, 0.55070960521698, 0.5327007174491882, 0.5089679956436157, 0.39071688055992126, 0.4631488621234894, 0.5031527876853943, 0.5391634106636047, 0.5164562463760376, 0.4977368712425232, 0.44952332973480225, 0.4774791896343231, 0.4919731318950653, 0.5097575187683105, 0.500276505947113, 0.5033980011940002, 0.4877236485481262, 0.4992217719554901, 0.4963490068912506, 0.4997234642505646]",40.0,0.009097165714279369,True,42,0.71875,0.59375,0.40625,10.784783363342285,10.792960166931152,0.07277735322713852,23.059553146362305,0.5104734301567078,"[0.5694444444444444, 0.75, 0.8194444444444444, 0.7361111111111112]","[0.4861111111111111, 0.6388888888888888, 0.6805555555555556, 0.5694444444444444]",0.0,1,False,0.996770892151327,0.18230457912340123,0.1827182271715311,0.00041364804812987765,0.96875,0.12078309565946042,0.11961793624605949,-0.0011651594134009374,"['C3', 'CP3', 'C5', 'Cz', 'C4']","['C3', 'CP3', 'Cz', 'C5', 'C4']",,,,1,Mamba
PGD_LP,True,gaussian,3.0,Linf,1.0,0.1455546514284699,"[1.0383708477020264, 0.969852089881897, 1.0523163080215454, 1.10141921043396, 1.0654014348983765, 1.0179359912872314, 0.7814337611198425, 0.9262977242469788, 1.0063055753707886, 1.0783268213272095, 1.0329124927520752, 0.9954737424850464, 0.8990466594696045, 0.9549583792686462, 0.9839462637901306, 1.019515037536621, 1.000553011894226, 1.0067960023880005, 0.9754472970962524, 0.9984435439109802, 0.9926980137825012, 0.9994469285011292]",40.0,0.018194331428558738,True,42,0.71875,0.3194444477558136,0.6805555522441864,20.55063247680664,20.54776382446289,0.14555466175079346,17.467422485351562,0.48092713952064514,"[0.5694444444444444, 0.75, 0.8194444444444444, 0.7361111111111112]","[0.2638888888888889, 0.4444444444444444, 0.25, 0.3194444444444444]",0.0,1,False,0.996770892151327,0.18230457912340123,0.1827182271715311,0.00041364804812987765,0.96875,0.12078309565946042,0.11961793624605949,-0.0011651594134009374,"['C3', 'CP3', 'C5', 'Cz', 'C4']","['C3', 'CP3', 'Cz', 'C5', 'C4']",,,,1,Mamba
PGD_LP,True,gaussian,3.0,Linf,2.0,0.2911093028569398,"[2.0767416954040527, 1.939704179763794, 2.104632616043091, 2.20283842086792, 2.130802869796753, 2.035871982574463, 1.562867522239685, 1.8525954484939575, 2.012611150741577, 2.156653642654419, 2.0658249855041504, 1.9909474849700928, 1.798093318939209, 1.9099167585372925, 1.9678925275802612, 2.039030075073242, 2.001106023788452, 2.013592004776001, 1.9508945941925049, 1.9968870878219604, 1.9853960275650024, 1.9988938570022583]",40.0,0.036388662857117476,True,42,0.71875,0.02083333395421505,0.979166666045785,37.48472595214844,37.454383850097656,0.2911093235015869,12.253486633300781,0.43594223260879517,"[0.5694444444444444, 0.75, 0.8194444444444444, 0.7361111111111112]","[0.027777777777777776, 0.027777777777777776, 0.0, 0.027777777777777776]",0.0,1,False,0.996770892151327,0.18230457912340123,0.1827182271715311,0.00041364804812987765,0.96875,0.12078309565946042,0.11961793624605949,-0.0011651594134009374,"['C3', 'CP3', 'C5', 'Cz', 'C4']","['C3', 'CP3', 'Cz', 'C5', 'C4']",,,,1,Mamba
DeepFool_L2,,,,L2,,,,50.0,,,42,0.71875,0.1319444477558136,0.8680555522441864,109.94522094726562,83.46045684814453,2.682002067565918,81.55714416503906,126.5047378540039,,,0.0,1,False,0.8836285996612083,0.18230457912340123,0.18784342909205384,0.005538849968652615,0.90625,0.12078309565946042,0.11552825982451724,-0.005254835834943183,"['C3', 'CP3', 'C5', 'Cz', 'C4']","['C3', 'CP3', 'CP4', 'Cz', 'C5']",,,,1,Mamba
FGSM,False,,,Linf,0.25,0.036388662857117476,"[0.2595927119255066, 0.24246302247047424, 0.26307907700538635, 0.27535480260849, 0.2663503587245941, 0.25448399782180786, 0.19535844027996063, 0.2315744310617447, 0.25157639384269714, 0.26958170533180237, 0.2582281231880188, 0.2488684356212616, 0.22476166486740112, 0.23873959481716156, 0.24598656594753265, 0.2548787593841553, 0.2501382529735565, 0.2516990005970001, 0.2438618242740631, 0.24961088597774506, 0.2481745034456253, 0.2498617321252823]",,,False,123,0.71875,0.0590277761220932,0.9409722238779068,116.65409088134766,116.56160736083984,3.7802646160125732,2.414698600769043,0.10819077491760254,"[0.6666666666666666, 0.7638888888888888, 0.7916666666666666, 0.6527777777777778]","[0.2222222222222222, 0.013888888888888888, 0.0, 0.0]",0.0,1,False,0.8684712027103332,0.16727501830407027,0.15653913255088847,-0.010735885753181795,0.66015625,-0.266365109524587,-0.2763428815233082,-0.009977771998721241,"['C4', 'CP4', 'CP3', 'POz', 'FC1']","['C4', 'CP3', 'CP4', 'FC1', 'POz']",,,,1,Mamba
FGSM,False,,,Linf,0.5,0.07277732571423495,"[0.5191854238510132, 0.4849260449409485, 0.5261581540107727, 0.55070960521698, 0.5327007174491882, 0.5089679956436157, 0.39071688055992126, 0.4631488621234894, 0.5031527876853943, 0.5391634106636047, 0.5164562463760376, 0.4977368712425232, 0.44952332973480225, 0.4774791896343231, 0.4919731318950653, 0.5097575187683105, 0.500276505947113, 0.5033980011940002, 0.4877236485481262, 0.4992217719554901, 0.4963490068912506, 0.4997234642505646]",,,False,123,0.71875,0.0034722222480922937,0.9965277777519077,116.95073699951172,116.70974731445312,3.7802646160125732,2.403507709503174,0.10650567710399628,"[0.6666666666666666, 0.7638888888888888, 0.7916666666666666, 0.6527777777777778]","[0.0, 0.013888888888888888, 0.0, 0.0]",0.0,1,False,0.8684712027103332,0.16727501830407027,0.15653913255088847,-0.010735885753181795,0.66015625,-0.266365109524587,-0.2763428815233082,-0.009977771998721241,"['C4', 'CP4', 'CP3', 'POz', 'FC1']","['C4', 'CP3', 'CP4', 'FC1', 'POz']",,,,1,Mamba
FGSM,False,,,Linf,1.0,0.1455546514284699,"[1.0383708477020264, 0.969852089881897, 1.0523163080215454, 1.10141921043396, 1.0654014348983765, 1.0179359912872314, 0.7814337611198425, 0.9262977242469788, 1.0063055753707886, 1.0783268213272095, 1.0329124927520752, 0.9954737424850464, 0.8990466594696045, 0.9549583792686462, 0.9839462637901306, 1.019515037536621, 1.000553011894226, 1.0067960023880005, 0.9754472970962524, 0.9984435439109802, 0.9926980137825012, 0.9994469285011292]",,,False,123,0.71875,0.0,1.0,117.5353012084961,117.29828643798828,3.7802646160125732,2.359198808670044,0.10009213536977768,"[0.6666666666666666, 0.7638888888888888, 0.7916666666666666, 0.6527777777777778]","[0.0, 0.0, 0.0, 0.0]",0.0,1,False,0.8684712027103332,0.16727501830407027,0.15653913255088847,-0.010735885753181795,0.66015625,-0.266365109524587,-0.2763428815233082,-0.009977771998721241,"['C4', 'CP4', 'CP3', 'POz', 'FC1']","['C4', 'CP3', 'CP4', 'FC1', 'POz']",,,,1,Mamba
FGSM,False,,,Linf,2.0,0.2911093028569398,"[2.0767416954040527, 1.939704179763794, 2.104632616043091, 2.20283842086792, 2.130802869796753, 2.035871982574463, 1.562867522239685, 1.8525954484939575, 2.012611150741577, 2.156653642654419, 2.0658249855041504, 1.9909474849700928, 1.798093318939209, 1.9099167585372925, 1.9678925275802612, 2.039030075073242, 2.001106023788452, 2.013592004776001, 1.9508945941925049, 1.9968870878219604, 1.9853960275650024, 1.9988938570022583]",,,False,123,0.71875,0.0,1.0,119.7625961303711,119.58924865722656,3.7802646160125732,2.1889657974243164,0.0800594836473465,"[0.6666666666666666, 0.7638888888888888, 0.7916666666666666, 0.6527777777777778]","[0.0, 0.0, 0.0, 0.0]",0.0,1,False,0.8684712027103332,0.16727501830407027,0.15653913255088847,-0.010735885753181795,0.66015625,-0.266365109524587,-0.2763428815233082,-0.009977771998721241,"['C4', 'CP4', 'CP3', 'POz', 'FC1']","['C4', 'CP3', 'CP4', 'FC1', 'POz']",,,,1,Mamba
PGD,False,,,Linf,0.25,0.036388662857117476,"[0.2595927119255066, 0.24246302247047424, 0.26307907700538635, 0.27535480260849, 0.2663503587245941, 0.25448399782180786, 0.19535844027996063, 0.2315744310617447, 0.25157639384269714, 0.26958170533180237, 0.2582281231880188, 0.2488684356212616, 0.22476166486740112, 0.23873959481716156, 0.24598656594753265, 0.2548787593841553, 0.2501382529735565, 0.2516990005970001, 0.2438618242740631, 0.24961088597774506, 0.2481745034456253, 0.2498617321252823]",40.0,0.0045485828571396845,True,123,0.71875,0.010416666977107525,0.9895833330228925,116.80634307861328,116.56134796142578,3.7802646160125732,2.414717435836792,0.1081969365477562,"[0.6666666666666666, 0.7638888888888888, 0.7916666666666666, 0.6527777777777778]","[0.027777777777777776, 0.013888888888888888, 0.0, 0.0]",0.0,1,False,0.8588897515527951,0.16727501830407027,0.15735976170530358,-0.009915256598766686,0.625,-0.266365109524587,-0.2752402056564544,-0.008875096131867433,"['C4', 'CP4', 'CP3', 'POz', 'FC1']","['C4', 'CP3', 'CP4', 'FC1', 'POz']",,,,1,Mamba
PGD,False,,,Linf,0.5,0.07277732571423495,"[0.5191854238510132, 0.4849260449409485, 0.5261581540107727, 0.55070960521698, 0.5327007174491882, 0.5089679956436157, 0.39071688055992126, 0.4631488621234894, 0.5031527876853943, 0.5391634106636047, 0.5164562463760376, 0.4977368712425232, 0.44952332973480225, 0.4774791896343231, 0.4919731318950653, 0.5097575187683105, 0.500276505947113, 0.5033980011940002, 0.4877236485481262, 0.4992217719554901, 0.4963490068912506, 0.4997234642505646]",40.0,0.009097165714279369,True,123,0.71875,0.0,1.0,116.97174835205078,116.69867706298828,3.7802646160125732,2.4043591022491455,0.10677866637706757,"[0.6666666666666666, 0.7638888888888888, 0.7916666666666666, 0.6527777777777778]","[0.0, 0.0, 0.0, 0.0]",0.0,1,False,0.8588897515527951,0.16727501830407027,0.15735976170530358,-0.009915256598766686,0.625,-0.266365109524587,-0.2752402056564544,-0.008875096131867433,"['C4', 'CP4', 'CP3', 'POz', 'FC1']","['C4', 'CP3', 'CP4', 'FC1', 'POz']",,,,1,Mamba
PGD,False,,,Linf,1.0,0.1455546514284699,"[1.0383708477020264, 0.969852089881897, 1.0523163080215454, 1.10141921043396, 1.0654014348983765, 1.0179359912872314, 0.7814337611198425, 0.9262977242469788, 1.0063055753707886, 1.0783268213272095, 1.0329124927520752, 0.9954737424850464, 0.8990466594696045, 0.9549583792686462, 0.9839462637901306, 1.019515037536621, 1.000553011894226, 1.0067960023880005, 0.9754472970962524, 0.9984435439109802, 0.9926980137825012, 0.9994469285011292]",40.0,0.018194331428558738,True,123,0.71875,0.0,1.0,117.3106460571289,117.05680084228516,3.7802646160125732,2.3774893283843994,0.10430585592985153,"[0.6666666666666666, 0.7638888888888888, 0.7916666666666666, 0.6527777777777778]","[0.0, 0.0, 0.0, 0.0]",0.0,1,False,0.8588897515527951,0.16727501830407027,0.15735976170530358,-0.009915256598766686,0.625,-0.266365109524587,-0.2752402056564544,-0.008875096131867433,"['C4', 'CP4', 'CP3', 'POz', 'FC1']","['C4', 'CP3', 'CP4', 'FC1', 'POz']",,,,1,Mamba
PGD,False,,,Linf,2.0,0.2911093028569398,"[2.0767416954040527, 1.939704179763794, 2.104632616043091, 2.20283842086792, 2.130802869796753, 2.035871982574463, 1.562867522239685, 1.8525954484939575, 2.012611150741577, 2.156653642654419, 2.0658249855041504, 1.9909474849700928, 1.798093318939209, 1.9099167585372925, 1.9678925275802612, 2.039030075073242, 2.001106023788452, 2.013592004776001, 1.9508945941925049, 1.9968870878219604, 1.9853960275650024, 1.9988938570022583]",40.0,0.036388662857117476,True,123,0.71875,0.0,1.0,118.35694122314453,118.18484497070312,3.7802646160125732,2.293107032775879,0.09375602006912231,"[0.6666666666666666, 0.7638888888888888, 0.7916666666666666, 0.6527777777777778]","[0.0, 0.0, 0.0, 0.0]",0.0,1,False,0.8588897515527951,0.16727501830407027,0.15735976170530358,-0.009915256598766686,0.625,-0.266365109524587,-0.2752402056564544,-0.008875096131867433,"['C4', 'CP4', 'CP3', 'POz', 'FC1']","['C4', 'CP3', 'CP4', 'FC1', 'POz']",,,,1,Mamba
FGSM_LP,True,gaussian,3.0,Linf,0.25,0.036388662857117476,"[0.2595927119255066, 0.24246302247047424, 0.26307907700538635, 0.27535480260849, 0.2663503587245941, 0.25448399782180786, 0.19535844027996063, 0.2315744310617447, 0.25157639384269714, 0.26958170533180237, 0.2582281231880188, 0.2488684356212616, 0.22476166486740112, 0.23873959481716156, 0.24598656594753265, 0.2548787593841553, 0.2501382529735565, 0.2516990005970001, 0.2438618242740631, 0.24961088597774506, 0.2481745034456253, 0.2498617321252823]",,,False,123,0.71875,0.6145833134651184,0.3854166865348816,5.545595169067383,5.543629169464111,0.03638876974582672,28.84633445739746,0.527452290058136,"[0.6666666666666666, 0.7638888888888888, 0.7916666666666666, 0.6527777777777778]","[0.5833333333333334, 0.6666666666666666, 0.6805555555555556, 0.5277777777777778]",0.0,1,False,0.9964444522868436,0.16727501830407027,0.167034912996901,-0.0002401053071692527,0.96484375,-0.266365109524587,-0.2695218464088457,-0.003156736884258715,"['C4', 'CP4', 'CP3', 'POz', 'FC1']","['C4', 'CP4', 'CP3', 'POz', 'FC1']",,,,1,Mamba
FGSM_LP,True,gaussian,3.0,Linf,0.5,0.07277732571423495,"[0.5191854238510132, 0.4849260449409485, 0.5261581540107727, 0.55070960521698, 0.5327007174491882, 0.5089679956436157, 0.39071688055992126, 0.4631488621234894, 0.5031527876853943, 0.5391634106636047, 0.5164562463760376, 0.4977368712425232, 0.44952332973480225, 0.4774791896343231, 0.4919731318950653, 0.5097575187683105, 0.500276505947113, 0.5033980011940002, 0.4877236485481262, 0.4992217719554901, 0.4963490068912506, 0.4997234642505646]",,,False,123,0.71875,0.2986111044883728,0.7013888955116272,10.808390617370605,10.808209419250488,0.07277735322713852,23.04725456237793,0.5132282972335815,"[0.6666666666666666, 0.7638888888888888, 0.7916666666666666, 0.6527777777777778]","[0.3472222222222222, 0.4027777777777778, 0.19444444444444445, 0.25]",0.0,1,False,0.9964444522868436,0.16727501830407027,0.167034912996901,-0.0002401053071692527,0.96484375,-0.266365109524587,-0.2695218464088457,-0.003156736884258715,"['C4', 'CP4', 'CP3', 'POz', 'FC1']","['C4', 'CP4', 'CP3', 'POz', 'FC1']",,,,1,Mamba
FGSM_LP,True,gaussian,3.0,Linf,1.0,0.1455546514284699,"[1.0383708477020264, 0.969852089881897, 1.0523163080215454, 1.10141921043396, 1.0654014348983765, 1.0179359912872314, 0.7814337611198425, 0.9262977242469788, 1.0063055753707886, 1.0783268213272095, 1.0329124927520752, 0.9954737424850464, 0.8990466594696045, 0.9549583792686462, 0.9839462637901306, 1.019515037536621, 1.000553011894226, 1.0067960023880005, 0.9754472970962524, 0.9984435439109802, 0.9926980137825012, 0.9994469285011292]",,,False,123,0.71875,0.0243055559694767,0.9756944440305233,20.706954956054688,20.67658233642578,0.14555466175079346,17.41294288635254,0.49413102865219116,"[0.6666666666666666, 0.7638888888888888, 0.7916666666666666, 0.6527777777777778]","[0.027777777777777776, 0.06944444444444445, 0.0, 0.0]",0.0,1,False,0.9964444522868436,0.16727501830407027,0.167034912996901,-0.0002401053071692527,0.96484375,-0.266365109524587,-0.2695218464088457,-0.003156736884258715,"['C4', 'CP4', 'CP3', 'POz', 'FC1']","['C4', 'CP4', 'CP3', 'POz', 'FC1']",,,,1,Mamba
FGSM_LP,True,gaussian,3.0,Linf,2.0,0.2911093028569398,"[2.0767416954040527, 1.939704179763794, 2.104632616043091, 2.20283842086792, 2.130802869796753, 2.035871982574463, 1.562867522239685, 1.8525954484939575, 2.012611150741577, 2.156653642654419, 2.0658249855041504, 1.9909474849700928, 1.798093318939209, 1.9099167585372925, 1.9678925275802612, 2.039030075073242, 2.001106023788452, 2.013592004776001, 1.9508945941925049, 1.9968870878219604, 1.9853960275650024, 1.9988938570022583]",,,False,123,0.71875,0.0,1.0,38.35771942138672,38.33440399169922,0.2911093235015869,12.051067352294922,0.47414278984069824,"[0.6666666666666666, 0.7638888888888888, 0.7916666666666666, 0.6527777777777778]","[0.0, 0.0, 0.0, 0.0]",0.0,1,False,0.9964444522868436,0.16727501830407027,0.167034912996901,-0.0002401053071692527,0.96484375,-0.266365109524587,-0.2695218464088457,-0.003156736884258715,"['C4', 'CP4', 'CP3', 'POz', 'FC1']","['C4', 'CP4', 'CP3', 'POz', 'FC1']",,,,1,Mamba
PGD_LP,True,gaussian,3.0,Linf,0.25,0.036388662857117476,"[0.2595927119255066, 0.24246302247047424, 0.26307907700538635, 0.27535480260849, 0.2663503587245941, 0.25448399782180786, 0.19535844027996063, 0.2315744310617447, 0.25157639384269714, 0.26958170533180237, 0.2582281231880188, 0.2488684356212616, 0.22476166486740112, 0.23873959481716156, 0.24598656594753265, 0.2548787593841553, 0.2501382529735565, 0.2516990005970001, 0.2438618242740631, 0.24961088597774506, 0.2481745034456253, 0.2498617321252823]",40.0,0.0045485828571396845,True,123,0.71875,0.65625,0.34375,5.546113967895508,5.542590141296387,0.03638876974582672,28.847965240478516,0.5271377563476562,"[0.6666666666666666, 0.7638888888888888, 0.7916666666666666, 0.6527777777777778]","[0.625, 0.7361111111111112, 0.7083333333333334, 0.5555555555555556]",0.0,1,False,0.9967532467532467,0.16727501830407027,0.16696226674763728,-0.000312751556432983,0.96875,-0.266365109524587,-0.27058274343304384,-0.004217633908456864,"['C4', 'CP4', 'CP3', 'POz', 'FC1']","['C4', 'CP4', 'CP3', 'POz', 'FC1']",,,,1,Mamba
PGD_LP,True,gaussian,3.0,Linf,0.5,0.07277732571423495,"[0.5191854238510132, 0.4849260449409485, 0.5261581540107727, 0.55070960521698, 0.5327007174491882, 0.5089679956436157, 0.39071688055992126, 0.4631488621234894, 0.5031527876853943, 0.5391634106636047, 0.5164562463760376, 0.4977368712425232, 0.44952332973480225, 0.4774791896343231, 0.4919731318950653, 0.5097575187683105, 0.500276505947113, 0.5033980011940002, 0.4877236485481262, 0.4992217719554901, 0.4963490068912506, 0.4997234642505646]",40.0,0.009097165714279369,True,123,0.71875,0.5034722089767456,0.4965277910232544,10.805377006530762,10.79909896850586,0.07277735322713852,23.054603576660156,0.5110859870910645,"[0.6666666666666666, 0.7638888888888888, 0.7916666666666666, 0.6527777777777778]","[0.4722222222222222, 0.625, 0.5, 0.4166666666666667]",0.0,1,False,0.9967532467532467,0.16727501830407027,0.16696226674763728,-0.000312751556432983,0.96875,-0.266365109524587,-0.27058274343304384,-0.004217633908456864,"['C4', 'CP4', 'CP3', 'POz', 'FC1']","['C4', 'CP4', 'CP3', 'POz', 'FC1']",,,,1,Mamba
PGD_LP,True,gaussian,3.0,Linf,1.0,0.1455546514284699,"[1.0383708477020264, 0.969852089881897, 1.0523163080215454, 1.10141921043396, 1.0654014348983765, 1.0179359912872314, 0.7814337611198425, 0.9262977242469788, 1.0063055753707886, 1.0783268213272095, 1.0329124927520752, 0.9954737424850464, 0.8990466594696045, 0.9549583792686462, 0.9839462637901306, 1.019515037536621, 1.000553011894226, 1.0067960023880005, 0.9754472970962524, 0.9984435439109802, 0.9926980137825012, 0.9994469285011292]",40.0,0.018194331428558738,True,123,0.71875,0.1840277761220932,0.8159722238779068,20.55312728881836,20.536251068115234,0.14555466175079346,17.472328186035156,0.4790310859680176,"[0.6666666666666666, 0.7638888888888888, 0.7916666666666666, 0.6527777777777778]","[0.2638888888888889, 0.3055555555555556, 0.08333333333333333, 0.08333333333333333]",0.0,1,False,0.9967532467532467,0.16727501830407027,0.16696226674763728,-0.000312751556432983,0.96875,-0.266365109524587,-0.27058274343304384,-0.004217633908456864,"['C4', 'CP4', 'CP3', 'POz', 'FC1']","['C4', 'CP4', 'CP3', 'POz', 'FC1']",,,,1,Mamba
PGD_LP,True,gaussian,3.0,Linf,2.0,0.2911093028569398,"[2.0767416954040527, 1.939704179763794, 2.104632616043091, 2.20283842086792, 2.130802869796753, 2.035871982574463, 1.562867522239685, 1.8525954484939575, 2.012611150741577, 2.156653642654419, 2.0658249855041504, 1.9909474849700928, 1.798093318939209, 1.9099167585372925, 1.9678925275802612, 2.039030075073242, 2.001106023788452, 2.013592004776001, 1.9508945941925049, 1.9968870878219604, 1.9853960275650024, 1.9988938570022583]",40.0,0.036388662857117476,True,123,0.71875,0.0034722222480922937,0.9965277777519077,37.463523864746094,37.39626693725586,0.2911093235015869,12.266963958740234,0.4385676681995392,"[0.6666666666666666, 0.7638888888888888, 0.7916666666666666, 0.6527777777777778]","[0.0, 0.013888888888888888, 0.0, 0.0]",0.0,1,False,0.9967532467532467,0.16727501830407027,0.16696226674763728,-0.000312751556432983,0.96875,-0.266365109524587,-0.27058274343304384,-0.004217633908456864,"['C4', 'CP4', 'CP3', 'POz', 'FC1']","['C4', 'CP4', 'CP3', 'POz', 'FC1']",,,,1,Mamba
DeepFool_L2,,,,L2,,,,50.0,,,123,0.71875,0.1354166716337204,0.8645833283662796,112.07597351074219,83.62957000732422,2.6769192218780518,81.54280853271484,126.48664093017578,,,0.0,1,False,0.9082086391869002,0.16727501830407027,0.15933755984361836,-0.007937458460451907,0.7734375,-0.266365109524587,-0.2722019429354359,-0.005836833410848952,"['C4', 'CP4', 'CP3', 'POz', 'FC1']","['C4', 'CP3', 'CP4', 'POz', 'FC1']",,,,1,Mamba
FGSM,False,,,Linf,0.25,0.036388662857117476,"[0.2595927119255066, 0.24246302247047424, 0.26307907700538635, 0.27535480260849, 0.2663503587245941, 0.25448399782180786, 0.19535844027996063, 0.2315744310617447, 0.25157639384269714, 0.26958170533180237, 0.2582281231880188, 0.2488684356212616, 0.22476166486740112, 0.23873959481716156, 0.24598656594753265, 0.2548787593841553, 0.2501382529735565, 0.2516990005970001, 0.2438618242740631, 0.24961088597774506, 0.2481745034456253, 0.2498617321252823]",,,False,2024,0.7152777910232544,0.0694444477558136,0.9305555522441864,116.57646179199219,116.56160736083984,3.7802646160125732,2.4146978855133057,0.10819075256586075,"[0.5833333333333334, 0.75, 0.7916666666666666, 0.7361111111111112]","[0.2777777777777778, 0.0, 0.0, 0.0]",0.0,1,False,0.7801824534161491,0.1430803340943404,0.151222325472732,0.008141991378391611,0.91015625,-0.211210422107858,-0.3157375125441358,-0.10452709043627778,"['CP3', 'CP4', 'Cz', 'C4', 'C2']","['CP4', 'FC3', 'CP3', 'C4', 'Cz']",,,,1,Mamba
FGSM,False,,,Linf,0.5,0.07277732571423495,"[0.5191854238510132, 0.4849260449409485, 0.5261581540107727, 0.55070960521698, 0.5327007174491882, 0.5089679956436157, 0.39071688055992126, 0.4631488621234894, 0.5031527876853943, 0.5391634106636047, 0.5164562463760376, 0.4977368712425232, 0.44952332973480225, 0.4774791896343231, 0.4919731318950653, 0.5097575187683105, 0.500276505947113, 0.5033980011940002, 0.4877236485481262, 0.4992217719554901, 0.4963490068912506, 0.4997234642505646]",,,False,2024,0.7152777910232544,0.0,1.0,116.97806549072266,116.70980072021484,3.7802646160125732,2.403502941131592,0.10650540888309479,"[0.5833333333333334, 0.75, 0.7916666666666666, 0.7361111111111112]","[0.0, 0.0, 0.0, 0.0]",0.0,1,False,0.7801824534161491,0.1430803340943404,0.151222325472732,0.008141991378391611,0.91015625,-0.211210422107858,-0.3157375125441358,-0.10452709043627778,"['CP3', 'CP4', 'Cz', 'C4', 'C2']","['CP4', 'FC3', 'CP3', 'C4', 'Cz']",,,,1,Mamba
FGSM,False,,,Linf,1.0,0.1455546514284699,"[1.0383708477020264, 0.969852089881897, 1.0523163080215454, 1.10141921043396, 1.0654014348983765, 1.0179359912872314, 0.7814337611198425, 0.9262977242469788, 1.0063055753707886, 1.0783268213272095, 1.0329124927520752, 0.9954737424850464, 0.8990466594696045, 0.9549583792686462, 0.9839462637901306, 1.019515037536621, 1.000553011894226, 1.0067960023880005, 0.9754472970962524, 0.9984435439109802, 0.9926980137825012, 0.9994469285011292]",,,False,2024,0.7152777910232544,0.0,1.0,117.53663635253906,117.29856872558594,3.7802646160125732,2.359175443649292,0.10008585453033447,"[0.5833333333333334, 0.75, 0.7916666666666666, 0.7361111111111112]","[0.0, 0.0, 0.0, 0.0]",0.0,1,False,0.7801824534161491,0.1430803340943404,0.151222325472732,0.008141991378391611,0.91015625,-0.211210422107858,-0.3157375125441358,-0.10452709043627778,"['CP3', 'CP4', 'Cz', 'C4', 'C2']","['CP4', 'FC3', 'CP3', 'C4', 'Cz']",,,,1,Mamba
FGSM,False,,,Linf,2.0,0.2911093028569398,"[2.0767416954040527, 1.939704179763794, 2.104632616043091, 2.20283842086792, 2.130802869796753, 2.035871982574463, 1.562867522239685, 1.8525954484939575, 2.012611150741577, 2.156653642654419, 2.0658249855041504, 1.9909474849700928, 1.798093318939209, 1.9099167585372925, 1.9678925275802612, 2.039030075073242, 2.001106023788452, 2.013592004776001, 1.9508945941925049, 1.9968870878219604, 1.9853960275650024, 1.9988938570022583]",,,False,2024,0.7152777910232544,0.0,1.0,119.77119445800781,119.59087371826172,3.7802646160125732,2.188836097717285,0.08004461228847504,"[0.5833333333333334, 0.75, 0.7916666666666666, 0.7361111111111112]","[0.0, 0.0, 0.0, 0.0]",0.0,1,False,0.7801824534161491,0.1430803340943404,0.151222325472732,0.008141991378391611,0.91015625,-0.211210422107858,-0.3157375125441358,-0.10452709043627778,"['CP3', 'CP4', 'Cz', 'C4', 'C2']","['CP4', 'FC3', 'CP3', 'C4', 'Cz']",,,,1,Mamba
PGD,False,,,Linf,0.25,0.036388662857117476,"[0.2595927119255066, 0.24246302247047424, 0.26307907700538635, 0.27535480260849, 0.2663503587245941, 0.25448399782180786, 0.19535844027996063, 0.2315744310617447, 0.25157639384269714, 0.26958170533180237, 0.2582281231880188, 0.2488684356212616, 0.22476166486740112, 0.23873959481716156, 0.24598656594753265, 0.2548787593841553, 0.2501382529735565, 0.2516990005970001, 0.2438618242740631, 0.24961088597774506, 0.2481745034456253, 0.2498617321252823]",40.0,0.0045485828571396845,True,2024,0.7152777910232544,0.0069444444961845875,0.9930555555038154,116.83692169189453,116.56137084960938,3.7802646160125732,2.4147157669067383,0.10819664597511292,"[0.5833333333333334, 0.75, 0.7916666666666666, 0.7361111111111112]","[0.027777777777777776, 0.0, 0.0, 0.0]",0.0,1,False,0.7827145680406551,0.1430803340943404,0.15222316138417027,0.009142827289829875,0.89453125,-0.211210422107858,-0.31201310572867447,-0.10080268362081646,"['CP3', 'CP4', 'Cz', 'C4', 'C2']","['CP4', 'FC3', 'CP3', 'C4', 'Cz']",,,,1,Mamba
PGD,False,,,Linf,0.5,0.07277732571423495,"[0.5191854238510132, 0.4849260449409485, 0.5261581540107727, 0.55070960521698, 0.5327007174491882, 0.5089679956436157, 0.39071688055992126, 0.4631488621234894, 0.5031527876853943, 0.5391634106636047, 0.5164562463760376, 0.4977368712425232, 0.44952332973480225, 0.4774791896343231, 0.4919731318950653, 0.5097575187683105, 0.500276505947113, 0.5033980011940002, 0.4877236485481262, 0.4992217719554901, 0.4963490068912506, 0.4997234642505646]",40.0,0.009097165714279369,True,2024,0.7152777910232544,0.0,1.0,116.97393035888672,116.70130920410156,3.7802646160125732,2.404154062271118,0.10670929402112961,"[0.5833333333333334, 0.75, 0.7916666666666666, 0.7361111111111112]","[0.0, 0.0, 0.0, 0.0]",0.0,1,False,0.7827145680406551,0.1430803340943404,0.15222316138417027,0.009142827289829875,0.89453125,-0.211210422107858,-0.31201310572867447,-0.10080268362081646,"['CP3', 'CP4', 'Cz', 'C4', 'C2']","['CP4', 'FC3', 'CP3', 'C4', 'Cz']",,,,1,Mamba
PGD,False,,,Linf,1.0,0.1455546514284699,"[1.0383708477020264, 0.969852089881897, 1.0523163080215454, 1.10141921043396, 1.0654014348983765, 1.0179359912872314, 0.7814337611198425, 0.9262977242469788, 1.0063055753707886, 1.0783268213272095, 1.0329124927520752, 0.9954737424850464, 0.8990466594696045, 0.9549583792686462, 0.9839462637901306, 1.019515037536621, 1.000553011894226, 1.0067960023880005, 0.9754472970962524, 0.9984435439109802, 0.9926980137825012, 0.9994469285011292]",40.0,0.018194331428558738,True,2024,0.7152777910232544,0.0,1.0,117.33363342285156,117.08295440673828,3.7802646160125732,2.3755106925964355,0.10386080294847488,"[0.5833333333333334, 0.75, 0.7916666666666666, 0.7361111111111112]","[0.0, 0.0, 0.0, 0.0]",0.0,1,False,0.7827145680406551,0.1430803340943404,0.15222316138417027,0.009142827289829875,0.89453125,-0.211210422107858,-0.31201310572867447,-0.10080268362081646,"['CP3', 'CP4', 'Cz', 'C4', 'C2']","['CP4', 'FC3', 'CP3', 'C4', 'Cz']",,,,1,Mamba
PGD,False,,,Linf,2.0,0.2911093028569398,"[2.0767416954040527, 1.939704179763794, 2.104632616043091, 2.20283842086792, 2.130802869796753, 2.035871982574463, 1.562867522239685, 1.8525954484939575, 2.012611150741577, 2.156653642654419, 2.0658249855041504, 1.9909474849700928, 1.798093318939209, 1.9099167585372925, 1.9678925275802612, 2.039030075073242, 2.001106023788452, 2.013592004776001, 1.9508945941925049, 1.9968870878219604, 1.9853960275650024, 1.9988938570022583]",40.0,0.036388662857117476,True,2024,0.7152777910232544,0.0,1.0,118.41917419433594,118.23550415039062,3.7802646160125732,2.2893402576446533,0.09347375482320786,"[0.5833333333333334, 0.75, 0.7916666666666666, 0.7361111111111112]","[0.0, 0.0, 0.0, 0.0]",0.0,1,False,0.7827145680406551,0.1430803340943404,0.15222316138417027,0.009142827289829875,0.89453125,-0.211210422107858,-0.31201310572867447,-0.10080268362081646,"['CP3', 'CP4', 'Cz', 'C4', 'C2']","['CP4', 'FC3', 'CP3', 'C4', 'Cz']",,,,1,Mamba
FGSM_LP,True,gaussian,3.0,Linf,0.25,0.036388662857117476,"[0.2595927119255066, 0.24246302247047424, 0.26307907700538635, 0.27535480260849, 0.2663503587245941, 0.25448399782180786, 0.19535844027996063, 0.2315744310617447, 0.25157639384269714, 0.26958170533180237, 0.2582281231880188, 0.2488684356212616, 0.22476166486740112, 0.23873959481716156, 0.24598656594753265, 0.2548787593841553, 0.2501382529735565, 0.2516990005970001, 0.2438618242740631, 0.24961088597774506, 0.2481745034456253, 0.2498617321252823]",,,False,2024,0.7152777910232544,0.6180555820465088,0.3819444179534912,5.54300594329834,5.543367862701416,0.03638876974582672,28.84674072265625,0.5282137393951416,"[0.5833333333333334, 0.75, 0.7916666666666666, 0.7361111111111112]","[0.4861111111111111, 0.7083333333333334, 0.6388888888888888, 0.6388888888888888]",0.0,1,False,0.9957474590626765,0.1430803340943404,0.1433227440312089,0.00024240993686849843,1.0,-0.211210422107858,-0.21129920159740093,-8.877948954291726e-05,"['CP3', 'CP4', 'Cz', 'C4', 'C2']","['CP3', 'CP4', 'Cz', 'C4', 'C2']",,,,1,Mamba
FGSM_LP,True,gaussian,3.0,Linf,0.5,0.07277732571423495,"[0.5191854238510132, 0.4849260449409485, 0.5261581540107727, 0.55070960521698, 0.5327007174491882, 0.5089679956436157, 0.39071688055992126, 0.4631488621234894, 0.5031527876853943, 0.5391634106636047, 0.5164562463760376, 0.4977368712425232, 0.44952332973480225, 0.4774791896343231, 0.4919731318950653, 0.5097575187683105, 0.500276505947113, 0.5033980011940002, 0.4877236485481262, 0.4992217719554901, 0.4963490068912506, 0.4997234642505646]",,,False,2024,0.7152777910232544,0.3541666567325592,0.6458333432674408,10.80912971496582,10.807310104370117,0.07277735322713852,23.047969818115234,0.5147714018821716,"[0.5833333333333334, 0.75, 0.7916666666666666, 0.7361111111111112]","[0.3472222222222222, 0.4305555555555556, 0.2361111111111111, 0.4027777777777778]",0.0,1,False,0.9957474590626765,0.1430803340943404,0.1433227440312089,0.00024240993686849843,1.0,-0.211210422107858,-0.21129920159740093,-8.877948954291726e-05,"['CP3', 'CP4', 'Cz', 'C4', 'C2']","['CP3', 'CP4', 'Cz', 'C4', 'C2']",,,,1,Mamba
FGSM_LP,True,gaussian,3.0,Linf,1.0,0.1455546514284699,"[1.0383708477020264, 0.969852089881897, 1.0523163080215454, 1.10141921043396, 1.0654014348983765, 1.0179359912872314, 0.7814337611198425, 0.9262977242469788, 1.0063055753707886, 1.0783268213272095, 1.0329124927520752, 0.9954737424850464, 0.8990466594696045, 0.9549583792686462, 0.9839462637901306, 1.019515037536621, 1.000553011894226, 1.0067960023880005, 0.9754472970962524, 0.9984435439109802, 0.9926980137825012, 0.9994469285011292]",,,False,2024,0.7152777910232544,0.0416666679084301,0.9583333320915699,20.687149047851562,20.669841766357422,0.14555466175079346,17.41576385498047,0.49666768312454224,"[0.5833333333333334, 0.75, 0.7916666666666666, 0.7361111111111112]","[0.027777777777777776, 0.05555555555555555, 0.0, 0.08333333333333333]",0.0,1,False,0.9957474590626765,0.1430803340943404,0.1433227440312089,0.00024240993686849843,1.0,-0.211210422107858,-0.21129920159740093,-8.877948954291726e-05,"['CP3', 'CP4', 'Cz', 'C4', 'C2']","['CP3', 'CP4', 'Cz', 'C4', 'C2']",,,,1,Mamba
FGSM_LP,True,gaussian,3.0,Linf,2.0,0.2911093028569398,"[2.0767416954040527, 1.939704179763794, 2.104632616043091, 2.20283842086792, 2.130802869796753, 2.035871982574463, 1.562867522239685, 1.8525954484939575, 2.012611150741577, 2.156653642654419, 2.0658249855041504, 1.9909474849700928, 1.798093318939209, 1.9099167585372925, 1.9678925275802612, 2.039030075073242, 2.001106023788452, 2.013592004776001, 1.9508945941925049, 1.9968870878219604, 1.9853960275650024, 1.9988938570022583]",,,False,2024,0.7152777910232544,0.0,1.0,38.2913932800293,38.30488586425781,0.2911093235015869,12.057747840881348,0.47832316160202026,"[0.5833333333333334, 0.75, 0.7916666666666666, 0.7361111111111112]","[0.0, 0.0, 0.0, 0.0]",0.0,1,False,0.9957474590626765,0.1430803340943404,0.1433227440312089,0.00024240993686849843,1.0,-0.211210422107858,-0.21129920159740093,-8.877948954291726e-05,"['CP3', 'CP4', 'Cz', 'C4', 'C2']","['CP3', 'CP4', 'Cz', 'C4', 'C2']",,,,1,Mamba
PGD_LP,True,gaussian,3.0,Linf,0.25,0.036388662857117476,"[0.2595927119255066, 0.24246302247047424, 0.26307907700538635, 0.27535480260849, 0.2663503587245941, 0.25448399782180786, 0.19535844027996063, 0.2315744310617447, 0.25157639384269714, 0.26958170533180237, 0.2582281231880188, 0.2488684356212616, 0.22476166486740112, 0.23873959481716156, 0.24598656594753265, 0.2548787593841553, 0.2501382529735565, 0.2516990005970001, 0.2438618242740631, 0.24961088597774506, 0.2481745034456253, 0.2498617321252823]",40.0,0.0045485828571396845,True,2024,0.7152777910232544,0.6597222089767456,0.3402777910232544,5.543889045715332,5.5425825119018555,0.03638876974582672,28.847970962524414,0.5274519920349121,"[0.5833333333333334, 0.75, 0.7916666666666666, 0.7361111111111112]","[0.5138888888888888, 0.7361111111111112, 0.7361111111111112, 0.6527777777777778]",0.0,1,False,0.9962150621118013,0.1430803340943404,0.14336276341625487,0.000282429321914468,0.99609375,-0.211210422107858,-0.21172942300806202,-0.0005190009002040141,"['CP3', 'CP4', 'Cz', 'C4', 'C2']","['CP3', 'CP4', 'Cz', 'C4', 'C2']",,,,1,Mamba
PGD_LP,True,gaussian,3.0,Linf,0.5,0.07277732571423495,"[0.5191854238510132, 0.4849260449409485, 0.5261581540107727, 0.55070960521698, 0.5327007174491882, 0.5089679956436157, 0.39071688055992126, 0.4631488621234894, 0.5031527876853943, 0.5391634106636047, 0.5164562463760376, 0.4977368712425232, 0.44952332973480225, 0.4774791896343231, 0.4919731318950653, 0.5097575187683105, 0.500276505947113, 0.5033980011940002, 0.4877236485481262, 0.4992217719554901, 0.4963490068912506, 0.4997234642505646]",40.0,0.009097165714279369,True,2024,0.7152777910232544,0.5555555820465088,0.4444444179534912,10.806947708129883,10.798979759216309,0.07277735322713852,23.054691314697266,0.5111711025238037,"[0.5833333333333334, 0.75, 0.7916666666666666, 0.7361111111111112]","[0.4444444444444444, 0.7083333333333334, 0.5555555555555556, 0.5138888888888888]",0.0,1,False,0.9962150621118013,0.1430803340943404,0.14336276341625487,0.000282429321914468,0.99609375,-0.211210422107858,-0.21172942300806202,-0.0005190009002040141,"['CP3', 'CP4', 'Cz', 'C4', 'C2']","['CP3', 'CP4', 'Cz', 'C4', 'C2']",,,,1,Mamba
PGD_LP,True,gaussian,3.0,Linf,1.0,0.1455546514284699,"[1.0383708477020264, 0.969852089881897, 1.0523163080215454, 1.10141921043396, 1.0654014348983765, 1.0179359912872314, 0.7814337611198425, 0.9262977242469788, 1.0063055753707886, 1.0783268213272095, 1.0329124927520752, 0.9954737424850464, 0.8990466594696045, 0.9549583792686462, 0.9839462637901306, 1.019515037536621, 1.000553011894226, 1.0067960023880005, 0.9754472970962524, 0.9984435439109802, 0.9926980137825012, 0.9994469285011292]",40.0,0.018194331428558738,True,2024,0.7152777910232544,0.2847222089767456,0.7152777910232544,20.56045913696289,20.546602249145508,0.14555466175079346,17.46792984008789,0.4803867042064667,"[0.5833333333333334, 0.75, 0.7916666666666666, 0.7361111111111112]","[0.16666666666666666, 0.4166666666666667, 0.2361111111111111, 0.3194444444444444]",0.0,1,False,0.9962150621118013,0.1430803340943404,0.14336276341625487,0.000282429321914468,0.99609375,-0.211210422107858,-0.21172942300806202,-0.0005190009002040141,"['CP3', 'CP4', 'Cz', 'C4', 'C2']","['CP3', 'CP4', 'Cz', 'C4', 'C2']",,,,1,Mamba
PGD_LP,True,gaussian,3.0,Linf,2.0,0.2911093028569398,"[2.0767416954040527, 1.939704179763794, 2.104632616043091, 2.20283842086792, 2.130802869796753, 2.035871982574463, 1.562867522239685, 1.8525954484939575, 2.012611150741577, 2.156653642654419, 2.0658249855041504, 1.9909474849700928, 1.798093318939209, 1.9099167585372925, 1.9678925275802612, 2.039030075073242, 2.001106023788452, 2.013592004776001, 1.9508945941925049, 1.9968870878219604, 1.9853960275650024, 1.9988938570022583]",40.0,0.036388662857117476,True,2024,0.7152777910232544,0.0173611119389534,0.9826388880610466,37.50911331176758,37.4254264831543,0.2911093235015869,12.260184288024902,0.43744051456451416,"[0.5833333333333334, 0.75, 0.7916666666666666, 0.7361111111111112]","[0.0, 0.05555555555555555, 0.0, 0.013888888888888888]",0.0,1,False,0.9962150621118013,0.1430803340943404,0.14336276341625487,0.000282429321914468,0.99609375,-0.211210422107858,-0.21172942300806202,-0.0005190009002040141,"['CP3', 'CP4', 'Cz', 'C4', 'C2']","['CP3', 'CP4', 'Cz', 'C4', 'C2']",,,,1,Mamba
DeepFool_L2,,,,L2,,,,50.0,,,2024,0.7152777910232544,0.0694444477558136,0.9305555522441864,113.10498046875,82.99432373046875,2.6673154830932617,82.53809356689453,126.98094177246094,,,0.0,1,False,0.8656920525127048,0.1430803340943404,0.14628651404116022,0.0032061799468198204,0.9453125,-0.211210422107858,-0.2637775333420109,-0.05256711123415286,"['CP3', 'CP4', 'Cz', 'C4', 'C2']","['CP4', 'CP3', 'FC3', 'C4', 'Cz']",,,,1,Mamba
FGSM,False,,,Linf,0.25,0.036388662857117476,"[0.2595927119255066, 0.24246302247047424, 0.26307907700538635, 0.27535480260849, 0.2663503587245941, 0.25448399782180786, 0.19535844027996063, 0.2315744310617447, 0.25157639384269714, 0.26958170533180237, 0.2582281231880188, 0.2488684356212616, 0.22476166486740112, 0.23873959481716156, 0.24598656594753265, 0.2548787593841553, 0.2501382529735565, 0.2516990005970001, 0.2438618242740631, 0.24961088597774506, 0.2481745034456253, 0.2498617321252823]",,,False,31415,0.6909722089767456,0.0486111119389534,0.9513888880610466,116.67048645019531,116.56160736083984,3.7802646160125732,2.4146981239318848,0.10819090157747269,"[0.4444444444444444, 0.75, 0.7222222222222222, 0.8472222222222222]","[0.19444444444444445, 0.0, 0.0, 0.0]",0.0,1,False,0.8397533173348393,0.1656482021816175,0.16258780949796833,-0.00306039268364916,0.7578125,-0.12963849650662645,-0.10850306839817955,0.021135428108446902,"['CP3', 'Cz', 'CP4', 'C4', 'FC1']","['CP3', 'Cz', 'CP4', 'FC1', 'FC3']",,,,1,Mamba
FGSM,False,,,Linf,0.5,0.07277732571423495,"[0.5191854238510132, 0.4849260449409485, 0.5261581540107727, 0.55070960521698, 0.5327007174491882, 0.5089679956436157, 0.39071688055992126, 0.4631488621234894, 0.5031527876853943, 0.5391634106636047, 0.5164562463760376, 0.4977368712425232, 0.44952332973480225, 0.4774791896343231, 0.4919731318950653, 0.5097575187683105, 0.500276505947113, 0.5033980011940002, 0.4877236485481262, 0.4992217719554901, 0.4963490068912506, 0.4997234642505646]",,,False,31415,0.6909722089767456,0.0,1.0,116.97763061523438,116.70980072021484,3.7802646160125732,2.403502941131592,0.1065061017870903,"[0.4444444444444444, 0.75, 0.7222222222222222, 0.8472222222222222]","[0.0, 0.0, 0.0, 0.0]",0.0,1,False,0.8397533173348393,0.1656482021816175,0.16258780949796833,-0.00306039268364916,0.7578125,-0.12963849650662645,-0.10850306839817955,0.021135428108446902,"['CP3', 'Cz', 'CP4', 'C4', 'FC1']","['CP3', 'Cz', 'CP4', 'FC1', 'FC3']",,,,1,Mamba
FGSM,False,,,Linf,1.0,0.1455546514284699,"[1.0383708477020264, 0.969852089881897, 1.0523163080215454, 1.10141921043396, 1.0654014348983765, 1.0179359912872314, 0.7814337611198425, 0.9262977242469788, 1.0063055753707886, 1.0783268213272095, 1.0329124927520752, 0.9954737424850464, 0.8990466594696045, 0.9549583792686462, 0.9839462637901306, 1.019515037536621, 1.000553011894226, 1.0067960023880005, 0.9754472970962524, 0.9984435439109802, 0.9926980137825012, 0.9994469285011292]",,,False,31415,0.6909722089767456,0.0,1.0,117.53465270996094,117.29866790771484,3.7802646160125732,2.3591675758361816,0.10009006410837173,"[0.4444444444444444, 0.75, 0.7222222222222222, 0.8472222222222222]","[0.0, 0.0, 0.0, 0.0]",0.0,1,False,0.8397533173348393,0.1656482021816175,0.16258780949796833,-0.00306039268364916,0.7578125,-0.12963849650662645,-0.10850306839817955,0.021135428108446902,"['CP3', 'Cz', 'CP4', 'C4', 'FC1']","['CP3', 'Cz', 'CP4', 'FC1', 'FC3']",,,,1,Mamba
FGSM,False,,,Linf,2.0,0.2911093028569398,"[2.0767416954040527, 1.939704179763794, 2.104632616043091, 2.20283842086792, 2.130802869796753, 2.035871982574463, 1.562867522239685, 1.8525954484939575, 2.012611150741577, 2.156653642654419, 2.0658249855041504, 1.9909474849700928, 1.798093318939209, 1.9099167585372925, 1.9678925275802612, 2.039030075073242, 2.001106023788452, 2.013592004776001, 1.9508945941925049, 1.9968870878219604, 1.9853960275650024, 1.9988938570022583]",,,False,31415,0.6909722089767456,0.0,1.0,119.77207946777344,119.59207916259766,3.7802646160125732,2.188748598098755,0.08012375235557556,"[0.4444444444444444, 0.75, 0.7222222222222222, 0.8472222222222222]","[0.0, 0.0, 0.0, 0.0]",0.0,1,False,0.8397533173348393,0.1656482021816175,0.16258780949796833,-0.00306039268364916,0.7578125,-0.12963849650662645,-0.10850306839817955,0.021135428108446902,"['CP3', 'Cz', 'CP4', 'C4', 'FC1']","['CP3', 'Cz', 'CP4', 'FC1', 'FC3']",,,,1,Mamba
PGD,False,,,Linf,0.25,0.036388662857117476,"[0.2595927119255066, 0.24246302247047424, 0.26307907700538635, 0.27535480260849, 0.2663503587245941, 0.25448399782180786, 0.19535844027996063, 0.2315744310617447, 0.25157639384269714, 0.26958170533180237, 0.2582281231880188, 0.2488684356212616, 0.22476166486740112, 0.23873959481716156, 0.24598656594753265, 0.2548787593841553, 0.2501382529735565, 0.2516990005970001, 0.2438618242740631, 0.24961088597774506, 0.2481745034456253, 0.2498617321252823]",40.0,0.0045485828571396845,True,31415,0.6909722089767456,0.0034722222480922937,0.9965277777519077,116.86737823486328,116.56130981445312,3.7802646160125732,2.4147210121154785,0.10819839686155319,"[0.4444444444444444, 0.75, 0.7222222222222222, 0.8472222222222222]","[0.013888888888888888, 0.0, 0.0, 0.0]",0.0,1,False,0.8300130575945794,0.1656482021816175,0.1630377903550579,-0.0026104118265596055,0.72265625,-0.12963849650662645,-0.09855714707556151,0.031081349431064942,"['CP3', 'Cz', 'CP4', 'C4', 'FC1']","['CP3', 'Cz', 'CP4', 'FC1', 'FC3']",,,,1,Mamba
PGD,False,,,Linf,0.5,0.07277732571423495,"[0.5191854238510132, 0.4849260449409485, 0.5261581540107727, 0.55070960521698, 0.5327007174491882, 0.5089679956436157, 0.39071688055992126, 0.4631488621234894, 0.5031527876853943, 0.5391634106636047, 0.5164562463760376, 0.4977368712425232, 0.44952332973480225, 0.4774791896343231, 0.4919731318950653, 0.5097575187683105, 0.500276505947113, 0.5033980011940002, 0.4877236485481262, 0.4992217719554901, 0.4963490068912506, 0.4997234642505646]",40.0,0.009097165714279369,True,31415,0.6909722089767456,0.0,1.0,116.9725341796875,116.70106506347656,3.7802646160125732,2.4041759967803955,0.10673557221889496,"[0.4444444444444444, 0.75, 0.7222222222222222, 0.8472222222222222]","[0.0, 0.0, 0.0, 0.0]",0.0,1,False,0.8300130575945794,0.1656482021816175,0.1630377903550579,-0.0026104118265596055,0.72265625,-0.12963849650662645,-0.09855714707556151,0.031081349431064942,"['CP3', 'Cz', 'CP4', 'C4', 'FC1']","['CP3', 'Cz', 'CP4', 'FC1', 'FC3']",,,,1,Mamba
PGD,False,,,Linf,1.0,0.1455546514284699,"[1.0383708477020264, 0.969852089881897, 1.0523163080215454, 1.10141921043396, 1.0654014348983765, 1.0179359912872314, 0.7814337611198425, 0.9262977242469788, 1.0063055753707886, 1.0783268213272095, 1.0329124927520752, 0.9954737424850464, 0.8990466594696045, 0.9549583792686462, 0.9839462637901306, 1.019515037536621, 1.000553011894226, 1.0067960023880005, 0.9754472970962524, 0.9984435439109802, 0.9926980137825012, 0.9994469285011292]",40.0,0.018194331428558738,True,31415,0.6909722089767456,0.0,1.0,117.34536743164062,117.10313415527344,3.7802646160125732,2.374009847640991,0.10386545956134796,"[0.4444444444444444, 0.75, 0.7222222222222222, 0.8472222222222222]","[0.0, 0.0, 0.0, 0.0]",0.0,1,False,0.8300130575945794,0.1656482021816175,0.1630377903550579,-0.0026104118265596055,0.72265625,-0.12963849650662645,-0.09855714707556151,0.031081349431064942,"['CP3', 'Cz', 'CP4', 'C4', 'FC1']","['CP3', 'Cz', 'CP4', 'FC1', 'FC3']",,,,1,Mamba
PGD,False,,,Linf,2.0,0.2911093028569398,"[2.0767416954040527, 1.939704179763794, 2.104632616043091, 2.20283842086792, 2.130802869796753, 2.035871982574463, 1.562867522239685, 1.8525954484939575, 2.012611150741577, 2.156653642654419, 2.0658249855041504, 1.9909474849700928, 1.798093318939209, 1.9099167585372925, 1.9678925275802612, 2.039030075073242, 2.001106023788452, 2.013592004776001, 1.9508945941925049, 1.9968870878219604, 1.9853960275650024, 1.9988938570022583]",40.0,0.036388662857117476,True,31415,0.6909722089767456,0.0,1.0,118.49420166015625,118.28849029541016,3.7802646160125732,2.285600423812866,0.09557492285966873,"[0.4444444444444444, 0.75, 0.7222222222222222, 0.8472222222222222]","[0.0, 0.0, 0.0, 0.0]",0.0,1,False,0.8300130575945794,0.1656482021816175,0.1630377903550579,-0.0026104118265596055,0.72265625,-0.12963849650662645,-0.09855714707556151,0.031081349431064942,"['CP3', 'Cz', 'CP4', 'C4', 'FC1']","['CP3', 'Cz', 'CP4', 'FC1', 'FC3']",,,,1,Mamba
FGSM_LP,True,gaussian,3.0,Linf,0.25,0.036388662857117476,"[0.2595927119255066, 0.24246302247047424, 0.26307907700538635, 0.27535480260849, 0.2663503587245941, 0.25448399782180786, 0.19535844027996063, 0.2315744310617447, 0.25157639384269714, 0.26958170533180237, 0.2582281231880188, 0.2488684356212616, 0.22476166486740112, 0.23873959481716156, 0.24598656594753265, 0.2548787593841553, 0.2501382529735565, 0.2516990005970001, 0.2438618242740631, 0.24961088597774506, 0.2481745034456253, 0.2498617321252823]",,,False,31415,0.6909722089767456,0.6180555820465088,0.3819444179534912,5.547194480895996,5.543248653411865,0.03638876974582672,28.846923828125,0.5279005169868469,"[0.4444444444444444, 0.75, 0.7222222222222222, 0.8472222222222222]","[0.3888888888888889, 0.7083333333333334, 0.6111111111111112, 0.7638888888888888]",0.0,1,False,0.9966473743647657,0.1656482021816175,0.16564696657881348,-1.235602804017244e-06,0.98828125,-0.12963849650662645,-0.13018296383376232,-0.0005444673271358669,"['CP3', 'Cz', 'CP4', 'C4', 'FC1']","['CP3', 'Cz', 'CP4', 'C4', 'FC1']",,,,1,Mamba
FGSM_LP,True,gaussian,3.0,Linf,0.5,0.07277732571423495,"[0.5191854238510132, 0.4849260449409485, 0.5261581540107727, 0.55070960521698, 0.5327007174491882, 0.5089679956436157, 0.39071688055992126, 0.4631488621234894, 0.5031527876853943, 0.5391634106636047, 0.5164562463760376, 0.4977368712425232, 0.44952332973480225, 0.4774791896343231, 0.4919731318950653, 0.5097575187683105, 0.500276505947113, 0.5033980011940002, 0.4877236485481262, 0.4992217719554901, 0.4963490068912506, 0.4997234642505646]",,,False,31415,0.6909722089767456,0.4131944477558136,0.5868055522441864,10.80700969696045,10.806516647338867,0.07277735322713852,23.048608779907227,0.5145525932312012,"[0.4444444444444444, 0.75, 0.7222222222222222, 0.8472222222222222]","[0.25, 0.5277777777777778, 0.2777777777777778, 0.5972222222222222]",0.0,1,False,0.9966473743647657,0.1656482021816175,0.16564696657881348,-1.235602804017244e-06,0.98828125,-0.12963849650662645,-0.13018296383376232,-0.0005444673271358669,"['CP3', 'Cz', 'CP4', 'C4', 'FC1']","['CP3', 'Cz', 'CP4', 'C4', 'FC1']",,,,1,Mamba
FGSM_LP,True,gaussian,3.0,Linf,1.0,0.1455546514284699,"[1.0383708477020264, 0.969852089881897, 1.0523163080215454, 1.10141921043396, 1.0654014348983765, 1.0179359912872314, 0.7814337611198425, 0.9262977242469788, 1.0063055753707886, 1.0783268213272095, 1.0329124927520752, 0.9954737424850464, 0.8990466594696045, 0.9549583792686462, 0.9839462637901306, 1.019515037536621, 1.000553011894226, 1.0067960023880005, 0.9754472970962524, 0.9984435439109802, 0.9926980137825012, 0.9994469285011292]",,,False,31415,0.6909722089767456,0.0451388880610466,0.9548611119389534,20.69294548034668,20.668739318847656,0.14555466175079346,17.416217803955078,0.4969954788684845,"[0.4444444444444444, 0.75, 0.7222222222222222, 0.8472222222222222]","[0.0, 0.06944444444444445, 0.013888888888888888, 0.09722222222222222]",0.0,1,False,0.9966473743647657,0.1656482021816175,0.16564696657881348,-1.235602804017244e-06,0.98828125,-0.12963849650662645,-0.13018296383376232,-0.0005444673271358669,"['CP3', 'Cz', 'CP4', 'C4', 'FC1']","['CP3', 'Cz', 'CP4', 'C4', 'FC1']",,,,1,Mamba
FGSM_LP,True,gaussian,3.0,Linf,2.0,0.2911093028569398,"[2.0767416954040527, 1.939704179763794, 2.104632616043091, 2.20283842086792, 2.130802869796753, 2.035871982574463, 1.562867522239685, 1.8525954484939575, 2.012611150741577, 2.156653642654419, 2.0658249855041504, 1.9909474849700928, 1.798093318939209, 1.9099167585372925, 1.9678925275802612, 2.039030075073242, 2.001106023788452, 2.013592004776001, 1.9508945941925049, 1.9968870878219604, 1.9853960275650024, 1.9988938570022583]",,,False,31415,0.6909722089767456,0.0,1.0,38.3204345703125,38.30494689941406,0.2911093235015869,12.05768871307373,0.47820162773132324,"[0.4444444444444444, 0.75, 0.7222222222222222, 0.8472222222222222]","[0.0, 0.0, 0.0, 0.0]",0.0,1,False,0.9966473743647657,0.1656482021816175,0.16564696657881348,-1.235602804017244e-06,0.98828125,-0.12963849650662645,-0.13018296383376232,-0.0005444673271358669,"['CP3', 'Cz', 'CP4', 'C4', 'FC1']","['CP3', 'Cz', 'CP4', 'C4', 'FC1']",,,,1,Mamba
PGD_LP,True,gaussian,3.0,Linf,0.25,0.036388662857117476,"[0.2595927119255066, 0.24246302247047424, 0.26307907700538635, 0.27535480260849, 0.2663503587245941, 0.25448399782180786, 0.19535844027996063, 0.2315744310617447, 0.25157639384269714, 0.26958170533180237, 0.2582281231880188, 0.2488684356212616, 0.22476166486740112, 0.23873959481716156, 0.24598656594753265, 0.2548787593841553, 0.2501382529735565, 0.2516990005970001, 0.2438618242740631, 0.24961088597774506, 0.2481745034456253, 0.2498617321252823]",40.0,0.0045485828571396845,True,31415,0.6909722089767456,0.6493055820465088,0.3506944179534912,5.545950412750244,5.542605400085449,0.03638876974582672,28.84793472290039,0.52767014503479,"[0.4444444444444444, 0.75, 0.7222222222222222, 0.8472222222222222]","[0.3888888888888889, 0.7361111111111112, 0.6805555555555556, 0.7916666666666666]",0.0,1,False,0.9971061547148504,0.1656482021816175,0.1655896502411041,-5.855194051337942e-05,0.98828125,-0.12963849650662645,-0.13055200448838372,-0.0009135079817572667,"['CP3', 'Cz', 'CP4', 'C4', 'FC1']","['CP3', 'Cz', 'CP4', 'C4', 'FC1']",,,,1,Mamba
PGD_LP,True,gaussian,3.0,Linf,0.5,0.07277732571423495,"[0.5191854238510132, 0.4849260449409485, 0.5261581540107727, 0.55070960521698, 0.5327007174491882, 0.5089679956436157, 0.39071688055992126, 0.4631488621234894, 0.5031527876853943, 0.5391634106636047, 0.5164562463760376, 0.4977368712425232, 0.44952332973480225, 0.4774791896343231, 0.4919731318950653, 0.5097575187683105, 0.500276505947113, 0.5033980011940002, 0.4877236485481262, 0.4992217719554901, 0.4963490068912506, 0.4997234642505646]",40.0,0.009097165714279369,True,31415,0.6909722089767456,0.5659722089767456,0.4340277910232544,10.81679630279541,10.799921989440918,0.07277735322713852,23.05392837524414,0.5126732587814331,"[0.4444444444444444, 0.75, 0.7222222222222222, 0.8472222222222222]","[0.3333333333333333, 0.7222222222222222, 0.4861111111111111, 0.7222222222222222]",0.0,1,False,0.9971061547148504,0.1656482021816175,0.1655896502411041,-5.855194051337942e-05,0.98828125,-0.12963849650662645,-0.13055200448838372,-0.0009135079817572667,"['CP3', 'Cz', 'CP4', 'C4', 'FC1']","['CP3', 'Cz', 'CP4', 'C4', 'FC1']",,,,1,Mamba
PGD_LP,True,gaussian,3.0,Linf,1.0,0.1455546514284699,"[1.0383708477020264, 0.969852089881897, 1.0523163080215454, 1.10141921043396, 1.0654014348983765, 1.0179359912872314, 0.7814337611198425, 0.9262977242469788, 1.0063055753707886, 1.0783268213272095, 1.0329124927520752, 0.9954737424850464, 0.8990466594696045, 0.9549583792686462, 0.9839462637901306, 1.019515037536621, 1.000553011894226, 1.0067960023880005, 0.9754472970962524, 0.9984435439109802, 0.9926980137825012, 0.9994469285011292]",40.0,0.018194331428558738,True,31415,0.6909722089767456,0.3368055522441864,0.6631944477558136,20.589981079101562,20.565326690673828,0.14555466175079346,17.459970474243164,0.48392266035079956,"[0.4444444444444444, 0.75, 0.7222222222222222, 0.8472222222222222]","[0.09722222222222222, 0.5833333333333334, 0.20833333333333334, 0.4583333333333333]",0.0,1,False,0.9971061547148504,0.1656482021816175,0.1655896502411041,-5.855194051337942e-05,0.98828125,-0.12963849650662645,-0.13055200448838372,-0.0009135079817572667,"['CP3', 'Cz', 'CP4', 'C4', 'FC1']","['CP3', 'Cz', 'CP4', 'C4', 'FC1']",,,,1,Mamba
PGD_LP,True,gaussian,3.0,Linf,2.0,0.2911093028569398,"[2.0767416954040527, 1.939704179763794, 2.104632616043091, 2.20283842086792, 2.130802869796753, 2.035871982574463, 1.562867522239685, 1.8525954484939575, 2.012611150741577, 2.156653642654419, 2.0658249855041504, 1.9909474849700928, 1.798093318939209, 1.9099167585372925, 1.9678925275802612, 2.039030075073242, 2.001106023788452, 2.013592004776001, 1.9508945941925049, 1.9968870878219604, 1.9853960275650024, 1.9988938570022583]",40.0,0.036388662857117476,True,31415,0.6909722089767456,0.0868055522441864,0.9131944477558136,37.55982208251953,37.487205505371094,0.2911093235015869,12.245877265930176,0.4365083873271942,"[0.4444444444444444, 0.75, 0.7222222222222222, 0.8472222222222222]","[0.0, 0.2638888888888889, 0.013888888888888888, 0.06944444444444445]",0.0,1,False,0.9971061547148504,0.1656482021816175,0.1655896502411041,-5.855194051337942e-05,0.98828125,-0.12963849650662645,-0.13055200448838372,-0.0009135079817572667,"['CP3', 'Cz', 'CP4', 'C4', 'FC1']","['CP3', 'Cz', 'CP4', 'C4', 'FC1']",,,,1,Mamba
DeepFool_L2,,,,L2,,,,50.0,,,31415,0.6909722089767456,0.125,0.875,108.39544677734375,80.0505142211914,2.5677602291107178,89.3829345703125,130.02903747558594,,,0.0,1,False,0.8916131422924902,0.1656482021816175,0.1624281761805892,-0.0032200260010283033,0.83203125,-0.12963849650662645,-0.10415518460295924,0.02548331190366722,"['CP3', 'Cz', 'CP4', 'C4', 'FC1']","['CP3', 'Cz', 'CP4', 'FC1', 'C4']",,,,1,Mamba
FGSM,False,,,Linf,0.25,0.036388662857117476,"[0.2595927119255066, 0.24246302247047424, 0.26307907700538635, 0.27535480260849, 0.2663503587245941, 0.25448399782180786, 0.19535844027996063, 0.2315744310617447, 0.25157639384269714, 0.26958170533180237, 0.2582281231880188, 0.2488684356212616, 0.22476166486740112, 0.23873959481716156, 0.24598656594753265, 0.2548787593841553, 0.2501382529735565, 0.2516990005970001, 0.2438618242740631, 0.24961088597774506, 0.2481745034456253, 0.2498617321252823]",,,False,999,0.6805555820465088,0.02083333395421505,0.979166666045785,116.7686767578125,116.56160736083984,3.7802646160125732,2.414698362350464,0.10819125175476074,"[0.375, 0.8194444444444444, 0.625, 0.9027777777777778]","[0.06944444444444445, 0.0, 0.013888888888888888, 0.0]",0.0,1,False,0.8168142998306043,0.17766420989616194,0.17399125637310375,-0.0036729535230581867,0.79296875,0.04700283941595282,0.03390738608193781,-0.01309545333401501,"['CP4', 'CP3', 'C3', 'CP2', 'C4']","['CP4', 'C3', 'CP3', 'CP2', 'Cz']",,,,1,Mamba
FGSM,False,,,Linf,0.5,0.07277732571423495,"[0.5191854238510132, 0.4849260449409485, 0.5261581540107727, 0.55070960521698, 0.5327007174491882, 0.5089679956436157, 0.39071688055992126, 0.4631488621234894, 0.5031527876853943, 0.5391634106636047, 0.5164562463760376, 0.4977368712425232, 0.44952332973480225, 0.4774791896343231, 0.4919731318950653, 0.5097575187683105, 0.500276505947113, 0.5033980011940002, 0.4877236485481262, 0.4992217719554901, 0.4963490068912506, 0.4997234642505646]",,,False,999,0.6805555820465088,0.0,1.0,116.97721862792969,116.70975494384766,3.7802646160125732,2.403506278991699,0.10650751739740372,"[0.375, 0.8194444444444444, 0.625, 0.9027777777777778]","[0.0, 0.0, 0.0, 0.0]",0.0,1,False,0.8168142998306043,0.17766420989616194,0.17399125637310375,-0.0036729535230581867,0.79296875,0.04700283941595282,0.03390738608193781,-0.01309545333401501,"['CP4', 'CP3', 'C3', 'CP2', 'C4']","['CP4', 'C3', 'CP3', 'CP2', 'Cz']",,,,1,Mamba
FGSM,False,,,Linf,1.0,0.1455546514284699,"[1.0383708477020264, 0.969852089881897, 1.0523163080215454, 1.10141921043396, 1.0654014348983765, 1.0179359912872314, 0.7814337611198425, 0.9262977242469788, 1.0063055753707886, 1.0783268213272095, 1.0329124927520752, 0.9954737424850464, 0.8990466594696045, 0.9549583792686462, 0.9839462637901306, 1.019515037536621, 1.000553011894226, 1.0067960023880005, 0.9754472970962524, 0.9984435439109802, 0.9926980137825012, 0.9994469285011292]",,,False,999,0.6805555820465088,0.0,1.0,117.53291320800781,117.29837036132812,3.7802646160125732,2.359192132949829,0.10009501874446869,"[0.375, 0.8194444444444444, 0.625, 0.9027777777777778]","[0.0, 0.0, 0.0, 0.0]",0.0,1,False,0.8168142998306043,0.17766420989616194,0.17399125637310375,-0.0036729535230581867,0.79296875,0.04700283941595282,0.03390738608193781,-0.01309545333401501,"['CP4', 'CP3', 'C3', 'CP2', 'C4']","['CP4', 'C3', 'CP3', 'CP2', 'Cz']",,,,1,Mamba
FGSM,False,,,Linf,2.0,0.2911093028569398,"[2.0767416954040527, 1.939704179763794, 2.104632616043091, 2.20283842086792, 2.130802869796753, 2.035871982574463, 1.562867522239685, 1.8525954484939575, 2.012611150741577, 2.156653642654419, 2.0658249855041504, 1.9909474849700928, 1.798093318939209, 1.9099167585372925, 1.9678925275802612, 2.039030075073242, 2.001106023788452, 2.013592004776001, 1.9508945941925049, 1.9968870878219604, 1.9853960275650024, 1.9988938570022583]",,,False,999,0.6805555820465088,0.0,1.0,119.76579284667969,119.59071350097656,3.7802646160125732,2.188849687576294,0.08013443648815155,"[0.375, 0.8194444444444444, 0.625, 0.9027777777777778]","[0.0, 0.0, 0.0, 0.0]",0.0,1,False,0.8168142998306043,0.17766420989616194,0.17399125637310375,-0.0036729535230581867,0.79296875,0.04700283941595282,0.03390738608193781,-0.01309545333401501,"['CP4', 'CP3', 'C3', 'CP2', 'C4']","['CP4', 'C3', 'CP3', 'CP2', 'Cz']",,,,1,Mamba
PGD,False,,,Linf,0.25,0.036388662857117476,"[0.2595927119255066, 0.24246302247047424, 0.26307907700538635, 0.27535480260849, 0.2663503587245941, 0.25448399782180786, 0.19535844027996063, 0.2315744310617447, 0.25157639384269714, 0.26958170533180237, 0.2582281231880188, 0.2488684356212616, 0.22476166486740112, 0.23873959481716156, 0.24598656594753265, 0.2548787593841553, 0.2501382529735565, 0.2516990005970001, 0.2438618242740631, 0.24961088597774506, 0.2481745034456253, 0.2498617321252823]",40.0,0.0045485828571396845,True,999,0.6805555820465088,0.0,1.0,116.83682250976562,116.56130981445312,3.7802646160125732,2.4147212505340576,0.10819808393716812,"[0.375, 0.8194444444444444, 0.625, 0.9027777777777778]","[0.0, 0.0, 0.0, 0.0]",0.0,1,False,0.8200257622811972,0.17766420989616194,0.17619522598461734,-0.0014689839115445968,0.78515625,0.04700283941595282,0.038079581185867545,-0.008923258230085274,"['CP4', 'CP3', 'C3', 'CP2', 'C4']","['CP4', 'C3', 'CP3', 'Cz', 'CP2']",,,,1,Mamba
PGD,False,,,Linf,0.5,0.07277732571423495,"[0.5191854238510132, 0.4849260449409485, 0.5261581540107727, 0.55070960521698, 0.5327007174491882, 0.5089679956436157, 0.39071688055992126, 0.4631488621234894, 0.5031527876853943, 0.5391634106636047, 0.5164562463760376, 0.4977368712425232, 0.44952332973480225, 0.4774791896343231, 0.4919731318950653, 0.5097575187683105, 0.500276505947113, 0.5033980011940002, 0.4877236485481262, 0.4992217719554901, 0.4963490068912506, 0.4997234642505646]",40.0,0.009097165714279369,True,999,0.6805555820465088,0.0,1.0,116.96966552734375,116.70072174072266,3.7802646160125732,2.4041998386383057,0.10673559457063675,"[0.375, 0.8194444444444444, 0.625, 0.9027777777777778]","[0.0, 0.0, 0.0, 0.0]",0.0,1,False,0.8200257622811972,0.17766420989616194,0.17619522598461734,-0.0014689839115445968,0.78515625,0.04700283941595282,0.038079581185867545,-0.008923258230085274,"['CP4', 'CP3', 'C3', 'CP2', 'C4']","['CP4', 'C3', 'CP3', 'Cz', 'CP2']",,,,1,Mamba
PGD,False,,,Linf,1.0,0.1455546514284699,"[1.0383708477020264, 0.969852089881897, 1.0523163080215454, 1.10141921043396, 1.0654014348983765, 1.0179359912872314, 0.7814337611198425, 0.9262977242469788, 1.0063055753707886, 1.0783268213272095, 1.0329124927520752, 0.9954737424850464, 0.8990466594696045, 0.9549583792686462, 0.9839462637901306, 1.019515037536621, 1.000553011894226, 1.0067960023880005, 0.9754472970962524, 0.9984435439109802, 0.9926980137825012, 0.9994469285011292]",40.0,0.018194331428558738,True,999,0.6805555820465088,0.0,1.0,117.38500213623047,117.08834838867188,3.7802646160125732,2.3751440048217773,0.10425595194101334,"[0.375, 0.8194444444444444, 0.625, 0.9027777777777778]","[0.0, 0.0, 0.0, 0.0]",0.0,1,False,0.8200257622811972,0.17766420989616194,0.17619522598461734,-0.0014689839115445968,0.78515625,0.04700283941595282,0.038079581185867545,-0.008923258230085274,"['CP4', 'CP3', 'C3', 'CP2', 'C4']","['CP4', 'C3', 'CP3', 'Cz', 'CP2']",,,,1,Mamba
PGD,False,,,Linf,2.0,0.2911093028569398,"[2.0767416954040527, 1.939704179763794, 2.104632616043091, 2.20283842086792, 2.130802869796753, 2.035871982574463, 1.562867522239685, 1.8525954484939575, 2.012611150741577, 2.156653642654419, 2.0658249855041504, 1.9909474849700928, 1.798093318939209, 1.9099167585372925, 1.9678925275802612, 2.039030075073242, 2.001106023788452, 2.013592004776001, 1.9508945941925049, 1.9968870878219604, 1.9853960275650024, 1.9988938570022583]",40.0,0.036388662857117476,True,999,0.6805555820465088,0.0,1.0,118.48053741455078,118.25674438476562,3.7802646160125732,2.2878472805023193,0.09409189224243164,"[0.375, 0.8194444444444444, 0.625, 0.9027777777777778]","[0.0, 0.0, 0.0, 0.0]",0.0,1,False,0.8200257622811972,0.17766420989616194,0.17619522598461734,-0.0014689839115445968,0.78515625,0.04700283941595282,0.038079581185867545,-0.008923258230085274,"['CP4', 'CP3', 'C3', 'CP2', 'C4']","['CP4', 'C3', 'CP3', 'Cz', 'CP2']",,,,1,Mamba
FGSM_LP,True,gaussian,3.0,Linf,0.25,0.036388662857117476,"[0.2595927119255066, 0.24246302247047424, 0.26307907700538635, 0.27535480260849, 0.2663503587245941, 0.25448399782180786, 0.19535844027996063, 0.2315744310617447, 0.25157639384269714, 0.26958170533180237, 0.2582281231880188, 0.2488684356212616, 0.22476166486740112, 0.23873959481716156, 0.24598656594753265, 0.2548787593841553, 0.2501382529735565, 0.2516990005970001, 0.2438618242740631, 0.24961088597774506, 0.2481745034456253, 0.2498617321252823]",,,False,999,0.6805555820465088,0.625,0.375,5.54550838470459,5.541904926300049,0.03638876974582672,28.84903907775879,0.5263122916221619,"[0.375, 0.8194444444444444, 0.625, 0.9027777777777778]","[0.3333333333333333, 0.75, 0.5833333333333334, 0.8333333333333334]",0.0,1,False,0.9974502399774139,0.17766420989616194,0.17760898461583902,-5.522528032292362e-05,0.97265625,0.04700283941595282,0.04805417400090943,0.001051334584956612,"['CP4', 'CP3', 'C3', 'CP2', 'C4']","['CP4', 'CP3', 'C3', 'CP2', 'C4']",,,,1,Mamba
FGSM_LP,True,gaussian,3.0,Linf,0.5,0.07277732571423495,"[0.5191854238510132, 0.4849260449409485, 0.5261581540107727, 0.55070960521698, 0.5327007174491882, 0.5089679956436157, 0.39071688055992126, 0.4631488621234894, 0.5031527876853943, 0.5391634106636047, 0.5164562463760376, 0.4977368712425232, 0.44952332973480225, 0.4774791896343231, 0.4919731318950653, 0.5097575187683105, 0.500276505947113, 0.5033980011940002, 0.4877236485481262, 0.4992217719554901, 0.4963490068912506, 0.4997234642505646]",,,False,999,0.6805555820465088,0.40625,0.59375,10.809552192687988,10.801506996154785,0.07277735322713852,23.052661895751953,0.5114967226982117,"[0.375, 0.8194444444444444, 0.625, 0.9027777777777778]","[0.1388888888888889, 0.625, 0.2638888888888889, 0.5972222222222222]",0.0,1,False,0.9974502399774139,0.17766420989616194,0.17760898461583902,-5.522528032292362e-05,0.97265625,0.04700283941595282,0.04805417400090943,0.001051334584956612,"['CP4', 'CP3', 'C3', 'CP2', 'C4']","['CP4', 'CP3', 'C3', 'CP2', 'C4']",,,,1,Mamba
FGSM_LP,True,gaussian,3.0,Linf,1.0,0.1455546514284699,"[1.0383708477020264, 0.969852089881897, 1.0523163080215454, 1.10141921043396, 1.0654014348983765, 1.0179359912872314, 0.7814337611198425, 0.9262977242469788, 1.0063055753707886, 1.0783268213272095, 1.0329124927520752, 0.9954737424850464, 0.8990466594696045, 0.9549583792686462, 0.9839462637901306, 1.019515037536621, 1.000553011894226, 1.0067960023880005, 0.9754472970962524, 0.9984435439109802, 0.9926980137825012, 0.9994469285011292]",,,False,999,0.6805555820465088,0.0590277761220932,0.9409722238779068,20.670059204101562,20.648813247680664,0.14555466175079346,17.424665451049805,0.49131491780281067,"[0.375, 0.8194444444444444, 0.625, 0.9027777777777778]","[0.0, 0.125, 0.0, 0.1111111111111111]",0.0,1,False,0.9974502399774139,0.17766420989616194,0.17760898461583902,-5.522528032292362e-05,0.97265625,0.04700283941595282,0.04805417400090943,0.001051334584956612,"['CP4', 'CP3', 'C3', 'CP2', 'C4']","['CP4', 'CP3', 'C3', 'CP2', 'C4']",,,,1,Mamba
FGSM_LP,True,gaussian,3.0,Linf,2.0,0.2911093028569398,"[2.0767416954040527, 1.939704179763794, 2.104632616043091, 2.20283842086792, 2.130802869796753, 2.035871982574463, 1.562867522239685, 1.8525954484939575, 2.012611150741577, 2.156653642654419, 2.0658249855041504, 1.9909474849700928, 1.798093318939209, 1.9099167585372925, 1.9678925275802612, 2.039030075073242, 2.001106023788452, 2.013592004776001, 1.9508945941925049, 1.9968870878219604, 1.9853960275650024, 1.9988938570022583]",,,False,999,0.6805555820465088,0.0,1.0,38.272544860839844,38.2315673828125,0.2911093235015869,12.074536323547363,0.4686233401298523,"[0.375, 0.8194444444444444, 0.625, 0.9027777777777778]","[0.0, 0.0, 0.0, 0.0]",0.0,1,False,0.9974502399774139,0.17766420989616194,0.17760898461583902,-5.522528032292362e-05,0.97265625,0.04700283941595282,0.04805417400090943,0.001051334584956612,"['CP4', 'CP3', 'C3', 'CP2', 'C4']","['CP4', 'CP3', 'C3', 'CP2', 'C4']",,,,1,Mamba
PGD_LP,True,gaussian,3.0,Linf,0.25,0.036388662857117476,"[0.2595927119255066, 0.24246302247047424, 0.26307907700538635, 0.27535480260849, 0.2663503587245941, 0.25448399782180786, 0.19535844027996063, 0.2315744310617447, 0.25157639384269714, 0.26958170533180237, 0.2582281231880188, 0.2488684356212616, 0.22476166486740112, 0.23873959481716156, 0.24598656594753265, 0.2548787593841553, 0.2501382529735565, 0.2516990005970001, 0.2438618242740631, 0.24961088597774506, 0.2481745034456253, 0.2498617321252823]",40.0,0.0045485828571396845,True,999,0.6805555820465088,0.65625,0.34375,5.548640251159668,5.542080402374268,0.03638876974582672,28.84876251220703,0.5266560912132263,"[0.375, 0.8194444444444444, 0.625, 0.9027777777777778]","[0.3472222222222222, 0.8055555555555556, 0.625, 0.8472222222222222]",0.0,1,False,0.9976090485601354,0.17766420989616194,0.17762572665589485,-3.8483240267089824e-05,0.97265625,0.04700283941595282,0.04782300772514043,0.0008201683091876091,"['CP4', 'CP3', 'C3', 'CP2', 'C4']","['CP4', 'CP3', 'C3', 'CP2', 'C4']",,,,1,Mamba
PGD_LP,True,gaussian,3.0,Linf,0.5,0.07277732571423495,"[0.5191854238510132, 0.4849260449409485, 0.5261581540107727, 0.55070960521698, 0.5327007174491882, 0.5089679956436157, 0.39071688055992126, 0.4631488621234894, 0.5031527876853943, 0.5391634106636047, 0.5164562463760376, 0.4977368712425232, 0.44952332973480225, 0.4774791896343231, 0.4919731318950653, 0.5097575187683105, 0.500276505947113, 0.5033980011940002, 0.4877236485481262, 0.4992217719554901, 0.4963490068912506, 0.4997234642505646]",40.0,0.009097165714279369,True,999,0.6805555820465088,0.5486111044883728,0.4513888955116272,10.814295768737793,10.797587394714355,0.07277735322713852,23.055810928344727,0.5114741325378418,"[0.375, 0.8194444444444444, 0.625, 0.9027777777777778]","[0.2222222222222222, 0.7222222222222222, 0.4722222222222222, 0.7777777777777778]",0.0,1,False,0.9976090485601354,0.17766420989616194,0.17762572665589485,-3.8483240267089824e-05,0.97265625,0.04700283941595282,0.04782300772514043,0.0008201683091876091,"['CP4', 'CP3', 'C3', 'CP2', 'C4']","['CP4', 'CP3', 'C3', 'CP2', 'C4']",,,,1,Mamba
PGD_LP,True,gaussian,3.0,Linf,1.0,0.1455546514284699,"[1.0383708477020264, 0.969852089881897, 1.0523163080215454, 1.10141921043396, 1.0654014348983765, 1.0179359912872314, 0.7814337611198425, 0.9262977242469788, 1.0063055753707886, 1.0783268213272095, 1.0329124927520752, 0.9954737424850464, 0.8990466594696045, 0.9549583792686462, 0.9839462637901306, 1.019515037536621, 1.000553011894226, 1.0067960023880005, 0.9754472970962524, 0.9984435439109802, 0.9926980137825012, 0.9994469285011292]",40.0,0.018194331428558738,True,999,0.6805555820465088,0.3715277910232544,0.6284722089767456,20.580806732177734,20.544767379760742,0.14555466175079346,17.468706130981445,0.4795946776866913,"[0.375, 0.8194444444444444, 0.625, 0.9027777777777778]","[0.125, 0.5972222222222222, 0.20833333333333334, 0.5555555555555556]",0.0,1,False,0.9976090485601354,0.17766420989616194,0.17762572665589485,-3.8483240267089824e-05,0.97265625,0.04700283941595282,0.04782300772514043,0.0008201683091876091,"['CP4', 'CP3', 'C3', 'CP2', 'C4']","['CP4', 'CP3', 'C3', 'CP2', 'C4']",,,,1,Mamba
PGD_LP,True,gaussian,3.0,Linf,2.0,0.2911093028569398,"[2.0767416954040527, 1.939704179763794, 2.104632616043091, 2.20283842086792, 2.130802869796753, 2.035871982574463, 1.562867522239685, 1.8525954484939575, 2.012611150741577, 2.156653642654419, 2.0658249855041504, 1.9909474849700928, 1.798093318939209, 1.9099167585372925, 1.9678925275802612, 2.039030075073242, 2.001106023788452, 2.013592004776001, 1.9508945941925049, 1.9968870878219604, 1.9853960275650024, 1.9988938570022583]",40.0,0.036388662857117476,True,999,0.6805555820465088,0.0972222238779068,0.9027777761220932,37.47747802734375,37.42679977416992,0.2911093235015869,12.25995922088623,0.4346405267715454,"[0.375, 0.8194444444444444, 0.625, 0.9027777777777778]","[0.041666666666666664, 0.19444444444444445, 0.027777777777777776, 0.125]",0.0,1,False,0.9976090485601354,0.17766420989616194,0.17762572665589485,-3.8483240267089824e-05,0.97265625,0.04700283941595282,0.04782300772514043,0.0008201683091876091,"['CP4', 'CP3', 'C3', 'CP2', 'C4']","['CP4', 'CP3', 'C3', 'CP2', 'C4']",,,,1,Mamba
DeepFool_L2,,,,L2,,,,50.0,,,999,0.6805555820465088,0.1527777761220932,0.8472222238779068,108.18474578857422,78.8150634765625,2.5405473709106445,92.31525421142578,131.20062255859375,,,0.0,1,False,0.8984772021456804,0.17766420989616194,0.17498510307255166,-0.0026791068236102777,0.87890625,0.04700283941595282,0.04272205296897679,-0.004280786446976027,"['CP4', 'CP3', 'C3', 'CP2', 'C4']","['CP4', 'CP3', 'C3', 'Cz', 'CP2']",,,,1,Mamba
